"variable","mean","median","sd","mad","q5","q95","rhat","ess_bulk","ess_tail"
"lp__",2892.719551,2895.1192,53.6074751418017,54.46790706,2817.32529,2985.818595,1.18906006402875,4.14762513927608,21.5942744323791
"ksi",0.03077502834,0.0307105995,0.00386950324049606,0.0031755275664,0.02434635425,0.0372437565,1.20272625296923,7.37709580890445,21.0246288509397
"sigma[1]",54.8952255,52.6513055,16.7988249336504,16.2102546942,32.112957,87.95521595,1.1354147942221,8.34188395874701,30.6204069389592
"sigma[2]",14.45799629,14.048203,6.83187356560487,6.42113748654,6.48276918,24.6077769,1.61160978080469,6.63785951732895,16.3597270262691
"sigma[3]",75.10170599,77.7180585,16.5172599913654,17.8909426563,51.50465085,99.8122144,1.25727580496765,9.01916187619594,12.8702156943087
"sigma[4]",51.57427895,50.4818545,14.60727465903,15.9784709406,30.0513291,75.4187152,1.01076123085134,13.4922996382375,16.5766789807711
"sigma[5]",32.49485773,33.901741,14.8641040266617,22.5505987833,12.4393039,54.41558925,1.9203099640001,1.52794737436672,24.2487826121382
"sigma[6]",63.19558106,61.293681,16.7581478970239,16.635765342,39.27716535,92.34836675,1.88186698670951,1.59557876568963,21.5942744323791
"sigma[7]",59.7635454,58.444696,16.142903194339,18.4095301908,37.92142415,88.26586395,1.10923765075717,7.86527321196966,21.0246288509397
"sigma[8]",46.72936773,44.0868405,13.774803706146,11.8800804717,29.4893921,73.747733,1.39791197452949,2.55644272536033,21.0246288509397
"sigma[9]",83.13954546,91.473222,18.8050434709057,11.708603697,47.54222735,99.81423385,1.53533133794914,1.95922849331372,25.1261434959183
"sigma[10]",62.49988466,62.2964395,11.1412831583488,13.9968996867,47.17647495,80.94442145,1.14258127167951,7.6529462409139,60.0313633245124
"sigma[11]",29.24147803,25.262715,13.6804062658048,8.3416620924,15.5991426,55.4022157,1.33026462900931,6.48741962175029,22.9749245109622
"lambda[1]",1.17776043307,1.302236,0.573808048000429,0.619617221034,0.163510021,1.897819915,1.08764522249798,24.5908886846639,38.0825069170268
"lambda[2]",1.01593188907,1.0518592,0.591019591926954,0.745469434437,0.0709326925,1.88459438,1.10437054358591,9.28474284911513,21.0246288509397
"lambda[3]",1.0793689162,1.11241915,0.508271344768147,0.62643719586,0.304408631,1.85778612,0.999180320127424,32.8714210970743,44.5810103703794
"lambda[4]",1.1829145026,1.25636725,0.589566576679344,0.740396940927,0.1657615885,1.94717906,1.00950061792736,27.863685210587,22.0820189274448
"lambda[5]",0.95144547818,0.911566915,0.515549478985989,0.673651386051,0.197697757,1.76111616,1.02509372426288,17.6126263829734,43.2837770829808
"lambda[6]",0.7683324969,0.630173125,0.529013714433976,0.504475013511,0.2092501745,1.937839095,0.997280312531064,35.1621811087539,44.5810103703794
"lambda[7]",0.92875740704,0.89553737,0.490820848003478,0.54373065138,0.1190707895,1.732307015,1.14209920482294,5.78980087101657,30.6204069389592
"lambda[8]",0.94776547976,0.941427815,0.657817056209223,0.9771230973,0.10066225685,1.876812925,1.07020969008818,18.498119887763,59.4639916395372
"lambda[9]",0.913650089519,0.946832675,0.551113246254764,0.655869355932,0.0145320085,1.75850627,1.36489300595193,2.79306353496432,21.0246288509397
"lambda[10]",0.9726467779,0.860238805,0.561029618636191,0.674116388715,0.171143923,1.867019685,1.05661050096771,13.8267935615354,16.4134308760082
"lambda[11]",1.06297408989,1.08322225,0.540029717879857,0.655136869989,0.1839776885,1.86676267,1.00851662411767,34.7996710098907,47.507860551729
"mu[1]",1.3010314708,1.2946069,0.258854191005509,0.24237455844,0.8586041935,1.78812653,1.28653106485813,3.19943095871705,16.620761705765
"mu[2]",-5.776132256,-5.99180605,1.31295963856174,1.18147615635,-7.445995285,-3.398808545,1.00234743763312,17.2232155037041,25.3298043918779
"mu[3]",-0.095669108871,-0.10100387,0.223644970200394,0.261352557501,-0.423825562,0.2971847695,1.52938423311772,2.1333632182326,30.9351246243591
"mu[4]",-0.300900857997,-0.227025225,0.373030559504207,0.395567954418,-0.921715377,0.2586228145,1.4336602236213,2.47216634356366,30.6204069389592
"mu[5]",0.203650867637,0.103827666,0.60536001786791,0.660045817893,-0.6159038315,1.268989345,1.19610478225905,5.94670889838437,21.0246288509397
"mu[6]",-0.655359486417,-0.652822545,0.275614523499926,0.240512902098,-1.138074435,-0.2076574175,1.07837078709075,26.0693917090019,48.4074922943175
"mu[7]",0.178118966576,0.19825979,1.22279785022692,1.278746762475,-1.59801156,2.32495283,1.09152934307533,7.8291085458555,18.0617194756941
"mu[8]",2.276422167,2.31673005,0.411714467282198,0.42952493556,1.45297387,2.81328251,1.04029544254106,12.2275389273651,15.7913733983035
"mu[9]",-0.31319638583,-0.348502445,0.402455798728613,0.435453645396,-0.956047146,0.3676303485,1.35210735160154,2.46074735990365,24.3582350718817
"mu[10]",0.0754275685339999,-0.0378793995,0.986902498277595,1.06514550408,-1.52584387,1.655343395,1.04672603416603,12.5647140679722,31.7007288654678
"mu[11]",-1.14717202237,-1.2281319,0.573314930844681,0.54574965606,-1.9902571,-0.0921004789500001,1.40457191299474,2.35664682892858,31.0890033753775
"mu_t[1,1]",-1.389422743,-1.3997282,0.162847141443736,0.16675639869,-1.617970075,-1.057663545,1.39125008690853,2.40503837748083,24.3582350718816
"mu_t[2,1]",3.88428797,3.97075445,0.898594983958755,1.20081519075,2.511202995,5.20142241,1.89855850006087,1.51018302700027,13.0721046622061
"mu_t[3,1]",-0.0526057574202,-0.056266227,0.147140560287208,0.1689216789099,-0.2737647495,0.1863408075,1.71125335763264,1.74306995368201,29.9635545336693
"mu_t[4,1]",0.322996073767,0.32723519,0.217166455514265,0.279536008983,0.012518718385,0.6729128425,2.03034576785341,1.45643382310411,21.0412408320308
"mu_t[5,1]",-0.6886954837,-0.754345045,0.207904936226786,0.131981052,-0.9338639945,-0.267084251,1.30955365419401,2.71167422460415,16.4026619177055
"mu_t[6,1]",0.5233423299,0.50833418,0.20537662052653,0.239962042068,0.20589156,0.854995209,1.6678677497561,1.71030166631513,14.4246620507748
"mu_t[7,1]",0.021524535066,0.0236284365,0.148073980838996,0.1539080566212,-0.253914883,0.2444157025,1.08239712479565,9.59013908420141,31.6824001034527
"mu_t[8,1]",-2.355596392,-2.3714393,0.331826845311594,0.35225797635,-2.8719042,-1.78303743,1.24101041356833,3.1839417401465,13.7958218368152
"mu_t[9,1]",-0.34142612547,-0.39134957,0.191868721880649,0.181533243087,-0.578116745,-0.0119150728,1.44973876719565,3.52517518827621,22.7036844836535
"mu_t[10,1]",0.23812212184,0.22825853,0.101835584795194,0.106587353481,0.0773255274,0.41174976,1.04551985945202,47.810172064376,78.3393298097876
"mu_t[11,1]",0.8166984133,0.83145954,0.195383345886295,0.242760427329,0.4896942995,1.092601,1.09604402749134,8.30099243676861,50.7015438102727
"mu_t[1,2]",-1.389734459,-1.39413625,0.156481169813315,0.15806754726,-1.60887723,-1.08638844,1.44827348987753,2.17111770029326,21.0246288509397
"mu_t[2,2]",3.888427011,3.9885483,0.897085022474468,1.18448672391,2.50137827,5.211463145,1.90527633155086,1.50593426105733,13.0721046622061
"mu_t[3,2]",-0.050793679969,-0.069277598,0.144514348756293,0.1513163680392,-0.2487748775,0.1874413275,1.80986184048994,1.63850971800166,37.3293515358362
"mu_t[4,2]",0.31512002506,0.307150055,0.208525220549328,0.268088246517,0.0106066436,0.6271665335,2.08465108119651,1.42403165136177,22.8072461879317
"mu_t[5,2]",-0.6870983539,-0.743213995,0.201906172247808,0.137990511645,-0.933819481,-0.287541757,1.30212963154449,2.73924711434869,16.4026619177055
"mu_t[6,2]",0.52310886921,0.500293425,0.211230515572392,0.248201139375,0.197516947,0.8730818855,1.69765456867553,1.67483085153557,14.4246620507748
"mu_t[7,2]",0.0266601458434,0.038647605,0.143211143707858,0.1411355688162,-0.2174702605,0.251186735,1.08405841243944,9.64233871338476,24.8943261258332
"mu_t[8,2]",-2.351820912,-2.36885435,0.325933798416074,0.3297939918,-2.84517668,-1.776975535,1.23641373806189,3.21559120947089,13.9109697933228
"mu_t[9,2]",-0.340032203036,-0.396819415,0.185940593484358,0.169756536159,-0.5556245645,-0.00860320195500001,1.50418088438524,3.62517299645508,17.323302316373
"mu_t[10,2]",0.23690402212,0.226050295,0.0898055937996249,0.088856917842,0.0984067889,0.398785635,1.02004415790042,45.2148826670482,65.7762636916378
"mu_t[11,2]",0.8206128752,0.82607873,0.192956972512881,0.22862010759,0.4943771065,1.10084535,1.10395100840925,8.49330574208735,25.1741641149997
"mu_t[1,3]",-1.387645427,-1.3893775,0.149534090626338,0.15498455469,-1.60956335,-1.09541914,1.43708481146928,2.18659574531094,31.1585908686252
"mu_t[2,3]",3.891631803,3.9714621,0.89669514177412,1.20738874263,2.49567417,5.20364553,1.90308464057263,1.50712528375967,13.0721046622061
"mu_t[3,3]",-0.055309737001,-0.0652512755,0.14488716884052,0.1699867528044,-0.2638437635,0.1983633125,1.81384365534845,1.63402481400612,21.5942744323791
"mu_t[4,3]",0.31674202694,0.32455143,0.205710603361872,0.280639915878,0.006872892025,0.6282284195,2.10196788535945,1.41703473707242,12.7390522145152
"mu_t[5,3]",-0.6858420939,-0.74132879,0.199287102613954,0.15230267955,-0.9171181255,-0.303064484,1.31487470619407,2.66036067491746,12.7390522145152
"mu_t[6,3]",0.52485821333,0.502515,0.20571213479381,0.229973135763,0.193424012,0.8712242255,1.71748076395904,1.65301191302501,13.439827970202
"mu_t[7,3]",0.022692178396,0.018766823,0.142279896344277,0.1643256026013,-0.2183276745,0.2523266225,1.08950494178438,8.97755201781528,31.6824001034527
"mu_t[8,3]",-2.348348252,-2.3587473,0.326590774246504,0.35276561859,-2.85788417,-1.791151485,1.24126609900718,3.1631775279976,13.6900571070954
"mu_t[9,3]",-0.3403183442,-0.395301335,0.185688548295483,0.15612482235,-0.5720437745,-0.0232966477,1.4557783544208,3.94218510094805,16.4566484859883
"mu_t[10,3]",0.23864613601,0.23492808,0.0895354497112461,0.087514349412,0.09366395245,0.381123232,1.04624394132051,37.7910966125923,65.0522783358398
"mu_t[11,3]",0.8234218321,0.81492717,0.184987169301909,0.20642803188,0.5259558105,1.128153755,1.11314411499167,7.6116572730336,25.5064859349948
"mu_t[1,4]",-1.386355278,-1.3879462,0.153210527025147,0.15444459177,-1.625951635,-1.087083945,1.48923038820549,2.03116744622971,25.3298043918779
"mu_t[2,4]",3.888570184,3.9480498,0.894472116272715,1.19971043136,2.483114175,5.20443694,1.90748952623673,1.50390831220672,13.0041082366429
"mu_t[3,4]",-0.0561316905145,-0.06999462,0.147852836401958,0.144175355457,-0.2749049395,0.189210625,1.85165720847057,1.59858185149165,22.2747522502046
"mu_t[4,4]",0.314213374071,0.331286395,0.204737132775541,0.268982884422,-0.006421339395,0.617259891,2.11060071857806,1.41125978197398,19.2286561916273
"mu_t[5,4]",-0.6820691779,-0.73904492,0.199177085509623,0.141009100071,-0.92493217,-0.283959133,1.35004330036919,2.43900503810787,12.7390522145152
"mu_t[6,4]",0.5192557028,0.50161924,0.204293357469846,0.228276300063,0.18610021,0.88014992,1.72681181281779,1.64127450717917,13.4037990196079
"mu_t[7,4]",0.01931071439,0.032559217,0.132818705767526,0.1517793187848,-0.1914899975,0.2257374795,1.07909659897875,9.89329241162604,33.5956997504318
"mu_t[8,4]",-2.346910194,-2.35196605,0.323876081224403,0.33553365531,-2.841917595,-1.781906125,1.23764227431208,3.1955829634224,14.0596127580943
"mu_t[9,4]",-0.33328707304,-0.37835832,0.184575924552913,0.173402101299,-0.553934919,-0.0151790104500001,1.42470279675323,4.49842397879075,12.9860492727813
"mu_t[10,4]",0.23734033301,0.22939403,0.0868550226706653,0.089115268305,0.09286666925,0.3813479,1.01385086035376,37.7568750125866,77.3212964411783
"mu_t[11,4]",0.8221738061,0.81151823,0.175703742930221,0.167536654005,0.5160058725,1.11283851,1.13393245275431,6.79719733223894,22.6419976711087
"mu_t[1,5]",-1.389514317,-1.4009106,0.154253182033339,0.14724360357,-1.62881008,-1.11282482,1.43459193534376,2.18343648990618,31.7839996054474
"mu_t[2,5]",3.888013161,3.9539463,0.890695488573963,1.20639280608,2.50222461,5.218263175,1.91415097485578,1.50057714419466,13.0721046622061
"mu_t[3,5]",-0.060647264157,-0.082114025,0.147147690228679,0.1581544068636,-0.274313233,0.1984468335,1.83234590654239,1.62378118691759,21.5942744323791
"mu_t[4,5]",0.315218586029,0.347398875,0.20499153587708,0.2437787289,-0.01604139575,0.6042397895,2.1194233868749,1.4064149282515,13.0721046622061
"mu_t[5,5]",-0.6802412082,-0.75024324,0.201487838360221,0.143947376055,-0.913551604,-0.266205669,1.32583464484561,2.56508295104872,13.8339920948617
"mu_t[6,5]",0.516935534,0.51101764,0.203086403386583,0.233963835357,0.177626644,0.8618895,1.73271341641527,1.63484637584386,13.1408159105781
"mu_t[7,5]",0.016778918726,0.0101888454,0.124532396207889,0.15209536077204,-0.1695981695,0.1999093805,1.03692882251326,11.723519175203,65.4098463637016
"mu_t[8,5]",-2.339454512,-2.37473725,0.321495745371633,0.35422479351,-2.82692001,-1.773112325,1.23874570263572,3.18704927105368,16.6318190458088
"mu_t[9,5]",-0.330374806305,-0.37743332,0.178974910590787,0.156437969709,-0.5541843775,-0.00832509682500006,1.5237431341779,4.65921361893317,12.9860492727813
"mu_t[10,5]",0.23423766023,0.226044955,0.0881686267424753,0.09309756897,0.1034613144,0.3825133375,1.01874637097547,35.1864865991055,76.8221378450804
"mu_t[11,5]",0.8232472168,0.82468793,0.172448527658775,0.173867519091,0.529712913,1.098654555,1.1469239961209,6.48154793186202,21.5942744323791
"mu_t[1,6]",-1.396109186,-1.4188181,0.15010714054748,0.13854963717,-1.638228365,-1.124379955,1.35424929333711,2.56544555576747,21.0246288509397
"mu_t[2,6]",3.888737685,3.9497107,0.888513826088456,1.19388373923,2.45878204,5.18509042,1.91409605023445,1.50013343622646,12.9368155368514
"mu_t[3,6]",-0.070189579057,-0.0876355165,0.14476907960061,0.1654697420712,-0.2648208535,0.186435308,1.83750196342534,1.61327143943943,21.5942744323791
"mu_t[4,6]",0.31752759589,0.343100185,0.203607282293602,0.232275272565,-0.00132091036,0.611457567,2.09907244048029,1.41194888299789,16.9016805099478
"mu_t[5,6]",-0.6765830045,-0.739503395,0.199170156694215,0.149336352774,-0.9050821925,-0.2773281245,1.35848296131574,2.4288350268198,29.8252638949813
"mu_t[6,6]",0.51460044789,0.49324858,0.20750116510096,0.213662771469,0.1557780435,0.8445890695,1.71322251050403,1.65316470602055,13.0041082366429
"mu_t[7,6]",0.01533211476998,0.0073675939,0.116407331575564,0.13614815149026,-0.1512972955,0.208046305,1.02845426483987,11.717246750362,39.9139812974487
"mu_t[8,6]",-2.340143792,-2.3614027,0.316786309849054,0.32957197245,-2.829354535,-1.78855011,1.23838627501841,3.20777767377759,14.7567248503247
"mu_t[9,6]",-0.327749147959,-0.37366948,0.179777965117413,0.175580352045,-0.539419983,-0.00232544625000001,1.50179618240208,5.09556121788657,13.0538564821722
"mu_t[10,6]",0.23586201105,0.234040775,0.0886178248913299,0.088962775482,0.1007662892,0.3740964965,1.00807446453842,31.6651691255814,77.3212964411783
"mu_t[11,6]",0.8197476173,0.8122782,0.17089419360808,0.157537584477,0.505805659,1.07258423,1.15378712460703,6.34148631782871,17.6038627904637
"mu_t[1,7]",-1.3899876,-1.4032948,0.14822742958969,0.14102365179,-1.62033905,-1.124468725,1.36772271629007,2.48952116023653,21.5942744323791
"mu_t[2,7]",3.88740115,3.98060085,0.889638859859587,1.18686852081,2.480004585,5.2189195,1.9118107554927,1.50156199083398,12.9368155368514
"mu_t[3,7]",-0.079850861205,-0.101719818,0.148461085281797,0.1670921638533,-0.289450471,0.1717151025,1.8025487452439,1.62618260979746,40.5548566509965
"mu_t[4,7]",0.3144311392053,0.33029017,0.207611496927027,0.249625021002,-0.0185477485,0.625037691,2.1194233868749,1.40331938298959,13.219519564889
"mu_t[5,7]",-0.6800079309,-0.73526097,0.196137912449709,0.143767395828,-0.885149331,-0.2802923435,1.38538440821792,2.31608642973843,15.104436388745
"mu_t[6,7]",0.509445701,0.502313635,0.205035378465151,0.209380311021,0.1441068715,0.8392427875,1.70076856266793,1.66769194425228,13.0041082366429
"mu_t[7,7]",0.016356459932,0.0154369795,0.104868121230324,0.1355849731299,-0.1315188105,0.174866927,1.02702453648432,14.1378820229501,35.9722793210783
"mu_t[8,7]",-2.340166251,-2.34927665,0.314651813025571,0.32908123185,-2.838031765,-1.79359106,1.24628059634374,3.15392634837774,17.2515772870662
"mu_t[9,7]",-0.327134422985,-0.386789065,0.176308172094112,0.170647171044,-0.526567667,-0.00601805428500001,1.4744808282895,4.56896526056824,14.6357782052354
"mu_t[10,7]",0.23632499007,0.23733319,0.0833994102147595,0.087363042669,0.09486875025,0.3738096995,1.00415482232381,29.5839349623125,76.1461739405163
"mu_t[11,7]",0.8122072945,0.799748065,0.173244945141271,0.185512467357,0.5013433715,1.06103241,1.21571835850703,4.23701706711144,30.6204069389592
"mu_t[1,8]",-1.386613909,-1.39325845,0.148936546379583,0.1515988152,-1.64129146,-1.15168496,1.41500805836317,2.29115270158586,21.0246288509397
"mu_t[2,8]",3.887205326,3.98886845,0.884687127649316,1.19290878147,2.527240285,5.217898695,1.90710519944176,1.50441613166639,13.0721046622061
"mu_t[3,8]",-0.083992021908,-0.09784282,0.147762084186446,0.1750295920905,-0.308457855,0.1582347085,1.75819984126249,1.66719248603804,24.3582350718816
"mu_t[4,8]",0.319424779875,0.326127955,0.201672033863274,0.234249206205,0.00101528136,0.6336239765,2.11943442660354,1.40784541718272,13.3252112997792
"mu_t[5,8]",-0.6826770445,-0.7334693,0.197681910640783,0.15080555007,-0.9070087645,-0.2579352835,1.47775816297026,2.04240394918374,14.219549849679
"mu_t[6,8]",0.50637943392,0.49046617,0.206527295460154,0.196971986841,0.143524074,0.8555588315,1.68440614925685,1.69046534738329,13.0041082366429
"mu_t[7,8]",0.0175749951,0.016269712,0.102489902356055,0.1195190021025,-0.125522406,0.1834678015,1.0252301638393,15.853393490426,65.4003091120767
"mu_t[8,8]",-2.341594934,-2.3409595,0.312820417687562,0.3339838194,-2.802496805,-1.82312157,1.25988519565946,3.03833392763714,14.4580304031725
"mu_t[9,8]",-0.31521710943875,-0.37412963,0.177581200423613,0.177032432724,-0.5426952405,9.1287250249994e-05,1.42759019972038,4.95342803260841,14.3419111621046
"mu_t[10,8]",0.23589693246,0.232924785,0.0808742348381148,0.081332537517,0.0965174947,0.363090415,1.01861390034952,28.648995881751,66.8803105099925
"mu_t[11,8]",0.8115940419,0.799778085,0.171762684257353,0.1647643032,0.500594162,1.068426035,1.23421442831079,3.97627114578917,21.5942744323791
"mu_t[1,9]",-1.381706974,-1.39449735,0.148550846728522,0.14222848668,-1.622584165,-1.142488505,1.50028460860137,2.02114213831193,30.6204069389592
"mu_t[2,9]",3.885430481,4.0187782,0.885396852026006,1.20178199421,2.55465929,5.177937245,1.91586297232482,1.49991518316004,13.4086406374851
"mu_t[3,9]",-0.0935988618949,-0.10943503,0.146324393502187,0.169754490171,-0.295584076,0.147624276,1.73300687385084,1.6857551986564,25.9952465834819
"mu_t[4,9]",0.316067904687,0.32776809,0.202629620259554,0.248843668563,0.00400914538,0.6152182585,2.10197508545754,1.41782602080107,13.3252112997792
"mu_t[5,9]",-0.6823982448,-0.73306719,0.195179418186292,0.147380640288,-0.902075593,-0.2801459515,1.5662541993211,1.87582292492305,13.1499849714457
"mu_t[6,9]",0.49846613834,0.46776546,0.209684363890139,0.175323669507,0.113920425,0.8268263095,1.6287115948649,1.76193970999383,13.9109697933227
"mu_t[7,9]",0.0126234578082,0.0035221227,0.0968046396312152,0.11117934404052,-0.1191682935,0.1620765475,1.05030675836262,14.7205790542243,90.1813525192318
"mu_t[8,9]",-2.343813325,-2.35343705,0.317346049127132,0.36032539599,-2.81504806,-1.831274975,1.26535405383554,2.98922128079369,15.0137268359643
"mu_t[9,9]",-0.315177089359,-0.3669164,0.180859283361767,0.188893721982,-0.552957511,-0.00414527730000003,1.47854002771343,4.92581744491903,13.7958218368152
"mu_t[10,9]",0.23421490164,0.235509475,0.0822010374997419,0.078935914617,0.1111008435,0.367012341,1.05572827266381,27.6370142424484,37.5549801362088
"mu_t[11,9]",0.8060330602,0.79010168,0.167859853672278,0.164409346521,0.5135973835,1.064342525,1.21404390204923,4.29263304815549,19.2879973547889
"mu_t[1,10]",-1.3807685068,-1.4041028,0.148287312800051,0.15534304737,-1.587010895,-1.13142654,1.48423684566087,2.04586090745767,34.4188137450479
"mu_t[2,10]",3.89014289,4.0201353,0.882091916752498,1.16461654806,2.51234898,5.19999611,1.91156544778519,1.5018335291082,12.9368155368514
"mu_t[3,10]",-0.097490175617,-0.1095748,0.144153669945289,0.1870793249976,-0.2925827155,0.1412859145,1.72858213617222,1.6861776598108,24.2684787130773
"mu_t[4,10]",0.319823675328,0.310223145,0.199517940183509,0.248903165301,0.003382703535,0.6084690385,2.09339252019699,1.4215341906293,19.1549912434326
"mu_t[5,10]",-0.6795613696,-0.727349945,0.19348858036939,0.138582158001,-0.9080154805,-0.2858015225,1.60630649478963,1.80531719938885,13.3966163974585
"mu_t[6,10]",0.49426476731,0.459816825,0.207877470188553,0.163825246599,0.1185502675,0.8331757725,1.60992024867185,1.78774400440017,14.8796871014369
"mu_t[7,10]",0.0085893901825,0.001611212675,0.0904343416262159,0.092385812999655,-0.130288017,0.151518576,1.07457715123057,15.6875251905988,43.7970546868536
"mu_t[8,10]",-2.33851543,-2.3525947,0.31123871985379,0.34644611022,-2.812035485,-1.839077755,1.2739272609096,2.91624497683496,15.0137268359643
"mu_t[9,10]",-0.311470454285,-0.35160961,0.185625774258636,0.191175421143,-0.5533326595,0.01324021925,1.46174436976394,5.05060457824675,13.505170551011
"mu_t[10,10]",0.23061824348,0.223818125,0.0832715113345358,0.081312944958,0.10108709375,0.374024642,1.06456247826687,27.755538926883,50.7015438102728
"mu_t[11,10]",0.8036311369,0.787031385,0.156139246214158,0.167715781737,0.5467394825,1.05870219,1.20576844672026,4.28276471124547,21.2559212923599
"mu_t[1,11]",-1.3823555,-1.40460925,0.146258065998591,0.16078241025,-1.576629045,-1.134677375,1.50089218857974,2.00938374330801,21.5942744323791
"mu_t[2,11]",3.889865457,4.0030609,0.88073873372542,1.18939865184,2.503129715,5.196766455,1.91158632790819,1.50225857499015,13.0721046622061
"mu_t[3,11]",-0.101798847748,-0.12098328,0.141898792571122,0.1610712600189,-0.323616378,0.1394469845,1.69165939111151,1.72044500025791,28.0590040771451
"mu_t[4,11]",0.314764760597,0.30779045,0.198609304610257,0.259542680964,-0.00148169015,0.613758707,2.04618585775568,1.44181582141489,17.8425774877651
"mu_t[5,11]",-0.6767314941,-0.71699422,0.199957158282914,0.158162203857,-0.9344137535,-0.281650263,1.63397580986031,1.76713126975731,13.5270928345057
"mu_t[6,11]",0.48627735465,0.4670375,0.20729920706131,0.164780634039,0.10533897685,0.816062908,1.500983133068,1.98168467961817,14.8355374703289
"mu_t[7,11]",0.001838498222,-0.000999965,0.0887575469128055,0.0956441968902,-0.1364314795,0.144058599,1.07909310936866,17.1776408303008,71.2874531148375
"mu_t[8,11]",-2.338552282,-2.34658615,0.309901227943918,0.34011162759,-2.82597327,-1.825327645,1.27713709123841,2.8752731744408,14.9241002899539
"mu_t[9,11]",-0.304999597326,-0.34132269,0.187341403272212,0.202456746933,-0.555607443,0.00373634974499996,1.40977805835707,5.4675726368072,13.9109697933228
"mu_t[10,11]",0.23022125449,0.222621125,0.0789064799274761,0.071822503599,0.112320885,0.372335536,1.06690646784165,27.7462100201434,37.7806563039723
"mu_t[11,11]",0.79524001,0.796554325,0.153542910859247,0.17100412182,0.5320831395,1.03423419,1.27389388724314,3.30533515188659,17.051544382734
"mu_t[1,12]",-1.381270515,-1.39452545,0.146522488651876,0.16421292426,-1.58381143,-1.108500105,1.53461995622706,1.95121134101033,32.9939668174962
"mu_t[2,12]",3.891723106,3.9795068,0.882747049294806,1.21203054084,2.514674765,5.2387418,1.91386135700669,1.50102186504008,13.0721046622061
"mu_t[3,12]",-0.107600897738,-0.134663745,0.140248447564973,0.138613989423,-0.3347416485,0.1177467835,1.7031687693838,1.71057144054388,27.5640160208811
"mu_t[4,12]",0.3169686821023,0.33106878,0.197951951022027,0.243264244461,-0.003251063885,0.60595815,2.08205469347754,1.42561601644928,14.1072148327287
"mu_t[5,12]",-0.6787190004,-0.72257446,0.204529684542686,0.154070806071,-0.930390027,-0.277624921,1.75688659702308,1.62872396816772,13.6006839201057
"mu_t[6,12]",0.48252562916,0.450956825,0.206596729870625,0.1465498209,0.117559661,0.8067848085,1.47784058576139,2.03610269597155,14.8355374703289
"mu_t[7,12]",-0.00475431114730001,-0.010798735,0.0884857394517098,0.0864776080035,-0.1438762785,0.1319960985,1.02927398479963,19.3620023096696,60.0313633245124
"mu_t[8,12]",-2.339523964,-2.3755194,0.30884203025255,0.35298341253,-2.819553265,-1.8291127,1.26346449609379,2.98275260379421,15.8514492753623
"mu_t[9,12]",-0.301011801674,-0.35528033,0.183101414061752,0.185352517056,-0.5486238065,0.0197327485,1.48784451521992,5.4335752656999,14.9687794029596
"mu_t[10,12]",0.23022074481,0.22814688,0.0821285059931086,0.06611291463,0.09341817285,0.3739124085,1.13134201724493,24.585368170073,19.8390205192155
"mu_t[11,12]",0.7888016995,0.777406295,0.153412504460379,0.17210524884,0.540258997,1.03368242,1.29699160292522,3.07452044950758,20.1265094882115
"mu_t[1,13]",-1.3783190049,-1.38862165,0.147187120699887,0.15503948502,-1.58491291,-1.093222195,1.6110549510179,1.80307541382559,34.1663412729402
"mu_t[2,13]",3.900269582,3.9811425,0.878851463101018,1.19745932565,2.549917585,5.196465135,1.91386135700669,1.50091759133286,13.0721046622061
"mu_t[3,13]",-0.109724970202,-0.14063265,0.144740954231575,0.1397119674006,-0.3333668425,0.1278657535,1.78232507099707,1.62089387974524,24.7734994337485
"mu_t[4,13]",0.311265741558,0.335212755,0.193181904674136,0.217870027032,-0.00390631464,0.6052647625,2.06274897620287,1.43727559385383,21.0412408320308
"mu_t[5,13]",-0.67924879372,-0.73041408,0.203610622450877,0.165976521438,-0.9315504745,-0.2814856265,1.79122054567812,1.59727062638803,13.1916176692296
"mu_t[6,13]",0.474051719679,0.454065185,0.205644322650872,0.173618597964,0.12500320705,0.7967284885,1.42564999737003,2.17380106410883,15.5846468964289
"mu_t[7,13]",-0.009183476311,-0.0170719115,0.0864828898439228,0.0906795358434,-0.145109858,0.1264853115,1.0276363309015,17.039717905434,76.8221378450804
"mu_t[8,13]",-2.331113655,-2.3665528,0.304973009907219,0.34624536618,-2.797127585,-1.84394275,1.28861044789183,2.79998531286868,15.7021085688649
"mu_t[9,13]",-0.299004099362,-0.33327702,0.187110583963738,0.214264269702,-0.5378179345,0.0232510785,1.38097342134106,5.67964760479974,14.9687794029596
"mu_t[10,13]",0.22715127343,0.22771047,0.080777125255771,0.071380599843,0.10065013495,0.385559142,1.14720138181737,23.3091312643061,56.5091830996655
"mu_t[11,13]",0.7881731916,0.78313766,0.151699419828239,0.181906391268,0.545953532,1.022194205,1.32045323148462,2.7848992864525,30.6204069389591
"mu_t[1,14]",-1.3745020186,-1.38635045,0.153921709079748,0.16687723059,-1.586219245,-1.0906662,1.59237115339707,1.83201134948631,25.9952465834819
"mu_t[2,14]",3.905524681,3.9871653,0.875843147338651,1.19751173556,2.57324773,5.19147409,1.90715766492364,1.50480378349188,13.4809450967877
"mu_t[3,14]",-0.113066040511,-0.130137245,0.141732445383647,0.1424078716431,-0.3274823005,0.125868408,1.77599703940341,1.62873965284216,36.0760984803864
"mu_t[4,14]",0.310455260115,0.33749343,0.191960064712602,0.231774072222,0.004435973065,0.5957513355,2.05965772774989,1.43317951483444,14.099258781824
"mu_t[5,14]",-0.68204868919,-0.719007405,0.210293591812526,0.189689084991,-0.9486909285,-0.29892811,1.83303825616252,1.5645803566915,13.0538564821722
"mu_t[6,14]",0.46955989578,0.44340363,0.208431888326207,0.163426753371,0.0957053952,0.798828456,1.40064558896497,2.24872534681975,14.0675241157556
"mu_t[7,14]",-0.0079650070531,-0.0113089595,0.0819887010918889,0.0886532990406,-0.1417896515,0.107886677,1.02340208725142,14.8068749726482,53.8632643484494
"mu_t[8,14]",-2.333821498,-2.37199255,0.302577717347594,0.35452835586,-2.790976805,-1.80428971,1.27467433258751,2.89481207892284,15.0137268359643
"mu_t[9,14]",-0.298961053495,-0.32920359,0.18860092658249,0.238084773948,-0.528483004,0.00721478207,1.34789285422712,5.91567419144218,16.7994624172026
"mu_t[10,14]",0.22772437066,0.23801944,0.0849050562615847,0.083058825066,0.08951551165,0.386857812,1.094793777968,22.0284393457689,44.8258196721311
"mu_t[11,14]",0.7918540651,0.79290064,0.145814392285827,0.180134676855,0.553354018,1.02128588,1.33933438241211,2.69148653968529,21.0412408320307
"mu_t[1,15]",-1.3785449413,-1.4047679,0.153622226151256,0.16344226878,-1.58114789,-1.09371841,1.64152456062766,1.76894996862206,31.6824001034527
"mu_t[2,15]",3.905869971,3.99451655,0.874512817964765,1.20594839673,2.548950925,5.158453525,1.90056869260351,1.50827128010219,13.0721046622061
"mu_t[3,15]",-0.113906455408,-0.134237585,0.141811503636568,0.164475485307,-0.318476436,0.1295669425,1.77796093192637,1.61861965644654,22.9995118470955
"mu_t[4,15]",0.310799687703,0.34045133,0.188696324966844,0.214286879352,-0.012328984,0.568957346,1.99865828982963,1.45973376018892,13.6006839201057
"mu_t[5,15]",-0.67188338383,-0.719637475,0.215790698327518,0.212168710971,-0.94364083,-0.286316275,1.82543781110214,1.57180774730427,13.3039379656378
"mu_t[6,15]",0.46438914216,0.44300853,0.207166805890825,0.172182025281,0.0948895898,0.801901722,1.43721776266299,2.14469875821145,19.9657729606389
"mu_t[7,15]",-0.0109076773988,-0.00759093105,0.0816244747032076,0.07223465520537,-0.1397042195,0.117535583,1.00712447773686,16.7237244098654,96.8032193586517
"mu_t[8,15]",-2.333769953,-2.37943205,0.293097730886855,0.34971828255,-2.766222825,-1.82857505,1.28664957037952,2.78126168516932,13.3608184455642
"mu_t[9,15]",-0.29782922619,-0.323690905,0.190939495327366,0.254105223225,-0.542265575,0.02070145325,1.36652717360247,5.59504756302982,27.7117973079968
"mu_t[10,15]",0.226824427398,0.23179402,0.0818818626036695,0.085627466631,0.09440169665,0.351670391,1.11563387536175,21.4920753410818,42.4389398926035
"mu_t[11,15]",0.786329079,0.78412034,0.147968290564866,0.176251999497,0.538869794,1.020743825,1.33095409460143,2.75289575516009,42.4389398926035
"mu_t[1,16]",-1.3780947383,-1.41124585,0.148396332054793,0.15233981868,-1.577810635,-1.09702045,1.55485959840532,1.90160531841186,34.1663412729403
"mu_t[2,16]",3.904734221,3.9848809,0.864637976265185,1.1926486593,2.598765775,5.17196319,1.90932420890144,1.50236057008612,13.0721046622061
"mu_t[3,16]",-0.113415586257,-0.13328867,0.142457837629062,0.143277196377,-0.3067335775,0.118398724,1.79712771749222,1.59334195003176,24.7734994337485
"mu_t[4,16]",0.308591867598,0.339352735,0.183355047362199,0.206182031475,0.006760920715,0.5597809285,1.98053606082619,1.4727210785711,15.8013544018059
"mu_t[5,16]",-0.6723434078,-0.70039167,0.213111157636176,0.229901044338,-0.956277923,-0.2914211325,1.82471780125143,1.57699862636935,13.0811780535207
"mu_t[6,16]",0.45983206601,0.436578335,0.201881112097005,0.174862165779,0.0995219567,0.7859139355,1.44709263204473,2.11266002381578,15.4307380301561
"mu_t[7,16]",-0.0133723444405,-0.0083045743,0.0812856697179669,0.07054350357138,-0.1499964585,0.1148723095,0.999942980226322,15.2570539416198,62.9908500685975
"mu_t[8,16]",-2.332636696,-2.37600815,0.285575387191297,0.31299479946,-2.72944409,-1.855291515,1.27366229118837,2.87324288651574,13.3608184455642
"mu_t[9,16]",-0.293001936718,-0.33433111,0.192605831944404,0.235081182021,-0.5376581195,0.03942370625,1.38064602602469,4.75739626648716,27.7117973079968
"mu_t[10,16]",0.22611752661,0.23932251,0.0829844995222651,0.088748599086,0.0970636813,0.3605107345,1.14152264874808,20.8108937867596,42.9711796108348
"mu_t[11,16]",0.7812897276,0.77803262,0.146798380851443,0.180149495442,0.543822711,0.997190402,1.38188494140601,2.51524774689904,28.4044797922414
"mu_t[1,17]",-1.3741804532,-1.41755495,0.152179983334775,0.15125173854,-1.58770667,-1.11229269,1.55259651957743,1.90094678255604,44.8258196721311
"mu_t[2,17]",3.904736872,3.97789285,0.864690894645131,1.2064887303,2.60413409,5.129207145,1.91404843762043,1.50076721123709,13.0721046622061
"mu_t[3,17]",-0.1137240275789,-0.130405915,0.132318413911078,0.1237159610085,-0.303506809,0.09884145115,1.71827240864502,1.66109392457088,16.2428067570076
"mu_t[4,17]",0.300462874295,0.33466667,0.177738174038463,0.209909154441,0.007536929325,0.5242206105,1.87742199883769,1.52472050772027,13.9420012746973
"mu_t[5,17]",-0.6731649522,-0.71428517,0.219281141938034,0.239842959636,-0.964447039,-0.2849455705,1.90236164074204,1.51602960556755,12.9368155368514
"mu_t[6,17]",0.45498531187,0.43065286,0.202924382584862,0.162047913132,0.1278170965,0.7631188825,1.43402422879051,2.15260264291591,13.8186986734049
"mu_t[7,17]",-0.010104545772,0.0023605039,0.0849149460423941,0.06901452873294,-0.169700304,0.1238815085,0.991774270244981,15.5237399770572,53.8632643484494
"mu_t[8,17]",-2.326295866,-2.3722288,0.282014013338544,0.30095527203,-2.71759147,-1.834913355,1.27338256463648,2.86956829233104,21.0246288509397
"mu_t[9,17]",-0.2906985476843,-0.329053275,0.195320221557944,0.242778537288,-0.533400987,0.0363474064999999,1.33626747844647,5.31980545354718,31.6824001034527
"mu_t[10,17]",0.2287736271,0.228409175,0.0781350359408967,0.077129018106,0.1026316423,0.3580107255,1.06346984321297,20.4288013224341,48.1944639595335
"mu_t[11,17]",0.7803847357,0.76397294,0.140326932129935,0.182200116567,0.5512339485,0.9832180155,1.364232093984,2.64785418256785,40.5548566509965
"mu_t[1,18]",-1.3697440444,-1.40194995,0.156686451578651,0.1532274513,-1.572980275,-1.109049405,1.61665787100773,1.8056044562021,34.1663412729403
"mu_t[2,18]",3.908407784,3.9718106,0.864466299577592,1.21257650829,2.63977239,5.158109365,1.90283619866314,1.50752518414318,16.9475111369359
"mu_t[3,18]",-0.1119211056718,-0.13355966,0.129165288296627,0.1449983140998,-0.302549685,0.1019839785,1.74634156779475,1.63521374671338,16.2428067570076
"mu_t[4,18]",0.29513020912,0.32702319,0.172942425417622,0.205123536618,0.03132997095,0.5242711935,1.84669235762968,1.54054229741814,14.3008907411947
"mu_t[5,18]",-0.6759032683,-0.70622195,0.217791027141967,0.207307984632,-0.9667245165,-0.2755855455,1.8618894757075,1.53936962370993,14.564780577122
"mu_t[6,18]",0.449097662719,0.42787332,0.197040248828998,0.174821431344,0.1320401255,0.752077445,1.40310366944784,2.24373198907944,13.8186986734049
"mu_t[7,18]",-0.01409542862384,-0.012890691,0.0889779506236266,0.0918396414327,-0.1635102385,0.1300304835,1.01309403490943,15.4604272831906,62.9908500685975
"mu_t[8,18]",-2.325690764,-2.3569354,0.27671055608646,0.29644268241,-2.69592428,-1.84230082,1.26502223556712,2.93205517751791,16.1067648412333
"mu_t[9,18]",-0.281637246462,-0.32274792,0.195296001245624,0.222051018336,-0.5196514425,0.0489053526,1.29935601838987,5.66412227414748,31.6824001034527
"mu_t[10,18]",0.22858192583,0.228087745,0.0802595766180479,0.084179774448,0.10126716165,0.3464266505,1.07633542101844,17.6394622217462,40.5548566509965
"mu_t[11,18]",0.7772728992,0.76078271,0.13796706555553,0.1648413984,0.5654597635,0.9794916215,1.35682801486995,2.6609196317457,40.5548566509965
"mu_t[1,19]",-1.3654347761,-1.4178122,0.165999463751095,0.17044495923,-1.57294796,-1.08606983,1.60305242660149,1.84057854241061,29.7944789006445
"mu_t[2,19]",3.913084502,3.97136645,0.861431728054088,1.21728969369,2.659356455,5.17798772,1.89838518924717,1.50986569251873,19.6828253289844
"mu_t[3,19]",-0.115673361233,-0.13380091,0.129006489512815,0.1347239294583,-0.3057061495,0.09926455325,1.71127672344336,1.67890452602726,16.2428067570076
"mu_t[4,19]",0.291941782062,0.32863421,0.168605525817704,0.187914931701,0.00860243734,0.5281838165,1.77618565229176,1.59975323897146,14.3419111621046
"mu_t[5,19]",-0.6772075607,-0.710703225,0.217196122427333,0.194807027604,-0.973003957,-0.261565631,1.91504831999198,1.50250609389157,12.8702156943087
"mu_t[6,19]",0.4488366414,0.41602107,0.195099260025132,0.153342219366,0.1188954525,0.764912031,1.40179633065847,2.24053250170316,15.1318633808906
"mu_t[7,19]",-0.013876930323,-0.0124383255,0.0927982159988777,0.0889055078331,-0.1670299025,0.1434015015,1.11494815941723,14.0560718103169,34.362847091416
"mu_t[8,19]",-2.323374867,-2.38302855,0.276048737673247,0.28156152969,-2.684112255,-1.82903209,1.28639633346624,2.78185669397753,13.3608184455642
"mu_t[9,19]",-0.278248393722,-0.31259714,0.196193818418963,0.234581189997,-0.5252975395,0.0436177731499999,1.30976658144415,5.06066041126482,16.4458227610187
"mu_t[10,19]",0.23198633594,0.231019795,0.0827620851255513,0.080663929395,0.0927836571,0.3629359985,1.06573133103448,18.7678970942376,41.7646738616602
"mu_t[11,19]",0.7749796254,0.761956905,0.137697979376572,0.158573239881,0.5647707415,0.9846359955,1.34217313054761,2.83590701628159,30.6204069389592
"mu_t[1,20]",-1.364716752,-1.4106977,0.168547381931528,0.17577861273,-1.596496935,-1.079731835,1.6232459334414,1.80839466883384,29.535152859485
"mu_t[2,20]",3.915644698,3.9642214,0.860690513489746,1.26136627974,2.65402905,5.178945165,1.90280674089384,1.50660150494217,16.9475111369359
"mu_t[3,20]",-0.115440085686,-0.12678338,0.12344571492082,0.1355026710387,-0.3008080285,0.0830859500999999,1.68905142149878,1.70811058837293,16.2428067570076
"mu_t[4,20]",0.288935754386,0.311149,0.155140462339363,0.180562859148,0.015550251465,0.5130659565,1.74233009112962,1.62725633338337,15.8013544018059
"mu_t[5,20]",-0.6777469398,-0.71176202,0.212169697223792,0.199880091915,-0.9606840265,-0.2820386295,1.93551616990074,1.48945267698123,15.104436388745
"mu_t[6,20]",0.44218533455,0.40733529,0.200079532396816,0.156242088597,0.0989152842,0.779725032,1.45846894535182,2.08559650976062,14.7306397306397
"mu_t[7,20]",-0.011395588474,0.00516198185,0.0984750833007534,0.0995039154459,-0.177668839,0.139424232,1.06045996897972,12.4228857828659,31.7839996054474
"mu_t[8,20]",-2.325005979,-2.3840029,0.272768457763021,0.27992288604,-2.685426305,-1.85449551,1.29101301049026,2.74422814177548,22.1799746514575
"mu_t[9,20]",-0.2764614283,-0.33755361,0.201171188103394,0.214556860812,-0.5292697885,0.07607906135,1.32992482355062,5.39269167008476,14.4246620507748
"mu_t[10,20]",0.23177404763,0.227518105,0.0787653031256966,0.079949553411,0.1085272555,0.37726213,1.04902579474055,21.7286444803874,58.9391161255238
"mu_t[11,20]",0.775658925,0.756990685,0.129147370197839,0.140647271541,0.5783499895,0.9694650355,1.29279812319319,3.12534472115774,30.6204069389592
"mu_t[1,21]",-1.368839163,-1.4188595,0.175404703602433,0.18424870653,-1.598176705,-1.042656765,1.64042248012083,1.79738063826025,29.535152859485
"mu_t[2,21]",3.921774679,3.9633823,0.859663450750005,1.2887263284,2.6878487,5.165851845,1.90719967787906,1.50520515080311,16.9590076557806
"mu_t[3,21]",-0.1187404199434,-0.135617365,0.120527173755821,0.153949959345,-0.300439274,0.08199108305,1.65675508633972,1.80375521619868,21.0246288509397
"mu_t[4,21]",0.284369702602,0.300363625,0.152623159771854,0.188603591988,0.04989280715,0.4934313455,1.63660503669183,1.74222792822903,18.6408180656156
"mu_t[5,21]",-0.6767665746,-0.709368055,0.212187551669257,0.219180363738,-0.9718521565,-0.2997201485,1.90638104207655,1.50545964725021,15.104436388745
"mu_t[6,21]",0.44037932422,0.412294665,0.196798078278743,0.160659309972,0.0829148771,0.765294611,1.48129774123345,2.02224174479374,13.6006839201057
"mu_t[7,21]",-0.007673619777,0.0090787474,0.101090116683553,0.103311519129,-0.1766819705,0.143462977,1.00683966357187,12.0969010420544,51.5338182396663
"mu_t[8,21]",-2.329537417,-2.3774605,0.271881960935558,0.261916116,-2.712812905,-1.83707588,1.30626308913406,2.63855517241895,13.3608184455642
"mu_t[9,21]",-0.273969880807,-0.35022872,0.20625500911188,0.191001267534,-0.5254610855,0.0860593818,1.40566188313304,5.55798914420997,14.4246620507748
"mu_t[10,21]",0.23115411756,0.223252435,0.0755663942558417,0.066410820861,0.1052135015,0.3668880465,1.06921481610635,24.7816132230552,48.4074922943175
"mu_t[11,21]",0.7779917014,0.764657955,0.130704686151277,0.148449817278,0.58169392,0.984992212,1.26122371722766,3.36075786058006,40.6061959206149
"mu_t[1,22]",-1.3684812266,-1.42298635,0.182097728455286,0.18638617095,-1.607387695,-1.060814555,1.59317791987889,1.85026149339572,34.0533177661022
"mu_t[2,22]",3.926677641,3.96206325,0.859208867246613,1.25293080465,2.675825705,5.19707214,1.91638636689248,1.50054369960335,16.565694812571
"mu_t[3,22]",-0.121429883245,-0.14772021,0.120484096253294,0.1419353507145,-0.307718172,0.0846578374,1.61089233554218,1.88576515028509,21.2018415313787
"mu_t[4,22]",0.28113356025,0.2949817,0.144229725948678,0.178413763731,0.04827829795,0.488850433,1.60045127464769,1.7926767904206,18.6408180656156
"mu_t[5,22]",-0.6791522,-0.707474475,0.209964035301926,0.19375254318,-0.973048742,-0.2922851295,1.96833539944767,1.46862642482983,15.104436388745
"mu_t[6,22]",0.433708353426,0.41591241,0.202501942047305,0.172366786893,0.10242058185,0.76298831,1.47302689299963,2.03862426435935,13.5270928345057
"mu_t[7,22]",-0.0061764978887,0.00988810795,0.10597508455426,0.11475716377503,-0.1908934135,0.142243957,1.01993254716488,11.2297478480125,31.7839996054474
"mu_t[8,22]",-2.327720349,-2.375865,0.269628563822031,0.26691729645,-2.690083865,-1.87283114,1.30514700837663,2.6487962077853,13.3608184455642
"mu_t[9,22]",-0.270070897511,-0.347895955,0.204532157435903,0.181849963512,-0.5017835145,0.07674137035,1.37701169423048,5.72678116700538,13.505170551011
"mu_t[10,22]",0.2340062506,0.2302706,0.0706003994816077,0.062318563167,0.1241645065,0.3626915455,1.07380359885858,24.1673524949942,21.5942744323791
"mu_t[11,22]",0.7797429884,0.785745985,0.127575044421333,0.152664700818,0.581516313,0.9610541845,1.19506508668374,4.41926318678515,41.7305399420882
"mu_t[1,23]",-1.3647246057,-1.4299566,0.190124090383858,0.19292206479,-1.602810995,-1.038931555,1.57990361900396,1.87101346296638,30.6204069389592
"mu_t[2,23]",3.929165755,3.9685433,0.857095637717269,1.24167127308,2.670459715,5.158200555,1.92293443419596,1.49558370359606,17.2396808196237
"mu_t[3,23]",-0.1245363812726,-0.139837565,0.119050681821698,0.130680767322,-0.29941696,0.07988140915,1.5743326953704,1.95336073986556,15.9424250706021
"mu_t[4,23]",0.27678924758,0.27852244,0.134743106468688,0.164410087821,0.05513278695,0.468384055,1.52670856686931,1.91642666103991,16.4458227610187
"mu_t[5,23]",-0.6771557797,-0.70397782,0.205892184508333,0.205313991414,-0.9565476835,-0.312122303,1.92337195688249,1.49213882013938,15.104436388745
"mu_t[6,23]",0.4287528826,0.40562404,0.202047942467599,0.157739292207,0.06684690385,0.7669986455,1.46373145059767,2.06024082832694,13.2615944225523
"mu_t[7,23]",-0.00123571450668111,0.00292574995,0.109059308255273,0.10750595546523,-0.185872471,0.1646905345,1.06115580118343,9.7468711975576,20.2898550724637
"mu_t[8,23]",-2.327443278,-2.38047755,0.268128849107322,0.26774555094,-2.674073735,-1.88178971,1.32423013144774,2.55029675640967,16.3063734625419
"mu_t[9,23]",-0.268962945972,-0.359707105,0.21320472456686,0.177582721953,-0.4987377905,0.106989614,1.36583099354593,5.69951405630929,14.4246620507748
"mu_t[10,23]",0.2416097249,0.237791975,0.0655217948452163,0.060172722057,0.1368295525,0.363072524,1.07898597800533,26.6862597496915,21.5942744323791
"mu_t[11,23]",0.7775441006,0.778805005,0.126499446733672,0.149959126317,0.578178355,0.9866089605,1.19707602480037,4.49077706132304,26.1612386545649
"mu_t[1,24]",-1.3586982314,-1.4368634,0.192105320458722,0.18009527676,-1.59077321,-1.02577588,1.6394273832352,1.77198245379197,20.7789123723581
"mu_t[2,24]",3.931661665,3.97315455,0.857452058814601,1.24413972795,2.699315735,5.143106195,1.89798299503817,1.51054101645023,16.4134308760082
"mu_t[3,24]",-0.123344844142,-0.13765106,0.114564071594716,0.1323986388921,-0.2858533705,0.06935471595,1.47427478651354,2.20902756564445,32.1277767578482
"mu_t[4,24]",0.27225136686,0.273568095,0.12898913486129,0.167809015038,0.063570853,0.454840615,1.480843762322,2.02798034027488,21.0412408320308
"mu_t[5,24]",-0.6743994661,-0.702708465,0.197660143592722,0.200936318394,-0.9442981855,-0.322970356,2.00974615385129,1.44686637933928,13.3822742219163
"mu_t[6,24]",0.42500430206,0.396562015,0.19546673941296,0.181975702818,0.09650379195,0.764231237,1.40743830408422,2.23374483901259,13.9264682476524
"mu_t[7,24]",0.000522123517030006,0.00277716965,0.118806567598972,0.12531047188191,-0.1954688595,0.1600593885,1.04428522071164,9.74927576670403,18.6826091598164
"mu_t[8,24]",-2.333935108,-2.4050134,0.263306407878883,0.24090908247,-2.685336155,-1.895796395,1.32231777634361,2.55947617940896,21.4934905428641
"mu_t[9,24]",-0.268414791476,-0.34639622,0.212860883061157,0.187087336968,-0.501702715,0.117223659,1.24756525040645,5.49015411164477,13.6006839201057
"mu_t[10,24]",0.2461282195,0.241225945,0.0634516670673832,0.048217821435,0.143241942,0.3693026075,1.02883827151558,24.1765099880764,21.5942744323791
"mu_t[11,24]",0.7737757039,0.773965075,0.128431228239444,0.159623113419,0.5859198895,0.973355582,1.21471870177542,4.16492261336985,66.9637815053919
"mu_t[1,25]",-1.359664236,-1.4423662,0.19428190495501,0.19183265031,-1.59182141,-1.034011245,1.6236716335841,1.78336159119967,18.1535269709543
"mu_t[2,25]",3.937158244,3.95286505,0.859506304488447,1.24473936552,2.713807785,5.15909965,1.89159793986524,1.51567998764507,17.2396808196237
"mu_t[3,25]",-0.1278655106327,-0.138060785,0.110033199175877,0.116701798941,-0.2894066495,0.06660234025,1.43168987249864,2.48203516172374,23.9660367022733
"mu_t[4,25]",0.27157776887,0.277930865,0.124937804769548,0.1607056857,0.08065238945,0.4513847195,1.43398537209881,2.15721824503104,31.7201377560267
"mu_t[5,25]",-0.6741688331,-0.69221983,0.20137174107187,0.210636295611,-0.984368075,-0.3339677725,2.0070033228558,1.44813000017902,14.219549849679
"mu_t[6,25]",0.41953021213,0.396824675,0.197649895933232,0.170932860651,0.08906660835,0.7702143375,1.44601732344815,2.12082861527774,13.9264682476524
"mu_t[7,25]",0.00857440855699999,0.021094491,0.116305538533941,0.1110483048843,-0.197073934,0.173022239,1.09603763256091,8.39655755640784,13.9342304323593
"mu_t[8,25]",-2.338710344,-2.4041167,0.254745273433047,0.23672540766,-2.669665005,-1.894498185,1.29883858336598,2.68641586408157,21.4934905428641
"mu_t[9,25]",-0.267135763834,-0.352726795,0.216697939523025,0.190042462701,-0.5166893845,0.1298365345,1.34627301644864,5.69066090510981,14.4246620507748
"mu_t[10,25]",0.2444872007,0.23679119,0.0635107849352289,0.055693083222,0.1497412245,0.3575026385,1.05674396755386,26.3395332065005,31.3395415472779
"mu_t[11,25]",0.7745660558,0.77795969,0.131252700526313,0.148179279843,0.582175762,0.9829739625,1.21582596362564,4.15544371547365,37.7806563039724
"mu_t[1,26]",-1.3557198368,-1.4289701,0.198471442265207,0.19857818379,-1.591437205,-1.011918085,1.56583624267441,1.84794322983073,45.7499253062444
"mu_t[2,26]",3.942495732,3.9750561,0.860236623945054,1.21990915137,2.730528275,5.168855365,1.89173857758437,1.51564307545999,17.2396808196237
"mu_t[3,26]",-0.13195830415,-0.14384443,0.105402608170344,0.120405318915,-0.275601543,0.051618179,1.32137001781677,3.22303171460225,35.9121690950132
"mu_t[4,26]",0.26997291275,0.263684715,0.120730940997859,0.162801659559,0.0848213359,0.4418505,1.38902822627112,2.3336048954049,19.0093417336519
"mu_t[5,26]",-0.6739746869,-0.69849917,0.199987658474304,0.209955641364,-0.9684366875,-0.321396579,1.99161180468404,1.45788721078514,13.4809450967877
"mu_t[6,26]",0.4130334330672,0.38533929,0.196214731021861,0.176065013985,0.07070855985,0.7592631055,1.42544928417976,2.18148987414016,13.9342304323593
"mu_t[7,26]",0.00808164542399999,0.034490079,0.127361330119172,0.1324103647755,-0.213415737,0.1746253355,1.06036115816324,8.20949471511442,15.4022179193804
"mu_t[8,26]",-2.33215738,-2.3876605,0.254073695761636,0.24909525837,-2.654195545,-1.908741545,1.3292110400881,2.53742024345519,21.4934905428641
"mu_t[9,26]",-0.257942987503,-0.33789417,0.220817726272944,0.193661911842,-0.5067110495,0.1508205075,1.310496077768,6.03219748925719,14.6357782052355
"mu_t[10,26]",0.2423813651,0.24023145,0.0677099249764016,0.06246772014,0.147339316,0.3625672215,1.02216083839685,26.463049844295,37.3293515358362
"mu_t[11,26]",0.7707052582,0.78801028,0.131743680795894,0.162972670056,0.5544871315,0.964247831,1.18531194870186,5.11264790299617,29.2188431723316
"mu_t[1,27]",-1.3545178882,-1.4252792,0.203824918697926,0.20117777463,-1.59868864,-0.993280062,1.57386961309953,1.83574841848099,19.6056464261707
"mu_t[2,27]",3.944380241,3.97917745,0.854073472921306,1.20753285135,2.755188115,5.16939989,1.88307177062845,1.52159421415611,17.5544186979637
"mu_t[3,27]",-0.136423425086,-0.142973875,0.0964867682674936,0.1107832471389,-0.271670208,0.02819534045,1.21708550554249,5.05313569296602,31.6824001034527
"mu_t[4,27]",0.26785500552,0.26104982,0.117759209482667,0.171874519215,0.09283373485,0.4354597535,1.35820002624984,2.48711753117055,50.0858614768166
"mu_t[5,27]",-0.6719117218,-0.699634965,0.197281841450566,0.203314386555,-0.958468453,-0.3521097245,1.96201246372028,1.4763452926715,13.2804284428833
"mu_t[6,27]",0.405371045061,0.392710545,0.199792386614554,0.175232482194,0.08698188445,0.759467872,1.4293935488034,2.17064222467227,15.1777970511708
"mu_t[7,27]",0.012662128809,0.0413906215,0.129483900137344,0.1120104107262,-0.2075164515,0.177873664,1.10636447034573,7.21893534514927,13.389441469013
"mu_t[8,27]",-2.331905579,-2.40338525,0.256865756595294,0.24096890538,-2.673177235,-1.905718175,1.31296474134791,2.61931819226621,16.1483805481221
"mu_t[9,27]",-0.256311950356,-0.32988621,0.225368073117618,0.204848581035,-0.52353861,0.1597945165,1.25905145057792,5.73650911880019,32.8693155044045
"mu_t[10,27]",0.2439003677,0.23814101,0.0671670341919045,0.063227345076,0.148703604,0.3829930585,1.09041698071438,16.9860450319906,25.9952465834819
"mu_t[11,27]",0.7648462135,0.776713535,0.130228940573917,0.167859104679,0.56033557,0.9482534115,1.18417086920481,5.14957071119817,22.9749245109623
"mu_t[1,28]",-1.3536912092,-1.4207898,0.213126470143965,0.2025216774,-1.641157815,-0.958705647,1.63688921645462,1.74984477834764,21.0235463719366
"mu_t[2,28]",3.942068217,4.0101026,0.849962650063675,1.16394485613,2.77795367,5.15635502,1.88506646937171,1.52196709477019,19.6828253289844
"mu_t[3,28]",-0.143701662928,-0.160156215,0.0926749884696037,0.0983780542101,-0.2847124495,0.00142472127,1.21377925820517,4.91180013798175,20.3725261932479
"mu_t[4,28]",0.26513140504,0.26558661,0.115776948726139,0.147534141279,0.0934882411,0.443799057,1.30360896486465,2.7829653011193,15.1870172698082
"mu_t[5,28]",-0.6695983713,-0.6892391,0.194499044647574,0.185827905333,-0.949198201,-0.354870182,2.00324701844888,1.45322016392968,14.4246620507748
"mu_t[6,28]",0.402059387008,0.383367925,0.19738932208759,0.178867009377,0.0937667837,0.7419970695,1.3845147763133,2.31795155711063,13.439827970202
"mu_t[7,28]",0.011550700995,0.038088581,0.134393434085292,0.1202188804824,-0.2525593325,0.1918255485,1.09312460844935,7.33822732551349,13.389441469013
"mu_t[8,28]",-2.330649888,-2.39007005,0.257805525359944,0.2514978858,-2.684313175,-1.853498085,1.35152043869353,2.43418148593908,16.1483805481221
"mu_t[9,28]",-0.250624947156,-0.329157155,0.22802249197758,0.206899958286,-0.5099783465,0.173049268,1.22251356659096,5.77659281539769,55.5782405516991
"mu_t[10,28]",0.2486230865,0.236576785,0.0660529575931988,0.064247381289,0.161998565,0.391329776,1.22285639978463,3.96092052183648,21.5942744323791
"mu_t[11,28]",0.7649627637,0.767414825,0.127827171909368,0.150219204009,0.563498687,0.9576813435,1.19719535254533,4.81191893042589,18.114066866784
"mu_t[1,29]",-1.3520266395,-1.42165905,0.215477429884938,0.22066314165,-1.62227926,-0.998201199,1.62089975131993,1.77284363537907,31.2835180550589
"mu_t[2,29]",3.942611509,3.9876663,0.848600893917614,1.20008397243,2.759298685,5.134111155,1.88477506325088,1.52377798451809,21.0246288509397
"mu_t[3,29]",-0.1441066970856,-0.14689685,0.094811469095564,0.1069138716681,-0.2867188295,0.00835668577,1.16147549078118,7.67320039867207,61.5166569136463
"mu_t[4,29]",0.2645831736,0.25856521,0.109451476848938,0.132967989168,0.111355188,0.439632258,1.33673860986848,2.57605634035027,17.2396808196237
"mu_t[5,29]",-0.6686562626,-0.685979575,0.196374056292434,0.222288701355,-0.966581665,-0.36500781,1.95477189495032,1.47919080130183,13.3822742219163
"mu_t[6,29]",0.39745193794,0.383803665,0.194000074784848,0.202160078673,0.0918472393,0.726957485,1.36866158481499,2.38950731809201,14.219549849679
"mu_t[7,29]",0.0157295575011,0.062074124,0.138705310200794,0.1183284869046,-0.253154342,0.2072898385,1.11638599853743,6.70525192932835,13.389441469013
"mu_t[8,29]",-2.332206951,-2.3898477,0.262483182717915,0.25983980883,-2.71914013,-1.85465111,1.37002229793195,2.34331667010631,16.4026619177055
"mu_t[9,29]",-0.2543777027,-0.324574315,0.23242402767508,0.213209199651,-0.524078484,0.1692673335,1.18810446687887,5.80759931569392,14.2601043024772
"mu_t[10,29]",0.2507930347,0.24912691,0.0788656325196795,0.07354533669,0.1456953435,0.420124422,1.35128894093444,2.63132697090134,36.6722548197821
"mu_t[11,29]",0.761063173,0.76259741,0.130939579464549,0.152451250896,0.552237029,0.9636974295,1.18608063573229,5.02106472093339,22.9995118470955
"mu_t[1,30]",-1.3594010339,-1.4265766,0.218176779705636,0.21339476928,-1.64683908,-1.02055447,1.59260510106708,1.81395898466274,31.2835180550589
"mu_t[2,30]",3.941516896,3.98245385,0.848186050449034,1.21338763875,2.771536035,5.135777855,1.86342973011494,1.53686429509414,19.6828253289844
"mu_t[3,30]",-0.14854582385,-0.15219967,0.0944723161447738,0.1061718466767,-0.2827288085,0.01146080125,1.13687994767756,10.2259793199966,23.2960596379126
"mu_t[4,30]",0.26297726203,0.24499341,0.107403536909069,0.116384233434,0.10470727545,0.4401406075,1.39514838196058,2.29221828930833,23.102310231023
"mu_t[5,30]",-0.6692276549,-0.689579285,0.19665364081613,0.236000201283,-0.9517921925,-0.372270083,2.00078098151297,1.45934345761386,13.5270928345057
"mu_t[6,30]",0.39587802324,0.39171449,0.19102759456525,0.193496705724,0.0967280416,0.7418015885,1.33856847003369,2.55250770769728,14.4663966272629
"mu_t[7,30]",0.018601860403,0.057556214,0.13599745966722,0.1160248378506,-0.2542531555,0.206042435,1.11111095383161,6.99508550898847,15.1870172698082
"mu_t[8,30]",-2.326989607,-2.40759465,0.267915992889536,0.26936810838,-2.67832039,-1.83499114,1.34017838838444,2.46818886211889,18.0096737676237
"mu_t[9,30]",-0.254600501075,-0.32016281,0.235915951800317,0.225191691459,-0.541218758,0.1798040665,1.16599689892052,5.93983102189277,14.2601043024772
"mu_t[10,30]",0.25593412646,0.25448433,0.0818995252368045,0.071081537184,0.1252835305,0.403863138,1.4952587084681,2.06234859723302,29.7944789006445
"mu_t[11,30]",0.7603307257,0.75771839,0.132189215365867,0.159902887452,0.55747352,0.9585760505,1.23473227325627,3.95027996298577,25.3298043918779
"mu_t[1,31]",-1.3591925215,-1.41902575,0.219214565857151,0.2256213267,-1.63967756,-1.00400341,1.61526775600001,1.78911582919457,20.2405736756881
"mu_t[2,31]",3.94204859,3.96054045,0.851463301691619,1.22950876398,2.768613855,5.15600091,1.86749755381635,1.53518202446727,17.2396808196237
"mu_t[3,31]",-0.14947230501,-0.15722567,0.0919275011872204,0.091326499488,-0.2987067425,0.0164893163,1.08939643912678,14.6352675500924,31.6824001034527
"mu_t[4,31]",0.25613294167,0.250568075,0.10117927392473,0.117675800424,0.10452838,0.441405397,1.3065708316369,2.7105403294285,21.0246288509397
"mu_t[5,31]",-0.6639422537,-0.678437955,0.200376926826195,0.236341844214,-0.9616288155,-0.3723206905,1.99121343716487,1.46108081075921,19.2286561916273
"mu_t[6,31]",0.3925630997872,0.380056395,0.18574684522081,0.189898821,0.102524017,0.6938940725,1.31396398295384,2.69517210557175,14.333688262757
"mu_t[7,31]",0.0163833313525,0.0518930345,0.142828025022295,0.1213562348334,-0.2744041595,0.2021547255,1.08628255775648,7.49748094629113,15.1870172698082
"mu_t[8,31]",-2.318928395,-2.39305535,0.268302492379664,0.25381207614,-2.674409065,-1.848057235,1.35037798875047,2.42608008108011,15.392734629255
"mu_t[9,31]",-0.25115865737,-0.339767515,0.242108641365001,0.216328367661,-0.530726872,0.1976325695,1.23756034465979,6.09137612764398,13.8416515067627
"mu_t[10,31]",0.26126469087,0.25127604,0.0886952863491697,0.080058643119,0.140075585,0.424211434,1.5706138185076,1.89289902031065,24.3582350718816
"mu_t[11,31]",0.7591327701,0.75144741,0.128750110544312,0.142982173803,0.5543630235,0.9579464545,1.23000245902811,4.24813498371356,31.6824001034527
"mu_t[1,32]",-1.3666826959,-1.4215878,0.222402128764038,0.24617542593,-1.708385075,-1.01605863,1.6166783250489,1.79399967324172,22.5806451612903
"mu_t[2,32]",3.944402264,3.97335745,0.852063990391491,1.25483616804,2.77725807,5.14348509,1.86961388521286,1.53622336765861,17.2396808196237
"mu_t[3,32]",-0.1485851515,-0.152893335,0.0924498529467199,0.0918116707011,-0.300953528,0.0123823439,1.05479477322514,16.0936802893302,47.3220613869857
"mu_t[4,32]",0.25620886917,0.252663385,0.101533035670082,0.108861810141,0.1139788605,0.432510875,1.34839458924875,2.45826025939173,21.0246288509397
"mu_t[5,32]",-0.6609550963,-0.67212352,0.199361862253345,0.225846437271,-0.956624976,-0.348363405,2.05148185517925,1.43148065014601,18.851664332651
"mu_t[6,32]",0.39377401036,0.390667925,0.182098844570463,0.18746150073,0.1080404025,0.704502384,1.33755982226786,2.56838999009838,13.5124700795305
"mu_t[7,32]",0.0076127968661,0.0421473625,0.148623015244345,0.1350642714078,-0.2804338775,0.1981667595,1.12015689637934,7.58204579845223,13.4253931722286
"mu_t[8,32]",-2.31762928,-2.37722945,0.267827332793384,0.27698718978,-2.669407565,-1.80545867,1.37022168078225,2.35831091486387,21.0246288509397
"mu_t[9,32]",-0.24932556646,-0.32684083,0.24332529121214,0.221400683259,-0.531214931,0.221799907,1.17485668622837,6.14842054631228,16.3490284005979
"mu_t[10,32]",0.26520014339,0.26071697,0.091082737607036,0.097034116599,0.129715094,0.4141264965,1.66284746480611,1.75968673377275,24.4535382772732
"mu_t[11,32]",0.7499603145,0.748532175,0.12883828481306,0.126899425674,0.5424548145,0.9546000415,1.24970422503658,3.83161218679858,40.5548566509965
"mu_t[1,33]",-1.3667694162,-1.4041463,0.223802037066219,0.2536817556,-1.707802465,-1.027309845,1.59532615949906,1.81852135401714,19.9339332498006
"mu_t[2,33]",3.940254584,3.9578228,0.847789151666772,1.23282882429,2.752017275,5.124331635,1.86549392790468,1.54272014245854,19.1991223258365
"mu_t[3,33]",-0.156499943302,-0.16805503,0.0896047311875142,0.10088025528,-0.2909783415,-0.01461707955,1.03136416259546,19.2443283821673,48.4362026017158
"mu_t[4,33]",0.25566634085,0.243119145,0.0999572329880627,0.094365518142,0.111765183,0.4401022705,1.41732010061789,2.17705565305844,21.5942744323791
"mu_t[5,33]",-0.6592872825,-0.67385655,0.197562294961625,0.233113705104,-0.9484346475,-0.3363053935,2.04623471413271,1.43441807898747,19.3776990366515
"mu_t[6,33]",0.39416146153,0.38424394,0.176702076756707,0.159323057418,0.121611576,0.6902020665,1.36459191223636,2.43214174690359,14.2114666233555
"mu_t[7,33]",0.00596327520999999,0.034960045,0.15155474889042,0.146067256839,-0.300518659,0.1918216605,1.16178328994137,7.64695270602636,12.8702156943087
"mu_t[8,33]",-2.319938892,-2.38517425,0.269790921193233,0.27818075691,-2.669776525,-1.83461197,1.3625615586156,2.36748576383673,21.0246288509397
"mu_t[9,33]",-0.2459961373,-0.33822484,0.246912771981722,0.220045423773,-0.5453727035,0.2329125135,1.24179243908977,6.25691496640448,14.4246620507748
"mu_t[10,33]",0.26768055884,0.253734375,0.0950364027007937,0.0918966036659999,0.1091271433,0.4363042155,1.6627071703118,1.7542921762018,24.4535382772732
"mu_t[11,33]",0.7470867968,0.747569885,0.131702171089888,0.11261911143,0.535200847,0.9868661995,1.21814823105291,4.19689377557245,30.6204069389592
"mu_t[1,34]",-1.3692095643,-1.3910243,0.229768016870743,0.27767682117,-1.71778955,-1.014272975,1.60076997189349,1.81237902494178,14.3419111621046
"mu_t[2,34]",3.935810054,3.9721831,0.845190700909988,1.19599481337,2.75625181,5.11158421,1.85929363529656,1.54961344534269,21.1557059961315
"mu_t[3,34]",-0.162522088042,-0.17094509,0.0911797661722535,0.1148768873574,-0.2851361725,-0.01661205065,0.996077728090313,23.0699835478849,52.4502744151648
"mu_t[4,34]",0.24903172243,0.23283371,0.0985114426487777,0.092826779493,0.0979702755,0.438782338,1.45654304020531,2.06044643967159,13.1916176692296
"mu_t[5,34]",-0.6549222376,-0.67009444,0.198119337552351,0.24594376968,-0.950510601,-0.33117968,2.06819749034609,1.42793805627532,19.3776990366515
"mu_t[6,34]",0.39173664148,0.3748471,0.177561251610563,0.186170430411,0.1010409978,0.694139971,1.41473310599803,2.23164364594597,18.3265263378364
"mu_t[7,34]",0.00297698563280001,0.0436758335,0.152757471589968,0.1326652963629,-0.304745565,0.1933153815,1.16023610004093,8.23081350864528,14.1072148327287
"mu_t[8,34]",-2.319358068,-2.3750052,0.266260573433902,0.274828153529999,-2.68456357,-1.846306095,1.38749475182405,2.27183414210188,14.219549849679
"mu_t[9,34]",-0.24078913008,-0.332133645,0.244847378349971,0.224452281774,-0.5296077315,0.246443515,1.26647027589848,6.305409017955,24.0120746432491
"mu_t[10,34]",0.262500827133,0.25416105,0.104036981486166,0.0945691236,0.0922930782,0.4312438065,1.57130732998348,1.89008543059875,23.6358725013506
"mu_t[11,34]",0.7399931427,0.73476778,0.134818442066055,0.125813154306,0.5181345275,0.984866049,1.23853709093073,3.86484077674366,28.7450722733246
"mu_t[1,35]",-1.3690181634,-1.3910607,0.232810490864731,0.2806672995,-1.743659075,-1.0006037025,1.61489660903625,1.79053185680981,13.2545633568128
"mu_t[2,35]",3.93246601,3.9499569,0.842768329419976,1.24881970311,2.76697295,5.077385355,1.85508249252521,1.55124605011577,17.2396808196237
"mu_t[3,35]",-0.16162850243,-0.17270126,0.0922773706050796,0.1126795963209,-0.297463288,0.00477744224999999,0.991987255147433,24.5682542664215,52.4502744151648
"mu_t[4,35]",0.25083137196,0.225562915,0.0969320217843852,0.073312931727,0.131070801,0.4385965155,1.54030931842904,1.88908401261423,27.6504977089587
"mu_t[5,35]",-0.6548570634,-0.65202078,0.201270553442867,0.242797892631,-0.9486041455,-0.335002483,2.09626279709032,1.41592858837413,13.0721046622061
"mu_t[6,35]",0.39196300351,0.381528115,0.177708129791585,0.187885235223,0.107920954,0.6871401095,1.40806421648282,2.25615210168089,13.6154983272387
"mu_t[7,35]",0.00275780548800001,0.0448485665,0.159134366361175,0.1433575051125,-0.298428735,0.2049514635,1.2035911102695,7.69116155068887,14.7741663149008
"mu_t[8,35]",-2.321733994,-2.38199655,0.270967860179262,0.27716769633,-2.679863585,-1.821026685,1.38044029422547,2.30897399487286,16.7994624172026
"mu_t[9,35]",-0.245982354251,-0.324736295,0.24383310590191,0.223760923155,-0.5536135005,0.2071666765,1.14923062267629,6.0756394428265,26.6768292682926
"mu_t[10,35]",0.26716208087,0.255790035,0.104762913284184,0.101611896141,0.1104961145,0.440654664,1.69755927517649,1.70751275772823,23.0844608600611
"mu_t[11,35]",0.7410086655,0.73221732,0.131897189726856,0.106534313466,0.53434639,0.9875685555,1.22110574321492,4.02416040917084,30.6204069389592
"mu_t[1,36]",-1.3658733924,-1.3912201,0.233886243855121,0.27911160732,-1.683235425,-0.975925191,1.58141664643044,1.83556686575198,13.3252112997792
"mu_t[2,36]",3.925496532,3.94521095,0.839477862364373,1.23488229942,2.7292108,5.063114555,1.85080563006459,1.55388704322363,21.1557059961315
"mu_t[3,36]",-0.164720715077,-0.168205225,0.0918644352083826,0.115651072908,-0.287961929,-0.0175103629,0.994516888027071,27.5872678247514,50.2711539048536
"mu_t[4,36]",0.25226665154,0.23503456,0.0987982897021451,0.091222191165,0.11969353565,0.441305601,1.49457875178911,1.9870196345833,17.6910634856449
"mu_t[5,36]",-0.654247232,-0.662313515,0.202390141786259,0.222769575252,-0.9611406405,-0.3340590425,2.09050208568195,1.41509318438288,13.1963071884864
"mu_t[6,36]",0.38814308977,0.3831051,0.172747689309796,0.184645858005,0.0938675678,0.659598316,1.42336413283116,2.2144234160377,27.6504977089587
"mu_t[7,36]",-0.00356446885899997,0.0300687565,0.163009895909449,0.1462353666291,-0.318149055,0.2150161015,1.20881200874899,7.89170059219153,18.061719475694
"mu_t[8,36]",-2.316972139,-2.37893335,0.27524898265728,0.26966448012,-2.690852845,-1.810535505,1.37398780242083,2.32636620334575,13.2615944225523
"mu_t[9,36]",-0.243671196782,-0.31703789,0.241669871231106,0.21739133997,-0.550955834,0.2078686285,1.14804584965133,6.17456297726976,24.1980088495575
"mu_t[10,36]",0.27243152802,0.25941877,0.112517737215741,0.131778558492,0.123622653,0.455010032,1.66627892143177,1.74850469916578,32.9939668174962
"mu_t[11,36]",0.7402798304,0.727289405,0.129931856702239,0.109015563174,0.5304340285,0.9661787745,1.19214387592653,4.5773605304407,37.5549801362089
"mu_t[1,37]",-1.3686007716,-1.40124655,0.241244388222606,0.30277575657,-1.7174735,-0.9699044155,1.56509944801163,1.86980200758991,12.9860492727812
"mu_t[2,37]",3.924830749,3.91886535,0.842564673936772,1.24663472136,2.759603645,5.06593379,1.85085015379173,1.55471267504528,17.359388949509
"mu_t[3,37]",-0.165484738298,-0.17987981,0.089740850044277,0.108089219868,-0.292888669,-0.0171573282,0.997985821019527,27.4534575527149,52.4502744151648
"mu_t[4,37]",0.24830580149,0.234532245,0.102723201576688,0.094213307013,0.105759413,0.431049466,1.50847443280482,1.94017686319342,29.9349982894286
"mu_t[5,37]",-0.6547836533,-0.6659307,0.211551253487187,0.259488566064,-0.9811459455,-0.318387712,2.07359834966817,1.42430563799725,12.7390522145152
"mu_t[6,37]",0.39042957932,0.37697104,0.17327475959396,0.163393365219,0.09837793255,0.6519013615,1.40051182541227,2.290428481917,15.8213543079287
"mu_t[7,37]",-0.00740953883310001,0.026956103,0.165339813075312,0.1399611338979,-0.33963613,0.2085147025,1.19049261220128,8.55822526288267,13.7806126466651
"mu_t[8,37]",-2.316976562,-2.37517175,0.277945841220281,0.28895925891,-2.665083225,-1.825003215,1.3800722698776,2.30558481231329,14.2601043024772
"mu_t[9,37]",-0.249854380672,-0.32028108,0.240111391148114,0.224302806042,-0.5348195655,0.2097952465,1.16675807109117,6.46875780288504,24.1980088495575
"mu_t[10,37]",0.272907964599,0.24679881,0.11149301711117,0.112642054665,0.08728889995,0.4526831375,1.6960368831538,1.70551383303533,21.5942744323791
"mu_t[11,37]",0.7390055661,0.727239375,0.131558259931775,0.118052862669,0.5152149815,0.9588798495,1.16245624833335,5.28376369562736,42.4389398926035
"mu_t[1,38]",-1.3729169091,-1.4131527,0.24463293365512,0.29252461539,-1.729409275,-0.951501314,1.57088611377981,1.85086590751679,12.9368155368514
"mu_t[2,38]",3.924139217,3.93096945,0.84162576364894,1.23947457879,2.739862635,5.076034695,1.85297550201058,1.553358231567,17.359388949509
"mu_t[3,38]",-0.1703511262654,-0.18400126,0.0965371674838559,0.114059301657,-0.3088776385,-0.00162555796700001,1.00470612606724,26.2019604784035,50.6923710931221
"mu_t[4,38]",0.24788297775,0.23561281,0.104762640179225,0.098301042777,0.1058964825,0.4501323635,1.62350345066307,1.7844254807246,29.3378038558256
"mu_t[5,38]",-0.6481145716,-0.653067025,0.2100713702707,0.252265546428,-0.9731905975,-0.313001538,2.00639805171861,1.46151803860161,12.7390522145152
"mu_t[6,38]",0.39231890376,0.38776049,0.176469889625435,0.158291797923,0.09066466325,0.6995635565,1.37668254308734,2.37640647635452,17.2159370388588
"mu_t[7,38]",-0.00599243872499998,0.0345511055,0.167157432288476,0.154495274451,-0.3268261945,0.223231579,1.19300793136827,8.2473075549888,13.7806126466651
"mu_t[8,38]",-2.320777684,-2.3780641,0.278507406906863,0.29967022848,-2.685537005,-1.839824575,1.34792322511027,2.44787774305873,15.8715762742608
"mu_t[9,38]",-0.2505872956006,-0.3280946,0.244007355777806,0.2301232416,-0.5493193275,0.231372959,1.09801523023421,6.20454614994356,24.1980088495575
"mu_t[10,38]",0.27027733301,0.259982885,0.11096698527278,0.116064147507,0.099032137,0.4394445505,1.59432830733392,1.84060700479838,21.6798810703666
"mu_t[11,38]",0.735363627,0.718433315,0.134122007617428,0.138595316076,0.5402138105,0.951411165,1.15161588631598,5.50569475876961,40.5548566509965
"mu_t[1,39]",-1.3647030967,-1.4081979,0.251138840632931,0.29928453009,-1.736430295,-0.9407834345,1.56667846186061,1.85207221621073,13.3252112997792
"mu_t[2,39]",3.921113935,3.94757965,0.840355150247025,1.21656381273,2.72092456,5.073336435,1.8550318481818,1.55028553957913,15.9424250706021
"mu_t[3,39]",-0.170228491647,-0.170016335,0.10085678764109,0.1250715488904,-0.3324120445,-0.0163200077,1.01970739708476,24.3960497828179,52.4502744151648
"mu_t[4,39]",0.24662571693,0.23463994,0.105419850233742,0.106373725647,0.1003615165,0.442625113,1.52432271953976,2.00112600848257,16.9245647969052
"mu_t[5,39]",-0.6491879048,-0.636170795,0.214137261673464,0.25279056474,-0.974008795,-0.310284194,1.97830534496633,1.47270914693995,12.7390522145152
"mu_t[6,39]",0.39239929251,0.382336895,0.177260191038519,0.162320696706,0.0886740244,0.684034243,1.3840162638225,2.34554027710699,16.620761705765
"mu_t[7,39]",0.00104470977599997,0.0431669975,0.166968114632105,0.1426463893659,-0.324732095,0.2204658655,1.14048344426372,8.37744727610119,14.219549849679
"mu_t[8,39]",-2.313838424,-2.35003645,0.276128939155611,0.29498232141,-2.66565757,-1.86065266,1.33435615988099,2.50825298907032,21.2275594371664
"mu_t[9,39]",-0.24860203846,-0.31020354,0.246476981798683,0.238383910737,-0.5575802195,0.273495564,1.08839489520792,6.36561275622307,24.1980088495575
"mu_t[10,39]",0.27444557563,0.268975315,0.117631391404758,0.126667532208,0.09709240805,0.4583417405,1.55713804780792,1.90611192767801,21.5862834587393
"mu_t[11,39]",0.7359898726,0.72667212,0.135797240985455,0.144048741417,0.5473267635,0.9481832325,1.13421376751331,6.3500430967886,66.9637815053919
"mu_t[1,40]",-1.3748862054,-1.40869445,0.256348945658426,0.31753978389,-1.756312465,-0.991950063,1.53966182229321,1.89314093401579,12.9860492727812
"mu_t[2,40]",3.922124481,3.9547821,0.841941298569435,1.22690813532,2.69466784,5.070584155,1.8441801296456,1.55650298198571,19.1991223258365
"mu_t[3,40]",-0.170498323296,-0.166425345,0.104606074600158,0.1246249727205,-0.33377717,-0.0142349577300001,1.02250390240873,25.2420425526443,58.1996870625698
"mu_t[4,40]",0.244424334842,0.240947535,0.106752992502098,0.105299455926,0.0721402066,0.439204166,1.47686036506053,2.10329064913945,13.2663338351076
"mu_t[5,40]",-0.6519854698,-0.652630055,0.214550150498814,0.247386383958,-0.987918415,-0.2905469215,2.00839488808251,1.45237407601078,16.4566484859883
"mu_t[6,40]",0.39850351393,0.39788811,0.175891517289955,0.178557790908,0.1022515553,0.671334009,1.38253276573071,2.34844137868352,16.7320011473372
"mu_t[7,40]",-0.0022836145377,0.0245714705,0.165123286511113,0.1592755111773,-0.336328383,0.217468867,1.09288270826574,8.50379083846702,16.1483805481222
"mu_t[8,40]",-2.315060586,-2.39270905,0.274122882210559,0.27885489513,-2.6685263,-1.823916625,1.3465443349785,2.48498102254271,21.2275594371664
"mu_t[9,40]",-0.24908551887,-0.30198893,0.250904889536773,0.235758315093,-0.5702989285,0.2659374305,1.07765266716601,6.32924779364511,24.1980088495575
"mu_t[10,40]",0.27564743039,0.25933926,0.124443289148979,0.120958135977,0.09559075555,0.4634894555,1.60299618892797,1.82315365212134,21.6798810703666
"mu_t[11,40]",0.735948784,0.7350762,0.146035110773767,0.162690019779,0.525406348,0.96518392,1.13409753838707,6.46051078324615,58.1996870625698
"alpha_s[1,1]",-0.031950735553,-0.045366981,0.23416648633835,0.2322198440814,-0.364726776,0.329057792,1.01773704430787,26.2508532855404,44.2325367647059
"alpha_s[2,1]",0.67248705585,0.57237522,1.3054268253784,1.352360439612,-1.45984744,3.217801085,1.10699438374219,13.9580468972742,57.921092890623
"alpha_s[3,1]",-0.0041927399325,0.0246838515,0.145193414288458,0.1664718039831,-0.250709892,0.2010824495,1.14494883683848,6.67833712292223,25.9952465834819
"alpha_s[4,1]",-0.0639683546729,-0.0414375705,0.259859757527446,0.252896622531,-0.4540623295,0.3624071515,1.0828392079187,18.7195463884381,21.0246288509397
"alpha_s[5,1]",0.08120077005,0.15063303,0.607685514042933,0.808128573063,-0.7744371315,0.9648595875,1.00588416839182,9.82048787437299,51.5338182396663
"alpha_s[6,1]",0.078952658848,0.053767244,0.273831979814625,0.238912961721,-0.2791882985,0.603564684,1.05409385006151,25.4494583803812,52.4502744151649
"alpha_s[7,1]",-0.0737958730899999,-0.14400953,1.1785366495099,1.289788900407,-2.05204126,1.69870229,1.06689823539931,9.2476159831303,18.061719475694
"alpha_s[8,1]",0.028823773067,-0.053366021,0.357276313847917,0.4161017360976,-0.4921189155,0.6576736545,1.01249050930276,11.4579670573372,51.556342412722
"alpha_s[9,1]",0.011762847649,-0.023292481,0.269680490546334,0.31954129389,-0.385686005,0.474965488,1.22368071151293,20.6614871255157,31.6824001034527
"alpha_s[10,1]",-0.2381875692,-0.100106566,0.970677578479871,0.9629301022656,-1.755079635,1.28007555,1.06538378422433,11.851145838023,31.7007288654679
"alpha_s[11,1]",0.063366806092,0.232847375,0.515930040044341,0.491408526126,-0.871529297,0.6780739905,1.04608902756019,9.84506417545263,30.6204069389592
"alpha_t[1,1]",0.0079515389452,0.0068110642,0.0215446013285904,0.02378598650106,-0.024596228,0.0381674142,1.03230666754334,21.1809454615991,48.4074922943175
"alpha_t[2,1]",0.0123946618981,0.0140045075,0.0287697870798672,0.03224397079491,-0.0332534128,0.05567786525,1.00355088272086,13.8666799941516,65.7762636916378
"alpha_t[3,1]",0.01297508330485,0.0144857655,0.0318843779532288,0.03189259489143,-0.04082521065,0.05616075275,1.03039645335894,8.7116646257373,51.5338182396663
"alpha_t[4,1]",0.00989917280783,0.00865630985,0.035104424157984,0.0395515462965,-0.0488282643,0.0637624771,1.03302607043187,8.9889248857001,44.5810103703794
"alpha_t[5,1]",0.00891781428770001,0.00560796445,0.0393564911641997,0.0440064182985,-0.0490017441,0.06980474545,1.0846003971883,9.14218780640102,56.8419098881722
"alpha_t[6,1]",0.0082708895274,0.00856034455,0.0429392099868331,0.04171746470157,-0.06028949715,0.0734961125,1.11177032679017,8.41910861448998,40.5548566509965
"alpha_t[7,1]",0.00880383233217,0.003766892,0.0443251208079666,0.0463983369087,-0.05665789425,0.08058276735,1.04516707657646,7.8927310259201,21.5490703115379
"alpha_t[8,1]",0.0082064078666,0.0091929964,0.045742918926345,0.04520975042514,-0.06368320715,0.0867711223,1.06701445368631,7.47463080963515,73.5691550057054
"alpha_t[9,1]",0.0071988573673,0.0038899025,0.0439000445109535,0.0522050702775,-0.0605279872,0.0793170277,1.05294814604873,8.27362676446072,50.6563344308438
"alpha_t[10,1]",0.00556072561526,0.0011937404,0.0438940938055683,0.0489150007416,-0.061352245,0.0767543826,1.12156534818975,8.95856330431721,20.2405736756882
"alpha_t[11,1]",0.0036206249496,-0.00806837975,0.0442564710304994,0.0411710859042,-0.0577905271,0.08398108755,1.04609402395923,9.15857297659687,52.4502744151648
"alpha_t[12,1]",0.002979854417,-0.0043709522,0.0421133531912594,0.04615467782562,-0.0554136809,0.07124444775,1.07362132610287,8.20187182427782,40.5548566509965
"alpha_t[13,1]",0.00321988375169999,0.000288344775,0.0442379384563373,0.049478343114585,-0.06199667825,0.07461684765,1.05958265729412,9.52384259878081,52.4502744151648
"alpha_t[14,1]",0.0060202947234,0.000509709695,0.0413015458551079,0.0446235357225,-0.0562407308,0.0744743551,1.01371830594047,9.33874707356403,32.7483299953493
"alpha_t[15,1]",0.00921680242322,0.0121894305,0.040061956321704,0.0432614814807,-0.0619163532,0.0673373513,1.01701536709077,9.67010308860297,31.2739011409251
"alpha_t[16,1]",0.012785941276,0.013246369,0.0435432748841895,0.0501357113124,-0.05712876645,0.08073774765,1.081520944593,10.1110860399252,31.2390012792763
"alpha_t[17,1]",0.0135376579005,0.0171596425,0.0454396737235677,0.0473633041686,-0.05379530975,0.0835118702,1.0590293764538,10.931107083653,30.8992306722159
"alpha_t[18,1]",0.0155677195199,0.0185699215,0.0398075271295439,0.0413848983219,-0.05542869455,0.0728440975,1.09174198282259,10.0187594888184,22.2747522502046
"alpha_t[19,1]",0.0163387645005,0.015278022,0.0404593456874159,0.03634180395447,-0.0459093845,0.08552168465,1.0795326354596,10.9200757708244,53.8632643484494
"alpha_t[20,1]",0.0114320825897,0.011363162,0.0393380881520937,0.0355248076617,-0.05172123625,0.08344008475,1.0519451738739,10.5644756003656,33.9768826539676
"alpha_t[21,1]",0.0081520067454,0.0072097048,0.039973342930455,0.0389962703424,-0.0607847015,0.07011567675,1.05955853410999,11.8296103291211,30.6204069389591
"alpha_t[22,1]",0.0022332265275,0.00030640246,0.0380482142060136,0.0295001610036,-0.0623203436,0.06739860065,1.05758586293267,16.1339258215323,32.9939668174962
"alpha_t[23,1]",0.000536116655900002,0.00321505865,0.038909014913345,0.02976792353031,-0.0744014901,0.0595930937,1.02818383985595,16.7390780976305,21.5199212985735
"alpha_t[24,1]",-0.0015135861307,0.00506986855,0.040080571209473,0.03327052852053,-0.0737481842,0.0448048726,1.01611872409078,18.6964085211837,17.2873654055122
"alpha_t[25,1]",-0.0007448068548,0.004499333,0.0378674893967947,0.0262970103753,-0.0732788967,0.0528700211,1.01044911675737,19.0715938310036,15.7218578744048
"alpha_t[26,1]",0.000685475806129999,0.00428545995,0.0380453667306744,0.03552303810447,-0.0670196895,0.0602806446,1.00790876173977,18.4435164114227,15.4307380301561
"alpha_t[27,1]",0.0007865776133,0.00612947795,0.0386556090522341,0.02614652358423,-0.0698096745,0.05773524815,1.06089598104414,16.0874200026285,37.0944572910097
"alpha_t[28,1]",0.00194240091467,0.0039620993,0.0405935431151482,0.0349502178774,-0.07452920785,0.07061542775,1.02754615975798,16.6534974680158,34.1687749609557
"alpha_t[29,1]",-0.0027287265591,-0.000813351675,0.0409192740487975,0.044208576257055,-0.0718788443,0.063507659,1.01466582277789,15.6596627786867,38.5812209859978
"alpha_t[30,1]",-0.0038208857444,0.0028837652,0.0435249996880452,0.0475225939713,-0.07898572495,0.0656348769,0.990569816514143,17.3786671677771,15.7913733983035
"alpha_t[31,1]",-0.0078589055406,0.000151456255,0.0482496886992373,0.047205518826837,-0.08433461025,0.06083957805,0.997635548289444,21.6177868630795,41.7883643826965
"alpha_t[32,1]",-0.0116067189649,-0.00568288735,0.0470693511781646,0.0434611765812,-0.0868856234,0.0499753933,0.995558744374677,20.2197204796652,36.4947778428871
"alpha_t[33,1]",-0.012800455218,-0.0099113981,0.0463144066526626,0.04487942818296,-0.09220658955,0.05472275135,1.0334414573608,26.7823931269429,52.4502744151648
"alpha_t[34,1]",-0.0153577589815,-0.0144924325,0.044795031235265,0.0442019406213,-0.08931346985,0.05745112045,0.992712052235637,20.1247628695255,53.4749229759079
"alpha_t[35,1]",-0.018569386804517,-0.0190657725,0.0483726063024254,0.0453146200605,-0.096757943,0.0567796582,1.0057977379012,19.4607416777087,52.4502744151648
"alpha_t[36,1]",-0.02262043868806,-0.027204805,0.050572761660819,0.04805421437523,-0.0944883271,0.0676350163,1.00222766329374,20.0071546283009,52.7752162101538
"alpha_t[37,1]",-0.021268385403,-0.016895837,0.0506648012074704,0.0554297608599,-0.09797844685,0.05741918115,1.01436434270537,25.162634976644,78.3393298097876
"alpha_t[38,1]",-0.0228478256882,-0.020126659,0.0569248631903895,0.0574144744845,-0.117707905,0.06546010985,1.00339593151733,32.7007739299012,94.4970958875694
"alpha_t[39,1]",-0.0212658784115,-0.0126669435,0.0558289870159402,0.0641436496974,-0.122532256,0.0601155265,1.00759598717796,33.448255790318,59.8640966872305
"alpha_t[40,1]",-0.041823655078,-0.0405914835,0.0418941013240574,0.05066869007445,-0.1069894145,0.02480558525,1.16995802334153,6.46451064972628,12.7390522145153
"alpha_t[41,1]",0.0194841747709,0.025106112,0.044697147314779,0.037487363243673,-0.0701350032,0.0756825597,1.1094474977484,7.13613150243002,12.7390522145152
"alpha_t[42,1]",0.093985409057,0.079200495,0.0897644050352773,0.0870726858372,-0.01343899385,0.24790543,1.20603537222981,3.95125407519007,21.0246288509397
"alpha_t[43,1]",0.067245315568,0.068663961,0.055753463713681,0.0555080562246,-0.0176695446,0.1557416815,1.0467652717948,13.1324710231406,21.0246288509397
"alpha_t[44,1]",0.14182102507,0.14851105,0.0884348516580314,0.0952532426832,-0.043616524,0.258603961,1.06757450511247,11.5273853688323,21.0246288509397
"alpha_t[45,1]",0.2207703839,0.190940765,0.115011449711278,0.085166763507,0.0571475733,0.44427459,1.2021462743509,7.54754007465062,21.5942744323791
"alpha_t[46,1]",0.25393254141,0.26708565,0.0925564525599145,0.0940536235800001,0.0986592103,0.401732661,1.01770900136762,9.02522132745301,24.3582350718816
"alpha_t[47,1]",0.28943453713,0.30780557,0.114936663478023,0.095671340331,0.08079145125,0.4580083755,1.42378004345955,7.5849445516281,21.0246288509397
"alpha_t[48,1]",0.31143562076,0.32980338,0.11127225579969,0.120967765464,0.1252305665,0.470784488,1.37255911333142,2.40331019506208,32.4795842613215
"alpha_t[49,1]",0.3275564751,0.34072497,0.113324892485464,0.1400434308,0.1498821295,0.4824435995,1.4183266749016,3.08517066133161,16.2745280386868
"alpha_t[50,1]",0.32200522487,0.34519988,0.122841540650227,0.126433844796,0.1173640695,0.499755095,1.56214188881275,1.95548239152531,37.3293515358362
"alpha_t[51,1]",0.3407149648,0.354038855,0.103204364536802,0.125342199003,0.170316447,0.486090324,1.46624923716012,2.06483426240192,34.1663412729402
"alpha_t[52,1]",0.32327224824,0.33777103,0.11034472411398,0.11697069069,0.144950004,0.4806196315,1.48709802260567,2.30254269385034,21.5942744323791
"alpha_t[53,1]",0.31103860553,0.32748063,0.112040063666073,0.131939724525,0.1196085975,0.4782288255,1.75719877371352,1.7547984103575,21.0246288509397
"alpha_t[54,1]",0.3078144167,0.326841895,0.10485171507644,0.132305244729,0.1478440525,0.4611919105,1.97543696912006,1.52443603578369,31.6824001034527
"alpha_t[55,1]",0.308089418,0.315037845,0.106435068284472,0.140423636157,0.145650639,0.4561776205,1.5904587747263,2.06226416873653,73.5691550057054
"alpha_t[56,1]",0.31025787236184,0.32680719,0.118473958831476,0.128732690226,0.0782674665,0.4646704045,1.60998063044094,1.96759817030464,21.0246288509397
"alpha_t[57,1]",0.31787792316,0.33943821,0.0982717264344705,0.095210185014,0.1510258585,0.4672113345,1.46908231631223,2.24341358623209,30.6204069389592
"alpha_t[58,1]",0.3293580419,0.327759945,0.0779443656475395,0.087529827756,0.2036288655,0.452239634,1.42221551242854,2.34528904195055,40.3823965716169
"alpha_t[59,1]",0.3618890596,0.36982692,0.0715088322826668,0.072526590339,0.2517846025,0.4761264805,1.06460782640666,17.3396746032291,17.121612366696
"alpha_t[60,1]",0.3473201139,0.35758047,0.0800618035995901,0.093227481795,0.2194048405,0.477899939,1.3860275559539,2.53104395843196,32.5460293844149
"alpha_t[61,1]",0.3569830728,0.368130145,0.0896743330942294,0.09381114435,0.198324615,0.46873369,1.4648700709408,2.29658601155861,33.4397947206071
"alpha_t[62,1]",0.3824078592,0.403367945,0.0952482952311951,0.08469100458,0.212460123,0.5033264805,1.4937289679289,2.23975155275799,22.2747522502046
"alpha_t[63,1]",0.4242955996,0.437771665,0.0855351940138836,0.081069731841,0.265930979,0.549559895,1.17455962536561,5.6533333155186,31.8819457096009
"alpha_t[64,1]",0.4464825992,0.44598764,0.0970252799869021,0.110000076291,0.2886920215,0.612103786,1.10071898748926,8.30566467297509,22.6625226625226
"alpha_t[65,1]",0.4497026323,0.458933045,0.109314442382746,0.118588096095,0.2468477455,0.6194826025,1.05876691780935,7.70975660565554,14.2845482001469
"alpha_t[66,1]",0.4635621294,0.469725025,0.134000448925216,0.15517721856,0.2526923355,0.667686822,1.29263803861213,7.25688474163119,14.020189072264
"alpha_t[67,1]",0.4562447267,0.422755235,0.160714987490048,0.169305507,0.2216537305,0.7129466465,1.29474124707249,7.10020373534806,25.9952465834819
"alpha_t[68,1]",0.4367706426,0.429488335,0.174585876957794,0.158815252092,0.2088312635,0.758865924,1.21062764882061,7.76235210381058,20.3891413258767
"alpha_t[69,1]",0.41070954897,0.404025185,0.159118006215436,0.172694812143,0.152099206,0.6700490765,1.17816235113766,7.29489389589314,13.0041082366429
"alpha_t[70,1]",0.3742247571,0.382446885,0.149469485730108,0.155515036383,0.1200561185,0.5983664635,1.086119134353,9.22149521254901,22.2747522502046
"alpha_t[71,1]",0.31763074315,0.33113942,0.118149976023179,0.106668155181,0.10364275295,0.467731314,1.03455795151205,11.9860941787137,51.776956503514
"alpha_t[72,1]",0.251912368622,0.266670345,0.124060646779333,0.121746493701,0.02378789314,0.433183417,1.50711927567429,2.07171805795918,21.5942744323791
"alpha_t[73,1]",0.225422162681,0.24010122,0.149028511105864,0.14304806796,-0.0265821423,0.4232263725,1.69467445175487,1.79199911395156,21.0246288509397
"alpha_t[74,1]",0.218918070524,0.22731329,0.15091872529429,0.156408643881,-0.0526452037,0.419749915,1.71351133034895,1.79207698637591,30.6204069389592
"alpha_t[75,1]",0.1899875897343,0.22543585,0.152451407219588,0.1843521378951,-0.0925699731,0.3949446615,1.96131469753184,1.53176060381207,42.4389398926035
"alpha_t[76,1]",0.1668077458,0.22513101,0.18357061070972,0.144658794252,-0.184703362,0.368651462,1.65475330877973,1.810732798443,16.0963944076527
"alpha_t[77,1]",0.147382369601,0.20528355,0.215588615226833,0.178585382094,-0.309906383,0.410388154,1.39702124268066,2.60535607988377,14.8443464246331
"alpha_t[78,1]",0.1217823267415,0.174013255,0.235664255621245,0.2110768598379,-0.388893501,0.4713428075,1.55402522927713,2.05379086139764,13.4615384615384
"alpha_t[79,1]",-0.0032682154521,-0.0031647672,0.0130113621617288,0.01053712159899,-0.02317790075,0.02318817165,1.14538986794111,29.2983199498241,21.0246288509397
"alpha_t[80,1]",-0.0034218976993,-0.0035969582,0.0169471390532801,0.01559276232066,-0.0314215713,0.0236503366,1.04903250630108,22.810449097749,30.6204069389592
"alpha_t[81,1]",-0.0032601233819,-0.00069138109,0.0196785505072425,0.019916656709166,-0.03684788725,0.02445719455,1.13462435738345,7.58123064916279,21.5942744323791
"alpha_t[82,1]",-0.0030969219657,-0.0022208863,0.0198084854181724,0.02148136738188,-0.03519243245,0.0223974283,1.12875920154341,10.1700936375802,31.7839996054474
"alpha_t[83,1]",-0.0022276552264,-0.00257077715,0.0181752834829307,0.01773106478031,-0.03128986925,0.0259032908,1.11592655531579,6.88169757113475,52.4502744151648
"alpha_t[84,1]",-0.0027161964871,-0.0053615601,0.0190006749064896,0.01974088386375,-0.0309369071,0.0308227983,1.1256875801888,7.17834079857758,58.3572693882045
"alpha_t[85,1]",-0.00418795513,-0.0048339957,0.0199488383900805,0.0226288474461,-0.03495741755,0.024174408,1.07282102064109,19.6808501934101,48.2658799548031
"alpha_t[86,1]",-0.0021759900768,-0.00227823285,0.0212848999399486,0.02317140291459,-0.03521449735,0.0309451559,1.02146686000876,29.9076762767868,55.4729091232305
"alpha_t[87,1]",-0.001055268794,-0.000444638695,0.0230796393978643,0.020716483671093,-0.0355095367,0.0337247793,1.04970408372869,28.0723478840084,55.4729091232305
"alpha_t[88,1]",0.0018455736114,0.001203036505,0.0230115438532874,0.0241132665963,-0.02807106685,0.0379582073,1.03590300748669,26.1242229150748,54.8564568994389
"alpha_t[89,1]",0.0045929913403,0.00422737885,0.0245645150745913,0.0243770522709,-0.0321108315,0.0484992297,1.14336121215598,5.91026683999778,31.7839996054474
"alpha_t[90,1]",0.0063763337424,0.00442824165,0.0259634429691929,0.0286594037478,-0.031135036,0.0510646225,1.26919580473795,3.35286042649165,23.6358725013506
"alpha_t[91,1]",0.0078492652427,0.00500742255,0.0304003600202085,0.03043416705357,-0.04126383075,0.05693874575,1.37931225541098,2.47550708939151,24.3582350718816
"alpha_t[92,1]",0.00951879206513001,0.0053731783,0.0332371727812485,0.03262386176658,-0.04292629455,0.06128554925,1.51240873202334,2.02699913555522,26.9877288449252
"alpha_t[93,1]",0.0105228599156,0.010877651,0.036459029508401,0.0367831629291,-0.0481357888,0.0683873901,1.61656992661351,1.87379732177982,36.3911829362485
"alpha_t[94,1]",0.0121752929759,0.0104683678,0.0398661765086426,0.04533534502938,-0.04679525375,0.0759689254,1.67698058890713,1.82185262947769,40.5548566509965
"alpha_t[95,1]",0.014432856716,0.01021625195,0.0431264171780704,0.05121474840783,-0.0585865507,0.07989427105,1.68676720912142,1.82786585609172,31.6824001034527
"alpha_t[96,1]",0.017505808006,0.016968279,0.0468362699119565,0.052456826877,-0.06209796195,0.09145465415,1.75410570576271,1.70862882241205,25.929767372944
"alpha_t[97,1]",0.0180881803827,0.01047242875,0.048840205167928,0.05988064948635,-0.05968770215,0.0923107442,1.787475325171,1.64001509151492,30.6204069389591
"alpha_t[98,1]",0.020551186455,0.0122478275,0.0491705840337548,0.0612308054925,-0.06035920145,0.09109985585,1.78856638542516,1.62520010656251,40.5548566509965
"alpha_t[99,1]",0.02140170662,0.014057493,0.0495395302927548,0.0638074827495,-0.0547003632,0.0913049789,1.82617446481149,1.60482609571333,40.5548566509965
"alpha_t[100,1]",0.0230522851832,0.0188091435,0.0504500948997118,0.0644347055751,-0.0539359121,0.0982354931,1.78117027381962,1.6356394628717,42.4389398926035
"alpha_t[101,1]",0.023066414348,0.0151591205,0.051521182148645,0.0625233673071,-0.05917994795,0.09592542625,1.79490649567121,1.65151392913512,40.5548566509965
"alpha_t[102,1]",0.022665367038,0.018764883,0.0515818021365715,0.064101241407,-0.0601785779,0.0951462844,1.78302244591498,1.657090096471,40.5548566509965
"alpha_t[103,1]",0.020644478211,0.0226310935,0.053184096680087,0.0621214477905,-0.0669552004,0.0969720167,1.79412885148689,1.62478418589745,36.6043148269886
"alpha_t[104,1]",0.019445656226,0.020988729,0.0538697130766358,0.0626854266066,-0.06510683645,0.09911429055,1.7827387653138,1.62836229127156,45.7499253062444
"alpha_t[105,1]",0.0190370063833,0.028511113,0.0534113351511127,0.05323616008893,-0.0675087001,0.1003989925,1.72293703949538,1.70800102512118,48.4074922943175
"alpha_t[106,1]",0.0160026824568,0.0212689085,0.0522605028841686,0.0559938642144,-0.0660954045,0.0954128812,1.73889378179643,1.67899612599992,25.3298043918779
"alpha_t[107,1]",0.0158610687809,0.0197356225,0.0514664258901799,0.0578381948928,-0.06577511835,0.0921659208,1.66829464593779,1.76376059919765,48.4074922943175
"alpha_t[108,1]",0.0159850935673,0.017632878,0.0515300221949803,0.0597181190907,-0.06845753845,0.09187834585,1.68468203170652,1.71830228858485,32.546029384415
"alpha_t[109,1]",0.0140386665986,0.0157694695,0.0527269634440743,0.0573733189911,-0.07007458335,0.0897654011,1.71041592596356,1.69488920321612,30.1538461538461
"alpha_t[110,1]",0.013435916796,0.019064699,0.0539834680354028,0.0660105440652,-0.0701431315,0.0917497612,1.76842232632657,1.63423985658948,21.5942744323791
"alpha_t[111,1]",0.009926878377,0.0146655725,0.0556477423319516,0.0581014016121,-0.08033924335,0.09211986995,1.73498585948481,1.66114226447925,16.1379564736259
"alpha_t[112,1]",0.011370397941,0.014787101,0.0536711479010085,0.0620322997938,-0.0847172636,0.0905179242,1.78346508155554,1.61798052307,30.1538461538461
"alpha_t[113,1]",0.0100678856467,0.014034106,0.0546301061068676,0.0643911727326,-0.0871914641,0.09230566955,1.68882794413354,1.70812120478039,29.535152859485
"alpha_t[114,1]",0.0117187987639,0.014968425,0.055921814236606,0.0539868322707,-0.0928345464,0.0947077683,1.65988705128709,1.74528092961413,29.535152859485
"alpha_t[115,1]",0.0128221131143,0.01193422,0.0565856910099,0.0562516357221,-0.0674313433,0.09573016775,1.68348220874993,1.72088706306754,29.535152859485
"alpha_t[116,1]",0.014154493518,0.0167307135,0.057839440163863,0.059641573194,-0.0817506187,0.09845861405,1.68784099178434,1.71564872471097,21.0246288509397
"alpha_t[117,1]",0.012889629757,0.013270233,0.0579525219713692,0.0630069447252,-0.0852617719,0.105596758,1.60014537539571,1.8311135623246,29.535152859485
"alpha_t[118,1]",0.0020213706458,-0.00111627682,0.0187419267332961,0.0203631714846,-0.02628975395,0.03445473565,1.01024070752827,35.3310041331291,52.4502744151648
"alpha_t[119,1]",0.008128823764,0.0075135492,0.0234471142347879,0.02116172934834,-0.03224613975,0.04348981075,1.02168763034853,17.9338428188915,32.641273015153
"alpha_t[120,1]",0.0062511301264,0.00608981685,0.0289175712620329,0.02707441813461,-0.04249427865,0.05561358595,1.07411913539605,12.5352311592953,43.2837770829807
"alpha_t[121,1]",0.00269162413586,0.0070835284,0.0328898315906366,0.02924140297386,-0.04761002,0.0552162529,1.17964542240757,17.1685428989998,14.7133008239448
"alpha_t[122,1]",0.0027488414968,0.0014874057,0.0306683356685453,0.0286374286506,-0.04818853685,0.0500997738,1.09760935876817,16.0572900539173,25.9952465834819
"alpha_t[123,1]",0.0022333349519,0.00018046646,0.0285498337383544,0.025671164825796,-0.0438023706,0.04525609265,1.06911382302208,13.9369260897633,21.45659637077
"alpha_t[124,1]",0.004094619133,0.00240797835,0.0291390870452081,0.02692422334161,-0.0434748598,0.0567007209,1.07608048268439,10.7793482153837,21.1838760440625
"alpha_t[125,1]",0.006267030715,0.00479932435,0.0298459230077336,0.03133643471469,-0.0449717027,0.05338487005,1.13797467958197,8.1443921080917,28.1803542673107
"alpha_t[126,1]",0.00481976963736,0.0035180652,0.0344758458765586,0.0371827547637,-0.0483563682,0.06161322295,1.05283197736518,14.9942094378694,40.5548566509965
"alpha_t[127,1]",0.0076139070051,0.0044768118,0.0357431143167421,0.02989677236742,-0.0434585329,0.0603808775,1.07726127223905,13.7972722849039,23.0844608600611
"alpha_t[128,1]",0.0130390211953,0.00934811975,0.036786320346545,0.0307505220918,-0.04346998895,0.0815793205,1.1241414510127,9.61404399372447,22.2747522502046
"alpha_t[129,1]",0.017612588403,0.0110705555,0.042385427073792,0.04531596552,-0.0345603232,0.0879716896499999,1.0890408505341,10.2655110587596,21.0246288509397
"alpha_t[130,1]",0.018382253373,0.012844609,0.0436996320305915,0.038568601029,-0.03950342855,0.0810369228999999,1.22882791869021,3.96584166272293,21.0246288509397
"alpha_t[131,1]",0.020711463197,0.0102094569,0.0512895601902493,0.04221414155784,-0.0435525497,0.126370915,1.4233330852985,2.27896621992395,24.169839985794
"alpha_t[132,1]",0.025420937004,0.0132373975,0.0592894969482611,0.0507743368146,-0.0508484223,0.132291956,1.46882424748584,2.10445891825962,30.2499012248123
"alpha_t[133,1]",0.03069946248109,0.0123530755,0.0669454674150776,0.0535916118822,-0.0480984816,0.170284587,1.61022765064517,1.80237507207716,35.7288689260923
"alpha_t[134,1]",0.0352284611142,0.0243336655,0.0721865451867205,0.0612096057951,-0.0581190857,0.184215952,1.73384440129525,1.65801673735693,20.6758034026465
"alpha_t[135,1]",0.0376838464213,0.026543988,0.0739112613583957,0.0746933872587,-0.05663453485,0.1885579075,1.69055374085651,1.70415627850406,16.7544279559598
"alpha_t[136,1]",0.0404147146428,0.033133091,0.0762510740521793,0.0788352290271,-0.0603473922,0.182134667,1.65884134079717,1.73900613569884,20.4391497313711
"alpha_t[137,1]",0.042091166875,0.02905456,0.0749570856212749,0.0876474016425,-0.06854070205,0.17236927,1.62760715743672,1.76313305205851,14.6787451769837
"alpha_t[138,1]",0.0446419390462,0.0366882265,0.0779776674472637,0.0915167281875,-0.0628878074,0.179359657,1.59583658586507,1.79477849151994,17.407738983388
"alpha_t[139,1]",0.04944353801,0.053573753,0.0764925944721424,0.08453380264875,-0.0725551886,0.177776444,1.5769884581399,1.82089314908763,16.7432070417145
"alpha_t[140,1]",0.051204835548,0.061715064,0.0789296091013197,0.0910984251996,-0.07619283915,0.179257812,1.51386829356677,1.93353144036482,15.5169356268842
"alpha_t[141,1]",0.05063975483432,0.056306996,0.0782206843422937,0.09560724352998,-0.08507018,0.164455441,1.39606984155341,2.25091084497856,23.2960596379126
"alpha_t[142,1]",0.0483552771579,0.0572633905,0.0789031271746434,0.09193869260436,-0.09418548375,0.165686879,1.35468449242797,2.43241978051312,13.0811780535207
"alpha_t[143,1]",0.0493573342038,0.051252301,0.0812059850568845,0.0883564795554,-0.116836261,0.162171929,1.33049600919501,2.56298800701961,17.0283156563199
"alpha_t[144,1]",0.050548094847,0.064337899,0.0784936466757454,0.0796852984935,-0.09208916215,0.15808045,1.36653386454353,2.36943166198582,13.505170551011
"alpha_t[145,1]",0.0482707934604,0.056002545,0.0748372567060598,0.07870347748158,-0.0844244193,0.150038349,1.45698242305241,2.07849773791434,13.439827970202
"alpha_t[146,1]",0.047573889978,0.0533801915,0.0680697246674168,0.0667178309973,-0.0835278169,0.1376881985,1.53425053366424,1.92041433004335,13.2545633568128
"alpha_t[147,1]",0.0454233344246,0.051322151,0.0638414270623925,0.06490871925951,-0.0711797804,0.1322607845,1.68154875592458,1.72631350063923,14.219549849679
"alpha_t[148,1]",0.0435090065341,0.0480254105,0.0650682580003678,0.06779813141619,-0.06465492775,0.140277118,1.64679936589013,1.76513053955582,13.4809450967877
"alpha_t[149,1]",0.0441764160422,0.05128599,0.069270909167228,0.07929153134952,-0.07491587665,0.133849541,1.67368906842808,1.7158086613482,13.750294649171
"alpha_t[150,1]",0.0424285325466,0.044384993,0.0686081690668439,0.0827052687027,-0.06893040145,0.1351188535,1.74098492359587,1.63587256669848,13.712584234446
"alpha_t[151,1]",0.0437762124115,0.052752021,0.0704753868631965,0.08089492106955,-0.0932850957,0.147640548,1.79184496698236,1.61172215546958,13.788213047589
"alpha_t[152,1]",0.0418610803096,0.061494387,0.071889846563669,0.07689307032204,-0.0876648155,0.1366318555,1.78786668218054,1.62029932336968,17.1333463873115
"alpha_t[153,1]",0.040888025384,0.0528441035,0.0778628903858846,0.07428057470925,-0.1076585685,0.1377797895,1.75513167244276,1.6470549327628,14.4246620507748
"alpha_t[154,1]",0.041479451195,0.0669156885,0.0816528134305086,0.0804622535409,-0.108830987,0.1466615095,1.62869875495878,1.78702278434483,16.5219033232628
"alpha_t[155,1]",0.0424768973285,0.06873673,0.0855767977408965,0.0788873698452,-0.1211680845,0.1425658735,1.62132874557294,1.79313677593655,15.0137268359643
"alpha_t[156,1]",0.0460372365502,0.0707693995,0.0866517371989221,0.0858336829476,-0.121380597,0.1460126895,1.59608025692291,1.85678705819717,13.8646807162098
"alpha_t[157,1]",-0.01899792755939,-0.0153445295,0.0449819505214518,0.03151627713402,-0.113292444,0.0435000651,1.16052418243833,18.0555385809172,21.0246288509397
"alpha_t[158,1]",-0.0272214288175,-0.0191838925,0.0512818207366437,0.04289903359455,-0.1193785145,0.0418095232,1.10476757036155,16.2363296130867,21.0246288509397
"alpha_t[159,1]",-0.0343354748633,-0.0286731015,0.0541820790369914,0.05411405855037,-0.145542091,0.04624533735,1.09822763874172,13.0568754118716,31.6824001034527
"alpha_t[160,1]",-0.0458321886511,-0.0377560245,0.0578803858262913,0.05847330544692,-0.1548833595,0.0267895671,1.25304257080332,3.42103042368302,24.7734994337486
"alpha_t[161,1]",-0.060274411354,-0.0480479485,0.0702655505060322,0.06507753439656,-0.183737649,0.0498493384,1.4386280017246,2.22022190748753,24.7734994337487
"alpha_t[162,1]",-0.070145181613,-0.0488748185,0.0797567777814129,0.07796144974737,-0.202104151,0.04281486925,1.42308490554496,2.2945800206838,15.6138472519629
"alpha_t[163,1]",-0.084590560086,-0.055693572,0.0947696427808238,0.09375118674579,-0.2502334035,0.04599243495,1.53816225973593,1.96430850212086,13.0721046622061
"alpha_t[164,1]",-0.0953053555503,-0.0607873625,0.10982187777441,0.1006498377423,-0.324480385,0.03891710255,1.55587253711341,1.89766953088895,16.576678980771
"alpha_t[165,1]",-0.09982250439,-0.060927429,0.121302825645863,0.09377372597229,-0.339564664,0.03531605255,1.55026448610329,1.90545079303456,19.8547764919446
"alpha_t[166,1]",-0.1078911061056,-0.0618917375,0.132781330978485,0.09530166936591,-0.339588493,0.0386295571,1.6460772504521,1.78750241144993,31.6824001034527
"alpha_t[167,1]",-0.107023924244,-0.0631216845,0.135246560876371,0.11106596843244,-0.3520066255,0.0473207167,1.56624830216496,1.91990751310199,36.6043148269886
"alpha_t[168,1]",-0.0944815412945,-0.056261754,0.119238923790695,0.08993720877225,-0.300192926,0.0718744774,1.51859147071798,1.99983468746739,32.3774283071229
"alpha_t[169,1]",-0.0733668562309,-0.056352066,0.0949463710420392,0.1007802516861,-0.2364147765,0.0610150165,1.48934541367435,2.09392035455572,30.6204069389592
"alpha_t[170,1]",-0.053159937393,-0.052766669,0.0725179858203041,0.06864698841231,-0.174969228,0.0561003052,1.34999302401581,2.71699509211393,48.4074922943175
"alpha_t[171,1]",-0.0296463802851,-0.031785927,0.0543881070752091,0.0606161632692,-0.1143734095,0.0579639941,1.17500680764884,5.34085713657235,56.8419098881722
"alpha_t[172,1]",-0.0032887336967,-0.00112762986,0.0531177252144108,0.0505405285707,-0.0936935772,0.08488952495,1.00586685821721,26.2475172800257,22.519624243984
"alpha_t[173,1]",0.005363779213,0.010789928,0.052164774238182,0.0488110830837,-0.07789402215,0.093704063,1.00880698460698,12.9783892260334,49.5069511800841
"alpha_t[174,1]",0.009788851408,0.00643544005,0.0536021172875761,0.05343418726443,-0.0798757923,0.1053984985,1.13168843502204,12.3048270343629,15.205491354592
"alpha_t[175,1]",0.0111214266639,0.011957066,0.0472960006825425,0.0511381831632,-0.0638106911,0.0951337742,1.10905261920541,13.2365443576776,16.4026619177055
"alpha_t[176,1]",0.0035262558701,-0.001034482645,0.0443940184713495,0.041144196202977,-0.06655806545,0.08725599475,1.06581894043435,13.1931880546658,51.5338182396663
"alpha_t[177,1]",0.0097884593877,0.01296455,0.04631220478394,0.0484002790866,-0.06876049715,0.0773111483,1.1297935489726,23.2119089798582,20.5399061032863
"alpha_t[178,1]",0.0023853910649,-0.0033105908,0.0465569684828879,0.04851364283388,-0.07126880865,0.0786652501,1.20227738359482,5.03308164780789,54.1081755216878
"alpha_t[179,1]",0.0051870996352,0.001389918,0.0529634789688808,0.0440550342351,-0.06511806875,0.097914338,1.10301320713649,10.5805664156926,13.5859017157053
"alpha_t[180,1]",0.0141583712613,0.010713734,0.0551291402440898,0.0483661155348,-0.0771669169,0.1085368945,1.05857280014482,11.8798734027123,30.6204069389592
"alpha_t[181,1]",0.024256635172,0.018153519,0.0527620846124088,0.0576002368515,-0.0626111787,0.1059321755,1.07153412825873,18.4308878722341,48.8643912184203
"alpha_t[182,1]",0.0267412595032,0.027956119,0.0507892915522881,0.05060679152445,-0.05528888995,0.1112218045,1.04854796290576,15.021882523832,58.0761852780705
"alpha_t[183,1]",0.0381655878709,0.040141984,0.0584919207686306,0.05965639096557,-0.04574288805,0.1331032055,1.02238605049492,25.7432030176307,13.1777108433735
"alpha_t[184,1]",0.054021421842,0.0503430105,0.0602373564828028,0.0610753541412,-0.0273933032,0.1566913045,1.05477051744389,27.7971088544048,16.4134308760082
"alpha_t[185,1]",0.0759838788686,0.0758839905,0.0624481348328047,0.0704929709295,-0.0196502926,0.179505135,1.22721280479777,3.80806157764834,21.438196741394
"alpha_t[186,1]",0.0994589124189,0.0797707945,0.0835535693489751,0.0798653691591,-0.01054219585,0.24534376,1.29199600531972,2.92850896803421,30.6204069389591
"alpha_t[187,1]",0.101286147737,0.0886022245,0.0770895372610984,0.0858510953433,0.006413285735,0.2303894375,1.46462354977238,2.10341727458535,21.1659409772617
"alpha_t[188,1]",0.102415364136,0.0853982575,0.0803736244681072,0.0798046307436,0.001118417545,0.2424897825,1.45107996532226,2.19530214632317,35.9722793210783
"alpha_t[189,1]",0.108641649502,0.0877603525,0.0881575434733348,0.0835510897788,0.0048945077,0.2665707465,1.56091512065616,1.99548327984655,24.7734994337485
"alpha_t[190,1]",0.110674800397,0.0957200045,0.0783462118085601,0.0832313114913,0.009239929175,0.239706516,1.70418422118196,1.73811281220463,24.7734994337485
"alpha_t[191,1]",0.109068152441,0.098288246,0.076687091051408,0.0804002482437,0.0140141529,0.2496177335,1.76487019899882,1.64472486956017,23.4270414993306
"alpha_t[192,1]",0.1111444944654,0.114612495,0.0776681818200655,0.079440139464,0.001867151968,0.230582754,1.80333048650052,1.59445190844999,23.2960596379126
"alpha_t[193,1]",0.111481276735,0.103564525,0.0812318774664392,0.0809703427848,-0.00753050658,0.249159434,1.68229293806753,1.75801408982667,22.4186523187291
"alpha_t[194,1]",0.118078360882,0.097745071,0.0996661222585766,0.0814946553792,-0.0120742676,0.320267525,1.70435061612351,1.77034475931716,21.0246288509397
"alpha_t[195,1]",0.1235513814415,0.097195562,0.117549275736682,0.0861241665417,-0.0325438216,0.3475885,1.49229159208448,2.13555339245333,30.6204069389592
"alpha_t[196,1]",-0.0003454641302,0.0019558638,0.0177840210515128,0.01725552891048,-0.03381868935,0.0260906503,1.29731656014226,16.4311670234303,45.7499253062444
"alpha_t[197,1]",-0.0003182486549,0.00136566395,0.0197473492358024,0.0230486508252,-0.0322956227,0.02735714155,1.22507322165783,3.66963487069158,29.7944789006445
"alpha_t[198,1]",0.00316585146047,0.0030341111,0.0207678321503732,0.0253033384968,-0.0293596368,0.0319351922,1.14579511911682,4.78979060937293,12.9368155368514
"alpha_t[199,1]",0.0072370407625,0.0093200284,0.0224058737591187,0.02777288411562,-0.02507994035,0.0388042934,1.14362799148577,4.70189610676519,16.0860373196066
"alpha_t[200,1]",0.0089542869604,0.0060291205,0.0214248387720987,0.02222024392392,-0.0197170042,0.04456497425,1.01864483048393,15.2893803171509,52.5802360745293
"alpha_t[201,1]",0.01096028295974,0.0129266925,0.0237989426422255,0.0191190619468338,-0.03538252195,0.0443581206,0.996158406680729,20.5659188698101,76.8221378450804
"alpha_t[202,1]",0.0124079196297,0.015846777,0.0267746884989103,0.0266760904389,-0.0349319093,0.04697800605,1.02123300254386,11.8897713979724,58.9391161255238
"alpha_t[203,1]",0.013045074361,0.01017925565,0.0292765972644998,0.02448057073875,-0.0353287275,0.0699554738,1.07660544832703,8.26446698591526,18.6686579901856
"alpha_t[204,1]",0.0141085011674,0.010774489,0.033749151185832,0.02324826972006,-0.0435703808,0.07709491035,1.12004934290267,6.02415594103186,21.0246288509397
"alpha_t[205,1]",0.0110810612379,0.0098680942,0.0330082562644856,0.02518618781847,-0.05071513035,0.07181701545,1.14838571235388,4.99697500452059,21.0246288509397
"alpha_t[206,1]",0.0064406325571,0.0080361465,0.0300858695605218,0.02364023847024,-0.0492596684,0.05420937515,1.14173824830864,5.29422067179209,21.0246288509397
"alpha_t[207,1]",0.0043576397079,0.0075613223,0.0287353393117677,0.0269517621177,-0.05126749625,0.04793914405,1.10428096147622,7.92512930089641,21.0246288509397
"alpha_t[208,1]",-0.000907502016700001,0.001123390795,0.0259305123062305,0.023088851828133,-0.05526817565,0.03686416825,1.05967144947088,12.6771352329087,31.7839996054474
"alpha_t[209,1]",-0.0038813017412,-0.0016596867,0.0259791711134412,0.022970818773,-0.05400414445,0.0319442617,1.00032052925996,13.9777974944348,43.7970546868536
"alpha_t[210,1]",-0.0060829502406,-0.00419953745,0.0263147762623722,0.0305347526421,-0.0469428717,0.03533262385,1.04077064997057,11.3688866337924,14.576045310678
"alpha_t[211,1]",-0.0109149363643,-0.0102316052,0.0276155965731962,0.02699660379948,-0.05389344915,0.03455200605,1.05049380124059,10.5817808697709,32.8432784560502
"alpha_t[212,1]",-0.010577941794,-0.011618689,0.0314486698806429,0.0370975527069,-0.0527888324,0.04211178005,1.04616888043001,8.71436609740348,13.4809450967877
"alpha_t[213,1]",-0.0117867099921,-0.01533235,0.0330468228131904,0.02712722775357,-0.05862135355,0.04822786,1.04480225689566,8.40954604047585,13.5270928345057
"alpha_t[214,1]",-0.0105896358749,-0.0139789075,0.0317277655408257,0.0282753443721,-0.0609383483,0.04597556855,1.04430194558807,8.04226304033207,13.0721046622062
"alpha_t[215,1]",-0.0122049221764,-0.0182149715,0.0341296495037221,0.03155454207633,-0.0684539593,0.04869362945,1.1456234951338,4.92965130420325,13.7958218368152
"alpha_t[216,1]",-0.0118226251369,-0.012195935,0.0333396257953673,0.03154504906266,-0.0649573995,0.0438320858,1.17665786527059,4.27802183049338,13.8723741577487
"alpha_t[217,1]",-0.0127030859091,-0.014739725,0.0330950757748549,0.03364595501295,-0.06476411455,0.0432202012,1.29788095767692,2.83630561724825,13.3252112997792
"alpha_t[218,1]",-0.0135564731777,-0.016891761,0.0335296545085264,0.03320448469506,-0.06040764215,0.042175379,1.33045518131528,2.71363248903761,13.0721046622062
"alpha_t[219,1]",-0.01368642512,-0.0139545825,0.0334117222708553,0.03415327033965,-0.0604029435,0.04456713605,1.52732842617252,2.02835510765517,19.5290704162482
"alpha_t[220,1]",-0.0181197098784,-0.015788698,0.0365272832890366,0.03728116308,-0.07166109855,0.0383179048,1.6479303933951,1.80476248979918,18.1799293579888
"alpha_t[221,1]",-0.0196057033389,-0.0163731785,0.0401513840381597,0.04056084596508,-0.0857508388,0.042319645,1.52255457407775,2.01308381223949,48.4074922943175
"alpha_t[222,1]",-0.0215624971,-0.015833647,0.0424308033905157,0.0481070230305,-0.09679835925,0.04145305835,1.58478976874547,1.90792594519802,40.5548566509965
"alpha_t[223,1]",-0.0248803931632,-0.017835036,0.044600126802532,0.0597226654836,-0.0944277464,0.0425056474,1.60162334384175,1.87360156226556,39.9074798019286
"alpha_t[224,1]",-0.02597154580703,-0.0237361875,0.0431712178962975,0.0513946084701,-0.1009425645,0.03692789725,1.52311366686221,2.02703042537189,31.6824001034527
"alpha_t[225,1]",-0.02611897570527,-0.026239256,0.0432911604212382,0.0508651586667,-0.0932144857,0.03610934715,1.5141529901587,2.0491429054459,25.3298043918779
"alpha_t[226,1]",-0.0305213963026,-0.023831637,0.0461384774740949,0.0520409672139,-0.103419996,0.03793945125,1.61716209446498,1.81496001225384,21.0246288509397
"alpha_t[227,1]",-0.0352847391295,-0.0344867975,0.0484490720142201,0.0501892835808,-0.116619612,0.0414874942,1.63490092838694,1.82535643479956,31.7670245319226
"alpha_t[228,1]",-0.04189904276,-0.0415649545,0.0517970007164527,0.0627875206665,-0.130971318,0.034485841,1.68433802572308,1.76466269251565,22.2747522502046
"alpha_t[229,1]",-0.0455656293773,-0.0476912205,0.055906885477058,0.0671429161389,-0.1294758155,0.0397804374,1.66335158739889,1.79843894299803,28.0590040771451
"alpha_t[230,1]",-0.050465429289,-0.0502980875,0.0580017208065835,0.06650504943138,-0.1356828485,0.0469172483,1.67773507035026,1.78519370246946,22.2747522502046
"alpha_t[231,1]",-0.051787238215,-0.0540906495,0.0598299700447442,0.0723496131183,-0.143868115,0.04597255675,1.69168644693282,1.78301806684598,23.0844608600611
"alpha_t[232,1]",-0.0539489918038,-0.0550022675,0.0604270300244411,0.07100657922603,-0.149496155,0.0456191412,1.60462914516537,1.92984958864716,21.0246288509397
"alpha_t[233,1]",-0.05364120763262,-0.059123296,0.061545431134379,0.0549590212752,-0.15295862,0.0519234881,1.49063133818456,2.18625082411407,21.5942744323791
"alpha_t[234,1]",-0.05444913650248,-0.0558297785,0.0644606450008988,0.0554627865162,-0.15392634,0.05597258945,1.54983850293792,2.0685155058893,21.5942744323791
"alpha_t[235,1]",-0.0026755223078,-0.0034796365,0.0141170491702841,0.01608613950237,-0.02304192625,0.0198549093,1.01504680407637,31.4184995741584,74.7352313149317
"alpha_t[236,1]",-0.00423627325904,-0.0045753731,0.0170700731368585,0.01918934902836,-0.02982714165,0.0249145371,1.00812374309775,30.4104405563998,52.3664254284083
"alpha_t[237,1]",-0.0043696687651,-0.0032032326,0.0195176769045079,0.01911584201688,-0.03673700785,0.02537439825,1.03464344871349,19.9465903693441,54.8564568994389
"alpha_t[238,1]",-0.0077961993171,-0.00818560745,0.0191761613287818,0.01742641753776,-0.0377531685,0.02249439095,1.0099194867041,42.0365290936365,44.5810103703794
"alpha_t[239,1]",-0.0087358999265,-0.0120838295,0.0219617229304843,0.016906954883784,-0.0448611359,0.030609806,1.00981465562566,61.9173427016346,54.856456899439
"alpha_t[240,1]",-0.009124131084155,-0.012485123,0.0223020208624943,0.0207002443011,-0.0376741951,0.02749825685,1.00508312804057,49.4750082309428,91.8791763261966
"alpha_t[241,1]",-0.0124278865542,-0.015903802,0.0238154583661062,0.0212409974469,-0.0466826724,0.0261580472,1.02479666232669,36.4047811970838,31.2739011409251
"alpha_t[242,1]",-0.015581193662,-0.0193113765,0.0271774103355799,0.0247790614848,-0.05855144695,0.03084172365,1.03882168944014,27.153646284633,65.5135225921653
"alpha_t[243,1]",-0.0212003553112,-0.0208585765,0.027833242411852,0.03398423881713,-0.06361435935,0.02276566185,1.04989920072842,19.5584609585161,42.4389398926035
"alpha_t[244,1]",-0.0233513592739,-0.0238031705,0.0282774293050121,0.03158829479967,-0.0670837679,0.02452459805,1.04405166270168,17.842444273773,40.5548566509965
"alpha_t[245,1]",-0.025185934599,-0.0275185385,0.0298206033987985,0.02775110338728,-0.07266368425,0.02968305235,1.09083846164526,7.69563839735102,31.6824001034527
"alpha_t[246,1]",-0.02700584071313,-0.028187157,0.0296799289266945,0.02950993333911,-0.07371182145,0.02829739075,1.14044321525932,5.42551693543375,21.0246288509397
"alpha_t[247,1]",-0.027017833007,-0.028185981,0.0325338305873381,0.0293783439159,-0.07715341235,0.0270507984,1.2195753907218,4.08574657556797,22.2747522502046
"alpha_t[248,1]",-0.0271858689789,-0.02460887,0.0341428716876273,0.035346647407743,-0.0821056031,0.0241475501,1.19546417487229,4.70662780445465,30.775028262781
"alpha_t[249,1]",-0.02427848486078,-0.022714073,0.0362113159478095,0.0339735759742386,-0.0847997012,0.0331035029,1.24082994720234,4.06674648398451,21.0246288509397
"alpha_t[250,1]",-0.02162128434939,-0.0198458545,0.0375959776263965,0.03145089232425,-0.0917481493,0.03758365945,1.22279686872715,4.33265910182035,21.0246288509397
"alpha_t[251,1]",-0.019773739801,-0.0196372405,0.0380347599866819,0.0367641078126,-0.086660013,0.03994450515,1.16068970912553,7.94929050239047,21.0246288509397
"alpha_t[252,1]",-0.0205200563914,-0.021191365,0.0377421134996728,0.0378266672175,-0.08823557285,0.0324052149,1.12663040759755,9.05028205047466,21.0246288509397
"alpha_t[253,1]",-0.019373295274,-0.021324086,0.0360256597804563,0.03640635635847,-0.07383241985,0.04183286575,1.10908082762997,11.4978243834325,21.0246288509397
"alpha_t[254,1]",-0.0187932803206,-0.018526769,0.0363909955386928,0.03392596537239,-0.0782453705,0.04112384955,1.08412292685153,15.3136767016996,30.6204069389592
"alpha_t[255,1]",-0.017541175037,-0.0196041795,0.035938443903382,0.03354443338491,-0.0763418362,0.04343909435,1.11756466913893,9.80921724518472,22.2747522502046
"alpha_t[256,1]",-0.0205800099601,-0.0221802735,0.0394222187684688,0.03404085471507,-0.0836527433,0.0389476509,1.20330845125114,4.80211326714183,25.2744078567301
"alpha_t[257,1]",-0.0193994115054,-0.0220582945,0.041504753317802,0.0322824615372,-0.09363279355,0.0486487329,1.21322454261377,4.6298749437932,25.5586388199211
"alpha_t[258,1]",-0.0151134824565,-0.021328577,0.0454756739862672,0.0348197223906,-0.0997734786,0.06369216845,1.28185988297892,3.53575517945149,39.3713440894774
"alpha_t[259,1]",-0.0144109323936,-0.0162867625,0.0448165054849402,0.03655675248855,-0.0840197751,0.06807537925,1.32464713368186,3.06325458899528,39.3713440894774
"alpha_t[260,1]",-0.0174730514275,-0.019528975,0.0404922353157328,0.03754990745856,-0.08854118045,0.0544204138,1.36198165909628,2.58179233785609,30.1152985716743
"alpha_t[261,1]",-0.0180751747617,-0.023679741,0.0430631035365383,0.0430888223325,-0.0754852292,0.0675890064,1.42728416056714,2.28996362935121,39.4957441320608
"alpha_t[262,1]",-0.0182679607572,-0.022260163,0.0423782570759501,0.03779741870709,-0.0813183953,0.06669382725,1.32425463294268,2.91294214697437,30.8992306722159
"alpha_t[263,1]",-0.0201867698268,-0.0257705535,0.043417017061124,0.03313174841319,-0.08362031545,0.0639038291,1.34887578892462,2.5849581242785,30.8992306722159
"alpha_t[264,1]",-0.0196318498624,-0.0218486795,0.045675486954084,0.0407782487952,-0.09212829855,0.06403345845,1.38243875892968,2.3873377580379,25.9952465834819
"alpha_t[265,1]",-0.0201380467164,-0.019069615,0.0442717631686959,0.0377988321438,-0.0929527729,0.0527678461,1.41383323594468,2.30013296465397,21.5942744323791
"alpha_t[266,1]",-0.0205629978457,-0.0158644105,0.0485004566196183,0.0414335802342,-0.1002349955,0.0724601974,1.41729422559672,2.28281206943769,21.5942744323791
"alpha_t[267,1]",-0.0192826906169,-0.01620442,0.0515491317858205,0.0480910717371,-0.1079535135,0.0577821911999999,1.44117266452634,2.21628060429431,25.9952465834819
"alpha_t[268,1]",-0.0174945231888,-0.0178337475,0.0534240814467886,0.0515463236694,-0.09867010625,0.0769001057,1.38752450278657,2.42585411995652,21.5942744323791
"alpha_t[269,1]",-0.018466858705,-0.013412282,0.0547504702725428,0.0584404210824,-0.104273797,0.0819486413,1.24309896780365,3.46922889949788,33.0857528696826
"alpha_t[270,1]",-0.0181391539053,-0.0115538255,0.0544570683384728,0.0507015900804,-0.110639181,0.06034732305,1.27808704676994,3.10068724126279,21.5942744323791
"alpha_t[271,1]",-0.0192732390124,-0.0139039125,0.055857861420766,0.0552536620797,-0.102601314,0.0602886518,1.27123478463654,3.23753174286616,28.1855413924808
"alpha_t[272,1]",-0.0204617066661,-0.025960894,0.058449733225744,0.0629408674671,-0.10929083,0.06107343615,1.2463656814771,3.48845339636605,21.5942744323791
"alpha_t[273,1]",-0.0170343813475,-0.013607436,0.0612238961475053,0.064283178666,-0.1183618155,0.0673444942,1.2293071373863,3.77616240027227,25.1261434959183
"alpha_t[274,1]",-0.0043757272443356,-0.00540372825,0.0186786471639874,0.01859001939438,-0.04272471765,0.0229121251,1.18563845301031,5.48494684842049,40.5548566509965
"alpha_t[275,1]",0.0058378927036,0.0067171674,0.0224481492309041,0.0276505152042,-0.0286245751,0.04520546085,1.1867627130154,4.50923510904433,56.8419098881722
"alpha_t[276,1]",0.0126901498196,0.010820128,0.0244364671605598,0.02858887149909,-0.01896083425,0.0563927656,1.11974920882511,9.3611808679204,50.0285877644368
"alpha_t[277,1]",0.0127874661026,0.015231237,0.02917226966836,0.0291986683632,-0.0408193404,0.0592625365,1.09312711518641,9.39171409703728,40.5548566509965
"alpha_t[278,1]",0.0129518214653,0.0112285115,0.0335657112960582,0.0390834753918,-0.0387503742,0.0667426294,1.0305882810544,9.5522088304091,25.9952465834819
"alpha_t[279,1]",0.0148311311633,0.0062264154,0.0412347200674267,0.04526031894594,-0.0431353782,0.07777927445,1.0259433273855,9.4336905833862,34.3628470914159
"alpha_t[280,1]",0.017362863454,0.010382423,0.0422587333002021,0.0452031670881,-0.04024526865,0.08999876005,1.09750017515774,7.15711367265636,27.9335978474027
"alpha_t[281,1]",0.01374917937,0.01314114,0.0402154831944375,0.0415519228488,-0.0523688169,0.0808927575,1.23340733565989,7.53936882744723,21.0246288509397
"alpha_t[282,1]",0.0111881695913,0.00915477585,0.0363236638918349,0.0383657124081,-0.04436652285,0.071244303,1.13402376786481,5.69920608651456,26.3820989382551
"alpha_t[283,1]",0.00977518503624,0.0085130598,0.0385495455359902,0.0372363077583,-0.05830863065,0.06939509515,1.1978835874821,4.09330327132182,21.0246288509397
"alpha_t[284,1]",0.0089606821889,0.011185478,0.0430735423986481,0.0382645227342,-0.0649161426,0.0819854283,1.23314259988287,3.56194055163213,31.7839996054474
"alpha_t[285,1]",0.0087002577563,0.0123841165,0.0439351492292129,0.0410201898414,-0.06721261385,0.0773679677,1.28740898475817,3.01652115735802,21.5942744323791
"alpha_t[286,1]",0.00963044920118,0.011219368,0.0400490634325688,0.0385704898614,-0.0690183276,0.06992737155,1.32151313701029,2.95312152969652,21.0246288509397
"alpha_t[287,1]",0.009552258777,0.00823320295,0.0335565720954586,0.02678126615703,-0.05432481105,0.06597499295,1.16541258773959,6.78864791884183,21.5942744323791
"alpha_t[288,1]",0.0110128735338,0.00772256305,0.0318929006881447,0.0300047505702,-0.0405873426,0.0673424275,1.08556654144926,9.70825984970235,22.2747522502046
"alpha_t[289,1]",0.0108697622782,0.0088570976,0.0326096535825295,0.0331274842332,-0.0349403369,0.0692348429,1.01692009106531,23.452672331436,41.5944662312425
"alpha_t[290,1]",0.0126429947935,0.0136380005,0.0331196527433931,0.0365497542459,-0.03750185635,0.0584849393,1.00460383422265,24.847119082409,54.4739574241324
"alpha_t[291,1]",0.0168568906098,0.0182999085,0.0302265812573177,0.03064754781228,-0.03371728685,0.07096794125,1.0103912994064,33.823460850927,78.3393298097876
"alpha_t[292,1]",0.0213780499614,0.0224836795,0.0310329363358443,0.031852775835909,-0.027410993,0.0667795281,1.00550898420528,33.2767446069691,59.1530016481828
"alpha_t[293,1]",0.0256310948042,0.0274570205,0.0351534877081102,0.03478920922239,-0.0322487689,0.0797301648,1.10116660094632,30.0403630646818,42.4389398926035
"alpha_t[294,1]",0.0236534331962,0.021855939,0.0320043712625464,0.0278341900704,-0.0197414711,0.08108724645,1.02701787231816,22.7178179886965,42.4389398926035
"alpha_t[295,1]",0.0215433248898,0.0214931075,0.0318645059454063,0.0362730269559,-0.03376396545,0.0648491501,1.00321556740874,22.4962576811395,66.9637815053919
"alpha_t[296,1]",0.02581912358,0.029736614,0.029795220547545,0.0268441868856,-0.0287630512,0.06856515435,1.04676005842513,19.6237493901925,28.5994443536525
"alpha_t[297,1]",0.0286157735935,0.027765246,0.0331472636652941,0.03088349626341,-0.01963155255,0.07960787365,1.07719168320062,9.58416673932028,30.1492768038207
"alpha_t[298,1]",0.0321148847213,0.03014652,0.0337710538051666,0.0284914911435,-0.0241604848,0.0802674025999999,1.21753166724093,3.75716161419151,12.7390522145152
"alpha_t[299,1]",0.038648534706,0.037134789,0.0355172205746495,0.0353694726945,-0.02193473525,0.1025951855,1.37208726218647,2.39931451745011,16.7994624172026
"alpha_t[300,1]",0.047384689182,0.0476095975,0.0414679248332608,0.0491149234212,-0.01639128525,0.111542632,1.64846693184445,1.73693145707171,35.4538087520258
"alpha_t[301,1]",0.051959207591,0.054842744,0.0515871432149165,0.0607742640267,-0.02573538735,0.126300481,1.74829380933037,1.66161252590616,40.5548566509965
"alpha_t[302,1]",0.0565009591125,0.058386369,0.0571643036528175,0.0626840626146,-0.03855218915,0.135661984,1.91179053784555,1.53354538152222,48.4074922943175
"alpha_t[303,1]",0.062021511508,0.0671619645,0.0600880352882892,0.0565498636773,-0.0395055173,0.1507487655,2.04708717273543,1.44684524712543,25.3298043918779
"alpha_t[304,1]",0.065419653351,0.069134291,0.0640599710193336,0.0714968527329,-0.04228042945,0.1574424995,1.90776529409425,1.52248758059279,22.0236597029951
"alpha_t[305,1]",0.0668857480201,0.071121321,0.064118683880072,0.0711598681311,-0.0447558848,0.1628103335,1.85132138382518,1.55797352444758,21.0945033751205
"alpha_t[306,1]",0.064914987338,0.0745071995,0.0599390676850045,0.0689779442436,-0.04092855185,0.147127445,1.72224369417053,1.65174903316017,21.0246288509397
"alpha_t[307,1]",0.061698299055,0.0779750545,0.0584733853931775,0.0621210741753,-0.04594592675,0.134526855,1.50878199983225,1.96733189218603,18.1403545143568
"alpha_t[308,1]",0.065294649944,0.081847755,0.0610337798050836,0.0540392028918,-0.0514358056,0.141517483,1.44824380326864,2.13561504443038,20.8492894221768
"alpha_t[309,1]",0.0659605859048,0.083960198,0.0634870192176879,0.0533570126712,-0.0528977078,0.140273556,1.31060641937059,2.74006095370629,14.5930620413609
"alpha_t[310,1]",0.0678490362236,0.087795292,0.0663934116359469,0.0546371651238,-0.0614573328,0.1497541835,1.24407959016591,3.29049277380826,21.0246288509397
"alpha_t[311,1]",0.068904081439,0.0865361295,0.0673820330983856,0.0609705988143,-0.06345816835,0.1576429955,1.17943189373971,4.29181751973724,15.0589450133379
"alpha_t[312,1]",0.069331494142,0.090150354,0.0714156584589417,0.0678907017726,-0.06417202245,0.158274458,1.16230840863659,4.70477317495352,21.0246288509397
"alpha_t[313,1]",0.0025452075752,0.000904563925,0.010674385473172,0.009214880541615,-0.01168384715,0.02027981395,0.99328539319661,29.9186928878275,25.9952465834819
"alpha_t[314,1]",0.00304389433327,0.0019250705,0.0131502859545432,0.01361345440392,-0.0160979879,0.0245500293,0.99491434088275,22.3823041573168,34.3628470914159
"alpha_t[315,1]",0.00212216202728,0.000824955415,0.0171613195864877,0.0172130653191,-0.02544813215,0.028703648,1.02590231468546,19.364612650853,34.8992906185009
"alpha_t[316,1]",-2.2058372310001e-05,0.00167976665,0.0205375743145599,0.01752321241461,-0.0385410205,0.0315505691,1.1190808972683,11.5863518137084,30.6204069389592
"alpha_t[317,1]",0.000723264795800001,0.0024814777,0.0211454961410983,0.0234941825034,-0.03555049355,0.03131834285,1.14319336945836,6.0289487268681,48.4074922943175
"alpha_t[318,1]",-0.0012706009105,-0.000292060575,0.0244852729035527,0.024225004858005,-0.0468875814,0.03910256145,1.314820181256,2.80671521239082,24.3582350718816
"alpha_t[319,1]",-0.0031773874817,-0.0025733285,0.0273919985489781,0.0286068878319,-0.04937325575,0.0345353762,1.46045555007194,2.28817910382101,31.2899106002554
"alpha_t[320,1]",-0.0046014786251,-0.0028524071,0.0291769868422861,0.02908735045566,-0.06033192215,0.0398125376,1.66566952674658,1.79578614585234,48.4074922943175
"alpha_t[321,1]",-0.0045096730262,0.000259857115,0.0328956577151956,0.038252346310899,-0.06689407105,0.04687067585,1.65403329595618,1.81406060260807,25.3298043918779
"alpha_t[322,1]",-0.00382641500317,-0.00259022335,0.035541283991231,0.04042232301471,-0.06698441665,0.0495360817,1.65675281280048,1.81332771671514,21.0246288509397
"alpha_t[323,1]",-0.0026794151444,-0.00451403205,0.0353287866047203,0.03624766330227,-0.06727806285,0.05103983975,1.75344984953638,1.67739315997979,25.3298043918779
"alpha_t[324,1]",-0.00234297062940001,-0.0055191667,0.0348147529717802,0.0387307018413,-0.0568843225,0.0521436302,1.75924418253989,1.68315740865316,26.8716958782109
"alpha_t[325,1]",-0.00200204444562,-0.0040577507,0.0356859856182463,0.0422803360896,-0.05840442625,0.0503326657,1.86659023068841,1.59052344415343,50.7015438102727
"alpha_t[326,1]",-0.001899819051196,-0.000442542306,0.0356986220755478,0.0403857667689,-0.05911750555,0.05376067385,1.78257147992581,1.6601826939451,21.5942744323791
"alpha_t[327,1]",-0.001212019957,-0.00305740415,0.0368237403481604,0.0428869737555,-0.06376693575,0.0528330804,1.74810592092635,1.67601063676099,26.8716958782109
"alpha_t[328,1]",0.000170273127600005,0.00403721955,0.0382472034072421,0.0459987747261,-0.06373419145,0.0557662838,1.73893233755388,1.65365444009779,16.0756935513503
"alpha_t[329,1]",-0.000182622725399995,0.00087372553,0.043663842151692,0.050481931074078,-0.07312617275,0.061582208,1.68445830611036,1.71528112874027,15.8514492753623
"alpha_t[330,1]",-0.000300532703999999,0.00435332925,0.0457640420543395,0.0523159027818,-0.08535213565,0.0645444659,1.66497624312201,1.74548545981972,15.8514492753623
"alpha_t[331,1]",-0.000616230618600003,0.0027393232,0.0479186911707409,0.05607451127922,-0.0850229942,0.06590334535,1.64174720593086,1.77668453083938,14.0992587818241
"alpha_t[332,1]",-0.000958242801000006,0.0055320184,0.0483297825993117,0.05310807953514,-0.0920793114,0.06495609715,1.62764983773791,1.79417794471056,31.7201377560267
"alpha_t[333,1]",-0.000752126827599997,0.00612794635,0.0526893374343004,0.0559271820555,-0.0985638824,0.06940892765,1.62982480770462,1.79371978113336,24.9216747365422
"alpha_t[334,1]",-0.00300458381262999,0.00748312325,0.0557708329458285,0.0591710893578,-0.1085060615,0.0701374936,1.75199745021051,1.64739391331029,17.8044562010377
"alpha_t[335,1]",-0.00385369366130001,0.00521325685,0.0565707817722217,0.0538771932594,-0.1161604995,0.0683955464,1.74725943818671,1.64984937284498,45.7499253062444
"alpha_t[336,1]",-0.0046005778039,0.00330660885,0.0603723996248719,0.05918496375099,-0.127632182,0.067197826,1.77091404443175,1.62887354083322,18.4755067567567
"alpha_t[337,1]",-0.00614386122794,-0.000887429247,0.0606929642023173,0.0580581382277022,-0.1281821185,0.0697475423,1.82611244605215,1.57426308235187,16.7994624172026
"alpha_t[338,1]",-0.0078139430563,-0.000408705865,0.0641583407775366,0.0634473896028,-0.137151217,0.07160498995,1.84753006109092,1.5597245666983,15.0862068965517
"alpha_t[339,1]",-0.007367775784,0.0028921177,0.0654275860123663,0.0596405969019,-0.1414260385,0.0736615444,1.91549727826228,1.51389868977813,44.8258196721311
"alpha_t[340,1]",-0.00770196126985001,6.71054175e-05,0.068810701084586,0.0682082576427,-0.1391625215,0.077622207,1.90719328019697,1.51657358638409,12.8702156943087
"alpha_t[341,1]",-0.006966426152,0.00442086175,0.0696323858650405,0.06766778507895,-0.1436351155,0.07998902725,1.84760388977997,1.55146541719705,12.8702156943087
"alpha_t[342,1]",-0.00707268635109998,0.001594916745,0.0723374599460598,0.0693727954647,-0.1533352705,0.08291756045,1.83965828934113,1.56061648933792,12.8702156943087
"alpha_t[343,1]",-0.00736684268819999,0.00436404655,0.0717444506390059,0.0766932271098,-0.16389032,0.0818915357,1.75957035009631,1.62362686238178,13.2102533133472
"alpha_t[344,1]",-0.00938463979639999,0.0020058574,0.0730425319030458,0.07254886803486,-0.144547758,0.0853373163,1.73413833883183,1.64730099898096,12.9368155368514
"alpha_t[345,1]",-0.00975931263750001,0.0048083571,0.074149929290344,0.07382462279934,-0.1411539555,0.08359967935,1.74766148810403,1.63607526258813,16.7432070417145
"alpha_t[346,1]",-0.00915020257099999,0.0104342526,0.0745260092903444,0.06937246024884,-0.159032848,0.08724086875,1.66830463937218,1.71587632449067,16.7432070417145
"alpha_t[347,1]",-0.00810905370899999,0.012794162,0.0756256000480578,0.0735738085404,-0.1610057295,0.0848705516,1.63170869686122,1.75536730228762,13.0041082366429
"alpha_t[348,1]",-0.00692003268900001,0.01097301645,0.0769818111276691,0.07610972919753,-0.1559501185,0.08561459995,1.56243850359569,1.85738980025621,13.0721046622061
"alpha_t[349,1]",-0.00635107971810001,0.014253432,0.075000476625651,0.0746365354791,-0.16367004,0.0827148124,1.49256542815557,1.99052701218863,13.2615944225523
"alpha_t[350,1]",-0.0061438499301,0.0185381165,0.0781641792640611,0.0781454923725,-0.1686037235,0.0877587463,1.47945746204442,2.01588007588561,13.0041082366429
"alpha_t[351,1]",-0.0045137035603,0.011624485,0.0767744497361746,0.0695440083366,-0.150073709,0.0879169867,1.47204986718118,2.03607114030749,13.0041082366429
"alpha_t[352,1]",-0.0024466307684,-0.00316523615,0.0140836897279633,0.01145764799802,-0.020828984,0.0191335615,0.992646019518412,57.5165203972512,53.8632643484494
"alpha_t[353,1]",-0.001681416004,-0.0017976951,0.0199690071013748,0.01704424699446,-0.03375617675,0.0324825795,1.04720780473471,22.078392247066,44.5810103703794
"alpha_t[354,1]",-0.000679800810000001,-0.001343578,0.0243108054183413,0.026046568842,-0.0374830423,0.0447500689,1.14533026625594,20.8250625014458,52.4502744151649
"alpha_t[355,1]",-7.41053653599995e-05,-0.0006625513,0.0285952254720303,0.0262502328627,-0.03842525385,0.0494792658,1.04631724884613,16.8676312574777,76.6284020089592
"alpha_t[356,1]",0.0034230523997,4.645636e-05,0.0289901421766036,0.0303621787434,-0.03897557085,0.05618900655,1.0398476166024,14.6524648627473,42.4389398926035
"alpha_t[357,1]",0.0071336836204,0.00539694485,0.0297083959345694,0.03296735950431,-0.0365854999,0.0590822529,1.03708717717672,12.2102827681507,51.5338182396663
"alpha_t[358,1]",0.0108208924445,0.0065772771,0.0305927515542367,0.0336121936164,-0.03154751385,0.06123074705,1.0876712373837,9.62137640274925,31.7839996054474
"alpha_t[359,1]",0.0134534056054,0.0096009244,0.0319305892677682,0.0351213988734,-0.03856363205,0.0622475256,1.15515923684055,4.85912268078893,29.2188431723315
"alpha_t[360,1]",0.013401070425,0.00982776605,0.0337214137328042,0.03983517145713,-0.03718113935,0.0686397591,1.18309732231131,4.98541333111925,21.0246288509397
"alpha_t[361,1]",0.0159596574187,0.0145855055,0.035276182125379,0.0394087274385,-0.036871006,0.07964822125,1.20657217182281,4.47886578017975,56.8419098881722
"alpha_t[362,1]",0.0164580022437,0.0193945085,0.0342791002534352,0.0360649803696,-0.03790305465,0.07155507565,1.17317771444224,5.19906236489664,45.114720288734
"alpha_t[363,1]",0.0182686346071,0.020528579,0.0351899654834426,0.0412583406207,-0.03167331205,0.0769278015,1.19655408980141,4.8036508199505,30.775028262781
"alpha_t[364,1]",0.0185110147765,0.017048419,0.0330182372019667,0.03318357655095,-0.02740027385,0.0800513507,1.28424754504581,3.40658045705713,36.0760984803864
"alpha_t[365,1]",0.0230179768212,0.021446628,0.0344836305780921,0.03575557976319,-0.02780928615,0.08036963385,1.37589751653341,2.71295397466211,33.5294922676885
"alpha_t[366,1]",0.02584306098299,0.023741001,0.0365222699349096,0.034631090658864,-0.03167846945,0.09448333455,1.32886987190708,3.15992486250375,22.2747522502046
"alpha_t[367,1]",0.0258911439148,0.029022951,0.0378403879988065,0.04045806546138,-0.03155824755,0.0813384495,1.40620414960809,2.6083291073117,36.0760984803864
"alpha_t[368,1]",0.026685216786,0.0252029445,0.0401059833146787,0.0423633757743,-0.04128245075,0.0940454274,1.39116928063015,2.74994402542922,30.6204069389592
"alpha_t[369,1]",0.02864345354295,0.028024358,0.0425549707275801,0.04418808676212,-0.0431465063,0.09445441305,1.439416955783,2.4768601395519,24.3582350718816
"alpha_t[370,1]",0.027200127447,0.0295023755,0.0417941652871515,0.04775709132768,-0.04162642875,0.09106145065,1.55805505059794,2.01298488614265,24.3582350718816
"alpha_t[371,1]",0.0282245866881,0.030084369,0.0438775797433891,0.0512134102872,-0.0394231056,0.09692899095,1.57094848272506,1.98613745097157,40.5548566509965
"alpha_t[372,1]",0.0311718393305,0.034320056,0.0495036310835433,0.05488472159163,-0.04499696655,0.1140742055,1.62738099075731,1.85511001774268,29.3560832993841
"alpha_t[373,1]",0.031769770907,0.031271808,0.0499847447252641,0.05677530672135,-0.03820359635,0.1079767625,1.60175109836955,1.92343443780911,28.0590040771451
"alpha_t[374,1]",0.0299682904973,0.0250731785,0.05342451020585,0.0623402298834,-0.04616396085,0.1166771825,1.65509091302163,1.83241441877459,25.876090492385
"alpha_t[375,1]",0.0270795839191,0.0233915765,0.0530616098579337,0.0684873867447,-0.0510258648,0.1075655205,1.58926602958388,1.89177460350521,31.6824001034527
"alpha_t[376,1]",0.0280989006554,0.028330877,0.0555522436919181,0.068817518028,-0.05539369045,0.114734746,1.47595072035335,2.17075781220225,25.1220212460523
"alpha_t[377,1]",0.027973252205,0.02588243,0.0612740345592618,0.0756636244203,-0.05701414565,0.1211805625,1.4608179655606,2.22298156334225,25.46565774156
"alpha_t[378,1]",0.026350719298,0.0222004205,0.0619797579896119,0.080364622107,-0.0630390036,0.1199987645,1.53832784275856,2.01731341749277,22.9117570044514
"alpha_t[379,1]",0.0254876279071,0.017502007,0.0621448137047026,0.0729228826473,-0.06432448535,0.1229203245,1.49089964515613,2.11997257087726,18.7667560321716
"alpha_t[380,1]",0.025606322639,0.0244664005,0.0661770739575429,0.0799302640437,-0.0743399337,0.129663736,1.47690369324149,2.21521851708847,21.5942744323791
"alpha_t[381,1]",0.0251376272443,0.032623757,0.0671605078589538,0.0795472439706,-0.0780082577,0.1358488375,1.48019302705037,2.19823954605732,39.4893781631798
"alpha_t[382,1]",0.025370747679,0.0253574565,0.0695027248352624,0.0843124715958,-0.0742784385,0.1369318995,1.49094509097677,2.13411712065183,19.2286561916272
"alpha_t[383,1]",0.0247853551187,0.0267031475,0.0693021367856514,0.0879891394599,-0.07260189215,0.1309557445,1.47349567136074,2.17500824224438,20.4558737580363
"alpha_t[384,1]",0.024791882148,0.0257785175,0.0703969208432177,0.0875401777866,-0.07940824335,0.131735214,1.44780086758708,2.18897701764767,31.2859149533904
"alpha_t[385,1]",0.0283305915428,0.026700118,0.0712943756368195,0.0837823101444,-0.08465093905,0.1354836225,1.47027649269932,2.07939942939713,31.2859149533904
"alpha_t[386,1]",0.029321565612,0.026467681,0.0706306700092787,0.0817003312881,-0.0822803235,0.1388320035,1.45838744070328,2.11222761882485,21.0246288509397
"alpha_t[387,1]",0.02887696112,0.0256716,0.0726242242536164,0.0772955407728,-0.0918658869,0.144550752,1.4212163342031,2.20950850489575,16.4134308760082
"alpha_t[388,1]",0.0294907232321,0.0276604655,0.0715586553070409,0.0742970601093,-0.08272847315,0.1516783965,1.40345488366914,2.25282649593487,16.4134308760082
"alpha_t[389,1]",0.0281482301478,0.027271617,0.0733288172740635,0.0811992829116,-0.08404174745,0.141639739,1.40848069868198,2.25003993954833,29.8882545259357
"alpha_t[390,1]",0.0292891188959,0.0227401095,0.0728224621835196,0.0836499443577,-0.08610249045,0.1416745045,1.41628398619861,2.21539278864936,21.0246288509397
"alpha_t[391,1]",-0.01044492451114,-0.0062577437,0.0354042665659101,0.0301871681916,-0.07280213045,0.05473447465,1.07778237965203,11.8210472528988,40.5548566509965
"alpha_t[392,1]",-0.0182017393208,-0.013540035,0.044263055461967,0.0366044273448,-0.09230933375,0.0352807955,1.09663834410222,7.58313493059106,45.4180544618317
"alpha_t[393,1]",-0.0167163070962,-0.014709276,0.0529092333117844,0.0565387308339,-0.1099524595,0.05649071215,1.0634288990451,14.2842364441467,29.406822382793
"alpha_t[394,1]",-0.0147070045105,-0.0151546975,0.0519239742699,0.0474862702713,-0.0983255795,0.0696811903,1.06491621253807,15.8872134044371,55.4729091232305
"alpha_t[395,1]",-0.018215832341,-0.0210521045,0.0429677342150352,0.03916539400851,-0.0767986634,0.06324781695,1.04496014907469,31.1581643221255,53.3800336154148
"alpha_t[396,1]",-0.0168839884665,-0.017701159,0.0454945502701358,0.04589447604,-0.08910645395,0.06873733465,1.03982342240632,52.6802359170098,108.127528112428
"alpha_t[397,1]",-0.02647565830884,-0.030005528,0.0443286292339007,0.03445407801885,-0.09193750365,0.05856844155,1.04935415736746,45.9211200909201,68.2866264632849
"alpha_t[398,1]",-0.02484317748,-0.0264094335,0.0474655502785083,0.0464969246196,-0.09985168375,0.0581960658,1.040678562813,25.0058020948715,41.5944662312425
"alpha_t[399,1]",-0.025478941881,-0.0307147795,0.056119424189923,0.05263498061493,-0.1125346645,0.07672796795,1.05559521306914,27.4925938578559,50.0631594590578
"alpha_t[400,1]",-0.0292151090914,-0.0342496005,0.0570112682400088,0.05226735956673,-0.117474293,0.0602072716499999,1.07305939476492,19.4024601700876,30.2036589575423
"alpha_t[401,1]",-0.038471185695,-0.033925447,0.05538321393029,0.064698010146,-0.1279371165,0.0566005479,1.35906624451011,2.83255738630199,76.5816454113528
"alpha_t[402,1]",-0.0448405325828,-0.0520836025,0.0624278976995177,0.06527743743171,-0.132557089,0.05951860335,1.43565997498359,2.37633985900402,40.0013061650992
"alpha_t[403,1]",-0.038328550867,-0.037955784,0.0817183916449716,0.0895977678729,-0.169132133,0.09502451295,1.59103594355512,2.03102194811915,31.6824001034527
"alpha_t[404,1]",-0.03359317117729,-0.0319553325,0.0913514787750606,0.0937765842027,-0.18981175,0.100855646,1.77253712363632,1.70485146310351,58.6236600306279
"alpha_t[405,1]",-0.030674265884,-0.0316117635,0.0983495302966184,0.1032541254591,-0.1928149865,0.11438111,1.93972599020158,1.52840990634239,31.6824001034527
"alpha_t[406,1]",-0.02353006813758,-0.0221221055,0.109661344251983,0.1291478649279,-0.2058665255,0.1597563835,1.95657833387299,1.53869185146375,40.5548566509965
"alpha_t[407,1]",-0.012957983105,-0.0045042955,0.11738635771921,0.1367260577025,-0.215777489,0.149760244,2.03544115686763,1.50757166743472,40.5548566509965
"alpha_t[408,1]",-0.011472690858,-0.015543723,0.124264706251869,0.1468237861062,-0.2126640795,0.175457416,1.98192169614869,1.54827835872758,42.4389398926035
"alpha_t[409,1]",-0.00778483349999999,-0.0093547246,0.129287583203677,0.16541381484096,-0.212782153,0.1694292395,1.86703430582004,1.6244853550174,40.5548566509965
"alpha_t[410,1]",0.0101844293414,0.02671592,0.123627458748112,0.1509500472312,-0.1776608025,0.1821127685,1.86708579947479,1.58764000216522,51.1162111412476
"alpha_t[411,1]",0.03236617143,0.0487368825,0.127318877085917,0.1539505271808,-0.1599902275,0.21857352,1.81149981381482,1.60669215773392,33.2618317087078
"alpha_t[412,1]",0.043250395298,0.0560921065,0.125986209262797,0.1443213196509,-0.1499227995,0.2326018835,1.68817735967616,1.72333643748151,56.8419098881722
"alpha_t[413,1]",0.057223457136,0.085430992,0.134942381309197,0.1503849342261,-0.1466384475,0.250037973,1.48722992534204,2.04521391223803,37.7806563039724
"alpha_t[414,1]",0.06564823023,0.105542245,0.140059027114072,0.142582450017,-0.149942038,0.2662478055,1.46975350625392,2.08159001472168,73.5691550057053
"alpha_t[415,1]",0.07419584915,0.11729746,0.146045925367588,0.1557936821574,-0.169181547,0.2875432445,1.54265361671602,1.91256002118937,37.3293515358361
"alpha_t[416,1]",0.077321861467,0.124587835,0.150646485047773,0.142131094686,-0.1632721235,0.2951114185,1.67203512356126,1.74073745703535,31.6824001034527
"alpha_t[417,1]",0.0840468700223,0.118187145,0.158101600560934,0.175645417925271,-0.1850613665,0.3146996145,1.66697873836431,1.74271032872614,42.4389398926035
"alpha_t[418,1]",0.0844481265272,0.110780745,0.161215788782643,0.192746072757,-0.1629923715,0.3277096645,1.76856262564351,1.63521302394082,60.0313633245124
"alpha_t[419,1]",0.078462457405,0.119362585,0.15823857405246,0.17084768290884,-0.160918596,0.3069632935,1.82238483087806,1.59946993628629,48.4074922943175
"alpha_t[420,1]",0.0735456685873,0.11836069,0.159081925468986,0.189539090349,-0.1493032115,0.287614608,1.94999960385421,1.5167244494079,30.6204069389592
"alpha_t[421,1]",0.07354096940649,0.10852431,0.16283337919096,0.2120116050381,-0.1640233885,0.285454972,2.00796667176191,1.48029755175532,48.4074922943175
"alpha_t[422,1]",0.068972065405,0.089560915,0.161414056708361,0.222091315404,-0.155685744,0.290202969,2.04104584672225,1.47171764881085,30.6204069389592
"alpha_t[423,1]",0.063038529731,0.07662599,0.157234038656652,0.223596569532,-0.171579513,0.272561196,2.11648026749089,1.43254133947175,32.9939668174962
"alpha_t[424,1]",0.0593200085292,0.0876224205,0.159895021135834,0.2149419164949,-0.1664299295,0.275706755,2.10197508545754,1.43171960390033,48.4074922943175
"alpha_t[425,1]",0.0570888389318,0.0848917885,0.158343207329346,0.2087715688044,-0.190106578,0.2818805145,2.12237124974216,1.41412036027392,48.4074922943176
"alpha_t[426,1]",0.0532497514374,0.0611624995,0.157076980430372,0.2037565060293,-0.1775093315,0.2767985755,2.04882434694063,1.46914482193641,48.4074922943176
"alpha_t[427,1]",0.0532221110109,0.0714763325,0.158137283548851,0.2073698424105,-0.1881488095,0.291908126,1.98971776184587,1.47589688966905,21.0246288509397
"alpha_t[428,1]",0.048550209093,0.0402007085,0.157118532145404,0.2029581511335,-0.1776013425,0.301291358,1.9963717911369,1.4722034299982,51.1162111412477
"alpha_t[429,1]",0.0590562349065,0.0751294145,0.161876432360475,0.214140576384,-0.1766714205,0.313719434,1.85424319508999,1.57336009509968,31.9809941520468
"g[1,1]",-0.120399690729,-0.128246955,0.168912884805405,0.1733557522578,-0.3908994135,0.1736057495,1.11871464980227,5.62200775941244,21.2018415313787
"g[2,1]",-1.2193187569,-1.22866175,0.183900464243724,0.21261773862,-1.475882495,-0.903257907,1.50827561238685,2.11363824355775,21.5942744323791
"g[3,1]",-0.152402983794,-0.13911818,0.13884535213438,0.1464680177037,-0.368724337,0.06440748285,0.999106110333217,12.1412679137012,21.0246288509397
"g[4,1]",-0.041854798634,-0.0136321555,0.142707007607513,0.1429027168212,-0.2945323265,0.133529693,1.34169320030523,2.60314155490039,21.0246288509397
"g[5,1]",-0.4036585092,-0.39017813,0.128066368111703,0.147957312384,-0.604660585,-0.206918599,1.25515217724833,4.00361577190893,51.1098130841124
"g[6,1]",-0.052851802678,-0.054568994,0.109026799332094,0.09487455869619,-0.240312934,0.1443043185,1.07242349207926,9.83533381976151,51.0913089574079
"g[7,1]",0.125928663366,0.118526495,0.170826624944542,0.18952703992446,-0.136745041,0.411500936,1.46972694976659,2.0507706224282,34.0533177661022
"g[8,1]",-0.050539180983,-0.070139438,0.204282250869395,0.2604086720718,-0.3468927645,0.2855712455,1.99781009384924,1.46718635833141,26.8716958782109
"g[9,1]",-0.642774913,-0.643256745,0.208118773279527,0.262299323622,-0.9651230605,-0.3469808175,2.1077704301718,1.44198896730207,23.5468245425188
"g[10,1]",0.07510039699,0.0791191505,0.104005655436984,0.10696178136819,-0.107050523,0.247904906,1.05027688874965,26.6846254148574,53.8632643484494
"g[11,1]",-0.26706108591,-0.263100785,0.172425813430693,0.183362430489,-0.5304312005,0.01184637935,1.94114873352099,1.49446105395395,12.9368155368514
"g[1,2]",-0.082681200065,-0.141976485,0.215507563632332,0.2391854050383,-0.3816563275,0.276092444,1.18625617880727,8.5070421259442,78.3393298097876
"g[2,2]",-1.253614507,-1.25128185,0.197791334486503,0.19522765605,-1.576551205,-0.936628911,1.54443353727061,2.0043174201546,25.2488818352329
"g[3,2]",-0.092613091974,-0.0656703105,0.255500839198284,0.2257804608297,-0.5786729135,0.271896284,1.0044399777213,18.2422643561161,21.0246288509397
"g[4,2]",-0.0274845829641,-0.0201857225,0.218540164660343,0.2132862096015,-0.325143939,0.3448781325,1.41907352623212,2.40986380678549,31.5266625488985
"g[5,2]",-0.44977112816,-0.457040975,0.150565932424176,0.167205952662,-0.673462174,-0.160748695,1.13226091953819,12.6847982038497,40.5548566509965
"g[6,2]",0.018424995813,-0.021329819,0.196247388501695,0.1505789109384,-0.2824874825,0.4184223885,0.995859021888373,35.1251539976674,31.7839996054474
"g[7,2]",0.1757574470146,0.19172811,0.246422541222969,0.2416929419856,-0.2361158695,0.5603725845,1.16054393376803,4.86592325154194,29.9635545336693
"g[8,2]",-0.050079105138,-0.078848364,0.258978351915713,0.330383881275,-0.491028404,0.3229706075,1.64613990548139,1.79245374755311,56.8419098881722
"g[9,2]",-0.69998813996,-0.7103626,0.253642309428428,0.268423062075,-1.091897825,-0.3162649995,1.20465678576209,4.7739958286389,48.4074922943175
"g[10,2]",0.00712630401,0.00357469595,0.150051866383204,0.1438350298161,-0.265432655,0.2260150045,0.990400544462345,54.012235362254,51.556342412722
"g[11,2]",-0.293216836019,-0.31751746,0.166108222486028,0.165817505175,-0.5342838155,-0.00854567519500001,1.57804175584368,1.88041242172827,24.0120746432491
"g[1,3]",-0.102068628439,-0.128786615,0.202446340410418,0.221763505131,-0.406451745,0.2484517705,1.00403111043913,30.9684217734707,76.6284020089591
"g[2,3]",-1.1881643806,-1.17953705,0.196962330387122,0.20459309199,-1.51973347,-0.8768710955,1.55779433375759,1.91748244416842,22.7657083387537
"g[3,3]",-0.053203604056,-0.0282108025,0.221033132238502,0.221531329971,-0.4821941065,0.2611054465,0.996916313920602,23.0367111423041,32.8693155044046
"g[4,3]",-0.055423332111,-0.0531855935,0.164248520919556,0.1528530013962,-0.3290769895,0.1871138325,1.14768897070951,5.81431642347467,73.5691550057054
"g[5,3]",-0.44250946487,-0.45905413,0.169110734779492,0.161134171926,-0.664495925,-0.1607008816,1.12372409958937,8.56734952094396,40.5548566509965
"g[6,3]",-0.050519076915,-0.041888522,0.195678847857979,0.1386624934233,-0.442115978,0.2300656065,0.997134013686404,26.6172604119091,43.7970546868536
"g[7,3]",0.220433422929,0.2687939,0.276120738315085,0.2692992149232,-0.308367236,0.5851202125,1.19913232386394,4.54343995791956,30.6204069389591
"g[8,3]",-0.040078816103,-0.081984358,0.239747801287657,0.2836003537668,-0.3895478205,0.345609634,2.04889469652042,1.45389525505174,42.4389398926035
"g[9,3]",-0.6937595668,-0.64676435,0.294363603525169,0.321937345989,-1.14313813,-0.196712254,1.55179004404265,1.98320815370936,28.2121554086731
"g[10,3]",0.089877297986,0.0668774385,0.232298629897789,0.2112609616929,-0.286878848,0.510732512,1.018421257904,20.7611330656871,13.4086406374851
"g[11,3]",-0.267682830728,-0.26821792,0.183935343235707,0.197162790048,-0.5309636485,0.0607226923,1.84102952825907,1.59674166324013,42.5066796210833
"g[1,4]",-0.103352277778,-0.124492995,0.193308055958492,0.181088159154,-0.3532176085,0.2354032095,1.10022010832684,8.35175605398953,19.1696790448022
"g[2,4]",-1.1245126744,-1.12121625,0.205986845232528,0.237423000612,-1.427092455,-0.8015986635,1.74554230592411,1.67244216469665,51.1162111412476
"g[3,4]",-0.061108964229,-0.064604325,0.19300519124316,0.213651525948,-0.363377026,0.2596412355,1.13375528112072,7.25070212896435,25.9952465834819
"g[4,4]",-0.062602672682,-0.073195176,0.198701586962444,0.1926019558827,-0.4011875355,0.2548691915,1.24730353956383,3.69396123590203,40.5548566509965
"g[5,4]",-0.45146529109,-0.476390765,0.140584050475402,0.123791851596,-0.6408785945,-0.184189493,1.26274037648773,3.39867449616496,38.1322957198443
"g[6,4]",-0.022412298677,0.028765842,0.222179400626924,0.22408305507,-0.467144609,0.2540098805,1.05765437101045,16.9651138504201,32.4795842613214
"g[7,4]",0.1431683020706,0.1460772,0.196221262171383,0.20514393534075,-0.1325091505,0.4126398995,1.2497435734447,3.18744193787247,16.0963944076527
"g[8,4]",-0.01888719,-0.0472895085,0.230749981012223,0.2737010639601,-0.3461174245,0.3800520555,1.90493146864166,1.55219851808328,19.0382941688425
"g[9,4]",-0.7175296823,-0.70282526,0.321053236121159,0.367642382814,-1.198163245,-0.2038696085,1.4207038893863,2.45077914410709,56.8419098881722
"g[10,4]",0.079807358793,0.0975996325,0.191585256891335,0.15835049250027,-0.239976256,0.363412179,1.10879732019692,13.5342004918241,29.9635545336692
"g[11,4]",-0.296360312187,-0.29556749,0.168455648961216,0.164889182598,-0.552328187,0.00729949600999999,1.61438414301587,1.97241159830542,18.6269292176689
"g[1,5]",-0.159729278817,-0.204071995,0.235967675241207,0.2034320849799,-0.519488184,0.2400420865,1.04174808327758,22.1319506491084,58.1996870625698
"g[2,5]",-1.1472308813,-1.16748035,0.179750076605106,0.19383638421,-1.40939097,-0.8445112955,1.36470982516501,2.51284032894978,21.5942744323791
"g[3,5]",-0.07124144654101,-0.0511177255,0.216693675430115,0.201462752589,-0.433537644,0.23570804,1.14525028598265,6.60948773627688,58.9391161255239
"g[4,5]",-0.10190235086034,-0.0927798495,0.21866508158323,0.1911579790953,-0.494339073,0.262695634,1.1782051578952,5.92404866762537,44.5810103703794
"g[5,5]",-0.44577962453,-0.447902945,0.164354510761769,0.170850517047,-0.6932099975,-0.166421575,1.23705608133762,3.51477531856116,37.7806563039724
"g[6,5]",-0.097128769613,-0.072447285,0.209549567888027,0.1710119506893,-0.4709036745,0.221185976,1.31613091114325,2.88793014867519,40.5548566509965
"g[7,5]",0.145552891132,0.137529645,0.198609012779266,0.20454927174549,-0.1282159215,0.5238943725,1.17366282144457,4.69223055272011,16.3597270262691
"g[8,5]",-0.023770539464,-0.01722753,0.218655142267818,0.238275888501,-0.3759988535,0.3358912455,1.73054300180967,1.71936813749458,18.6686579901856
"g[9,5]",-0.6117091508516,-0.669308,0.372903387763193,0.431484450915,-1.186453955,-0.01336484909,1.50365976363159,2.20295522999951,17.371451260671
"g[10,5]",0.080950808463,0.0994257315,0.200559672515569,0.1997704766253,-0.282308253,0.3632971415,1.04658627033129,29.4144077545197,40.0013061650993
"g[11,5]",-0.24891739735,-0.239694755,0.178699744762743,0.163229804787,-0.5277204145,0.101497686,1.81610974177949,1.583152746597,13.0041082366429
"g[1,6]",-0.1120002885122,-0.10816639,0.191734519641745,0.1826491279074,-0.415227355,0.2491301635,1.10655708747334,7.73423701432976,31.6824001034527
"g[2,6]",-1.0740689447,-1.0853201,0.168585208765186,0.16960254591,-1.387408855,-0.7691706305,1.49089181651951,2.10714565427207,35.7580711074786
"g[3,6]",-0.235851148206,-0.181470735,0.3154067551389,0.3222257131716,-0.7892733705,0.1830896285,1.14368697721435,11.3708411097139,25.3298043918779
"g[4,6]",-0.010158630733,-0.0113614075,0.240811901505151,0.240208465014,-0.4060462705,0.4124658235,1.14462755903409,7.12108758309026,24.3582350718817
"g[5,6]",-0.43161583225,-0.44357291,0.196240638538272,0.249572277507,-0.7046889705,-0.1381632335,1.33895069481811,2.72474796157568,76.6284020089592
"g[6,6]",-0.03435863827,-0.024968887,0.159713803287355,0.133589420958,-0.301392461,0.227481851,1.01556530833263,47.5099886422299,42.5066796210831
"g[7,6]",0.1770728219438,0.1629353,0.268836473891904,0.34630385475,-0.217458287,0.5856112055,1.00539934441793,16.7649056260087,58.361007520573
"g[8,6]",-0.018936340081,-0.0350708915,0.253234793572207,0.2784437234481,-0.373579516,0.3915649965,1.8224559157259,1.57890880164137,13.0721046622062
"g[9,6]",-0.614809530249,-0.632611985,0.30026806140266,0.36111717852,-1.08476413,-0.1506392355,1.57150861885435,2.02407924908891,39.9139812974487
"g[10,6]",0.1213079397336,0.127300925,0.244268269507298,0.279562866282,-0.240270018,0.522106894,0.996200378450859,35.9553383722142,76.6284020089591
"g[11,6]",-0.268251868372,-0.27660556,0.177864166396178,0.187366562439,-0.527093731,-0.011744266615,1.83421589874812,1.62855237756969,40.5548566509965
"g[1,7]",-0.158710718499,-0.18028775,0.261695402730392,0.201009380922,-0.478291777,0.411690482,1.04950257842142,19.6109695415745,31.7839996054474
"g[2,7]",-0.9945398618,-0.9852392,0.196127694273299,0.22792387863,-1.331193675,-0.717523684,1.77752039494553,1.63570771756922,31.6824001034527
"g[3,7]",-0.137673421464,-0.14135167,0.299488970224418,0.3003319180491,-0.626951487,0.3133070435,1.03939698428089,15.719656539864,14.4246620507748
"g[4,7]",-0.0607537201059,-0.0464871595,0.19013976818266,0.1955096821524,-0.3575633035,0.2376129695,1.15489804734261,5.49311110337046,40.5548566509965
"g[5,7]",-0.45987793105,-0.473557685,0.191400273568917,0.220789273845,-0.758615875,-0.1622561675,1.49990848517214,2.09689911509078,37.7085513759773
"g[6,7]",0.011839105445,0.03123979,0.17181961967544,0.1573353600609,-0.2896914785,0.3077732295,1.09118160259056,36.6905517223218,56.8419098881722
"g[7,7]",0.10399378884335,0.10813947,0.256484700481552,0.2441217024645,-0.3760263775,0.479868278,1.14571377875183,5.46326117196604,46.2742551554156
"g[8,7]",-0.025929122236,-0.0164285075,0.249806340804631,0.259095350892,-0.4754063895,0.340252661,1.7998433895004,1.6846093839007,31.6824001034527
"g[9,7]",-0.64795361311,-0.682317175,0.316476030812864,0.372131354616,-1.11140708,-0.0978959292000001,1.38149080756176,2.42925619064894,21.0246288509397
"g[10,7]",0.100708291776,0.0775149415,0.200288811764647,0.2085322512189,-0.1825077915,0.4683446485,1.0481836307913,30.8357416523774,40.5548566509965
"g[11,7]",-0.29609121468,-0.31035043,0.16434797345364,0.156461468919,-0.554418566,-0.0137227420000001,1.55383341863399,2.11969211254955,46.6027543178878
"g[1,8]",-0.058573183825,-0.064809851,0.220371128729571,0.2219795963049,-0.4068438945,0.3477613125,1.15679833462744,4.90045383986919,21.5942744323791
"g[2,8]",-0.9598425858,-0.947838275,0.179912588411488,0.182471076543,-1.28493011,-0.688916235,1.55352566674436,1.94999334832687,12.9368155368514
"g[3,8]",-0.264918326011,-0.28646513,0.2345055432019,0.212797444566,-0.6101482005,0.182839889,0.992991946801184,39.7131954271662,31.7839996054474
"g[4,8]",-0.038261852995,-0.033344261,0.199754517853909,0.2288751236856,-0.335136248,0.279372341,1.17785081615062,4.56346776393717,39.410610301451
"g[5,8]",-0.46281948029,-0.45842302,0.20968173034025,0.215485153737,-0.79550755,-0.136504807,1.55914481879713,1.89061912511782,17.7035912999494
"g[6,8]",-0.116587246865,-0.0818306875,0.193396577076946,0.1821711695433,-0.445794255,0.181303711,1.25029984479386,3.80774191558819,36.9744348193533
"g[7,8]",0.133946163494,0.16715106,0.232504725425875,0.2007699046983,-0.392271274,0.4650354305,1.00334513417669,21.6027742329601,31.7839996054474
"g[8,8]",-0.00330596736469997,0.029133916,0.213138772143552,0.2227604335404,-0.3352970615,0.294775274,1.64512676977727,1.78055950199011,36.672254819782
"g[9,8]",-0.6993397385,-0.72524724,0.286039931159286,0.382194895005,-1.180103255,-0.264586861,1.68545563660349,1.76973894479492,73.5691550057053
"g[10,8]",0.227190460657,0.205601425,0.204678979397566,0.1950990493956,-0.08677801765,0.599160949,1.02169929177138,35.3125686798424,70.4434640159661
"g[11,8]",-0.315207737628,-0.322947205,0.14267981291031,0.152595329964,-0.5441165785,-0.08917074685,1.70016432307335,1.73019208679978,49.4450050454086
"g[1,9]",-0.125426999818,-0.163155995,0.218079155932467,0.2103085513137,-0.4401803895,0.283854498,1.00239419613583,17.2863204611348,49.5069511800841
"g[2,9]",-0.9295027714,-0.91712794,0.161239897241683,0.173720556366,-1.25600504,-0.714626121,1.35205246575946,3.03743893212302,30.6204069389592
"g[3,9]",-0.29210345619174,-0.289847255,0.249540541424675,0.223092567075,-0.739205913,0.0196501259999997,1.01021405744756,20.4534072177966,54.856456899439
"g[4,9]",-0.027690546481,-0.04589288,0.213461435292114,0.16860260634,-0.365426009,0.3853018905,1.12451210777433,15.1667696370977,31.4535141569991
"g[5,9]",-0.51267542393,-0.508028065,0.204140609137105,0.233616877305,-0.8253669025,-0.2308138725,1.29725079631283,2.83154355863747,23.0844608600611
"g[6,9]",-0.040174385401,-0.0430957235,0.237057990923412,0.1682505436962,-0.4360782675,0.345264399,1.08345063368566,31.6008730973913,38.2860357544693
"g[7,9]",0.07039238225,0.130439045,0.253988927342279,0.201823350561,-0.4732051575,0.370998366,1.20236329472228,3.90505576192571,16.7544279559598
"g[8,9]",-0.016898846253,0.01189617,0.253608674890119,0.294191398788,-0.427716805,0.3685415705,1.7862397392914,1.62000579481669,51.1162111412476
"g[9,9]",-0.72618054156,-0.763070995,0.268376500843016,0.246680221578,-1.159755325,-0.2953686335,1.14686356683464,6.58132754445688,52.4502744151649
"g[10,9]",0.136291535792,0.127308675,0.185388188763985,0.17656402059891,-0.1476841465,0.4525655035,1.00536864428342,18.4412594526306,19.7138672975103
"g[11,9]",-0.285727123097,-0.290934445,0.166764271894618,0.185530325274,-0.546588677,-0.0283261638050001,1.95674318473683,1.52840913166877,18.2863113897596
"g[1,10]",-0.112390744624,-0.1275773,0.203897544571819,0.20439863736159,-0.426321434,0.2373317975,1.14854871961914,5.48275907273158,37.6992675570874
"g[2,10]",-0.8996794812,-0.891734975,0.138798329828169,0.118455010506,-1.140938045,-0.638380711,1.11288176673688,13.5555968050613,30.1538461538462
"g[3,10]",-0.256741919619,-0.19076884,0.262862818033491,0.2466973315233,-0.6796465335,0.09880237305,0.995972644712216,18.0277541767276,31.7839996054474
"g[4,10]",-0.0514490997622,-0.0482122675,0.183506656414523,0.1829503900035,-0.317529125,0.2168413935,1.40291040682497,2.4855739502354,31.6824001034527
"g[5,10]",-0.50820050918,-0.5033818,0.21664924110721,0.192384555573,-0.882090851,-0.1614368485,1.32071020989297,2.6475310596495,33.5956997504318
"g[6,10]",-0.0955838428527,-0.0929988935,0.229917257413609,0.2492236263258,-0.518969786,0.238363338,1.3059450830361,2.82196180163255,42.4389398926035
"g[7,10]",0.115225601581,0.104394405,0.221533540528474,0.197867714457,-0.2431960255,0.5181306715,1.09765242632829,11.1946424812806,31.6178933065416
"g[8,10]",-0.0220506017229,0.015610704,0.253845697520863,0.289210151895,-0.498781486,0.347983493,1.72974701749756,1.70614250973703,21.6798810703667
"g[9,10]",-0.650283085556,-0.68260672,0.338837437339037,0.404362329903,-1.143389235,-0.11643585195,1.42215367551652,2.76084952739135,28.718150413553
"g[10,10]",0.081570742714,0.096821745,0.203506013325787,0.2481495278451,-0.2247615565,0.368680911,1.07340521315102,37.2428689002841,48.4074922943175
"g[11,10]",-0.291824418871,-0.316380995,0.163596622343508,0.206241787668,-0.551932368,-0.0283444719,1.88046274701213,1.5927089763557,14.4246620507748
"g[1,11]",-0.1479020445113,-0.17440426,0.203668356000835,0.20404890366,-0.427144129,0.2444782115,1.01678150947539,21.7587754378298,33.5956997504318
"g[2,11]",-0.8873873569,-0.886137525,0.136343187161742,0.128573066097,-1.09378737,-0.6516391545,1.0711475607577,21.4831864616226,48.1619815215255
"g[3,11]",-0.196533252775,-0.183878245,0.196738296587446,0.1418956185171,-0.5537345475,0.1125448895,1.13143109083012,6.67039488756414,19.9339332498007
"g[4,11]",-0.032459042831,-0.0329799405,0.193562684074934,0.211933051701,-0.36605263,0.229795075,1.35197910520189,2.70817134336077,45.7499253062444
"g[5,11]",-0.48548181831,-0.4545027,0.23333120334342,0.248585014167,-0.862854171,-0.1263785325,1.57584892526103,1.84039153165315,30.5219882895229
"g[6,11]",-0.138226601348,-0.156766505,0.202640360198324,0.233882047728,-0.478992025,0.177375055,1.12351661916321,7.06123969979229,58.2639714625445
"g[7,11]",0.124293050155,0.134965725,0.178825056941507,0.1415524010649,-0.2730090555,0.395568,1.00650858403644,22.0218866070921,58.361007520573
"g[8,11]",-0.014164798338,-0.0117495485,0.251616541495748,0.3173552424441,-0.3890996505,0.357814422,1.8964338915919,1.53709793425427,19.8390205192155
"g[9,11]",-0.68453141972,-0.719035125,0.3526050954357,0.375074752983,-1.26207346,-0.13765929615,1.4958239818498,2.27334794366431,29.9635545336692
"g[10,11]",0.0773233657856,0.0969426505,0.208843253159963,0.2127394074477,-0.265467339,0.4114765665,0.995278238827967,18.0319300474153,50.2287038392957
"g[11,11]",-0.33795582537,-0.34819626,0.155646208593948,0.151982156256,-0.5609151015,-0.0152656597,1.4361864065252,2.2702542903521,21.5942744323791
"g[1,12]",-0.111618166878,-0.14618247,0.170277086933997,0.15234033759,-0.391032274,0.16392297,1.01262040573365,29.9532817517299,47.507860551729
"g[2,12]",-0.8838144964,-0.88459034,0.124783160303676,0.128859934371,-1.082475575,-0.667528245,1.04267805066312,22.3396157487331,52.2238977401648
"g[3,12]",-0.286904862276,-0.248648185,0.209282851549578,0.167654142642,-0.64005576,-0.00129122942000003,1.04297059868441,20.644107553886,21.0246288509397
"g[4,12]",-0.0237238883208,-0.027288416,0.222176511423108,0.2045295314454,-0.3467332545,0.3618558735,1.24103931556266,3.46466875857234,25.2275629144528
"g[5,12]",-0.48014187383,-0.483818265,0.24103842622735,0.253917993084,-0.8905688855,-0.08727452885,1.43623392196261,2.15041826807759,16.4566484859883
"g[6,12]",-0.054079003559,-0.0613187315,0.19937664629655,0.238538694177,-0.3592226765,0.2437398315,1.09430587481463,10.47734709828,24.9964290815597
"g[7,12]",0.0536552287839,0.091049673,0.223665693175319,0.1983139755744,-0.3713592915,0.3908177315,1.21035284298114,3.9725584824593,65.4003091120767
"g[8,12]",-0.06056582894,-0.016005295,0.296373432992868,0.343627783989,-0.5475444325,0.3563332475,1.79826109523333,1.70002452547594,56.8419098881722
"g[9,12]",-0.60651684948,-0.656488375,0.365040061704252,0.46271234352,-1.131878015,-0.00839795245000013,1.54947714499354,2.0122467742547,40.5548566509965
"g[10,12]",0.060580622743,0.039202766,0.245728031990462,0.2382141812064,-0.333612856,0.494801828,0.990100059585079,26.2633825558368,31.7839996054474
"g[11,12]",-0.3549788983,-0.342886745,0.13264517682879,0.124786705848,-0.5912357055,-0.1623241035,1.39777950370245,2.44784391198745,31.6824001034527
"g[1,13]",-0.108383767787,-0.13675369,0.236554738168713,0.2467094102655,-0.492900071,0.2837628175,1.10858434566338,6.33876045912095,22.1799746514575
"g[2,13]",-0.8646774134,-0.8736756,0.143948240216821,0.152788794438,-1.07007359,-0.6273798855,1.08608114997856,14.0434066030209,33.2618317087078
"g[3,13]",-0.241286082507,-0.23770081,0.307348684142179,0.309302917896,-0.726520188,0.312008616,1.14628384407341,7.06281102748195,37.7806563039724
"g[4,13]",-0.0510203250681,-0.0349590205,0.194835287641206,0.1938682134081,-0.3615728805,0.2442836115,1.30787914502107,3.01758428330361,52.4502744151648
"g[5,13]",-0.4716193904,-0.461769205,0.205961403233049,0.259383605397,-0.816942201,-0.184806451,1.41600910483899,2.19145247904776,48.7251899288015
"g[6,13]",-0.120613865099,-0.12526918,0.261596088347729,0.292456808679,-0.5103008755,0.3170861285,1.11154508168973,18.8503480390196,25.3298043918779
"g[7,13]",0.039685015948,0.080485696,0.210904310595278,0.1919410305939,-0.380879877,0.3087166625,1.12634073406701,7.6901819080433,13.5711516091508
"g[8,13]",0.0113027204375,0.0425246995,0.266565554894431,0.3329113888443,-0.442001262,0.3826399175,1.36672010550189,2.52062111903812,23.0384412848869
"g[9,13]",-0.640499559819,-0.636065865,0.310409201102534,0.348402801222,-1.14118514,-0.176312898,1.57839340194784,1.92239032909674,25.4028160836116
"g[10,13]",0.037897769383,0.0168675185,0.248554191140198,0.2608141535349,-0.326061766,0.448040752,1.03892845476116,13.9310803046493,51.5338182396663
"g[11,13]",-0.350664025653,-0.36569161,0.151832313783383,0.111241835334,-0.5976234105,-0.0432341455,1.18407959064707,5.12670885049707,19.0528034839412
"g[1,14]",-0.08928527838545,-0.121973675,0.204926230426372,0.201961002558,-0.39248675,0.2941749765,1.02471472018417,15.4835885076872,38.1037212984956
"g[2,14]",-0.8740318123,-0.888016805,0.153418583791741,0.139648384617,-1.106823085,-0.592648859,1.03626277919183,11.5078083299616,21.0246288509397
"g[3,14]",-0.252551043548,-0.211645105,0.324540849347739,0.314788789938,-0.7433940475,0.186495335,1.00621071853761,17.8381450967405,23.0844608600611
"g[4,14]",-0.008673951461,0.01033724405,0.192956756987759,0.23281172772753,-0.312696283,0.2891961925,1.15644258348269,5.93320205025618,29.7944789006445
"g[5,14]",-0.46044915483,-0.46227897,0.196848551634753,0.200134476423,-0.7495199495,-0.05496801345,1.25075952496588,3.17253363925179,76.5816454113528
"g[6,14]",-0.09157127025547,-0.066205188,0.231995480457966,0.1484082711195,-0.487473334,0.257322838,1.05983009167587,17.1814596104632,37.1482290150412
"g[7,14]",-0.01348947245,0.01827896,0.185631419778011,0.1271292783411,-0.3904163015,0.1940008585,1.1966029855704,5.46110103561067,56.8419098881722
"g[8,14]",-0.016514211575,-0.013553387,0.245994729734645,0.306871713351,-0.3806617785,0.406195329,1.58661143532169,1.89382424287946,73.5691550057054
"g[9,14]",-0.56828534685,-0.59294594,0.373551078550507,0.395802583281,-1.132785645,-0.0406214954500003,1.69590036125787,1.76938390789941,13.0721046622061
"g[10,14]",0.115864939831,0.13663378,0.212113966805174,0.2085214386171,-0.2194606805,0.4128300245,1.16090509188479,26.3635168184101,31.6824001034527
"g[11,14]",-0.32844848357,-0.341900165,0.147174135446212,0.140578901442,-0.549052565,-0.05756441675,1.25051771360484,3.45794601606325,12.9368155368514
"g[1,15]",-0.0813420490797,-0.1075283055,0.241854749770582,0.2599702175847,-0.4122401025,0.327808991,1.10187801584402,7.50919253527805,14.3090760425184
"g[2,15]",-0.8928121432,-0.902960785,0.160112779109614,0.166595618133,-1.129449715,-0.634255492,1.27345214581959,12.3762384574087,21.0246288509397
"g[3,15]",-0.28169744667,-0.25995372,0.213154643622097,0.216424188099,-0.6300829875,0.02663362895,1.01863948562628,18.873857614596,64.1247496225411
"g[4,15]",-0.020455127178,-0.0169060675,0.140369462343253,0.1381026169614,-0.2663046235,0.190739028,1.08741002457701,11.9614054254975,44.5066124109867
"g[5,15]",-0.45832404905,-0.47601526,0.16944087552681,0.168401832648,-0.7199938635,-0.1823942765,1.03404497165432,18.7160226910378,52.4502744151648
"g[6,15]",-0.119824188926,-0.124564705,0.24958102597078,0.244401472791,-0.510842162,0.359884621,1.0080935804426,16.1621204460924,30.6204069389592
"g[7,15]",-0.02373732181542,0.0388461655,0.268613130020032,0.2201157205107,-0.562161935,0.3121583295,1.20532545449632,6.24402607703407,21.0246288509397
"g[8,15]",-0.00700053658699999,0.026484232,0.25529074669628,0.295673339031,-0.459450125,0.3311975585,1.54560688216898,1.97908632242093,42.4389398926035
"g[9,15]",-0.552724791482,-0.540806285,0.370139195055028,0.397111066737,-1.18016306,0.1137272235,1.34731950079936,3.16538323976631,33.4160779071984
"g[10,15]",0.09958094860127,0.050919457,0.232961487252547,0.235508519232,-0.201934761,0.5183054885,1.01193753172025,23.3663767075087,51.5563424127221
"g[11,15]",-0.3396674516,-0.336584195,0.143764732764065,0.12705118461,-0.569432286,-0.11050643115,1.06672066091267,17.7442190178972,45.7499253062444
"g[1,16]",-0.13383474915,-0.163234785,0.210678717208623,0.1442827727922,-0.398701246,0.3186928225,0.991820284816018,35.4310368814846,21.0246288509397
"g[2,16]",-0.8935248923,-0.87692197,0.142840699977556,0.134012295543,-1.12916877,-0.682174344,1.25379139077733,12.407221872615,56.8419098881722
"g[3,16]",-0.144972125086,-0.128521465,0.211444606365704,0.19661120176488,-0.513329036,0.19003774,1.02798256805223,16.5044825455981,40.5548566509965
"g[4,16]",-0.019685811362,-0.027732153,0.163806261042981,0.1819588730841,-0.285473731,0.2539532905,1.11691829179665,15.2544187523812,26.4790437282493
"g[5,16]",-0.43107367614,-0.451194595,0.157715801031644,0.145510340388,-0.6765807355,-0.1461142965,1.08278269872476,27.2599632682912,49.1021324354655
"g[6,16]",-0.1573536005305,-0.128272985,0.202997944345614,0.206467194759,-0.4802273615,0.130106556,1.01716629387813,28.3653249256842,34.362847091416
"g[7,16]",0.0718217170035,0.0548916375,0.170815200786522,0.1586686103499,-0.207243623,0.389916003,1.03702983226,29.5721200084377,16.4026619177055
"g[8,16]",-0.01445597249,-0.0316229235,0.245273883921287,0.2865947246631,-0.3454511325,0.3904718065,1.65190753942547,1.81504880042674,25.9952465834819
"g[9,16]",-0.63705414332,-0.69406203,0.292533420564799,0.273352803444,-1.04521483,-0.0972087135,1.26854317668906,4.97100863784363,54.3553240438646
"g[10,16]",0.106951604774,0.098641185,0.189864983365791,0.169961127546,-0.1990584205,0.460224342,1.002387311456,33.5015133067639,16.4892113445774
"g[11,16]",-0.34278949593,-0.34522821,0.118062848620583,0.122062509891,-0.535940375,-0.169416843,1.09476068695794,8.54291111404252,18.4618630657242
"g[1,17]",-0.0809535179506,-0.11565607,0.207817001782675,0.2082686834865,-0.367643291,0.264962956,1.06586936981623,11.3454696906587,56.8419098881722
"g[2,17]",-0.8970597854,-0.908580265,0.142221164965793,0.119135264451,-1.116823165,-0.6716873055,1.1457711324233,11.8664354360435,24.3582350718816
"g[3,17]",-0.146539160599,-0.14192784,0.266375410687946,0.2466192882006,-0.578241023,0.363524673,1.1087101111595,11.8631480273072,28.1169665809769
"g[4,17]",-0.03568829348368,-0.0278170305,0.22631792795166,0.202335381297,-0.4261457355,0.2985592315,1.23777299953318,3.53496860027435,30.6204069389591
"g[5,17]",-0.395173664535,-0.417161745,0.170982612112262,0.131990147751,-0.669947931,-0.0434610181250001,1.06760903585735,32.5396922912175,56.8419098881722
"g[6,17]",-0.2021367445954,-0.189233205,0.232305593310737,0.24267960339,-0.5689919945,0.1674808205,1.13691543695521,6.55169386311553,54.8564568994389
"g[7,17]",0.089879595253,0.098255293,0.155812746722699,0.14172374774145,-0.188635683,0.319749103,1.11096399897202,8.88641461997683,73.5691550057053
"g[8,17]",-0.043221754949,-0.048676827,0.245074080502568,0.28332545304,-0.4302406415,0.320276118,1.6115024925214,1.82595678375166,24.0351600054937
"g[9,17]",-0.61562975196282,-0.647722655,0.39669889924559,0.403780268556,-1.20575118,-0.0444436215641001,1.58987552952584,1.92600053572401,31.6824001034527
"g[10,17]",0.096256980948,0.074651304,0.19401599544689,0.2162261097738,-0.225809386,0.390563887,1.04592151538933,21.4351718571624,33.4730820866788
"g[11,17]",-0.307757474401,-0.364888585,0.177354118530614,0.107911144782,-0.4983679685,0.1035020595,1.04150143062513,14.9348763106892,27.0520946050394
"g[1,18]",-0.101843827097,-0.10477018,0.170273705875163,0.16046791157523,-0.384993224,0.183798961,1.15054944300337,4.85925097950094,17.8171451842802
"g[2,18]",-0.8779400989,-0.894782965,0.139960808086899,0.141427949397,-1.101976935,-0.6504016055,1.00264452584169,25.1471827342812,76.6284020089592
"g[3,18]",-0.121496977758,-0.104413625,0.205547371213603,0.1942089712269,-0.482478952,0.205337351,1.04071533235209,18.1608704536175,31.7839996054474
"g[4,18]",-0.038249841064,-0.0551411825,0.213448387407874,0.2409148460775,-0.348762608,0.308586953,1.04436232324222,34.1666615106414,52.4502744151648
"g[5,18]",-0.3878280738,-0.38002203,0.128078066776862,0.122998156512,-0.6147988855,-0.1902588505,1.03412287908963,44.1946406094216,58.1996870625698
"g[6,18]",-0.110648971961,-0.086311704,0.212922931095955,0.2153746503699,-0.43309238,0.2347966875,1.04598172991755,14.3164297453062,58.0761852780705
"g[7,18]",0.0451150693519,0.105058085,0.250073008812681,0.156385988722593,-0.457037335,0.4029105505,1.05559859604485,9.22431757044902,16.8107588856868
"g[8,18]",0.00532707340300001,0.062913698,0.210432816418801,0.2190331608318,-0.3775954755,0.2783726565,1.43077814007099,2.25662583348903,21.0246288509397
"g[9,18]",-0.47440987215,-0.45266739,0.333197038187247,0.375105694845,-0.997515517,0.1028555105,1.5510083157627,1.91304238151351,24.3868450390189
"g[10,18]",0.09250825132,0.097988673,0.23810172938854,0.2294295767967,-0.2573440015,0.559196322,1.20603893596936,4.87576172767714,19.3327441449403
"g[11,18]",-0.327137592556,-0.350322585,0.132428753401046,0.103030106823,-0.5121278335,-0.0927762822500002,1.01127313619471,26.3097253896229,21.0246288509397
"g[1,19]",-0.085826723,-0.11029647,0.178125210470008,0.1493985144855,-0.357862014,0.2361897425,1.01743637278954,22.7904198522479,29.5600444323016
"g[2,19]",-0.8688479415,-0.8663229,0.127834673695045,0.126298639089,-1.070914095,-0.617549394,1.04585559777619,13.1671524796783,40.5548566509965
"g[3,19]",-0.264553002141,-0.22386013,0.26803781350143,0.2061932666178,-0.7562409045,0.08333546905,1.1434198743238,15.6392687420616,21.0246288509397
"g[4,19]",-0.04600842703,-0.0503750285,0.214726456135169,0.2024450966622,-0.403762628,0.2832758205,1.22380235134891,4.05308594458551,48.4074922943175
"g[5,19]",-0.39676545113,-0.40290478,0.131169315026152,0.100223952738,-0.6038176625,-0.195880345,1.10342605246485,17.484612369235,56.8419098881722
"g[6,19]",-0.1244374070434,-0.141647155,0.188280570753594,0.157840242441,-0.430519949,0.184064196,1.06502634629117,17.3800261303529,42.4389398926035
"g[7,19]",0.029718729435,0.0403659245,0.211572816549213,0.2264819011287,-0.3320680125,0.362639995,1.27850966140503,3.25282677628622,20.5230444470505
"g[8,19]",-0.011642838735,0.0325923755,0.259885847325715,0.2529169037577,-0.4480122815,0.354760919,1.61056730734758,1.90745670555826,50.7015438102727
"g[9,19]",-0.498852715907,-0.489629615,0.328635305824312,0.381285386622,-0.9972421975,0.07842900015,1.43639041117344,2.26586267968202,58.1996870625698
"g[10,19]",0.106866040386,0.11461375,0.218160892628425,0.17484700960398,-0.2991313395,0.4456858225,1.00934254916282,23.696167976289,31.4535141569991
"g[11,19]",-0.32248378323,-0.350090685,0.143853070727424,0.12463840137,-0.501475458,-0.06943685065,1.04476558489846,21.3823604480751,52.4502744151648
"g[1,20]",-0.071794722846,-0.0775364925,0.196829015724838,0.2105821058397,-0.353174543,0.2609395375,1.05451641264919,25.849183636825,40.5548566509965
"g[2,20]",-0.8561626664,-0.85198354,0.149635431741774,0.148874144811,-1.09795075,-0.630142654,1.13324569658791,6.89452085658618,58.9391161255238
"g[3,20]",-0.251978224985,-0.26938815,0.26164981200582,0.2517944925321,-0.647673463,0.1907796455,1.05572051933221,23.7129162873867,60.0313633245124
"g[4,20]",-0.032004784923,-0.0244209205,0.208412197881142,0.2229686002173,-0.341586949,0.3145394275,1.13479408228182,7.17413397070314,32.9939668174962
"g[5,20]",-0.37467917543,-0.389589305,0.128986975067397,0.10926850956,-0.576889807,-0.1230426145,1.04661879926426,19.8600891278471,78.3393298097877
"g[6,20]",-0.14871168528,-0.15446488,0.201074234396545,0.2019795306102,-0.488570833,0.183534978,1.01625836819132,35.4650473356778,30.6204069389592
"g[7,20]",0.04153523164,0.078637812,0.204081536784629,0.165231203592,-0.2861600975,0.3312138015,1.06305134682925,12.7782539114061,13.0721046622061
"g[8,20]",-0.00336440375300001,0.0341542395,0.240155855247807,0.24253275186,-0.4179000475,0.3721584645,1.44172586599522,2.18710947422745,32.9939668174962
"g[9,20]",-0.67446667367,-0.73488317,0.357392700912595,0.383347846308,-1.1551544,-0.0487432585500002,1.25847978740271,7.1558530398358,40.5548566509965
"g[10,20]",0.088421207171,0.0736177565,0.209372175166616,0.2493314543412,-0.214921951,0.4346568985,1.04011435852965,15.6394447106762,68.8140521811376
"g[11,20]",-0.284385391039,-0.32995764,0.181104636023745,0.126654485328,-0.4828726645,0.0926711122499998,1.07592081182047,10.8744210097029,32.4795842613214
"g[1,21]",-0.05970125536,-0.10547948,0.256578108435086,0.236718988002,-0.4010365195,0.45299406,1.02230544979567,16.4769721570897,21.0246288509397
"g[2,21]",-0.816897526,-0.84508346,0.155830267403575,0.148380587271,-1.046719045,-0.512604562,1.23611394732366,3.7128252311305,26.2712046151536
"g[3,21]",-0.222148369348,-0.1992561,0.263841833139603,0.2451707027511,-0.698569604,0.1758634185,1.12007654573491,6.95912717608455,92.5821824972985
"g[4,21]",-0.0779689057118,-0.044808709,0.242092655403549,0.237627932997,-0.4795693795,0.2826800175,1.41533842428824,2.67133201514739,48.4074922943175
"g[5,21]",-0.38444705884,-0.40810338,0.172516508736541,0.150942786939,-0.6378010185,-0.08376573995,1.054977662618,22.683424769441,71.2874531148375
"g[6,21]",-0.1760209093566,-0.16007883,0.233172977194855,0.214506437586,-0.563619441,0.2259165215,1.06287216138428,18.0654057796782,44.5810103703794
"g[7,21]",0.077155680061,0.0677955155,0.200536520228038,0.1720386489654,-0.2196549265,0.442213017,1.12901518406815,11.9357208220362,47.4879826329663
"g[8,21]",-0.00963879502399999,-0.0089095612,0.252079159850679,0.26955067396488,-0.4227022365,0.408690543,1.54755842615917,1.96430930319139,34.099766173032
"g[9,21]",-0.57637491954,-0.61084035,0.390859424229661,0.377516684139,-1.03259842,0.0501326798999998,1.6479448562713,1.82805442093407,31.2859149533904
"g[10,21]",0.111576312997,0.139099625,0.281742154206461,0.2779775828886,-0.353830593,0.4825649915,1.05019765552075,18.1022724603369,31.7839996054474
"g[11,21]",-0.30404057932,-0.307978055,0.141152726188955,0.133709348472,-0.569904318,-0.0815209252,1.04103370296503,22.9521425066565,37.7806563039724
"g[1,22]",-0.112152252301,-0.127244165,0.2178928523059,0.238790832546,-0.399561684,0.2413623605,1.01660755622135,19.272532405727,65.7762636916379
"g[2,22]",-0.8296053639,-0.830420085,0.151243493628095,0.163142131236,-1.04718533,-0.5545685395,1.15726897942285,9.49748101362971,21.5942744323791
"g[3,22]",-0.1463471050803,-0.15222377,0.274472754271839,0.2692368256326,-0.565189581,0.307091956,1.05772602377938,24.9470157906291,40.5548566509965
"g[4,22]",-0.0891962557092,-0.089204756,0.209609630334784,0.1993638342864,-0.478411962,0.251560733,1.28875482459224,3.22419071797495,31.6824001034527
"g[5,22]",-0.39160718506,-0.39150766,0.139856778266139,0.143549208999,-0.6059626855,-0.176215267,1.07237080446488,25.9180921484948,51.9994667620882
"g[6,22]",-0.143658183364,-0.177166205,0.222399088356347,0.1988115012933,-0.517957017,0.2360379865,1.02211963915556,36.4776704030449,76.6284020089591
"g[7,22]",0.047950074637,0.038336625,0.20666104495887,0.1828209078738,-0.323136619,0.368807177,1.2211704345124,3.8249305407633,31.9809941520468
"g[8,22]",0.013942549463,-0.0035697745,0.225943740102649,0.253283143764,-0.333647993,0.3764773945,1.59782338870802,1.94895882167071,42.4389398926035
"g[9,22]",-0.553311206079,-0.544231735,0.371578154643303,0.426943447266,-1.14002436,0.01455814605,1.96584399937317,1.54657793950992,28.421614347695
"g[10,22]",0.076590117502,0.081239072,0.232800933441208,0.2090635135008,-0.280351417,0.503903973,0.997951096722978,26.6684210061371,51.5338182396663
"g[11,22]",-0.262324108442,-0.26380393,0.152843800232915,0.134021213382,-0.4614272865,-0.00451486254000012,1.12151560926189,6.11840937484383,28.4044797922414
"g[1,23]",-0.146786987105,-0.14057708,0.186264390101817,0.174785300382,-0.4103311325,0.127148722,0.994716273371318,29.9012239993412,31.7839996054474
"g[2,23]",-0.8167303628,-0.82885333,0.147018676094888,0.135150324477,-1.043068855,-0.587734271,1.14303435099856,9.79153328210273,31.6824001034527
"g[3,23]",-0.058057050989,-0.0518215395,0.232219452039406,0.2189350438464,-0.4509751945,0.307581872,1.01531678374618,28.3796335870045,44.5810103703794
"g[4,23]",-0.04592883452,-0.060396673,0.243165312187041,0.250037858385,-0.4507603625,0.3502044965,1.29059088605809,3.20273525346746,30.6204069389592
"g[5,23]",-0.41013014502,-0.4183326,0.148076370627431,0.123731976795,-0.626654784,-0.1255166305,1.02580404211345,15.1979301596464,78.3393298097877
"g[6,23]",-0.123683637752,-0.123889645,0.209553478411337,0.214948993686,-0.4578265255,0.1909561235,1.03641952099249,51.2089736729456,51.9994667620882
"g[7,23]",0.106598958019,0.10573185,0.17187012942151,0.1421204140356,-0.174678314,0.429209746,1.04167296446389,25.7567145835688,31.6824001034527
"g[8,23]",-0.00977370699000002,-0.024493452,0.23367865920448,0.215912505774,-0.4192097075,0.3867582605,1.53498460661004,2.13427467682454,25.3298043918779
"g[9,23]",-0.569455156683,-0.61698974,0.330228173941957,0.29606506419,-1.059833105,-0.0216348897650001,1.32198857893658,2.73690397365578,26.5071190548318
"g[10,23]",0.1364806919611,0.149054465,0.210988321020518,0.260939586684,-0.213919238,0.4509047065,1.04184707185195,14.9454827599646,58.9391161255238
"g[11,23]",-0.26582444537,-0.276488605,0.136932423169139,0.112242078837,-0.4821948875,-0.03357313725,1.11532636658292,7.52022583565331,40.5548566509965
"g[1,24]",-0.108092162366,-0.11038411,0.160369993250298,0.16130251248279,-0.3510755885,0.177688214,1.00350576504711,45.1307957311136,49.8082327516251
"g[2,24]",-0.7897462351,-0.79774333,0.125626095120672,0.097441357167,-0.969083685,-0.5675858315,1.05351127147656,16.7495371080358,21.5942744323791
"g[3,24]",-0.13695403425,-0.11903324,0.261077441633263,0.3006980720646,-0.61251199,0.213796575,0.996962756990447,22.8489007664382,34.362847091416
"g[4,24]",-0.019175199427,-0.0114276257,0.23281266922983,0.257590030047,-0.37638118,0.3384819875,1.67813186808358,1.7659343672827,27.5894687056597
"g[5,24]",-0.38073021171,-0.389623155,0.159640116084999,0.121731586158,-0.618541382,-0.03331826085,1.05996930678527,11.8686135928482,41.4009136271781
"g[6,24]",-0.11366568946,-0.127719435,0.245392546187141,0.225247726326,-0.4773105135,0.337583869,1.13116669755809,20.138929677619,20.3063355766999
"g[7,24]",0.042494039639,0.0365357855,0.173194687751609,0.1771522957449,-0.196292346,0.345447852,0.999583058200151,33.1258642061379,34.362847091416
"g[8,24]",0.00262489911800002,0.0348006935,0.240475828322367,0.2928555072471,-0.3843948815,0.35742712,1.4829340151752,2.122748561952,39.9139812974488
"g[9,24]",-0.4635999531298,-0.411393725,0.414491040546721,0.5273122107351,-1.020088305,0.1754388815,2.01824648733565,1.51159098423242,28.0853795538435
"g[10,24]",0.138859997838,0.16944204,0.265392784675018,0.222260828475,-0.4087731205,0.48566327,1.0092987977405,18.2953130969648,29.6324358472008
"g[11,24]",-0.2340763555537,-0.230472795,0.135984352584336,0.149932943601,-0.4288451605,0.000696235253499997,1.15180415805422,7.96812939142084,36.7569838269269
"g[1,25]",-0.141205907204,-0.147587785,0.159419068117401,0.1528857512889,-0.371188208,0.146581606,1.00696659050367,46.9746170632056,53.6205602801401
"g[2,25]",-0.7340786588,-0.743672375,0.151086573374401,0.156780583743,-0.9615614,-0.4575445135,1.15458052733005,11.8213978087357,73.5691550057053
"g[3,25]",-0.235428662482,-0.200157045,0.222277642147088,0.1946268212805,-0.6741144125,0.0355291109,1.19134272888361,4.31554322849505,34.3628470914159
"g[4,25]",-0.061395439076,-0.0432375325,0.224102274953317,0.2058900904851,-0.439840446,0.2874890105,1.553921126025,1.92753082981526,24.3156870918438
"g[5,25]",-0.37980838206,-0.394099795,0.155425449565929,0.138487716381,-0.6096354375,-0.10154575255,1.11339598743585,21.1760050997649,17.4685565981234
"g[6,25]",-0.18794850567473,-0.176195545,0.228320584206941,0.1668257057922,-0.5716939085,0.1407034165,1.01704842141641,16.7952150733272,41.7646738616602
"g[7,25]",0.181340361778,0.186662925,0.211796484687935,0.2218744088001,-0.1837718255,0.523182769,1.17442764134923,6.6568234730905,20.7444286391655
"g[8,25]",-0.00943816399999998,0.0004678692,0.219539146687855,0.23718650485908,-0.3993040315,0.3412762185,1.59747617462158,1.9099909939703,15.4785069874403
"g[9,25]",-0.643341589076,-0.64109182,0.336354736682383,0.34792863609,-1.201763605,-0.0833535995300002,1.1858502320791,4.57918017580191,40.5548566509965
"g[10,25]",0.0684431396176,0.053146699,0.211625545003705,0.2125268559813,-0.2879445975,0.383127319,1.14862230750813,7.39167381276688,30.6204069389592
"g[11,25]",-0.253001054497,-0.25478526,0.121828300529566,0.128573614659,-0.4357580645,-0.04986904505,1.04803909413379,19.8846660692279,33.0857528696826
"g[1,26]",-0.0495993009199,-0.0955845955,0.231915893828716,0.2121216525057,-0.304336142,0.3153058585,1.07045938573133,11.625953909341,34.362847091416
"g[2,26]",-0.7185637846,-0.73320811,0.175827329021793,0.198658881708,-0.9478049555,-0.4371856415,1.37163608499769,11.4686913795181,56.8419098881722
"g[3,26]",-0.222144254688,-0.18126352,0.262525153021709,0.2044775203548,-0.649931895,0.1352121695,1.03792942272044,15.0820735907331,31.7839996054474
"g[4,26]",-0.05267245075,-0.045823774,0.243138715326137,0.257602780407,-0.461789179,0.2741698075,1.55625439143468,1.95407809663779,40.5548566509965
"g[5,26]",-0.36334935229,-0.36434054,0.155659247361937,0.152905067343,-0.6645201345,-0.10961297955,1.08910679906731,23.6417157943255,18.1799293579888
"g[6,26]",-0.191915000939,-0.223387455,0.280058391576038,0.2268389986821,-0.5508221505,0.36457316,1.02158293191104,12.4415455223284,21.5942744323791
"g[7,26]",0.1470254224825,0.14454888,0.206932257955185,0.213841081658295,-0.1875210285,0.492088606,1.01061197086128,17.7077920099769,31.7839996054474
"g[8,26]",0.00534838621799998,0.054020193,0.262455029505053,0.2728276101852,-0.452334231,0.351612869,1.3315269171714,2.75104483173813,21.0246288509397
"g[9,26]",-0.547817820903,-0.636891945,0.409886223063602,0.376683418461,-1.091827565,0.1604967385,1.39401584177443,2.57504815253162,34.2303070947551
"g[10,26]",0.0906135951464,0.097068229,0.176620212214497,0.15462355582296,-0.256642611,0.3211705025,1.00263550161429,30.8652662318969,30.2499012248123
"g[11,26]",-0.24579740289,-0.262948875,0.137641221758794,0.128282891625,-0.4485050395,-0.0190333505,1.13065418403333,9.1350430852092,42.4389398926035
"g[1,27]",-0.068298418589,-0.0769101435,0.203957300835439,0.1999834535979,-0.3852279425,0.2758199875,0.994841696682925,16.3023790878141,54.4739574241325
"g[2,27]",-0.7056927913,-0.70576795,0.163851032385125,0.156638876835,-0.985239904,-0.4505998585,1.16116265006598,10.7708632735086,25.3298043918779
"g[3,27]",-0.257002903317,-0.24546923,0.20366081391675,0.215775469056,-0.569759432,0.09462873885,1.00040652240262,25.1347142120915,54.8564568994389
"g[4,27]",-0.044522923931,0.0029704741,0.25600372970396,0.24813972400434,-0.533368199,0.3157282855,1.4994922479504,2.08010432975286,31.6063780380824
"g[5,27]",-0.37274698956,-0.39013287,0.153896982461159,0.131041847139,-0.639772932,-0.0813114286,1.09233613993671,20.3658404637672,21.0412408320307
"g[6,27]",-0.257440235167,-0.270888985,0.222006144043589,0.202982387937,-0.5743452805,0.1053921325,1.00998888296123,23.4929907236046,31.7839996054474
"g[7,27]",0.14991429013,0.13018675,0.207236448461616,0.1599793681143,-0.1972337145,0.568707071,0.999472680702621,23.6067893454272,58.1996870625698
"g[8,27]",0.02844789108,0.0373277355,0.277931957764457,0.304589361846,-0.4551772605,0.385687545,1.38528152597064,2.43532435149996,36.6043148269885
"g[9,27]",-0.45835175612,-0.48228744,0.379290678523541,0.409652157747,-0.9991740055,0.253891551,1.79049893821013,1.78642940469824,60.0313633245124
"g[10,27]",0.15224616222,0.15059125,0.20906354516121,0.2110873410786,-0.156163325,0.4766948805,1.03427354672165,23.5345131504579,43.2837770829807
"g[11,27]",-0.244135567682,-0.26057817,0.135488826348099,0.116286522681,-0.4262252035,-0.0304769095100001,1.04794150555179,32.5450782400807,76.6284020089591
"g[1,28]",-0.050500871557,-0.0887808365,0.234117771493131,0.1903935282963,-0.4349035695,0.389418825,0.990043394393802,31.0728138442147,40.5548566509965
"g[2,28]",-0.6963174356,-0.71766952,0.168329139991808,0.148534733193,-0.9394451465,-0.397040798,1.35369027764935,2.70249873008338,22.2747522502045
"g[3,28]",-0.2991670600823,-0.30396895,0.180846663850643,0.201708382344,-0.590846471,-0.0294462965615001,1.13629993942742,7.22683522265085,37.7806563039724
"g[4,28]",-0.056903707244,-0.0385062635,0.222876994279237,0.217112522214,-0.427272954,0.308184821,1.39626021587141,2.40421095778494,33.2303932833019
"g[5,28]",-0.36141207355,-0.3740608,0.120852579061891,0.13838380836,-0.558097496,-0.157459404,0.999749273620412,24.2529135410819,81.5535881620721
"g[6,28]",-0.186889329653,-0.207249505,0.240086682646653,0.1921271050482,-0.551404224,0.27968855,1.04899856651725,17.8645527666501,54.856456899439
"g[7,28]",0.032892414069,0.0904090265,0.214396686795983,0.2058034740279,-0.3864503635,0.308143807,1.02625284348645,9.8809093989491,47.813976293816
"g[8,28]",0.030348087328,0.065229362,0.240235656146434,0.2658899480538,-0.3484320175,0.38169366,1.74083226725065,1.6827620201593,44.5066124109867
"g[9,28]",-0.56309984242,-0.59144985,0.35774707553801,0.418395027708,-1.112368625,-0.0123781942,1.85512186521844,1.6505907282213,31.6824001034527
"g[10,28]",0.10442678839212,0.0977403185,0.23455387573542,0.2358313427799,-0.274797338,0.4865409525,1.01051679212181,18.6574005827238,31.6178933065416
"g[11,28]",-0.21325568532,-0.217787545,0.134505895357381,0.11793208266,-0.4346632845,-0.03036941275,1.10337874465581,15.7198360944777,40.5548566509965
"g[1,29]",-0.039166253876,-0.035069863,0.203379607191511,0.227733579507,-0.312024974,0.30954811,0.993793160253112,25.3288416797369,52.4502744151648
"g[2,29]",-0.70974525,-0.742530455,0.193315236101984,0.186256777035,-0.9905523745,-0.3679834275,1.34959375264033,2.63741171277827,31.6824001034527
"g[3,29]",-0.185181418833,-0.18727276,0.213212827454692,0.2375176386765,-0.546288626,0.143636922,1.00885343729085,32.6377391435189,54.8564568994389
"g[4,29]",-0.0930204401743,-0.0850355105,0.218499989066537,0.2289875766717,-0.523077585,0.222243724,1.42986533782309,2.22177120212465,21.0246288509397
"g[5,29]",-0.34159856253,-0.327003405,0.153780724965604,0.135503109147,-0.6041019795,-0.109576058,1.05726204678718,25.9450980915531,42.4345295829293
"g[6,29]",-0.225431278643,-0.25583687,0.228573284419703,0.2359073934882,-0.580544763,0.1077612655,1.00756139261158,16.5420827968898,31.7839996054474
"g[7,29]",0.156177225928,0.18624301,0.166487195561945,0.1888386085509,-0.0977612104,0.4255625655,1.04630535106855,38.8888069845973,50.7015438102727
"g[8,29]",0.039904350444,0.077544554,0.255734721656958,0.266878504221,-0.381500277,0.431314452,1.77292865838205,1.64642315301716,24.3582350718816
"g[9,29]",-0.50895310187,-0.546498195,0.352003346957517,0.337450353177,-0.99236958,0.1018729935,1.39295169308757,2.55488780923062,33.5956997504318
"g[10,29]",0.1316675001231,0.12982728,0.237602753961911,0.2326568975115,-0.2270379285,0.573266891,1.06293215438753,17.247092210849,21.3102776424745
"g[11,29]",-0.23774077238,-0.244128425,0.115177458050128,0.10697796669,-0.4176303805,-0.04007610995,0.994238625791212,29.8614252422762,96.0221059981293
"g[1,30]",-0.120291992076,-0.11613686,0.206106359667185,0.2030201393808,-0.4325112295,0.2109031335,1.08379934228349,17.5320233135617,21.0246288509397
"g[2,30]",-0.7228833626,-0.752651715,0.199225568283863,0.200079842613,-1.00437843,-0.3932304105,1.30915121055014,2.83801467773707,22.2747522502046
"g[3,30]",-0.1837362883,-0.2134893,0.266494779194865,0.25863549285,-0.525986193,0.337064541,1.03868627213574,17.5109133234306,21.0246288509397
"g[4,30]",-0.028205386516,-0.0077769978,0.229130750398426,0.237351353967,-0.3874652595,0.321652361,1.3376361380803,2.5941401797307,31.6824001034527
"g[5,30]",-0.3235702983,-0.315827235,0.163444765957703,0.157406463333,-0.6036502945,-0.04493338195,1.02103718343459,20.0282980005703,40.5548566509965
"g[6,30]",-0.229201851407,-0.260012285,0.232813387184749,0.206146960572,-0.575255063,0.1902251545,1.04972003239148,19.0572694559918,31.7839996054474
"g[7,30]",0.1607945228595,0.186645555,0.19497188933611,0.192265754835,-0.1527228905,0.447783176,1.02922504715938,21.5584699037675,42.9711796108349
"g[8,30]",0.02371364978,0.081337725,0.3141297509933,0.353925797568,-0.526119726,0.4593335205,1.69627452278019,1.71794527085703,48.9256330377825
"g[9,30]",-0.551956465999,-0.598749395,0.414452460681404,0.441326542755,-1.205178705,0.0485618244999997,1.80875923870592,1.69707048571502,40.5548566509965
"g[10,30]",0.10565033031,0.109214075,0.215131122803525,0.199633913598,-0.2993760505,0.3933698725,1.394580525299,2.48954419983234,12.9368155368514
"g[11,30]",-0.249278832666,-0.248013635,0.120928945865409,0.115304952525,-0.4266671865,-0.0610484099000001,1.00221452126804,42.907800914703,47.7346760337951
"g[1,31]",-0.124605453181,-0.13289151,0.182756422612602,0.182167410411,-0.3959749185,0.200523119,1.07404352928015,36.3702944861277,74.7352313149317
"g[2,31]",-0.7442731116,-0.799410095,0.18814162357442,0.169518393534,-0.99262997,-0.3947677855,1.37444984401049,2.60193060218511,21.5942744323791
"g[3,31]",-0.1707969708845,-0.16530563,0.212483895301153,0.246012428478285,-0.47314383,0.151632665,1.01554429680808,35.6187162418509,58.9391161255239
"g[4,31]",-0.04331707819,-0.0678078095,0.274462131939604,0.2930436729087,-0.493402779,0.370569131,1.64551922278411,1.83250293448321,26.9877288449252
"g[5,31]",-0.281581421559,-0.278967365,0.132028695574061,0.108645024369,-0.5422508005,-0.0895092012,1.02104263288281,25.8181825766492,85.3948702585611
"g[6,31]",-0.1880572998335,-0.21815096,0.270686894930767,0.262751279406,-0.6115948645,0.245159972,1.27693919029973,3.14320709512266,21.5942744323791
"g[7,31]",0.060279328529,0.0792499875,0.208313056634438,0.1632605309307,-0.292537812,0.423813056,1.00721259926191,13.9144409508279,14.219549849679
"g[8,31]",0.064919350739,0.12394248,0.294063925016295,0.374453921646,-0.3922967635,0.4725520325,1.68539004975201,1.79529268653609,28.3722438391697
"g[9,31]",-0.478526621774,-0.483706975,0.341704313390511,0.337966164543,-1.00617817,0.0985015993999999,1.71037963960156,1.75547766027966,40.5548566509965
"g[10,31]",0.14148898084,0.154060425,0.236248276962013,0.306443004735,-0.2308072155,0.5123916105,1.02268283388633,21.777108469969,41.0191625698239
"g[11,31]",-0.27808622403,-0.28998002,0.13496987142982,0.129849851565,-0.4675425115,-0.06679992045,1.02017720414472,48.0550993884036,65.8701661141379
"g[1,32]",-0.068264032941,-0.084153084,0.166671210956935,0.1410091089666,-0.3166573895,0.20949777,0.998136107013892,17.5130373567739,78.3393298097876
"g[2,32]",-0.7866680416,-0.832185205,0.193756987254001,0.175629596604,-1.02000805,-0.4362854065,1.27628872124294,8.72171282174052,21.0246288509397
"g[3,32]",-0.164750333027,-0.20644442,0.324704358433463,0.2823615124806,-0.6082682255,0.4985254495,1.04980535169726,12.7888317419545,21.0246288509397
"g[4,32]",-0.0480717141753,-0.053782053,0.238868636975867,0.2778171907728,-0.397569502,0.296522517,1.50177085512798,2.03298439815121,76.6284020089591
"g[5,32]",-0.273280358364,-0.252723475,0.155464759296481,0.147611303196,-0.517291142,-0.0279666289,1.04335690372013,21.3621387034808,44.4102221958193
"g[6,32]",-0.20927662724,-0.2196531,0.215207505694612,0.206641103739,-0.5326093885,0.1942187115,1.03508042019362,16.9438572495855,21.0246288509397
"g[7,32]",0.108814324978,0.089100176,0.210228959140909,0.1820149805985,-0.2113033045,0.4442260575,1.06595284073459,19.3583780405111,30.6204069389591
"g[8,32]",0.06286200324,0.10649588,0.271515161188749,0.318124024659,-0.3988219545,0.4413052655,1.9502103965783,1.50959356550907,16.1483805481222
"g[9,32]",-0.5963313293173,-0.645851185,0.406637291762483,0.418064548755,-1.23696524,0.0681246509,1.62862718438456,1.79482114389868,21.0246288509397
"g[10,32]",0.122193124935,0.110064065,0.249722532572595,0.277104752547,-0.2390697375,0.5210894415,1.44717089490145,2.22565450694378,56.8419098881722
"g[11,32]",-0.24953117215,-0.26867648,0.130074877558917,0.136511121474,-0.4371649235,-0.03592663685,0.997722542079173,30.3863005512755,57.1010869334915
"g[1,33]",-0.07766330828,-0.12522907,0.248668196826906,0.2495005752645,-0.390321725,0.330088903,1.00578724201263,15.1782382302969,24.3582350718816
"g[2,33]",-0.8543678636,-0.911410155,0.175740798460344,0.134065061277,-1.064875065,-0.4898764,1.23880831440029,13.4585580265614,30.2536366106048
"g[3,33]",-0.32213377885299,-0.303233865,0.248561630293637,0.277363925853,-0.799022953,0.07461911425,1.0242451885603,30.6557988231342,31.6824001034527
"g[4,33]",-0.0894690721998,-0.0869099925,0.266346010617061,0.327402165111,-0.4783661055,0.3346537085,1.47967664741397,2.21342054772234,26.8716958782109
"g[5,33]",-0.273751892115,-0.260395265,0.167651573829817,0.160360877418,-0.5374712135,-0.01402528873,1.03656560945089,14.6427578831999,57.5148003700832
"g[6,33]",-0.20359583695,-0.236413405,0.247655432687731,0.202970727288,-0.562424594,0.311488647,1.04829685389969,17.6006960849599,36.180518636659
"g[7,33]",0.142685976673,0.167014625,0.195765745735372,0.207339956901,-0.214815874,0.405193151,1.02847067234044,22.1508742176085,21.0246288509397
"g[8,33]",0.039703068515,0.0693091685,0.284000826874753,0.3745607674389,-0.4099578695,0.466768809,1.83397132149458,1.60951385561187,37.3293515358361
"g[9,33]",-0.4366842049889,-0.500647505,0.425571968695608,0.517305745257,-1.0487724,0.2371528905,1.78977087804253,1.72044237170995,24.3582350718816
"g[10,33]",0.179239940462,0.16590248,0.256526796594129,0.272734603722,-0.2963487605,0.5713882585,1.10588699053256,7.0089470382167,21.5942744323791
"g[11,33]",-0.280272028811,-0.283129235,0.169874128763083,0.12594731478,-0.5251884875,0.00599175937499995,1.01976231790768,58.271868122681,71.2874531148375
"g[1,34]",-0.109490529653,-0.129584785,0.174950910300714,0.128674713153,-0.3350054175,0.2025142205,0.998167826370494,30.944935260906,44.5810103703794
"g[2,34]",-0.9207317291,-0.93163429,0.142166667671508,0.133339943856,-1.15529197,-0.7070224375,1.05443000679115,18.2056981516403,27.9597379773126
"g[3,34]",-0.2657927528175,-0.259839835,0.20860677195627,0.173400062724,-0.6507926335,0.0443449902999999,0.997231579284497,23.191327881637,37.5549801362089
"g[4,34]",-0.0627767319896,-0.053311596,0.249908366658781,0.2441474604156,-0.5189311575,0.310600162,1.46656905806317,2.18646183194133,37.7806563039723
"g[5,34]",-0.26914008987,-0.261055505,0.19876743192796,0.199350781476,-0.61850599,0.0409934997999999,1.07898327222906,9.46200978595124,44.5810103703794
"g[6,34]",-0.22732743532,-0.22659733,0.230832348364073,0.2160161143098,-0.56491265,0.1910006905,1.02620614342176,38.8873963012674,30.6204069389592
"g[7,34]",0.067818636953,0.0415387415,0.154138916543523,0.1263245823651,-0.15773687,0.3775786385,1.00378277662419,41.2439452929144,78.3393298097876
"g[8,34]",0.043821208863,0.0868040945,0.28153411095009,0.3109069287513,-0.465083354,0.421298947,1.91518090584106,1.52948068282689,73.5691550057053
"g[9,34]",-0.557011435221,-0.64628841,0.396222065530315,0.363437091696,-1.19808417,0.101014615699999,1.76444670258437,1.67545212236565,21.0246288509397
"g[10,34]",0.059993548098,0.0643763135,0.250734041175591,0.2205078200262,-0.32899083,0.4575726295,1.22553500585324,4.90236160203372,30.5219882895229
"g[11,34]",-0.284940159613,-0.30664729,0.171921064356349,0.124177809441,-0.5028015665,0.0367673558,0.996909031502578,34.5389261980518,14.219549849679
"g[1,35]",-0.096311290388,-0.11343065,0.220317393856259,0.1930810017339,-0.424743579,0.277767211,1.00834034455242,18.9534051878299,21.0246288509397
"g[2,35]",-0.9503547018,-0.94786735,0.158251970582583,0.16672889646,-1.19664098,-0.738843565,1.07254401719645,13.9630915778632,27.377972465582
"g[3,35]",-0.198449138511,-0.20875434,0.211818589355396,0.2377231136931,-0.55413732,0.165633904,1.02060763418618,15.1881435637059,36.7569838269267
"g[4,35]",-0.041500149408,-0.0323551025,0.231670426477701,0.2643556564635,-0.4306524135,0.323424507,1.54084490084427,2.00280861285356,26.493933429937
"g[5,35]",-0.264366933283,-0.249241305,0.180492756763861,0.194235581673,-0.5703046585,0.04933112715,1.20049368270502,3.70968046267133,56.8419098881722
"g[6,35]",-0.229261753592,-0.22717359,0.189076568884126,0.176358761523,-0.527812863,0.0559902193999999,1.05506183381515,27.5499735616287,58.361007520573
"g[7,35]",0.038935495382,0.0632141735,0.220081935781373,0.1941581328729,-0.3585547795,0.4013498945,1.0306287328373,23.5179446197196,13.3252112997792
"g[8,35]",0.0493302278172,0.097029711,0.2531494422688,0.2477988944277,-0.3703939675,0.408473265,1.77084254680124,1.69689681264948,28.7450722733246
"g[9,35]",-0.59261704739,-0.573451515,0.382629616559867,0.432858124293,-1.197731065,-0.0102225840000002,1.77423932199303,1.64047790379318,37.6992675570874
"g[10,35]",0.0884051897,0.10874071,0.281839078806517,0.2783722235805,-0.458816666,0.5166231275,1.33247882612533,2.58183143491835,29.7214673913042
"g[11,35]",-0.265236812103,-0.273993605,0.170374064662885,0.144907945182,-0.5544524695,0.02838477705,1.01361472240098,19.9728182610963,16.3811663390433
"g[1,36]",-0.105800455791,-0.112528955,0.259921032689555,0.1959050367162,-0.5176878495,0.4182453885,1.12474663234471,27.3483199786352,21.5942744323791
"g[2,36]",-0.961219811,-0.95558345,0.157638579790074,0.17486043855,-1.217555135,-0.717596283,1.08795192224196,11.8213376415246,23.8973098456916
"g[3,36]",-0.278109155873,-0.285308855,0.24556171954148,0.211106643048,-0.67812886,0.08578026325,1.04920637886653,16.7702083683891,21.0246288509397
"g[4,36]",-0.0314359542627,0.002203222065,0.275590023985993,0.284435294686431,-0.5374092615,0.350334711,1.43279367837856,2.28331416140594,30.5730258560447
"g[5,36]",-0.27636111929,-0.238762185,0.196894957092266,0.2142256768827,-0.621244954,0.0237557322,1.0957445811021,8.19217245187514,57.041975736235
"g[6,36]",-0.245587993351,-0.26995842,0.227822854291434,0.2571016875525,-0.5323239495,0.195467152,1.03660907060382,26.75322994982,21.0246288509397
"g[7,36]",0.1149798363502,0.10654301,0.220745398068031,0.2396613759771,-0.1925269695,0.4763726415,1.05354728596698,12.6863691296786,40.7632251533777
"g[8,36]",0.06280982824,0.13307143,0.26010837201415,0.2937819676785,-0.366212866,0.4067341105,1.76844083065125,1.6435139328421,23.0844608600611
"g[9,36]",-0.61735889665,-0.674074065,0.342496720088333,0.317903384127,-1.10826343,-0.0282243131500001,1.47120741498609,2.32466448767338,21.5942744323791
"g[10,36]",0.140103438287,0.12792498,0.218783568366922,0.232643394732,-0.207532824,0.532828349,1.03866042292071,13.8499369517852,16.7994624172026
"g[11,36]",-0.2876708637331,-0.305872055,0.162299337018732,0.146107034997,-0.54700902,-0.0416937105155001,0.990914792562167,33.5058177245484,31.7839996054474
"g[1,37]",-0.202981833928,-0.24347713,0.182054266063124,0.198088510662,-0.45998484,0.07165081075,0.997407468845592,47.6067263344502,44.5810103703794
"g[2,37]",-0.9819099735,-0.988778235,0.15558519032089,0.173864605782,-1.213342225,-0.7289634335,1.17045830915617,5.71930970514467,42.2090895403111
"g[3,37]",-0.3145304170597,-0.280589645,0.213661693051028,0.206326718409,-0.681939696,0.0153664752,1.02280816695608,23.5620821408006,44.2494665173219
"g[4,37]",-0.098680439495,-0.079802959,0.252273695513118,0.286575067611,-0.5138731815,0.2708552395,1.33672270625368,2.64667953365344,30.2536366106048
"g[5,37]",-0.252747408767,-0.250262105,0.194787252465982,0.209734904463,-0.5484181325,0.0686835207499999,1.0392918440044,8.8498361170611,36.5420755898933
"g[6,37]",-0.239630755832,-0.242179465,0.2524018571421,0.225627116253,-0.627795225,0.1154854695,1.08116258739414,26.1691447238204,40.5548566509965
"g[7,37]",0.0558953766395,0.084323907,0.1753522557317,0.1801294299336,-0.271281467,0.2917269145,1.00461950835169,24.7790122567365,34.362847091416
"g[8,37]",0.0334144664975,0.082870551,0.293415390755965,0.384347919312,-0.4209252445,0.4323430175,1.8332137174416,1.589453714105,30.6204069389592
"g[9,37]",-0.520849720238,-0.54193841,0.389112874805209,0.435505706895,-1.12607716,0.0980853629999999,1.64701289619462,1.89623397965106,37.1482290150412
"g[10,37]",0.189424873119,0.16225252,0.250650725882886,0.286813061976,-0.1879850845,0.600457818,1.17536436647582,4.32328584961543,44.2494665173219
"g[11,37]",-0.274412670994,-0.267575285,0.174657281760515,0.162411431826,-0.542119592,0.0701171499,1.00361988004958,18.5203144184558,13.5270928345057
"g[1,38]",-0.166839074623,-0.171308725,0.181608430429767,0.186925058985,-0.465599147,0.155820034,1.04008529181211,31.8879513593172,42.5066796210831
"g[2,38]",-1.0133760876,-1.03011045,0.159253224097467,0.152195435679,-1.243798585,-0.72209381,1.19612239745331,5.41144792832404,16.4134308760082
"g[3,38]",-0.284715300822,-0.289289595,0.27954761028228,0.3110451797187,-0.6836139255,0.1896961225,1.12353412375616,14.9300019360908,47.8072297059089
"g[4,38]",-0.095842196606,-0.0879320295,0.23416543784279,0.2436668607996,-0.482687115,0.2169434925,1.19538889671486,4.61545358586456,42.4389398926035
"g[5,38]",-0.237973464399,-0.22996388,0.205618030106756,0.2417295318123,-0.5739717635,0.0891877009,1.04159305272127,9.99305616995489,49.3909641775975
"g[6,38]",-0.26768721628,-0.278927365,0.228254552195451,0.202039483989,-0.6262976535,0.141534673,1.05304684439106,38.3847655118883,21.5942744323791
"g[7,38]",0.083421915887,0.083974997,0.20179955296886,0.2048511496395,-0.203762866,0.4070676545,1.00947180748952,28.1891566613969,30.1538461538461
"g[8,38]",0.0785995351099999,0.13459746,0.268612231087799,0.271545929172,-0.4107108505,0.458750728,1.61828092093485,1.8416037801429,56.8419098881722
"g[9,38]",-0.555747543075,-0.538562725,0.378772075353606,0.38095733172,-1.08305076,0.0599477674499998,1.5297973700348,2.15290305661521,25.9952465834819
"g[10,38]",0.121070710465,0.095462303,0.206894458101121,0.1996346889978,-0.1794572525,0.5012215885,1.19654329372985,4.57724095239018,73.5691550057054
"g[11,38]",-0.303462796248,-0.292151865,0.164742936155498,0.143225401746,-0.575237276,-0.04660887215,1.00701678622236,22.1437010422665,20.4391497313711
"g[1,39]",-0.102982584413,-0.124736635,0.2399058683015,0.226274167371,-0.465174122,0.3280099165,0.996054782069698,42.9985193921765,51.556342412722
"g[2,39]",-1.0307171863,-1.0495819,0.172753786269668,0.15176279076,-1.28862273,-0.741023792,1.16790249687826,6.34076409690897,12.8042980631539
"g[3,39]",-0.356632377156,-0.35984889,0.288388367695419,0.28803886083,-0.829214643,0.1053684295,1.16646028961046,11.6218025003131,25.9952465834819
"g[4,39]",-0.11375510145,-0.1187519,0.266874733309376,0.3068820196449,-0.5762493615,0.2536030215,1.60318774762896,1.85642166749755,30.6204069389592
"g[5,39]",-0.234538466402,-0.26275843,0.20962234224889,0.241413114579,-0.5849694715,0.112718016,1.08101285886771,7.50608823713809,22.1603140433075
"g[6,39]",-0.281778377464,-0.29025485,0.213262941512242,0.187877192118,-0.59560612,0.0688551864999998,1.09792269015742,13.1787527852106,31.6824001034527
"g[7,39]",0.0708659252701,0.057734299,0.208621803291682,0.2177665326564,-0.2377284865,0.410053517,1.03844169393145,11.1890646799718,18.1667185715768
"g[8,39]",0.077570980181,0.0851459025,0.281705032323856,0.3572992129455,-0.3104365225,0.550936834,1.87753049142151,1.57871679527674,29.3560832993842
"g[9,39]",-0.609382600682,-0.685825965,0.327634062540021,0.309641573388,-1.018834445,-0.0386630682,1.41529936745006,2.26849764379303,56.8419098881722
"g[10,39]",0.143748919713,0.13262365,0.237624793772685,0.2116877740635,-0.2479989165,0.5532082455,1.05856698292724,13.3263236306832,30.1880282904952
"g[11,39]",-0.287197481689,-0.28599127,0.177281031133766,0.168226982217,-0.573660185,-0.00947481013000003,1.00320978680204,16.1695667018639,15.3643546971027
"g[1,40]",-0.108042871835,-0.128375795,0.227735730164687,0.214595756823,-0.521057725,0.2781207795,0.998248720691766,34.8463169439841,61.127744510978
"g[2,40]",-1.0598840196,-1.0947619,0.192460302626363,0.150281554752,-1.30326827,-0.685218779,1.16625656337535,6.83640090629111,12.8702156943087
"g[3,40]",-0.319918344147,-0.32377981,0.305744823309368,0.3403854200733,-0.868718852,0.1090410235,1.03260701629431,24.2928679595299,31.7839996054474
"g[4,40]",-0.079424330318,-0.0764469605,0.271430659617888,0.2223839057727,-0.5329968645,0.4445787705,1.3924906046725,2.46626110424882,26.8716958782109
"g[5,40]",-0.251964626373,-0.254778995,0.216679095173247,0.234224350416,-0.532295097,0.1537350285,1.17249457059202,4.41315066159669,15.4022179193803
"g[6,40]",-0.195767491564,-0.20906786,0.211912108424468,0.210566050023,-0.5239681535,0.1788454885,1.0952270384772,16.4246503612233,78.3393298097876
"g[7,40]",0.09982344783,0.10303713,0.226091303299856,0.2065636067544,-0.289983677,0.435897616,1.02853796442252,23.3786458892579,45.9607942050462
"g[8,40]",0.038007460949,0.0623087825,0.308108019881204,0.357182706531,-0.4939649355,0.429753396,1.62460987529764,1.83026206449983,48.4074922943176
"g[9,40]",-0.563403185022,-0.574971125,0.319820577887017,0.314552952756,-1.07376484,0.0049328734599999,1.2608031319446,3.61363727307976,50.7015438102727
"g[10,40]",0.1075904281476,0.11943744,0.261260909731167,0.2537342344509,-0.383087003,0.49976331,1.12048782651297,6.74749180595587,15.4022179193804
"g[11,40]",-0.29759053412,-0.291739575,0.184599966447683,0.173252225265,-0.603351496,-0.03148824915,0.992773415330418,28.2792454657649,54.856456899439
"r[1,1]",0.08812461525,0.088212609,0.0130919234950324,0.0140398031655,0.06755865795,0.1099083985,1.03525282151038,7.56640356189276,21.2018415313787
"r[2,1]",0.0909715933,0.0862914785,0.0189277074891251,0.0205823034711,0.06757143935,0.1241131745,1.23437103600574,15.1219296495962,51.5338182396663
"r[3,1]",0.0876055727,0.086206202,0.0154384490046233,0.0174350557584,0.06764557125,0.1201039835,0.990229062759059,47.2963566484569,78.3393298097876
"r[4,1]",0.08864526536,0.0874930085,0.0165824298530783,0.0156116460486,0.06733603815,0.1158514675,1.00121236728303,15.9890897117912,13.5270928345057
"r[5,1]",0.08504122344,0.081429012,0.0195730477390283,0.0165329284995,0.0548009479,0.119126857,1.06200148261902,23.5920437296701,52.4502744151648
"r[6,1]",0.08649226247,0.0842477935,0.0140543188973569,0.0122304040257,0.06765266535,0.1148294795,1.06374102204593,13.2709109447361,31.6824001034527
"r[7,1]",0.08483169356,0.0794539985,0.0225107168005409,0.0132307698432,0.0577147176,0.135835778,1.05255745557925,25.7253113875811,30.6204069389591
"r[8,1]",0.09261410787,0.089022829,0.0189152859566325,0.0199666152735,0.06812111095,0.1310582655,1.06587699194385,8.4488068324457,15.6431572360776
"r[9,1]",0.08863806689,0.0837490285,0.0207348058140246,0.0170934876987,0.0640635721,0.1265688655,1.04126849407789,15.1009752933761,57.1010869334915
"r[10,1]",0.08900647533,0.0860803385,0.0153460420272479,0.0147894435318,0.06701846015,0.118007406,1.04531457898019,15.5232714254795,28.1169665809769
"r[11,1]",0.08652687941,0.083823379,0.0174877322961587,0.0162178633974,0.06545150485,0.120068411,0.991182647615188,24.8812944611995,16.576678980771
"r[12,1]",0.08958336442,0.0873005815,0.0148662313238812,0.0134121822618,0.0686502179,0.114262539,1.00229630502607,37.0707956367336,76.6284020089592
"r[13,1]",0.09102051561,0.085259938,0.0213241301720213,0.0157556747082,0.0628244003,0.1294013825,1.01083737629431,11.5777362906988,51.3376003546615
"r[14,1]",0.0909663226,0.0883056755,0.0178571087486985,0.0173540539074,0.0675933597,0.126747313,1.11511576824655,15.8654679066713,35.2200525597951
"r[15,1]",0.0928002118,0.089631706,0.0201528100628181,0.0215355678279,0.065566161,0.126179116,1.06774704503692,10.5375865274378,19.4986072423398
"r[16,1]",0.08732434715,0.083651543,0.0179698205337163,0.0118993520478,0.06608873755,0.1230393635,0.99708731135184,34.150450221071,21.0246288509397
"r[17,1]",0.09111818698,0.0872082855,0.016395862311852,0.0153644780961,0.06827365485,0.119226686,1.00264159771895,25.1445068765061,37.5549801362088
"r[18,1]",0.08773674491,0.087636351,0.0140269428568811,0.0131781449562,0.0646214229,0.111272658,1.09897811846481,7.42841006455592,19.3776990366515
"r[19,1]",0.09085229642,0.08918135,0.0171228637148619,0.0158435432211,0.0665010426,0.124822387,0.995098457098788,25.4266371456295,30.3331065214388
"r[20,1]",0.09226945636,0.0899931445,0.0154718283634289,0.0161533109934,0.0697100868,0.116767118,1.0101735739134,29.6821179520223,76.6284020089591
"r[21,1]",0.0937192628,0.0885024125,0.0250137145226556,0.0194729836035,0.0660954474,0.1433716825,1.06414011704575,18.2957704811104,21.0246288509397
"r[22,1]",0.08804770681,0.0873479155,0.0170433843798479,0.0163710219078,0.0632441876,0.115682871,0.992128586836993,25.4060437569381,52.4502744151648
"r[23,1]",0.08337483028,0.0811792505,0.0144504196168511,0.0122335908744,0.06199982115,0.1078453795,1.01054323690389,33.3975068050669,21.0246288509397
"r[24,1]",0.08577352947,0.082962335,0.0145598727729275,0.0166316748486,0.06355582045,0.1088047115,1.16687328943826,5.2537725139033,99.22471650081
"r[25,1]",0.08525721716,0.0834747945,0.0141517073038929,0.0132234183711,0.0661176249,0.110481235,1.0516101454177,26.0767698751135,66.8803105099925
"r[26,1]",0.09217798551,0.086670968,0.02145052655558,0.0168039937401,0.06838857785,0.1248409465,1.09336236720593,12.1382746084609,21.5942744323791
"r[27,1]",0.08995066094,0.088349596,0.0184576674281284,0.0196936189464,0.0617348712,0.1223833755,1.01387510008962,14.4444858610871,44.2325367647059
"r[28,1]",0.09363817432,0.0886289085,0.021976491577293,0.0155709924153,0.0618390302,0.139352446,1.03394027320588,17.7066155189142,58.361007520573
"r[29,1]",0.0922135268,0.0910620025,0.0192913927258139,0.0207679012695,0.0675516258,0.124818117,1.07675532115447,15.4337790272072,42.9711796108349
"r[30,1]",0.08579942961,0.0847474085,0.0192537440371134,0.0185742759615,0.05983852205,0.1215634455,1.15659303573144,5.29296151402708,30.6204069389592
"r[31,1]",0.08453655788,0.0824005625,0.0162117216545273,0.0176140700715,0.06195928055,0.1119885355,1.21028345872997,5.06050992945754,45.7499253062444
"r[32,1]",0.08938981607,0.090239359,0.0164729675538221,0.0183326566395,0.06453023425,0.1167840525,1.24096358591046,3.4078973782291,73.5691550057054
"r[33,1]",0.08971783748,0.088216441,0.0220054062801619,0.0219870729015,0.0599831244,0.1314725775,1.04118107405235,12.4366615895447,34.362847091416
"r[34,1]",0.08881449448,0.08621726,0.0176939108755794,0.012616421916,0.0630053941,0.118478121,1.25910618439303,3.29222497287621,21.0246288509397
"r[35,1]",0.08982951548,0.0892959495,0.0194624560364162,0.0197400361872,0.0609100671,0.1230330025,1.06063409596254,13.7954412167749,21.0246288509397
"r[36,1]",0.08917242872,0.087358802,0.0229731966784528,0.0169811325642,0.05872009905,0.1343996735,1.10602493566772,24.5819121305906,31.7839996054474
"r[37,1]",0.08126306515,0.0794424595,0.0172101715133953,0.0150433069059,0.0581172546,0.1149204705,1.0907604635082,16.162780344015,67.6406173148845
"r[38,1]",0.08404254566,0.0834789475,0.0159135246604513,0.0142898599641,0.05875843375,0.1125294645,1.20269385674541,5.56081103132066,28.3400809716598
"r[39,1]",0.09055572959,0.0867224175,0.0215393174488856,0.0212884376817,0.0623016783,0.125688888,1.08863283651597,15.8958584824336,30.8968926553671
"r[40,1]",0.08913202643,0.086433191,0.0196697007769892,0.0199932991083,0.0647175721,0.1224368245,1.10057256953091,11.2651720441873,61.127744510978
"r[1,2]",0.02967709058,0.0279622235,0.00626564529770114,0.0066480629082,0.0221696257,0.0402090431,1.68797342848049,1.76048012298965,21.0246288509397
"r[2,2]",0.02834904227,0.027270344,0.0065862668592265,0.0071352778854,0.0193175782,0.04030621525,1.69537852629913,1.76250883802365,31.5226062118834
"r[3,2]",0.02991277058,0.0290257665,0.00697850007870098,0.007272360564,0.020714686,0.04327357595,1.53102587223321,1.93680353911691,13.0721046622061
"r[4,2]",0.03234873023,0.0304728925,0.00787470552923935,0.0090806010519,0.02110382635,0.0454023077,1.82298895689119,1.59421740980796,51.9994667620882
"r[5,2]",0.03155569865,0.030205646,0.00673431375695306,0.0074823219282,0.02291104805,0.042337468,1.6603939365687,1.80105970103851,31.0890033753774
"r[6,2]",0.03335597424,0.032339327,0.00713872638876115,0.0074137917084,0.0232794981,0.046728462,1.7372350895054,1.65887438325852,30.6204069389592
"r[7,2]",0.03654588025,0.0355854645,0.00794199293574445,0.00920030246939999,0.02534647955,0.04947699595,1.88921394628169,1.55997043648143,12.7390522145152
"r[8,2]",0.0377372639,0.0363810855,0.00816002770212253,0.0091836825234,0.0257472243,0.051470301,1.64773162926133,1.78772027602479,17.323302316373
"r[9,2]",0.03942719833,0.0387319655,0.00749960312590769,0.0066527279091,0.02788397975,0.05407526555,1.44095520718706,2.50200092930862,29.8882545259357
"r[10,2]",0.04048415634,0.040206188,0.0067501688776767,0.00648455214330001,0.02974426385,0.05299226835,1.37020058618328,2.61161252516,17.086506541691
"r[11,2]",0.04104818856,0.0401899205,0.00656799980023369,0.0063028595133,0.03202174625,0.0529236797,1.24343710132137,4.29223106236331,21.5942744323791
"r[12,2]",0.04129104875,0.0408680525,0.00613978263323728,0.0063074518668,0.0326788853,0.052147062,1.24367406658677,4.06172064697984,44.2325367647059
"r[13,2]",0.04227305056,0.040796858,0.00741218924210602,0.0065576220843,0.03291707145,0.0561898057,1.27808053357975,3.51363803310729,28.8147154987886
"r[14,2]",0.04140408722,0.0399611375,0.00757596093583233,0.00692189912820001,0.0312608569,0.05553578845,1.14197193317209,7.43309420501179,37.3293515358362
"r[15,2]",0.0407998714,0.03930377,0.0067300755899216,0.0063425450088,0.03242816255,0.05498010145,1.18478623378524,11.7839060752434,50.4330618083942
"r[16,2]",0.04064073229,0.0403209135,0.00672844774614188,0.0065929828356,0.0298750009,0.05305115095,1.23006822699679,10.7548327052336,28.0590040771451
"r[17,2]",0.04019477719,0.0388701245,0.00676602999234134,0.00595968209129999,0.03118779875,0.05227174045,1.29608578198088,6.95858082236268,40.5548566509965
"r[18,2]",0.04036820159,0.0387756095,0.00653276506092624,0.0055547232447,0.0303788966,0.05145415725,1.07730521211482,12.0911553475509,55.1291802498247
"r[19,2]",0.04126247251,0.040197914,0.00613629759105288,0.0053727667119,0.03215483895,0.05149378685,1.16136611654909,5.92197231586559,31.6824001034527
"r[20,2]",0.04211890696,0.040920077,0.00732814672520986,0.0077358109458,0.03241045845,0.05415683695,1.27450595538615,3.3016174949213,44.2325367647059
"r[21,2]",0.04344225661,0.0409802825,0.00875047837181617,0.007698385674,0.0314370001,0.05912245025,1.51896381895106,2.01998351631557,56.8419098881722
"r[22,2]",0.04296220998,0.040425953,0.00858801640592437,0.0083358540069,0.03241670275,0.05953058445,1.32666783270218,4.47610591015505,26.9877288449252
"r[23,2]",0.04277440197,0.040213005,0.00848024023288039,0.0074299401876,0.03318601815,0.0590058606,1.22663468123453,7.33487869954211,22.2747522502046
"r[24,2]",0.04326357968,0.042121971,0.00677463419049312,0.0071300213271,0.03454299145,0.0559817838,1.21309674447736,3.78908381172825,31.6824001034527
"r[25,2]",0.04729091707,0.0449361285,0.00894915760372038,0.0083472411162,0.03641996075,0.0640401156,1.34572103377279,2.73257724986086,56.8419098881722
"r[26,2]",0.04714033168,0.0446595695,0.0101209705543308,0.0099544388202,0.03464236325,0.06480754815,1.19726347026638,7.52463798251509,32.4795842613214
"r[27,2]",0.04734680322,0.0450971325,0.00895526726195752,0.0077918139369,0.0358463438,0.06347780915,1.28551123474861,3.43735544460114,23.5468245425188
"r[28,2]",0.04872089658,0.046461384,0.0096073691525992,0.0074660111043,0.03666911105,0.0672133685,1.73648154055905,1.72155245680971,23.084460860061
"r[29,2]",0.04731734337,0.0442358325,0.0107422621301955,0.0100641134139,0.0352093034,0.066081734,1.69928418392345,1.75733019873852,42.1527132583187
"r[30,2]",0.04691542557,0.045001508,0.0105005560819905,0.0117680841264,0.03378249695,0.066536204,1.7482845245347,1.68275766351483,21.5942744323791
"r[31,2]",0.04563712324,0.042691033,0.00960657073663557,0.0085134806064,0.0332674967,0.06246385885,1.7207521860756,1.77905936089452,37.3293515358361
"r[32,2]",0.04406829979,0.0399427245,0.0110489631908413,0.0078970852086,0.03119729595,0.0645595541,1.66837555399555,1.85863325146411,21.0246288509397
"r[33,2]",0.04096151349,0.0390359355,0.00884366203739984,0.0066385965072,0.0306326938,0.05972652055,1.40602353965912,2.64452772713731,30.2536366106048
"r[34,2]",0.03924937676,0.0382296895,0.00650829356505954,0.0051021647838,0.0305498614,0.0495729781,1.11838087126101,8.22745101182034,30.6204069389592
"r[35,2]",0.03785449076,0.0375154125,0.00621072793814549,0.0054261996159,0.0280900904,0.04738803615,1.0238302417241,14.81820542078,31.7007288654679
"r[36,2]",0.03721211272,0.0356977665,0.00594275857768392,0.00570570826350001,0.0286796567,0.0482818164,1.00395649085836,15.4086792422471,30.953885028427
"r[37,2]",0.03704497145,0.0362701255,0.00646487797198341,0.0061288067211,0.02910927605,0.04888649155,1.00714412772876,16.3003776761434,13.4809450967877
"r[38,2]",0.03579408595,0.0348962025,0.0054555366259799,0.0046348388856,0.02858416045,0.0460928155,1.01156088531513,21.3716945774358,30.0319618281558
"r[39,2]",0.03548010685,0.03438388,0.00715215060078655,0.0054021577743,0.0258034503,0.0465696433,1.0592500901462,19.888026573396,12.8042980631539
"r[40,2]",0.03436323858,0.032797005,0.00822544465275583,0.0051356166876,0.02549391675,0.04730369855,1.02234098581148,23.6006177909827,12.8702156943087
"r[1,3]",0.08511456823,0.0854814015,0.0108015643228832,0.0123917427816,0.06949804955,0.100178816,1.00921365190624,12.3645424292929,34.3628470914159
"r[2,3]",0.09061261836,0.089483791,0.0207602201616794,0.0189732110043,0.054401821,0.1226431205,1.00425178362647,19.1651644718092,51.5338182396663
"r[3,3]",0.09252038196,0.095455102,0.0181177768754119,0.0188122636548,0.06155704115,0.1174252605,0.991656224084637,24.611251336501,58.9391161255238
"r[4,3]",0.09225033792,0.0927994255,0.0151745045735434,0.0182505902817,0.0668803982,0.1157461405,1.02335320790437,19.8733463170154,65.7762636916379
"r[5,3]",0.09223036647,0.0924746505,0.0172510875719097,0.0171467152626,0.0644566088,0.117432776,1.04216846182595,20.9139947454822,58.9391161255238
"r[6,3]",0.07825872035,0.078072154,0.0199779000715952,0.0223613841822,0.0444103576,0.1066361495,1.20986423574171,13.5558590666992,25.3298043918779
"r[7,3]",0.08715282195,0.082378959,0.0236131381034209,0.0217135576644,0.05494328405,0.12866015,1.01125751564091,16.7046855307301,14.4246620507748
"r[8,3]",0.07572149318,0.072903042,0.0170746189149685,0.0123130174629,0.0502746486,0.109710059,1.03608411600419,32.3066624091926,21.0246288509397
"r[9,3]",0.07499848728,0.075387276,0.0159139557994384,0.0136876048638,0.0492227583,0.101021377,0.994458618491084,21.3452172596345,44.5810103703795
"r[10,3]",0.07832060071,0.081629889,0.0186803824749566,0.0191167874709,0.0492087832,0.1066199265,1.06549699228022,15.1786905116843,44.5810103703794
"r[11,3]",0.08276413944,0.0804979625,0.0175194407894727,0.0144469948077,0.0536362665,0.118038373,1.28223732618516,3.12967496216319,17.2396808196237
"r[12,3]",0.07551531157,0.0766620815,0.0135746576750173,0.0142299421677,0.0541041497,0.09652094705,0.990096032121296,21.7418288811212,21.0246288509397
"r[13,3]",0.08048153008,0.0794489345,0.0209816685820253,0.0200865101703,0.0488889804,0.1206745195,1.05832002623745,14.1722444409486,37.7806563039723
"r[14,3]",0.07925058502,0.0816781955,0.0228089766150329,0.0259065039135,0.04543366515,0.1148296445,1.00113804476614,19.884426280792,58.9391161255239
"r[15,3]",0.07578358274,0.074402874,0.0153735591724278,0.0141810601044,0.05221556525,0.104013913,1.06118519696807,15.8408051963174,16.6318190458088
"r[16,3]",0.0864754481,0.0860795185,0.0171176141441246,0.0174541175466,0.0569404993,0.1140718745,1.07516318714748,10.8689321449307,23.0844608600611
"r[17,3]",0.08700721406,0.0837383585,0.0235739648227343,0.0195393403317,0.05326883675,0.141263954,1.27277077562441,3.7762165572991,28.1169665809769
"r[18,3]",0.0864728376,0.086182544,0.0162150957738996,0.0141593111037,0.06017064935,0.1142194085,1.01389740782129,19.3496307357762,44.5810103703794
"r[19,3]",0.07695955456,0.076406897,0.0184140991267364,0.0162416020473,0.04807050315,0.104278205,1.07592415172389,17.8278328371549,21.0246288509397
"r[20,3]",0.07805091309,0.077066607,0.0183173941420461,0.0171100653906,0.054228481,0.105666675,1.04350192958174,26.0239340485772,52.4502744151648
"r[21,3]",0.07947112054,0.078098196,0.0184969670340879,0.0171104582796,0.04856646845,0.112722024,1.0166504776779,20.0497357690569,58.9391161255238
"r[22,3]",0.08598582843,0.086395269,0.0205783534470991,0.0204389293794,0.0562096863,0.1199635675,1.07087330548877,27.6402792675409,34.3628470914159
"r[23,3]",0.0917349061,0.0905747415,0.0196637427816236,0.0177594160212,0.06343484955,0.130506806,1.02237816743617,34.5549401220756,43.7612949320653
"r[24,3]",0.08455177305,0.084413776,0.0198907303942273,0.0240622999974,0.05339193485,0.1202430725,1.03292262257888,19.6024868454129,44.5810103703794
"r[25,3]",0.07790016071,0.0777967675,0.0137919744294514,0.011336804682,0.05772561055,0.0970162231,1.02855014282095,22.563008797821,31.7839996054474
"r[26,3]",0.07822298559,0.079963686,0.0185808620307436,0.0173514675117,0.04837488195,0.105104517,1.03595002814066,12.6594320553891,28.1169665809769
"r[27,3]",0.07432571122,0.073122553,0.0145666224245134,0.0164253384414,0.0522996263,0.0985917897,1.10319650106071,9.87375692845201,32.3774283071229
"r[28,3]",0.0724124342,0.07145947,0.013484998214078,0.013489992075,0.0514472475,0.09698273935,1.35169516854371,2.62245370720982,30.6204069389592
"r[29,3]",0.07973860282,0.078529591,0.0164285799550055,0.0166800839625,0.05470815855,0.103230618,1.00880148571163,30.8841411312458,54.8564568994389
"r[30,3]",0.08158330522,0.07601577,0.0246154341719845,0.0169212414546,0.0540213732,0.1359823625,1.20284762694894,4.82788706636542,21.0246288509397
"r[31,3]",0.08099787592,0.0811372555,0.0165813371875392,0.0173953487652,0.056244,0.109326708,1.04734119713868,28.2496962625692,40.5548566509965
"r[32,3]",0.08347321969,0.0775254915,0.0260979318082036,0.0244621675956,0.05008634455,0.137512647,1.04514091159086,12.9733429948535,24.3582350718816
"r[33,3]",0.07054250559,0.0684575395,0.0175938545345017,0.0190246668612,0.0436158211,0.0985950442,1.11816169482854,14.3883542630838,31.6824001034527
"r[34,3]",0.07623819673,0.0760429145,0.015704885553271,0.0162628951485,0.05240347585,0.1036213485,1.07691026236042,12.1784739531381,58.9391161255238
"r[35,3]",0.08115125372,0.082771711,0.0174928430604158,0.0185105552961,0.0563055537,0.110062046,1.14824372457221,5.58467068047419,56.8419098881722
"r[36,3]",0.07556680789,0.071987231,0.0205876208060629,0.0159889699725,0.04739742725,0.1134452125,1.21156448599101,3.99232416001858,21.0246288509397
"r[37,3]",0.07284765731,0.071052029,0.0158127692920006,0.0139782359766,0.04885716485,0.0998265456,1.21854885437867,5.22885690849529,66.9637815053919
"r[38,3]",0.07662049876,0.071952553,0.0230452425947246,0.0251801173869,0.04764719805,0.1226301715,1.23983649968345,4.20013729769868,33.8817424896137
"r[39,3]",0.07136302819,0.068368417,0.0206133627369469,0.0234888154914,0.04118567875,0.107238929,1.35055452130856,3.22803272787326,25.9952465834819
"r[40,3]",0.07393271567,0.071896196,0.0228799455832429,0.0243935491611,0.0412709687,0.1122270145,1.13540249137317,6.73024506002549,31.7839996054474
"r[1,4]",0.09499490352,0.095804691,0.0114970127542918,0.0116753363769,0.07600610805,0.109930718,1.13447621110107,5.96713398526644,56.8419098881722
"r[2,4]",0.09582598111,0.0936922445,0.018204173806306,0.0163898116389,0.07110682855,0.12990172,1.24828809912396,3.82269253683558,58.9391161255238
"r[3,4]",0.09128649965,0.0901272075,0.0124751789123581,0.0112630623819,0.0690067196,0.110797896,1.07059142996065,22.5788248102513,114.529605637897
"r[4,4]",0.09229409866,0.088887056,0.0166885913231646,0.0153023401062,0.0685714258,0.121489624,1.08754128766691,10.99211985735,40.5548566509965
"r[5,4]",0.08939094935,0.087642328,0.0168094546900423,0.0153185449242,0.0622714901,0.1178655975,1.04494556729321,29.9994103736388,44.5810103703794
"r[6,4]",0.09674328176,0.094528921,0.0207502426486198,0.0195413855784,0.0661395843,0.1341912925,1.03155290185838,14.0726746193868,44.5810103703794
"r[7,4]",0.09213253254,0.0900659245,0.01585482333694,0.0173701067589,0.06824813145,0.1194091515,1.08434429031171,11.7355563166285,54.856456899439
"r[8,4]",0.09408011483,0.0938512955,0.0165709068941999,0.0163265728185,0.07102394975,0.1221313045,1.06457678647002,15.0901092011327,32.8693155044046
"r[9,4]",0.09711543613,0.095315758,0.0184932873312051,0.014261826222,0.0718509282,0.1397839085,1.04443680272108,17.3834506180699,33.7805500606215
"r[10,4]",0.09431292238,0.0927169675,0.0139910124178489,0.0145513653999,0.07429841885,0.1180711345,1.1395385694342,6.53093576442754,42.4389398926035
"r[11,4]",0.09663024806,0.0955417755,0.0163538586397684,0.0174495237105,0.0746471211,0.1198307785,1.16894822238653,6.041268032207,40.5548566509965
"r[12,4]",0.09830854729,0.097030539,0.0187950171002763,0.0165474757707,0.0688168332,0.1348536085,1.07952679604441,13.0472836047505,22.2747522502046
"r[13,4]",0.0952979986,0.093881396,0.0157439154665537,0.0157189759104,0.072265945,0.1234248555,1.1201643596032,9.78066065679365,52.4502744151648
"r[14,4]",0.09806782476,0.0985554275,0.0156006446469173,0.0158058540465,0.0716737915,0.122243576,1.05618339508296,41.7215353912093,52.4502744151648
"r[15,4]",0.09720735566,0.095336256,0.0128818372912834,0.014514787434,0.07954186025,0.1212497785,1.01901186785035,56.4063025310498,37.4171477442801
"r[16,4]",0.09721576173,0.097081154,0.0150322153019398,0.0160974392124,0.07441428395,0.1214752435,1.03593284034961,36.674127493814,31.6824001034527
"r[17,4]",0.09574858891,0.0960785845,0.0186206539275552,0.0188781548466,0.066219634,0.12593219,1.08206888593647,11.905434733774,31.7839996054474
"r[18,4]",0.09425015481,0.0913465915,0.019266317455941,0.0197363697174,0.06854697545,0.132841296,1.0199744899343,32.390143984194,34.3628470914159
"r[19,4]",0.09455053892,0.0926007345,0.0175351009187961,0.0202356019089,0.0698189254,0.12416995,1.16302367352176,5.71462887328063,48.4074922943175
"r[20,4]",0.09625495293,0.096813615,0.0178619113429466,0.0176458392243,0.0725123454,0.1297899345,1.04031335120204,13.8980048876795,69.718819965758
"r[21,4]",0.09124189662,0.092384708,0.0187172392925527,0.0198157243998,0.06004329595,0.1201186925,1.2046066716966,6.2085956221711,34.3339219148517
"r[22,4]",0.089790729,0.0883690285,0.015558741232915,0.0146726072388,0.06426978155,0.1177387055,1.11999474225076,9.35536271078893,52.2238977401648
"r[23,4]",0.09282603393,0.0902724135,0.0193540275127025,0.0214773394542,0.0663380818,0.1246886755,1.15411912765954,6.79871578026019,39.42329353458
"r[24,4]",0.09416230412,0.092098359,0.0184852907846419,0.0205734434535,0.068318525,0.1250148025,1.41647863697206,2.33265907039101,16.3597270262691
"r[25,4]",0.0926226989,0.0915026585,0.0163406903381086,0.0149183467062,0.06494140365,0.1185565155,1.24323352052599,3.75332051256124,30.6204069389592
"r[26,4]",0.09170242877,0.0900172125,0.0186691029820781,0.0230566798455,0.06294791505,0.1183998245,1.42613089575485,2.28299529588065,16.7994624172026
"r[27,4]",0.092197129,0.095723119,0.01874792140816,0.0207174832326,0.059625591,0.1219978055,1.26663178892448,3.30136443937184,31.7839996054474
"r[28,4]",0.09237698247,0.0914528405,0.01781975693179,0.0163482439827,0.0641292674,0.121977698,1.2525876624561,3.92050003833411,33.2303932833019
"r[29,4]",0.08695258071,0.086316172,0.0153452934166029,0.0161226619449,0.0606924874,0.1111214755,1.23171538218469,3.66840138889726,30.6204069389591
"r[30,4]",0.09325105816,0.093936695,0.0164600001126292,0.01773308208,0.06651307925,0.118230343,1.16266519962524,5.14134874025191,29.5600444323016
"r[31,4]",0.0927075882,0.0886948445,0.0223520186335925,0.0215340244413,0.06107539525,0.130826261,1.51192072144866,2.08402289391691,26.9877288449252
"r[32,4]",0.09125930137,0.089186098,0.0175565037649246,0.0198278283462,0.0697519149,0.121582548,1.18553959981055,4.1281103021984,56.8419098881722
"r[33,4]",0.08831957452,0.084143515,0.0200668186671084,0.0191246941767,0.0602534605,0.120445148,1.2457198678084,4.44381323785525,29.3034159410583
"r[34,4]",0.09340388207,0.092730758,0.0192477689106448,0.0202946360757,0.063433171,0.126018201,1.1737080899001,5.25191763661608,40.5548566509965
"r[35,4]",0.09421511634,0.093316741,0.0166104145217391,0.0185222796969,0.0660236821,0.1196937395,1.18127971728422,4.7140364457756,65.5135225921653
"r[36,4]",0.0955516336,0.0931870365,0.0215218580504373,0.0196401319275,0.0624376024,0.1305515905,1.21983748684843,4.1535734188005,37.7806563039723
"r[37,4]",0.09017500186,0.0890069855,0.0182404395643662,0.0203523240417,0.06286008095,0.122606084,1.14810675931499,5.92006596883291,26.3673346391441
"r[38,4]",0.09037670358,0.088701286,0.0176160212490893,0.019718261241,0.062510398,0.119774406,1.07468296202062,17.368119285905,58.9391161255239
"r[39,4]",0.08938698731,0.0909184495,0.0191367534929197,0.0198824584497,0.0554458177,0.1188367345,1.40036928621534,2.38622456558806,71.4660754915116
"r[40,4]",0.09196208671,0.0906240115,0.0217704743594942,0.0167304419541,0.05821802915,0.1340948055,1.13163171307178,8.82942142814795,29.494618736908
"r[1,5]",0.06631018183,0.065548568,0.00938311075229683,0.0092112344205,0.05284003965,0.0821875028,1.53945973819052,2.04194904528008,56.8419098881722
"r[2,5]",0.06259450012,0.0591256465,0.0108855255637514,0.008449478247,0.0488985349,0.084138782,1.26899063039867,3.57609130224749,31.6824001034527
"r[3,5]",0.06244470355,0.059603626,0.0122535716759507,0.0093322205109,0.0479489847,0.08439526335,1.24740472213164,3.85272463575658,40.5548566509965
"r[4,5]",0.06238676295,0.0597795835,0.0104478379875706,0.009827525295,0.0501021552,0.0846649979,1.58549383102658,1.88583812687013,33.6196723111123
"r[5,5]",0.06341153906,0.0605502225,0.0125391989165796,0.0110550699105,0.04632163085,0.08557919565,1.55223028407054,1.9394493169742,38.2860357544693
"r[6,5]",0.06366773767,0.0604602695,0.0148624056430533,0.0163024976184,0.04578939215,0.09335245685,1.62210974340629,1.84002750595938,29.6344679101047
"r[7,5]",0.06229644664,0.0617060105,0.0132784207304118,0.0161797902294,0.0441419169,0.0860596267,1.6393635795356,1.84117805299298,16.6539779215835
"r[8,5]",0.06233726916,0.0617639715,0.014805990857562,0.0167532843723,0.04175149705,0.08823855755,1.74979239484319,1.64734136660995,71.4660754915116
"r[9,5]",0.05996530985,0.059162326,0.0118938279393497,0.0129031174671,0.04317502035,0.08075538065,1.47297823331114,2.06955243675086,16.3704396632366
"r[10,5]",0.06083793502,0.061176123,0.0145194824194524,0.0159351723489,0.0383734326,0.0845267772,1.52720957267854,1.93187146750468,12.8702156943087
"r[11,5]",0.06264032884,0.0636174915,0.0158371541438207,0.0189043694385,0.039283764,0.08796950695,1.72825905500138,1.65398405072836,30.5219882895229
"r[12,5]",0.06323668505,0.0622694765,0.0161990329977852,0.0193869564798,0.04043300965,0.0920385875,1.67425556476219,1.71162069580719,16.4566484859883
"r[13,5]",0.06337126183,0.0622315675,0.0145190961494543,0.0174535185762,0.04296615275,0.08668386665,1.72687326787536,1.66893357688967,40.5548566509965
"r[14,5]",0.06299095353,0.06124751,0.013482397487883,0.012636214626,0.0451851064,0.0905059478,1.46020912889142,2.11922240904056,51.9994667620882
"r[15,5]",0.06323980646,0.0617557205,0.0117808265361168,0.012217350474,0.04680890935,0.08335140285,1.07588442302934,10.0444614929832,52.6712289170557
"r[16,5]",0.06448002787,0.0627558095,0.0105254869744102,0.0093875681928,0.0511595829,0.0854329746,1.06659017507838,17.3554623733962,56.8419098881722
"r[17,5]",0.06647418071,0.0641433875,0.0119840138335601,0.0091016094939,0.05301215705,0.0901860949,1.04599660128751,28.0008785676876,40.5548566509965
"r[18,5]",0.06565891044,0.064596826,0.00896657973211448,0.00804266392649999,0.05299003685,0.08083341135,1.0495699070725,31.6376315056486,40.5548566509965
"r[19,5]",0.06613802603,0.063997856,0.00958304073896782,0.0097585154541,0.0542339972,0.08510910185,1.06879088873346,10.6683881892884,41.7960353475043
"r[20,5]",0.06784032284,0.0667481935,0.00976275980608532,0.00791842945950001,0.0542369014,0.08877708575,1.08283022035192,13.4383605773215,63.3260569728169
"r[21,5]",0.06666701177,0.064585799,0.0120597542471893,0.0105955113537,0.0511275835,0.0916038952,1.16364471670299,4.78770120489618,18.7386229789056
"r[22,5]",0.06616018396,0.067172175,0.0104003756148517,0.0131494966764,0.0506989432,0.0834204127,1.1984267653339,4.90282532841066,58.9391161255238
"r[23,5]",0.06399111164,0.061925371,0.0113207659356323,0.00985663688730001,0.0494934872,0.0885851475,1.18882461023394,4.20308223036104,44.4307557649823
"r[24,5]",0.06524108663,0.064051221,0.0109339062387838,0.0113088865827,0.0508837705,0.08675865475,1.37149864618523,2.49216532667604,40.6099784518481
"r[25,5]",0.06727797662,0.064808244,0.0121184509043651,0.0106677554865,0.053579685,0.0896816559,1.23108578477448,3.77135733227078,48.4074922943175
"r[26,5]",0.06674092152,0.063925726,0.0114221813508965,0.0124059282984,0.0504399267,0.08674456965,1.12663241401057,10.5933973220005,50.7015438102728
"r[27,5]",0.06580246119,0.062871606,0.0109474867044762,0.0110301889173,0.0517817408,0.0867719725,1.18984821119364,4.51476320266954,52.1880424334821
"r[28,5]",0.06739993647,0.0663696125,0.00844403969052265,0.00855228395490001,0.05571823655,0.0812994597,1.14769592843489,4.98079499911479,74.7352313149317
"r[29,5]",0.06757888118,0.066046603,0.0107097153533511,0.0092303888712,0.05044324285,0.0898872134,1.06877957385575,12.370641066008,51.1098130841124
"r[30,5]",0.06904034121,0.067172294,0.0104339091251618,0.0107794078686,0.0548871216,0.08708934555,1.06011927669928,23.2536285003333,43.6009559160014
"r[31,5]",0.07148641968,0.0717793935,0.00835688686477837,0.0076197322614,0.0555159603,0.0851078802,1.01706565449508,40.5922279954758,67.2583153008919
"r[32,5]",0.07248511233,0.069956643,0.0119056059182659,0.0110850747693,0.05563104095,0.09437817945,1.08800395090776,9.42455552236534,72.1606974552308
"r[33,5]",0.07257139013,0.0714198865,0.0116792229962478,0.0126731565702,0.05692973025,0.08975003255,1.03694237012991,21.3322418787069,50.0631594590578
"r[34,5]",0.07547674763,0.076456651,0.0130830049691404,0.0128149235235,0.05528646525,0.0945515193,1.01885578655186,36.8490595885764,44.5810103703794
"r[35,5]",0.07504757212,0.074989898,0.0111857414912561,0.012194518434,0.05525211415,0.09462138815,1.00837364112375,18.0537915840813,58.0761852780705
"r[36,5]",0.07397086414,0.073048261,0.0125147289707495,0.0133954829967,0.0543607985,0.0938556613,0.99072108564797,21.6056654190342,71.2874531148375
"r[37,5]",0.07674037106,0.074516666,0.0130474137347329,0.0131099320128,0.0608728808,0.100309912,1.00788088451598,13.6851784506574,52.4502744151649
"r[38,5]",0.07812502471,0.0780730005,0.0140792823279823,0.0158902340016,0.05729277635,0.1026679805,1.00038049951847,14.6388333173043,66.9637815053919
"r[39,5]",0.07853317749,0.076572707,0.014364676803293,0.0154861914018,0.0593416951,0.1006069165,0.994063245660039,13.6245204276161,58.0761852780705
"r[40,5]",0.07667149004,0.074908371,0.0145820450285135,0.0143811362331,0.056789509,0.1026657945,1.05508146964303,13.9255590772449,21.0246288509397
"r[1,6]",0.0936540845,0.0930836015,0.00882859338482581,0.00842025694229999,0.0811945417,0.1118871775,0.99924832420708,22.911258809898,59.4639916395373
"r[2,6]",0.10026658665,0.097105444,0.0194080663461486,0.0135819384792,0.0760903771,0.139759876,1.00607878079735,32.0758081760799,44.5810103703794
"r[3,6]",0.09238831171,0.091042031,0.0175370355634743,0.0129204631458,0.0653915635,0.1201311495,1.01848534671559,30.3836573571931,34.3628470914159
"r[4,6]",0.09632767451,0.096788529,0.0181406400082794,0.0210778217496,0.06539844925,0.1249763515,1.13224702013138,15.5280171221129,57.921092890623
"r[5,6]",0.08952859611,0.0911775445,0.0148337234147693,0.0127123898727,0.06610624345,0.1143615485,1.10707518402502,12.6053826600833,40.5548566509965
"r[6,6]",0.09357942986,0.0921535905,0.0154812260302416,0.0154704854787,0.0698678822,0.117613588,0.997783095500328,43.6382533751242,41.9739137329527
"r[7,6]",0.09875328464,0.0976007545,0.0148124764197442,0.0146004483555,0.0741670429,0.1258606355,1.15765352808908,33.1552414370204,51.556342412722
"r[8,6]",0.08680927127,0.087325894,0.013731492355229,0.0139628413995,0.06479998555,0.107203133,1.12957567849957,8.43339314294226,36.9744348193533
"r[9,6]",0.09639745219,0.095044067,0.0214454695907566,0.0194169272388,0.0680443409,0.1303376115,1.09202729365572,30.3173342893672,37.1482290150412
"r[10,6]",0.09084931773,0.091018865,0.0172194596907096,0.0165228534912,0.0635230236,0.1198152395,1.14160561842532,6.2824978061031,31.6824001034527
"r[11,6]",0.0871785538,0.0856869405,0.0157413576013353,0.01979093088,0.0627331974,0.11262916,1.02093459117797,19.0923889536053,71.2874531148375
"r[12,6]",0.09499587687,0.096039677,0.0160968826047451,0.0197528399208,0.0713737337,0.1215266545,1.0026953023431,17.3308231175839,25.3298043918779
"r[13,6]",0.09041421546,0.088129218,0.0229445849619879,0.0267706654929,0.06257117525,0.1341847515,1.07136529831106,14.1138740587139,25.3298043918779
"r[14,6]",0.09089867106,0.0913421155,0.0182344075271579,0.0150819516162,0.0597855474,0.120516055,1.02057459889891,25.8592320174279,31.5354895261113
"r[15,6]",0.08972560281,0.0858651685,0.0225161288912166,0.0177167327085,0.06072580055,0.142601246,1.05576691150564,13.8776151922971,30.6204069389592
"r[16,6]",0.0851738359,0.08669298,0.0157699054259924,0.0165109978803,0.06037233875,0.11019552,1.0155358226589,27.5165891063003,51.5338182396663
"r[17,6]",0.08120787144,0.0811188895,0.016961905313788,0.0160070198862,0.05794875995,0.1138162565,1.08452799442093,18.4285698048724,33.0857528696826
"r[18,6]",0.0878203561,0.0871439115,0.0186616838419547,0.0199862997537,0.0612586514,0.116097826,1.09148346527156,9.27172558486724,44.5066124109867
"r[19,6]",0.08748182607,0.085900897,0.0165152400007611,0.0140174411097,0.0628533606,0.1185633795,1.16931631455847,5.34590990013805,31.6824001034527
"r[20,6]",0.08600511687,0.084175827,0.0179121046402653,0.0202461728469,0.0603685597,0.119848651,1.00441067441412,30.7781681743341,44.5810103703794
"r[21,6]",0.08284916433,0.0789089735,0.0181056356456296,0.0163317411621,0.05718492315,0.113071395,0.992602188544614,28.4273481382494,44.5810103703794
"r[22,6]",0.08576513095,0.081908101,0.0195512428663062,0.0143745653499,0.06208530625,0.1267512755,0.993172786313611,42.9565332189323,50.6923710931221
"r[23,6]",0.08582133267,0.08400063,0.0177579435543336,0.0177821435379,0.05860423455,0.118321716,1.13685414447581,7.34193578114616,51.9994667620882
"r[24,6]",0.08695038797,0.081511224,0.0242182659528582,0.0197038963296,0.0606765838,0.138068546,1.11360439923026,11.0764616266506,21.0246288509397
"r[25,6]",0.08239497857,0.0827090015,0.0185845283586802,0.0165819610467,0.0551665363,0.1176228345,1.16396763776447,4.78239419672611,31.6824001034527
"r[26,6]",0.08127479967,0.0757764095,0.0259582064051185,0.0165409204548,0.05517276155,0.1386957605,1.06302015788933,9.84487270936886,21.5942744323791
"r[27,6]",0.07493476882,0.072103663,0.0179094338938638,0.0180255071388,0.05039258095,0.104585739,0.998353589164685,23.2502973715223,31.7839996054474
"r[28,6]",0.08174490135,0.07806814,0.0195124323643008,0.0168162118467,0.05763298135,0.1241397905,1.06104316454645,11.9028829175039,62.9342719516312
"r[29,6]",0.0769952285,0.0745853855,0.0186334455649678,0.0147664980729,0.05206640795,0.108180279,1.11070703592291,9.85317035428995,21.5942744323791
"r[30,6]",0.07732559939,0.07206337,0.0199625663591796,0.0149153110827,0.05372603885,0.120576519,1.03613076714868,16.4489859333317,47.8072297059089
"r[31,6]",0.0811385908,0.0763577575,0.0224608001614623,0.0261282148827,0.0484595806,0.1159733565,1.42693205838338,2.28773327562068,29.9635545336692
"r[32,6]",0.0786718423,0.0770161075,0.0199458396127003,0.0167658449595,0.0496691693,0.112570501,1.22089790004634,4.04769234622393,21.0246288509397
"r[33,6]",0.07992485486,0.074625689,0.0234655574417232,0.0187168931859,0.0526337962,0.1322661995,1.26083264070608,3.45924009708257,31.6824001034527
"r[34,6]",0.07999626657,0.077021486,0.020946346771265,0.0161371269318,0.05441176335,0.123248838,1.17254436425899,5.76799133579742,30.6204069389592
"r[35,6]",0.07878969106,0.074877807,0.0178470733206222,0.0169828301412,0.0522853018,0.1095897465,1.29093052696956,3.15233128582379,42.4389398926035
"r[36,6]",0.07736071254,0.0712335365,0.0193515469861327,0.0176651285916,0.05335324565,0.115668672,1.27027029919477,3.25469181316774,21.0246288509397
"r[37,6]",0.07936831769,0.0792745635,0.0214902468984559,0.0188035911861,0.049892162,0.11355975,1.34260555457371,2.7750359864202,47.4879826329663
"r[38,6]",0.07663605275,0.0751285985,0.0190705411147954,0.0155256708159,0.0547145675,0.1093515225,1.07983621505178,23.6224691596348,21.0246288509397
"r[39,6]",0.07583464935,0.0722243475,0.0188404009068985,0.0142622976888,0.05233683,0.1098055505,1.28722931960041,3.23658254765286,22.2747522502046
"r[40,6]",0.08189785376,0.078677656,0.0196645159784226,0.0190722931623,0.0574874793,0.121314504,1.32953959145414,2.95105652273209,79.0016767702825
"r[1,7]",0.11363494471,0.11040871,0.0225435437700109,0.0230323451904,0.0850694971,0.150352732,1.66818017068122,1.71276166060002,27.3480231286138
"r[2,7]",0.11931327854,0.117390135,0.0305150125359735,0.0310980998706,0.07567210595,0.171175919,1.29688299979924,2.80553576444661,30.2536366106048
"r[3,7]",0.12339487451,0.124820865,0.0319181897566867,0.034503682479,0.0708096577,0.1778503965,1.30819085430902,2.7891754398134,44.5810103703795
"r[4,7]",0.11391139666,0.114471085,0.0228266131390396,0.024306255897,0.08278891565,0.148676535,1.56279492147749,1.89600387313163,40.5548566509965
"r[5,7]",0.11488540817,0.109473865,0.0246366224008708,0.0209612538072,0.0853168133,0.163306195,1.50557376168576,1.99943650284926,13.3181126331811
"r[6,7]",0.11834637749,0.117178705,0.031860100419028,0.0384772787994,0.0733132511,0.174163792,1.07314852924663,13.0749423065505,52.4502744151649
"r[7,7]",0.11102567929,0.10922785,0.028758957819578,0.0312470737425,0.06350037965,0.1526970625,1.19502299617041,4.07870380583879,46.2742551554156
"r[8,7]",0.11318015998,0.115498375,0.0255886704577685,0.0240320905398,0.06454206545,0.1483892215,1.01992978456479,15.461989796843,31.7839996054474
"r[9,7]",0.10873748088,0.111814975,0.0261539339907153,0.024818953803,0.0588343512,0.146580808,1.32683961108257,2.62639064063105,15.3832630098453
"r[10,7]",0.11292971523,0.113874165,0.0254967057407244,0.0246788644116,0.07605637935,0.1560362935,1.24521366848027,3.75950706565757,51.9994667620882
"r[11,7]",0.11330538173,0.11454668,0.0198794274365188,0.018964247946,0.07513366905,0.1445569845,1.12569269423069,6.48166197454579,58.1996870625698
"r[12,7]",0.10728287418,0.109988135,0.0247797635373601,0.027886645941,0.0691297684,0.1466822295,1.40601663094416,2.36728745756019,39.6606986758183
"r[13,7]",0.10530643702,0.110196815,0.02141210547881,0.022635684456,0.068915639,0.134140149,1.43661055080565,2.23846542697334,13.5711516091508
"r[14,7]",0.09810328952,0.0996435065,0.0175275748460839,0.0136171806225,0.0626203548,0.1232673335,1.43374814580651,2.41721755652121,17.5544186979637
"r[15,7]",0.0989305102,0.102704015,0.0225377884441184,0.0244464075576,0.056786537,0.1280621745,1.35892818627928,2.95896413245601,21.0246288509397
"r[16,7]",0.10685774744,0.105578565,0.0187130500051289,0.0162906657291,0.0786555611,0.144435844,1.12714486735983,13.2283320313683,40.5548566509965
"r[17,7]",0.10800931494,0.107455315,0.0186661154518652,0.0163114925526,0.07706162515,0.144281546,1.33176773768744,2.73512553995409,48.4074922943175
"r[18,7]",0.10301797227,0.107896025,0.0215448474901096,0.0131861902851,0.0582331773,0.131440948,1.11050750919943,6.09471343028481,14.977747346799
"r[19,7]",0.10272088159,0.10141567,0.0226966342998525,0.0236976767664,0.0710519598,0.143559423,1.42465944987595,2.34113065481762,16.500094286253
"r[20,7]",0.10383100826,0.10472107,0.020250497185836,0.0190820293965,0.0749929352,0.140433113,1.21847253779729,4.05031148571977,19.2286561916273
"r[21,7]",0.10659082841,0.102951875,0.0239221983539823,0.0181655817042,0.07569488535,0.14528648,1.3605956232191,2.89864716770979,21.0246288509397
"r[22,7]",0.10390083586,0.10248935,0.0222746093158171,0.0233484644211,0.06452752385,0.1429533765,1.52739022517118,1.98033515364735,30.6204069389591
"r[23,7]",0.10723773209,0.10880788,0.0176835247836135,0.0138520400298,0.0764652175,0.140076084,1.1115225381048,18.2573029997784,34.3628470914159
"r[24,7]",0.09973836412,0.099374745,0.017279375339941,0.021121549554,0.07676355975,0.1271322675,1.0192361911187,28.0026444423189,51.5338182396663
"r[25,7]",0.11790857021,0.115137205,0.0203995988371902,0.020515158741,0.0880439856,0.1556779145,1.03941935478476,23.0963413935716,49.8568790552336
"r[26,7]",0.11140426333,0.107960775,0.020489223684265,0.0163742806626,0.0827533829,0.151220736,1.02817321376831,17.3984549969242,33.8817424896137
"r[27,7]",0.11140354023,0.10766342,0.0207541655571689,0.0146605766811,0.0788874971,0.1529115465,1.0183662573032,22.0826363653037,39.9074798019286
"r[28,7]",0.10125880094,0.10325072,0.0197906403563192,0.0190938909378,0.0655939526,0.133857407,1.11864317909151,6.90035561553649,21.1838760440624
"r[29,7]",0.11123513326,0.11012494,0.0178343875346749,0.0185622276126,0.0841595996,0.1412736335,0.993993765639089,43.2620465527746,71.2874531148375
"r[30,7]",0.11259726719,0.112606755,0.0200049929970913,0.022772298633,0.0838223922,0.1462011805,1.04624165744105,20.4001614505759,21.0246288509397
"r[31,7]",0.10168821198,0.100353185,0.0192368430356131,0.0153291714597,0.0716413821,0.1419799905,1.13425782565372,5.95599426715927,12.9368155368514
"r[32,7]",0.10648018774,0.10355663,0.0188067646061872,0.0164246586693,0.07704976845,0.137422408,1.08880458273905,28.0960383664173,31.072143553408
"r[33,7]",0.11004524788,0.109435515,0.0172854543755431,0.01598101953,0.08125430845,0.141668733,1.02524858265474,26.9341021057338,51.5563424127221
"r[34,7]",0.10543627928,0.10355455,0.0167861331039047,0.0162730079631,0.0845291978,0.1392514905,1.1663947289712,6.01917762480374,26.7566564008475
"r[35,7]",0.10245634143,0.103159855,0.0200217409568036,0.016271001264,0.06476754105,0.137649487,1.09219689328854,15.0513018430921,13.3252112997792
"r[36,7]",0.10977492602,0.107547785,0.0206243015203016,0.0225268156554,0.0751026596,0.144224705,1.01454207364609,20.8889112889172,58.9391161255239
"r[37,7]",0.10452875957,0.104116815,0.017482093454246,0.0150072122676,0.0757552335,0.1414460235,1.12368929299389,6.74906052433724,21.0246288509397
"r[38,7]",0.10808433996,0.106364475,0.0215712109234519,0.0205253204814,0.0779456035,0.144082396,1.12343564770047,7.65288704363856,30.1538461538461
"r[39,7]",0.10677181289,0.101959415,0.0206005091520619,0.01804724502,0.0781906259,0.1457025825,1.27503083222441,2.94378729885921,13.6825645035184
"r[40,7]",0.10949400895,0.108472155,0.0231403176717917,0.021666886899,0.0768791802,0.1490729655,0.995255907655948,30.4642335508155,50.6923710931221
"r[1,8]",0.09490763779,0.092512673,0.0168973810442432,0.0188393107266,0.0719297644,0.1232208625,1.8889697441082,1.53095025638415,31.9226559649762
"r[2,8]",0.09443664703,0.0928366235,0.0216910475018779,0.0229417397979,0.06288407195,0.129317061,1.52230411463237,2.00365725220778,56.8419098881722
"r[3,8]",0.09421759105,0.087416443,0.0220050952244274,0.0212802537297,0.0678599535,0.132453527,1.86987093406908,1.55806870270036,24.8267196303352
"r[4,8]",0.09667937679,0.0934130485,0.0191943567642671,0.0198398633517,0.07124063285,0.1348782915,1.75685109726236,1.65991966003002,18.4618630657243
"r[5,8]",0.09651146464,0.096936871,0.0175033120973722,0.0185390189922,0.07108591805,0.126794994,1.47291176724584,2.17040002608079,50.0858614768176
"r[6,8]",0.09589131738,0.0939544045,0.0212614096737252,0.0177812332215,0.06650702925,0.1336478615,1.67761012239798,1.73108464683706,17.371451260671
"r[7,8]",0.09658843446,0.09630456,0.0222446683225913,0.0214658596824,0.0588705665,0.128468959,1.62936793455721,1.91988076683687,30.6204069389591
"r[8,8]",0.09755144378,0.097888308,0.017654289277178,0.0180275664702,0.07134299725,0.125387969,1.46404319337047,2.12587220918849,16.867469879518
"r[9,8]",0.09889252775,0.0960124275,0.0222761627959715,0.0260810237247,0.0708197013,0.1358058885,1.78312997049409,1.66258769989127,42.1527132583187
"r[10,8]",0.09822127458,0.0960744615,0.0208168160637162,0.0222485583222,0.0662437745,0.132440813,1.52586323211991,1.98507223858467,21.8313373253493
"r[11,8]",0.09948210725,0.0980342505,0.0216686173341872,0.0254438452401,0.0673916385,0.13358054,1.71537962241547,1.6882889222709,19.8390205192155
"r[12,8]",0.09613054434,0.0940565495,0.0241361494034143,0.0280542842643,0.05878467165,0.1346187685,1.63688109253761,1.85658277565182,56.8419098881722
"r[13,8]",0.10306304644,0.10476772,0.0246220735878469,0.031768070502,0.0669062015,0.1402836095,1.17328945563618,4.69503476053498,18.0486798679868
"r[14,8]",0.09856009201,0.094469504,0.0226988166026392,0.0250015122714,0.0699438987,0.1371102565,1.37288566066853,2.60757921259935,31.6824001034527
"r[15,8]",0.10072819716,0.098537619,0.0247285315111665,0.0267334285113,0.06798406645,0.1423438495,1.39482685444318,2.3781330981361,31.6824001034527
"r[16,8]",0.0988939752,0.094960358,0.0219725927478753,0.0227782616502,0.0711027368,0.140813898,1.62281649899801,1.86889432844255,32.4795842613215
"r[17,8]",0.09544548362,0.0935609855,0.020715531813086,0.0229856736837,0.06107174875,0.129384986,1.35544791772895,2.49948421475095,23.102310231023
"r[18,8]",0.09820684335,0.101634945,0.018190911153336,0.0208690101417,0.0677073155,0.1242526565,1.33565239679112,2.67194327008005,21.0246288509397
"r[19,8]",0.09867495839,0.0997042075,0.0218174765140577,0.0235586118516,0.06179277375,0.1323248985,1.56347331476533,1.93690397317503,50.7015438102727
"r[20,8]",0.09971164329,0.0993635995,0.0216887446521401,0.0239464340661,0.06821759425,0.1404809485,1.30948767391069,2.75270228454296,25.9952465834819
"r[21,8]",0.09786059285,0.0962151465,0.0213371624448261,0.0208376813211,0.06343037895,0.134197116,1.32744833173031,2.72882908388128,35.7069985717199
"r[22,8]",0.09965867524,0.0978465935,0.0182302095395363,0.0174674505684,0.0724281073,0.1302958565,1.40892483849648,2.45077370453287,56.5091830996655
"r[23,8]",0.09603015445,0.094117142,0.0191227478433982,0.0159085678332,0.06396089515,0.1328127155,1.3353967667307,2.99542413854585,25.3298043918779
"r[24,8]",0.09652919275,0.0952004,0.0199203802787339,0.0242748596181,0.06600422335,0.129785434,1.20928055070029,4.00215728587925,40.7776039412802
"r[25,8]",0.09749198714,0.0944882825,0.017079615440177,0.0184831776045,0.06918637795,0.127205605,1.2919616098357,3.09452860832837,22.6625226625227
"r[26,8]",0.09795508465,0.0975547855,0.023176584496954,0.0206463295521,0.0614387981,0.133039018,1.16422769766976,4.9371886120389,21.0246288509397
"r[27,8]",0.09999817655,0.0991611915,0.0254249404139708,0.0214677425844,0.0649481967,0.1430839255,1.23005063159656,3.60067800360702,47.4879826329664
"r[28,8]",0.10135170939,0.0998639275,0.021889251499526,0.0230169758175,0.0688994929,0.137085474,1.44101933950736,2.23768861373218,25.9952465834819
"r[29,8]",0.10038961724,0.101579775,0.0225412193579681,0.0229991230896,0.06656705075,0.1387727025,1.39822296305284,2.36333964656317,24.3582350718816
"r[30,8]",0.10006534021,0.105632955,0.0255524397411427,0.0309120387597,0.05880604045,0.1396898505,1.43564094369526,2.30069120928463,104.246447110884
"r[31,8]",0.10383299088,0.10467791,0.0264267292257425,0.0309785178024,0.0643077689,0.1463997895,1.54552740920548,1.98553786023867,49.506951180084
"r[32,8]",0.10232642879,0.105934195,0.0201821395074908,0.0201129790281,0.0660478819,0.128953543,1.54164845251677,1.98728147977498,73.5691550057054
"r[33,8]",0.10049740591,0.1011539425,0.021792428757054,0.0251969196927,0.0690382975,0.130062538,1.56893895320418,2.00915005849657,42.1527132583187
"r[34,8]",0.10427435467,0.104758545,0.0223957598102734,0.02420930127,0.0620007217,0.1379790475,1.60631727987046,1.8360371388765,60.0313633245124
"r[35,8]",0.10350389048,0.10608607,0.0194942932157352,0.0157977234681,0.07088813315,0.1329184385,1.32337056641995,2.92982627814836,28.7450722733246
"r[36,8]",0.10460084556,0.10552001,0.0215012878940043,0.023436629454,0.0721561066,0.1413630865,1.45673475191517,2.16230089193247,23.0844608600611
"r[37,8]",0.10349957807,0.104971565,0.0235252320874437,0.0307658914647,0.0697895586,0.138379876,1.5860216508806,1.88354660513514,66.9637815053919
"r[38,8]",0.10841065884,0.11084552,0.0245243104385551,0.0275778544608,0.06904421665,0.1463997785,1.41266288385613,2.29372115036865,56.8419098881722
"r[39,8]",0.10867870815,0.10678493,0.0263289796668509,0.032097978654,0.07245873415,0.153810497,1.67553596553467,1.7586994899404,37.7806563039724
"r[40,8]",0.10366382839,0.10287681,0.0242712115136637,0.0290316386472,0.06464887705,0.1410389745,1.44325440619719,2.30136760823103,73.5691550057054
"r[1,9]",0.05251758901,0.0514564765,0.00937079335971732,0.0115415687919,0.03930602235,0.0677757827,2.05699562642467,1.5146499478329,23.5468245425188
"r[2,9]",0.04929614087,0.0479952485,0.0113033566520927,0.0114557269932,0.03350251675,0.0686699902,1.10846303172788,14.7044373258614,52.4502744151648
"r[3,9]",0.04958660791,0.0482444675,0.0134847008171034,0.0144103619856,0.03173462555,0.07504486015,1.47447606394741,2.14085712334226,18.7386229789057
"r[4,9]",0.04916310518,0.046885044,0.0146548489339863,0.0141000582534,0.03124869375,0.07621975515,1.30414381591891,3.15430044565498,56.8419098881722
"r[5,9]",0.05567011741,0.050274537,0.0189193755994291,0.0171849567057,0.0327403563,0.0880133,1.40906923935366,2.65424265188892,30.6204069389592
"r[6,9]",0.05349178661,0.0515438795,0.0143859082882018,0.0150784764018,0.03427118705,0.0799555703,1.42026032053567,2.64017926946896,60.0313633245124
"r[7,9]",0.05285650672,0.048842787,0.0171205623804064,0.0152044158588,0.03214106415,0.08678628275,1.32153974979406,2.7907443646927,21.5942744323791
"r[8,9]",0.04951173688,0.0486269275,0.0128237990415519,0.0149679923085,0.03034388435,0.069879331,1.47723144129363,2.15736670799368,46.6027543178878
"r[9,9]",0.0490348547,0.04629726,0.0133252781365229,0.0116365233915,0.0342250155,0.0691370243,1.09003158884683,12.6348200274512,30.6204069389592
"r[10,9]",0.05379028207,0.0522071585,0.0167519788146675,0.0186418158045,0.03236947835,0.08392264685,1.28098004038849,4.51452896253162,28.718150413553
"r[11,9]",0.05230823691,0.048653356,0.0174734592945865,0.0174206582298,0.02872909695,0.07862392335,1.39981301924756,2.59591906133478,48.4074922943175
"r[12,9]",0.05713483939,0.052218565,0.0200738698201416,0.0194868281223,0.0330259859,0.09599468575,1.42941953389639,2.31702022209506,25.3298043918779
"r[13,9]",0.05410476181,0.05462101,0.0142889095948511,0.0152564032278,0.0300121627,0.07928648875,1.45602034698862,2.22869467703988,40.5548566509965
"r[14,9]",0.05881931943,0.05394929,0.0221033899007907,0.0195982321689,0.03296676475,0.09307193535,1.58037916812537,1.95079773100868,19.9657729606389
"r[15,9]",0.06015487313,0.0586987545,0.0214314989622014,0.021247474185,0.0322567197,0.101219301,1.31228722290449,3.59546083774015,22.4589322381929
"r[16,9]",0.05387025307,0.0496669395,0.0157556060594656,0.0119916854106,0.03389085745,0.08322620045,1.21597098170084,8.36577430771352,54.3553240438646
"r[17,9]",0.05597736409,0.0513301245,0.0204504077553336,0.0174272854518,0.02985863565,0.09141196635,1.49275339639367,2.22105648288064,30.6204069389591
"r[18,9]",0.06262135899,0.0591137115,0.0198448067425633,0.0211298617509,0.036789793,0.1000990805,1.54162098306008,1.95605599370369,24.3868450390189
"r[19,9]",0.06187459592,0.0588314685,0.0193548989022374,0.0209211991443,0.03707618175,0.09847351915,1.39202952804276,2.41873459367903,71.4660754915116
"r[20,9]",0.05229022139,0.048013329,0.0173578155387998,0.0155034940851,0.0321181315,0.0843247689,1.24428927095097,9.03095208478571,31.7839996054474
"r[21,9]",0.05777773555,0.053074621,0.022213407778673,0.0162913262274,0.0351814584,0.0980157367,1.47609209178352,2.19338578442989,31.6824001034527
"r[22,9]",0.05856831525,0.056074994,0.0190849132064421,0.0232366808289,0.0336621548,0.0906752313,1.90149705244145,1.58124488838168,48.4074922943175
"r[23,9]",0.05636136994,0.051113154,0.0185831106277704,0.0143825995593,0.0354007082,0.0904529403,1.21011202271056,3.84108231986269,26.5071190548318
"r[24,9]",0.06307496522,0.0599466565,0.0224184053452261,0.0237115220265,0.03568678845,0.1046030935,1.99075782165939,1.50826209325194,31.6824001034527
"r[25,9]",0.0533000851,0.0515122065,0.016085365331116,0.0154595142387,0.0290003898,0.0840685397,1.08376326421661,12.5967236037841,40.5548566509965
"r[26,9]",0.05868204792,0.0509638675,0.022845046169841,0.0179045306853,0.033788842,0.1032000565,1.32061367913821,3.06491099682944,57.921092890623
"r[27,9]",0.06294107587,0.0569600625,0.0214713675725865,0.0212230972758,0.03697905855,0.107953358,1.68848224638156,1.95055386842405,73.5691550057054
"r[28,9]",0.05771762316,0.0542898595,0.0192252615218499,0.0193628857275,0.0320197877,0.09079954325,1.71313083215519,1.78713910191908,40.5548566509965
"r[29,9]",0.05932380147,0.0551960695,0.0189914659584859,0.0154862944425,0.03604515985,0.09718407955,1.23556373197349,4.07176912420908,76.6284020089591
"r[30,9]",0.05807656144,0.054206075,0.0213103925048092,0.018227951721,0.0274073286,0.09281974975,1.67466765560063,1.83873347448454,40.5548566509965
"r[31,9]",0.06118762786,0.058334033,0.0191876004148473,0.0180863404407,0.0326301673,0.0925467697,1.57898889799529,1.88448662438823,40.5548566509965
"r[32,9]",0.05504849693,0.04883123,0.019703398199774,0.0151889271366,0.0291128838,0.0920467855,1.42304930414086,2.24909508186473,21.0246288509397
"r[33,9]",0.06489251278,0.0575719715,0.0233538046736818,0.0228858546735,0.03532636615,0.1056018035,1.61941362653168,1.8839576488191,24.3582350718816
"r[34,9]",0.05922838793,0.0542059205,0.021606367239498,0.0146429033478,0.03103413395,0.10317351,1.56979359974769,1.91013180214807,21.0246288509397
"r[35,9]",0.05644457185,0.056377627,0.0193862485593202,0.0175933351692,0.0308264698,0.08940003705,1.51753361725614,1.96836969830307,19.7606142728094
"r[36,9]",0.05445609928,0.04899117,0.0178300404246226,0.0160189918812,0.0337595968,0.0890573339,1.26953283876149,3.75949402957782,21.5942744323791
"r[37,9]",0.06103736347,0.0557896425,0.0201485580872528,0.0202488178053,0.0356476619,0.09864025155,1.49846174583558,2.18673815898703,30.5730258560447
"r[38,9]",0.05906003551,0.0569411755,0.0195025067902598,0.0176316581553,0.0336311365,0.0996532176,1.43477334849202,2.47317636721146,25.9952465834819
"r[39,9]",0.05535487054,0.04826265,0.0166342005694109,0.0131646918438,0.0365796123,0.0877854885,1.30556313918783,2.74500225817907,42.4389398926035
"r[40,9]",0.05755817967,0.0545862085,0.017871693452283,0.0162348436152,0.035529045,0.0887669825,1.11361438662782,8.82710653102045,50.7015438102727
"r[1,10]",0.10653180962,0.10628647,0.0107760514512768,0.0131251049412,0.088040075,0.122589484,1.21810863192922,3.88725000309237,52.4502744151648
"r[2,10]",0.09846445139,0.0985270665,0.0141810416440984,0.01332449685,0.07752392625,0.1226398805,1.05995783951376,24.9668587294402,40.5548566509965
"r[3,10]",0.10669960006,0.1026852,0.0217550097098744,0.023961610701,0.07671360415,0.1461718835,1.06117363731597,16.204471977219,14.8796871014369
"r[4,10]",0.10634165047,0.10396905,0.018542401087739,0.01415453046,0.07788400805,0.1384829515,1.08904622339554,21.0062003771549,44.2325367647058
"r[5,10]",0.1075466231,0.10960168,0.020860787506262,0.0236824163646,0.07056261795,0.140883038,1.2151887349498,5.42892284896216,56.8419098881722
"r[6,10]",0.11047365143,0.107613645,0.024292041267998,0.0289406892915,0.0765343374,0.1512002505,1.08722981861427,11.1394186951208,96.8032193586518
"r[7,10]",0.10863392102,0.10526841,0.0208639671991659,0.0217878944871,0.0811614863,0.1450862855,1.13349437816618,8.25173101119935,40.5548566509965
"r[8,10]",0.12323234938,0.12086509,0.0250772579526048,0.020284325334,0.08859608545,0.1696702995,1.13283033379071,6.80875815000884,70.0289195057743
"r[9,10]",0.11376163385,0.11312976,0.017291458214285,0.01385482287,0.08506980075,0.1410785755,1.06358221328788,15.0864206523254,21.5942744323791
"r[10,10]",0.1088600043,0.109481055,0.0222126424584524,0.0230492816715,0.0741083124,0.142400449,1.1396172623954,5.98517322751242,20.2078521939953
"r[11,10]",0.1085864762,0.10646904,0.021980326001474,0.0251282360238,0.07577848735,0.1468963455,1.04324593884301,15.9813479122762,58.1996870625698
"r[12,10]",0.10754723315,0.10396692,0.0245103649283874,0.0199329654426,0.07600628485,0.157626873,1.0338813276623,19.1017699676889,13.4809450967877
"r[13,10]",0.10508163496,0.10171519,0.0228120096709566,0.0209040254472,0.07512347145,0.149942876,1.09693705091386,16.1869145042242,37.5549801362088
"r[14,10]",0.11207501413,0.11236154,0.0223222476719435,0.0227099019294,0.07599868975,0.1440740985,1.17996709073764,6.22729273340622,21.0246288509397
"r[15,10]",0.11129852121,0.108366275,0.0247015194859554,0.0256905869451,0.0766009359,0.154443052,1.04715911623986,18.6764331862458,50.6923710931221
"r[16,10]",0.11089968895,0.10929617,0.0206164851359111,0.015874880196,0.08037243605,0.1456488575,1.03938460650645,25.7507315011887,16.4892113445774
"r[17,10]",0.10870711025,0.105793755,0.0191341638261029,0.0184711262904,0.08098194235,0.1446598105,1.01854194038989,20.2871769025358,21.5942744323791
"r[18,10]",0.10807760734,0.10595756,0.0258830762637803,0.0215227722486,0.0725852815,0.158547831,1.3170219193757,3.12921835942772,19.3327441449403
"r[19,10]",0.1107118404,0.1096631,0.0229562273675218,0.0192034387692,0.0739591122,0.153871423,1.07816894645504,11.6617060230432,13.4809450967877
"r[20,10]",0.10911057134,0.10523187,0.0232567869855281,0.0252841284486,0.080127781,0.1525305395,1.15572298587791,8.28409903942873,33.9768826539676
"r[21,10]",0.11191529538,0.11385172,0.0300907069210278,0.0274347768891,0.0669466227,0.16034483,1.06469345895398,14.4807585866136,21.0246288509397
"r[22,10]",0.10708399599,0.106556485,0.0242759097154408,0.0207048336894,0.06765829895,0.155198659,0.998059405539743,23.3298628202243,21.0246288509397
"r[23,10]",0.11110253956,0.10901073,0.0217015932629185,0.0279000226995,0.0788385927,0.144270331,0.991292242887735,21.5472075906771,53.4749229759079
"r[24,10]",0.11098374966,0.10908608,0.0248387956353198,0.023463909294,0.0723480592,0.150432723,1.01163715911956,19.8384225379152,42.5106586491074
"r[25,10]",0.10550068565,0.105004255,0.0189814681402538,0.019799870958,0.0736444803,0.1329941115,1.19416139645809,26.0018075229298,45.9488448077573
"r[26,10]",0.10506932696,0.1051025,0.0171892943549409,0.0159915304227,0.0724544021,0.129670507,1.1011183504822,7.75337682858116,21.0246288509397
"r[27,10]",0.11203014137,0.113423725,0.0221430935275265,0.02047314927,0.07677149905,0.1518890525,1.05436429111496,19.1967340933879,40.5548566509965
"r[28,10]",0.10887701852,0.10635408,0.0230008154820951,0.0203950199565,0.07659450505,0.1505322045,0.998083272453355,23.7644362381197,33.9768826539676
"r[29,10]",0.10942979736,0.106327165,0.0233438123010166,0.0239150933847,0.07984862175,0.1487480465,0.998469802169716,36.2478632759735,58.9391161255238
"r[30,10]",0.10640943625,0.10651638,0.0183001299039027,0.015822811284,0.0777365611,0.133907277,1.15927990999616,5.69557016562548,16.4026619177055
"r[31,10]",0.11034712458,0.109375865,0.0210699742835642,0.023555585865,0.0810836822,0.1487694005,0.999147320480828,34.8987078537366,76.6284020089592
"r[32,10]",0.10812192069,0.106299355,0.0205220922296022,0.0169452380769,0.080350662,0.1405232065,1.18546093882193,4.6260954497984,56.8419098881722
"r[33,10]",0.11539486546,0.116240285,0.0242529031724092,0.027020614803,0.075602975,0.1508899125,1.13343597243312,11.7260131269484,71.2874531148375
"r[34,10]",0.10570482898,0.10235468,0.0226856093989732,0.0202181176071,0.07420377615,0.144983614,1.05074798651343,14.7332286244799,37.1482290150412
"r[35,10]",0.10811446154,0.10780997,0.0239031764694909,0.023062784451,0.06930831385,0.1393376595,1.11740620275491,6.08051989774998,29.7214673913042
"r[36,10]",0.11252762668,0.10577651,0.0217458841781071,0.020205999576,0.0858512268,0.152183895,1.00642703229612,19.9974211272584,31.6006033375439
"r[37,10]",0.12005413046,0.116759115,0.0242345032643997,0.020797349412,0.08616907975,0.1601126515,1.03621837692954,21.697860670639,44.2494665173219
"r[38,10]",0.11180861801,0.10803511,0.0200889684504294,0.0154256887197,0.0824777949,0.152260288,1.18924561929032,21.9726667920134,54.1081755216878
"r[39,10]",0.1151148489,0.11096837,0.0244714654794724,0.0201500366151,0.08318689015,0.157810089,1.01045188965139,30.915041346667,30.1880282904952
"r[40,10]",0.11055799342,0.108535515,0.0241675593702662,0.0209713273329,0.07396298675,0.1576287695,1.01848295566847,19.7296824810054,47.507860551729
"r[1,11]",0.07612071018,0.07426932,0.0117346506370772,0.0097491424569,0.05948197695,0.102024939,1.76552776737918,1.6347743984095,17.6038627904637
"r[2,11]",0.07294811858,0.070584828,0.0111031145356963,0.0085031958102,0.05757369535,0.0949146042,1.25870103350106,3.52475286040144,24.0120746432491
"r[3,11]",0.07415391963,0.0720368425,0.0126118106524592,0.0131388567975,0.05590385505,0.0981069988,1.66237002672004,1.82986391838128,36.0760984803864
"r[4,11]",0.07273224175,0.070407224,0.0114340397463291,0.0087067923726,0.0587311201,0.09688756905,1.24327810226864,4.23166802757578,32.9939668174962
"r[5,11]",0.07676278892,0.076715659,0.0123852646541181,0.0096887657958,0.05726804015,0.1027195515,1.31040939249574,2.77710701352179,19.2286561916273
"r[6,11]",0.07385228169,0.07356582,0.0113912966238425,0.0110538015462,0.058954379,0.0902557436,1.42984093269964,2.55477119981322,56.8419098881722
"r[7,11]",0.07249307366,0.071940177,0.0103461279706178,0.0099573350793,0.05781884435,0.0917314202,1.42738539165244,2.48015079155425,30.6204069389592
"r[8,11]",0.07077321482,0.0707784745,0.0086459045791992,0.0091101463047,0.057088341,0.08607852165,1.33276458358452,2.93890693351775,40.5548566509965
"r[9,11]",0.07463081336,0.0740270715,0.0117830293971075,0.0122540804064,0.05831066265,0.0942051303,1.70341950609961,1.76472907183993,21.5942744323791
"r[10,11]",0.07398542444,0.073196645,0.0100815690768047,0.0108672993618,0.05945847605,0.09163341595,1.43454416484376,2.37981348243321,56.8419098881722
"r[11,11]",0.07089725863,0.068661594,0.0100124618918309,0.0092084219283,0.05816726975,0.09276555525,1.15368219375258,5.50103258711421,21.5942744323791
"r[12,11]",0.06984537392,0.070539009,0.00847012657795603,0.0078925899654,0.0550133751,0.08300837005,1.07520789111772,26.4961330394544,40.5548566509965
"r[13,11]",0.07035199921,0.0690733325,0.0100801693898941,0.0092327743746,0.05633823115,0.08571875475,1.0280071888868,36.4315983023079,19.1110625750791
"r[14,11]",0.07097365706,0.069679143,0.00979192036300272,0.0083543116356,0.05664185815,0.08666792725,1.05130249873626,18.7702824458426,19.0528034839412
"r[15,11]",0.07076815285,0.0699580085,0.0106675251690916,0.00636039254759999,0.05626581585,0.0891312075,1.00495444013722,45.2818069749734,40.5548566509965
"r[16,11]",0.0700377444,0.0683517535,0.00839162660392703,0.0084109565925,0.0591677464,0.08387793645,1.01414759143774,21.5259491535234,42.3171135574639
"r[17,11]",0.07258228694,0.069204247,0.0132008604753054,0.0088399965696,0.0557240829,0.09942324755,1.19720682910184,13.5066768548326,18.2196772514315
"r[18,11]",0.06971425086,0.0684898265,0.0090774081746969,0.00697832984939999,0.05741536315,0.08844690955,1.00683877389642,26.6773145124372,22.0780391096693
"r[19,11]",0.07127169863,0.070584956,0.010696218652076,0.0089877094902,0.0550011255,0.0886736559,1.09628044980047,23.2779057982175,21.5942744323791
"r[20,11]",0.07455974965,0.0715401995,0.013253603265938,0.0088648790454,0.06000086695,0.1000659075,1.07722675512784,20.9896233825392,21.0246288509397
"r[21,11]",0.07176543329,0.072383983,0.00907459177448542,0.0091531832175,0.055880522,0.0847238592,1.02209378605317,23.5579928476056,44.2325367647059
"r[22,11]",0.07512637221,0.073683788,0.0111997787916907,0.0100996972965,0.06158021115,0.09435235695,0.991871510869934,36.8719579766497,28.4044797922414
"r[23,11]",0.07344953554,0.0708662495,0.00969674921491181,0.007053669651,0.0630109141,0.09056172135,1.00156212317513,62.5901582305973,52.4502744151648
"r[24,11]",0.07523233016,0.075631151,0.0101814684163945,0.0108558166248,0.0594863593,0.08945161995,0.994650087150887,33.6744821041135,29.8882545259357
"r[25,11]",0.07584195863,0.0748781405,0.00953462646589129,0.0117779419338,0.0620546672,0.090554932,1.03744020157286,17.7585776875482,50.2274594851029
"r[26,11]",0.07473691593,0.075521,0.010432060398179,0.010605942186,0.0586381701,0.0944983325,1.10059015316348,27.2773823162115,42.4389398926035
"r[27,11]",0.07452896967,0.073313954,0.0103403839881112,0.0077836040394,0.06004199645,0.0880661975,1.02449477478566,34.4832826922931,76.6284020089591
"r[28,11]",0.07827572101,0.07850248,0.0107028285190469,0.0100256347548,0.0624162805,0.09395140565,1.00612994417938,42.9616891713793,25.9952465834819
"r[29,11]",0.07465659982,0.0743369585,0.00953450733539455,0.0084113561532,0.0595850474,0.09265863415,1.08186284106566,17.5727034883002,21.0246288509397
"r[30,11]",0.07424666567,0.0735222075,0.0104529319097904,0.011616044979,0.060112574,0.09095896275,1.09699033455996,15.0313301410342,46.7307545586327
"r[31,11]",0.072082593,0.071714869,0.0112350654537996,0.0122331038403,0.0564378653,0.09090543045,1.13294689597282,6.36009476171081,23.6358725013506
"r[32,11]",0.07420082439,0.0720217815,0.0118027506825105,0.0132008005668,0.05667265215,0.0939148505,1.19650802483009,3.96239609863844,42.4389398926035
"r[33,11]",0.07247325045,0.0716912025,0.013622634057706,0.0134281402269,0.05360193265,0.09758294815,1.19620524284496,4.24862036664195,56.832886964957
"r[34,11]",0.07451642631,0.0721103515,0.0143312166061499,0.0124199803812,0.05579267225,0.101514851,1.18217872479018,4.44676149758928,49.6006260686124
"r[35,11]",0.07553431896,0.0732951205,0.0148472708436734,0.0165622891686,0.05343155645,0.102519881,1.07872111002196,9.61613542662827,47.2379069823962
"r[36,11]",0.07338697338,0.072062283,0.0139615521424959,0.0162514924719,0.05401931495,0.09608351725,1.09043730359961,8.51652512639652,58.361007520573
"r[37,11]",0.07554334904,0.072593948,0.0151721566732914,0.0145048414119,0.05276440885,0.106790983,1.02070188972884,11.0309479336429,30.953885028427
"r[38,11]",0.07324375264,0.07327308,0.0133674365113172,0.0141755566932,0.0517658093,0.09673247015,1.01377218804419,18.0348980260078,44.5810103703794
"r[39,11]",0.07490555372,0.073549438,0.0157308783190888,0.0166857156186,0.05049568255,0.09707251785,1.0051900144661,14.8327573703349,33.4730820866789
"r[40,11]",0.07344865285,0.0726135425,0.0149112916390288,0.0163631878494,0.0519872917,0.0970270546,1.06255174265026,10.8177154470161,49.8568790552336
"r[1,12]",0.09841186527,0.0980364835,0.00444747269783057,0.0054786695712,0.0916612759,0.105508159,1.68068095235345,1.75967581539868,30.6204069389592
"r[2,12]",0.09692104206,0.097483369,0.00560611089750376,0.0067985008476,0.0879518093,0.105446199,1.40878876105673,2.38560142427318,73.5691550057054
"r[3,12]",0.09578916699,0.096233173,0.00640869614293699,0.00729504212010001,0.08338472795,0.1041252945,1.12471088267394,5.84212889110337,32.8693155044045
"r[4,12]",0.09691935932,0.0957598705,0.00664286534274105,0.00556083229799999,0.0868079584,0.109288802,1.53651488870624,1.97554083842522,31.6824001034527
"r[5,12]",0.09746522444,0.0952449665,0.00692313261688299,0.0058210767825,0.08819072665,0.1098027665,1.4249786742468,2.34858102530083,48.4074922943175
"r[6,12]",0.09584717954,0.095534472,0.00781286794610312,0.00920156712719999,0.08466557635,0.108980223,1.33657828061691,2.90812169076971,30.3345467152018
"r[7,12]",0.0966897244,0.0970586985,0.00601175172391782,0.006267587718,0.0862922417,0.1059407035,1.14929658693959,7.1584776273677,65.7762636916379
"r[8,12]",0.09645157504,0.095768328,0.00573017761521484,0.0071781294732,0.08877052365,0.10609464,1.44088456342949,2.19731043263891,48.4074922943175
"r[9,12]",0.09840073887,0.0984282435,0.00732809349338479,0.00761627113169999,0.08726061565,0.1113537795,1.1192615100221,17.1677124803308,59.8640966872305
"r[10,12]",0.0984018916,0.0981562745,0.00677273754717998,0.0052336550952,0.0868555692,0.111033042,1.65245396810103,1.91286950139286,51.1098130841118
"r[11,12]",0.09863220086,0.0985557595,0.00555212581888765,0.0064529957436,0.09051094455,0.107668421,1.49217658649738,2.07256042776441,32.3774283071229
"r[12,12]",0.09912830156,0.0979160955,0.00738697324636007,0.006972022869,0.0876629041,0.1139512615,1.36724433526731,2.72213355432023,20.7100591715976
"r[13,12]",0.09923354855,0.0974576175,0.00786908416609329,0.0075209288322,0.087514182,0.1135082315,1.36867826595319,2.50068119605909,73.5691550057054
"r[14,12]",0.097890184,0.0963687055,0.00683181854769074,0.0053389715862,0.0896662567,0.1088038225,1.33139732802151,3.05254487357849,40.5548566509965
"r[15,12]",0.09856331449,0.0986867625,0.00619888602879336,0.0059943096969,0.08822426015,0.109325716,1.06971435318059,20.6495257568274,56.1823518620436
"r[16,12]",0.09813043771,0.0975233465,0.0055854009542531,0.00478939622909999,0.0900386492,0.109280395,1.15165614229981,5.12788165041073,18.3265263378364
"r[17,12]",0.09752762177,0.0967472115,0.00726514462969337,0.00536032547400001,0.08603100675,0.11456475,1.40709820431689,2.29257864470405,13.0721046622062
"r[18,12]",0.0960547613,0.0965311895,0.00514805095792514,0.00620290706910001,0.08762492065,0.103409208,1.08087450945666,12.8201693754806,58.8852229772544
"r[19,12]",0.09750131124,0.0978491015,0.00552549642682768,0.00608277495629999,0.08876619995,0.106781991,1.2385219298236,4.00511659272676,24.3582350718816
"r[20,12]",0.09795713713,0.0994056465,0.00682140189330975,0.0051583708911,0.08473390505,0.105818672,1.24074141318009,4.21353764586782,22.2747522502045
"r[21,12]",0.09669940138,0.095951891,0.00695824838419569,0.0082744699191,0.08722970975,0.1078477275,1.58039065614113,1.91310934433441,21.7553455992044
"r[22,12]",0.09695001701,0.0971049135,0.00724936634095315,0.00779669391479999,0.08414820285,0.107724492,1.45989921092528,2.27612624709718,30.6204069389592
"r[23,12]",0.09529605186,0.094492924,0.0065311668298951,0.0073978841517,0.08629592715,0.106207732,1.36262401571055,2.51514951133846,40.5548566509965
"r[24,12]",0.09449873791,0.0932103265,0.00752719290496855,0.008085826119,0.08422559095,0.1067223855,1.52938867297143,2.02628043049454,27.3779724655819
"r[25,12]",0.09721276411,0.0965510985,0.00772342233363074,0.0076476874257,0.08514501285,0.110523613,1.74569889770739,1.69816150396807,30.6204069389592
"r[26,12]",0.09489290837,0.0945920075,0.00702709441100663,0.00790644189719999,0.0827797186,0.1051990415,1.31133005962221,2.7070820296753,21.0246288509397
"r[27,12]",0.09454056144,0.092961387,0.00700999363178553,0.00774009936630001,0.08420326175,0.104716511,1.64618337572537,1.80310777669204,23.5595045772751
"r[28,12]",0.09622580092,0.094864108,0.00663954088234325,0.00598549934639999,0.0874772427,0.1076987445,1.31797340885295,2.81639973680015,15.8917544496913
"r[29,12]",0.09416888753,0.093789209,0.00660902497335097,0.00693004972169998,0.08499959035,0.1057116535,1.53400856615449,1.93711622223347,16.4026619177055
"r[30,12]",0.09468957069,0.092987107,0.00794241106891554,0.0065963661288,0.08476033275,0.1106150705,1.62258389879812,1.8009558834603,19.6518809657496
"r[31,12]",0.09435729603,0.0928246675,0.00733958000880999,0.0062831831874,0.08409950605,0.107283718,1.22992837829312,3.50539440592703,16.7432070417145
"r[32,12]",0.0944745508,0.0943922555,0.00897330472612902,0.0115258354407,0.08011958145,0.108345774,1.86905286350303,1.58782746084029,21.0246288509397
"r[33,12]",0.09465904083,0.093680181,0.00903015110635517,0.0107221439262,0.08123179905,0.108030118,1.66425487635327,1.87828661819047,23.2960596379128
"r[34,12]",0.09766075907,0.0970842795,0.00808210268793308,0.00970271335529998,0.08531365165,0.111497203,1.92539774444031,1.53685433254655,42.5066796210831
"r[35,12]",0.09705877683,0.0983246245,0.00891959710707413,0.00979156853849999,0.08355180645,0.110667898,1.90400504673342,1.53161404391478,16.7656639202912
"r[36,12]",0.09641896893,0.094516278,0.0079144690446532,0.00967114361220001,0.0853622957,0.108904628,1.6516136049379,1.76330289445474,34.5235746695599
"r[37,12]",0.09789743491,0.0956822335,0.00933298766432028,0.00938848888739999,0.08551306115,0.115271669,1.51882054394195,2.02979876853313,34.0725586313509
"r[38,12]",0.09779768302,0.096174812,0.00724833589592911,0.0062636995995,0.08721023855,0.1125004795,1.40655999182249,2.30757809232501,73.5691550057054
"r[39,12]",0.09802052768,0.0980157305,0.00800262395594159,0.00829491867959999,0.085723185,0.1100564135,1.41905649898965,2.33064088525174,13.6900571070954
"r[40,12]",0.09731792604,0.096126131,0.00871111366857572,0.009547247178,0.0865905322,0.11283495,1.55441906395892,1.94035090169477,13.1963071884864
"r_new[1,1]",0.009133638259,0.00914275825,0.00135690687719329,0.00145514936448,0.007002088315,0.01139140915,1.03210953773663,7.56640356189276,21.2018415313787
"r_new[2,1]",0.009428712079,0.00894364355,0.00196175419691092,0.00213324405084,0.00700341305,0.01286365675,1.23463972995542,15.1219296495962,51.5338182396663
"r_new[3,1]",0.009079842291,0.00893480505,0.00160011148348152,0.00180704914467,0.00701109647,0.0124481262,0.990229062759059,47.2963566484569,78.3393298097876
"r_new[4,1]",0.009187600808,0.00906817555,0.00171867890359438,0.00161806227093,0.00697901501,0.012007376,1.00121236728303,15.9890897117912,13.5270928345057
"r_new[5,1]",0.008814061393,0.0084396753,0.00202864020515623,0.0017135483085,0.00567982085,0.0123468517,1.06210934191099,23.5920437296701,52.4502744151648
"r_new[6,1]",0.008964453729,0.00873182665,0.00145665391006287,0.00126761506809,0.00701183171,0.0119014532,1.06374102204593,13.2709109447361,31.6824001034527
"r_new[7,1]",0.00879234474,0.0082349758,0.00233311362201541,0.00137129743737,0.005981817365,0.01407864085,1.05255745557925,25.7253113875811,30.6204069389591
"r_new[8,1]",0.009598949795,0.0092267332,0.00196046676011404,0.00206943131598,0.007060383525,0.01358347865,1.06587699194385,8.4488068324457,15.6431572360776
"r_new[9,1]",0.009186854696,0.0086801324,0.00214905011182715,0.00177164725122,0.006639841725,0.01311817575,1.04126849407789,15.1009752933761,57.1010869334915
"r_new[10,1]",0.009225038248,0.00892176,0.00159053400878284,0.00153284546226,0.006946099745,0.0122308278,1.04894781080264,15.5232714254795,28.1169665809769
"r_new[11,1]",0.008968041611,0.0086878384,0.00181250861417919,0.00168089352459,0.006783693395,0.0124444401,0.991182647615188,24.8812944611995,16.576678980771
"r_new[12,1]",0.00928482967,0.0090482316,0.00154080421278016,0.00139009991883,0.00711522256,0.01184269185,1.00317962386795,37.0707956367336,76.6284020089592
"r_new[13,1]",0.009433782597,0.00883672995,0.00221013040562395,0.00163299019968,0.006511408245,0.01341175165,1.01083737629431,11.5777362906988,51.3376003546615
"r_new[14,1]",0.009428165807,0.00915240415,0.0018507924557493,0.00179865369978,0.007005685055,0.0131366713,1.11513742583161,15.8654679066713,35.2200525597951
"r_new[15,1]",0.009618238478,0.00928984005,0.00208872946587919,0.00223204473723,0.006795576875,0.01307778085,1.06774704503692,10.5375865274378,19.4986072423398
"r_new[16,1]",0.009050694767,0.00867002855,0.00186247436524843,0.00123330318216,0.00684973902,0.01275236275,0.99708731135184,34.150450221071,21.0246288509397
"r_new[17,1]",0.009443905678,0.00903866565,0.00169934212537624,0.00159244487031,0.007076193875,0.012357199,1.00264159771895,25.1445068765061,37.5549801362088
"r_new[18,1]",0.009093437546,0.00908303225,0.00145381647758587,0.00136584317436,0.0066976599,0.0115328072,1.09897811846481,7.42841006455592,19.3776990366515
"r_new[19,1]",0.009416347559,0.0092431631,0.00177469188832044,0.00164209699605,0.006892472285,0.01293716285,0.994607578761786,25.4266371456295,30.3331065214388
"r_new[20,1]",0.009563228546,0.0093273011,0.00160357106858118,0.00167420358861,0.007225072325,0.0121022777,1.0101735739134,29.6821179520223,76.6284020089591
"r_new[21,1]",0.009713493056,0.00917279485,0.0025925357233865,0.00201826908801,0.00685043443,0.01485969685,1.06658212880651,18.2957704811104,21.0246288509397
"r_new[22,1]",0.009125667043,0.00905313755,0.00176645425608482,0.00169676742627,0.00655491687,0.0119899019,0.992128586836993,25.4060437569381,52.4502744151648
"r_new[23,1]",0.00864134879,0.0084137889,0.00149770760641842,0.00126794524311,0.00642594506,0.01117758805,1.01054323690389,33.3975068050669,21.0246288509397
"r_new[24,1]",0.008889960932,0.00859859585,0.00150905180067398,0.00172378284456,0.006587215935,0.0112770176,1.16687328943826,5.2537725139033,99.22471650081
"r_new[25,1]",0.008836447973,0.0086517095,0.0014667476726233,0.00137053567749,0.00685273303,0.0114507802,1.0516101454177,26.0767698751135,66.8803105099925
"r_new[26,1]",0.009553748084,0.00898297555,0.00222323067684017,0.00174164268894,0.007088105035,0.01293908685,1.09336236720593,12.1382746084609,21.5942744323791
"r_new[27,1]",0.009322897966,0.0091569563,0.00191303710734924,0.00204113648802,0.00639848445,0.01268437305,1.01387510008962,14.4444858610871,44.2325367647059
"r_new[28,1]",0.009705088689,0.0091859055,0.00227774411771269,0.00161384909238,0.006409279945,0.0144431253,1.03394027320588,17.7066155189142,58.361007520573
"r_new[29,1]",0.009557431762,0.00943808245,0.00199944823121446,0.0021524801928,0.00700135946,0.0129367207,1.07675532115447,15.4337790272072,42.9711796108349
"r_new[30,1]",0.008892645355,0.0087836091,0.00199554610984254,0.00192512303802,0.00620193814,0.0125993918,1.15659303573144,5.29296151402708,30.6204069389592
"r_new[31,1]",0.008761755533,0.0085403712,0.00168025695066728,0.00182560269759,0.00642174321,0.0116070033,1.21028345872997,5.06050992945754,45.7499253062444
"r_new[32,1]",0.009264769451,0.00935281995,0.00170733373526549,0.00190008029316,0.006688208665,0.01210403405,1.24096358591046,3.4078973782291,73.5691550057054
"r_new[33,1]",0.009298767079,0.0091431555,0.00228074099436489,0.00227884137537,0.006216925365,0.01362641915,1.04313227745573,12.4366615895447,34.362847091416
"r_new[34,1]",0.009205140453,0.0089359512,0.00183387785141109,0.00130762369626,0.006530167225,0.01227961425,1.25910618439303,3.29222497287621,21.0246288509397
"r_new[35,1]",0.009310341873,0.0092550407,0.00201717796793374,0.00204594767328,0.006312997955,0.0127517035,1.06063409596254,13.7954412167749,21.0246288509397
"r_new[36,1]",0.009242238363,0.00905426585,0.00238104711786491,0.00176000194713,0.006086019625,0.01392979635,1.10606386713988,24.5819121305906,31.7839996054474
"r_new[37,1]",0.008422475754,0.0082337799,0.00178374083027635,0.00155915709033,0.00602353809,0.01191088315,1.0907604635082,16.162780344015,67.6406173148845
"r_new[38,1]",0.008710553878,0.00865213995,0.00164935051557266,0.00148106647269,0.006089992795,0.0116630682,1.20269385674541,5.56081103132066,28.3400809716598
"r_new[39,1]",0.009385610053,0.00898830805,0.00223243338669423,0.00220643104311,0.00645723088,0.0130269713,1.08863283651597,15.8958584824336,30.8968926553671
"r_new[40,1]",0.009238050928,0.0089583313,0.00203865774313179,0.00207219703215,0.00670762527,0.0126899122,1.10057256953091,11.2651720441873,61.127744510978
"r_new[1,2]",0.003075869416,0.00289813275,0.000649400130728669,0.00068903568132,0.00229776147,0.004167449155,1.68797342848049,1.76048012298965,21.0246288509397
"r_new[2,2]",0.002938224415,0.00282642315,0.000682630826471063,0.00073953281493,0.00200216215,0.004177520545,1.69537852629913,1.76250883802365,31.5226062118834
"r_new[3,2]",0.003100296375,0.0030083632,0.000723283661802258,0.00075374071899,0.00214696478,0.004485071325,1.53102587223321,1.93680353911691,13.0721046622061
"r_new[4,2]",0.003352770371,0.00315834995,0.000816170498819204,0.00094115492478,0.00218729706,0.00470570282,1.82298895689119,1.59421740980796,51.9994667620882
"r_new[5,2]",0.003270576944,0.0031306513,0.000697975080823758,0.00077550202527,0.002374605765,0.00438804882,1.6603939365687,1.80105970103851,31.0890033753774
"r_new[6,2]",0.003457165747,0.00335179575,0.000739890250028043,0.00076839918519,0.00241279371,0.004843151555,1.7372350895054,1.65887438325852,30.6204069389592
"r_new[7,2]",0.0037877822,0.0036882403,0.000823144471764106,0.00095356139571,0.00262702506,0.00512802219,1.88921394628169,1.55997043648143,12.7390522145152
"r_new[8,2]",0.003911262647,0.0037707021,0.000845742599953261,0.0009518388369,0.002668560175,0.005334617425,1.64773162926133,1.78772027602479,17.323302316373
"r_new[9,2]",0.004086415183,0.0040143581,0.000777293173164962,0.00068951908305,0.002890023155,0.005604607895,1.44095520718706,2.50200092930862,29.8882545259357
"r_new[10,2]",0.004195963146,0.00416715325,0.000699618374776414,0.00067208867376,0.00308283159,0.005492361095,1.37020058618328,2.61161252516,17.086506541691
"r_new[11,2]",0.004254422035,0.00416546725,0.000680737536338009,0.00065325720747,0.00331888026,0.00548525222,1.24343710132137,4.29223106236331,21.5942744323791
"r_new[12,2]",0.004279593168,0.0042357519,0.00063635516063098,0.00065373312207,0.00338698908,0.005404760055,1.24367406658677,4.06172064697984,44.2325367647059
"r_new[13,2]",0.004381372322,0.00422837295,0.000768233195835694,0.00067966194282,0.003411675885,0.00582376852,1.27808053357975,3.51363803310729,28.8147154987886
"r_new[14,2]",0.004291308987,0.0041417551,0.000785207245970495,0.00071741724138,0.003240018225,0.00575598316,1.14197193317209,7.43309420501179,37.3293515358362
"r_new[15,2]",0.00422868529,0.0040736225,0.000697535819874739,0.00065737038465,0.003361003095,0.00569838921,1.18478623378524,11.7839060752434,50.4330618083942
"r_new[16,2]",0.0042121914,0.00417904395,0.000697367099542165,0.00068332685589,0.00309638174,0.00549846402,1.23006822699679,10.7548327052336,28.0590040771451
"r_new[17,2]",0.004165970564,0.00402867755,0.00070126229902952,0.00061768866978,0.003232446085,0.00541768229,1.30287719998908,6.95858082236268,40.5548566509965
"r_new[18,2]",0.004183945064,0.0040188815,0.000677085650742616,0.00057571700508,0.003148607845,0.00533294429,1.08197779421381,12.0911553475509,55.1291802498247
"r_new[19,2]",0.004276631396,0.00416629575,0.000635993950978004,0.00055685825895,0.003332674585,0.00533705165,1.16136611654909,5.92197231586559,31.6824001034527
"r_new[20,2]",0.004365396184,0.0042411439,0.000759522649651917,0.00080177480922,0.003359168185,0.005613062335,1.27450595538615,3.3016174949213,44.2325367647059
"r_new[21,2]",0.004502554189,0.0042473839,0.000906939601394783,0.000797895882840001,0.003258274535,0.006127721125,1.51896381895106,2.01998351631557,56.8419098881722
"r_new[22,2]",0.004452799962,0.00418993065,0.00089010129669005,0.00086396595033,0.00335981531,0.00617002202,1.3261126244879,4.47610591015505,26.9877288449252
"r_new[23,2]",0.004433334687,0.00416785975,0.000878930890332966,0.00077007289233,0.003439550675,0.006115637295,1.23211111542594,7.33487869954211,22.2747522502046
"r_new[24,2]",0.004484035299,0.00436571375,0.000702154078610039,0.00073898803356,0.00358019369,0.005802208065,1.21309674447736,3.78908381172825,31.6824001034527
"r_new[25,2]",0.004901446955,0.00465738585,0.000927531634846602,0.00086514617406,0.00377473125,0.006637410475,1.34572103377279,2.73257724986086,56.8419098881722
"r_new[26,2]",0.004885839604,0.0046287221,0.00104898368308746,0.00103172362293,0.00359049302,0.006716950735,1.19726347026638,7.52463798251509,32.4795842613214
"r_new[27,2]",0.004907239267,0.00467407315,0.000928164856817406,0.00080757933648,0.003715279055,0.006579130475,1.28551123474861,3.43735544460114,23.5468245425188
"r_new[28,2]",0.00504965657,0.0048154704,0.000995751682849755,0.00077381156475,0.00380055435,0.0069663009,1.73648154055905,1.72155245680971,23.084460860061
"r_new[29,2]",0.004904185908,0.00458480405,0.00111337718753777,0.00104309071713,0.003649253325,0.006849013195,1.69928418392345,1.75733019873852,42.1527132583187
"r_new[30,2]",0.004862529301,0.0046641622,0.00108832566982455,0.00121969817739,0.003501372485,0.006896116555,1.7482845245347,1.68275766351483,21.5942744323791
"r_new[31,2]",0.00473004021,0.00442469395,0.000995668931392129,0.000882376061699999,0.003447995535,0.006474040055,1.7207521860756,1.77905936089452,37.3293515358361
"r_new[32,2]",0.004567440169,0.00413984665,0.00114516509265978,0.00081849001227,0.00323343042,0.006691247485,1.66837555399555,1.85863325146411,21.0246288509397
"r_new[33,2]",0.004245438629,0.0040458629,0.000916597583172548,0.000688054496639999,0.0031749125,0.00619032985,1.40602353965912,2.64452772713731,30.2536366106048
"r_new[34,2]",0.004067984943,0.00396229995,0.00067454930933014,0.000528811840619999,0.003166327375,0.005137970125,1.11838087126101,8.22745101182034,30.6204069389592
"r_new[35,2]",0.003923412575,0.0038882689,0.00064370825168198,0.0005623961406,0.002911385485,0.004911512785,1.0238302417241,14.81820542078,31.7007288654679
"r_new[36,2]",0.003856833574,0.0036998798,0.000615934680484097,0.00059136569982,0.002972490785,0.005004148355,1.00477978678984,15.4086792422471,30.953885028427
"r_new[37,2]",0.003839510292,0.0037592017,0.000670049528684652,0.00063521759784,0.003017018565,0.005066819605,1.00714412772876,16.3003776761434,13.4809450967877
"r_new[38,2]",0.003709862806,0.00361680205,0.000565436768219057,0.00048037589166,0.002962593125,0.00477727027,1.01156088531513,21.3716945774358,30.0319618281558
"r_new[39,2]",0.00367732057,0.00356370255,0.000741281606149149,0.00055990440891,0.002674387605,0.004826690865,1.05936122335401,19.888026573396,12.8042980631539
"r_new[40,2]",0.003561563233,0.0033992316,0.000852522707090486,0.00053227882659,0.002642306135,0.00490277169,1.02234098581148,23.6006177909827,12.8702156943087
"r_new[1,3]",0.008821663164,0.00885968345,0.00111952351508216,0.00128433686871,0.00720309574,0.0103829911,1.00921365190624,12.3645424292929,34.3628470914159
"r_new[2,3]",0.009391506248,0.0092745094,0.00215168418930421,0.00196646986095,0.005638453615,0.0127112936,1.0052071079653,19.1651644718092,51.5338182396663
"r_new[3,3]",0.009589235614,0.0098934034,0.00187780925665373,0.00194978890596,0.00638005339,0.0121704907,0.991656224084637,24.611251336501,58.9391161255238
"r_new[4,3]",0.009561246999,0.0096181569,0.00157275508004981,0.00189157461696,0.00693179038,0.01199645925,1.02335320790437,19.8733463170154,65.7762636916379
"r_new[5,3]",0.009559177069,0.0095844958,0.00178798165796288,0.00177716385756,0.006680577795,0.0121712703,1.04216846182595,20.9139947454822,58.9391161255238
"r_new[6,3]",0.008111091716,0.0080917552,0.00207060088521166,0.00231763612479,0.00460289257,0.01105225805,1.21006504030941,13.5558590666992,25.3298043918779
"r_new[7,3]",0.009032917176,0.0085381321,0.00244737369652068,0.00225049250664,0.00569457331,0.0133349266,1.01112909623329,16.7046855307301,14.4246620507748
"r_new[8,3]",0.007848121936,0.0075560047,0.0017696916561466,0.00127617737961,0.00521069451,0.01137085275,1.03608411600419,32.3066624091926,21.0246288509397
"r_new[9,3]",0.007773186272,0.00781348215,0.00164939515627568,0.00141864604749,0.00510167179,0.0104703176,0.994458618491084,21.3452172596345,44.5810103703795
"r_new[10,3]",0.008117505313,0.0084604951,0.0019361202823759,0.00198135131019,0.0051002233,0.01105057665,1.06549699228022,15.1786905116843,44.5810103703794
"r_new[11,3]",0.008578054001,0.008343177,0.00181579499429923,0.0014973526113,0.005559108035,0.0122340368,1.28223732618516,3.12967496216319,17.2396808196237
"r_new[12,3]",0.007826752307,0.0079456088,0.00140693959994753,0.00147485630607,0.00560760149,0.01000387245,0.990198223077067,21.7418288811212,21.0246288509397
"r_new[13,3]",0.008341473902,0.008234451,0.00217463606157081,0.00208185780201,0.005067077505,0.01250725935,1.05832002623745,14.1722444409486,37.7806563039723
"r_new[14,3]",0.008213893129,0.0084655018,0.00236402665102144,0.00268506858627,0.004708952855,0.01190146975,1.00113804476614,19.884426280792,58.9391161255239
"r_new[15,3]",0.007854557169,0.0077114542,0.00159338598606401,0.00146978996535,0.00541186004,0.01078047775,1.06118519696807,15.8408051963174,16.6318190458088
"r_new[16,3]",0.008962710992,0.00892167505,0.00177414780875524,0.0018090247833,0.00590157379,0.0118229309,1.07516318714748,10.8689321449307,23.0844608600611
"r_new[17,3]",0.009017825645,0.0086790265,0.00244331354253343,0.0020251463505,0.005521025925,0.0146412426,1.27277077562441,3.7762165572991,28.1169665809769
"r_new[18,3]",0.008962440454,0.00893235305,0.00168060671076283,0.00146753574618,0.006236361345,0.0118382217,1.01389740782129,19.3496307357762,44.5810103703794
"r_new[19,3]",0.007976440255,0.00791916035,0.00190852144130949,0.00168335389929,0.00498224683,0.01080787005,1.0778474796033,17.8278328371549,21.0246288509397
"r_new[20,3]",0.008089553635,0.0079875357,0.00189849850723432,0.00177336551049,0.00562048782,0.01095177705,1.04707076964891,26.0239340485772,52.4502744151648
"r_new[21,3]",0.008236750444,0.00809445425,0.00191711025188342,0.0017734060596,0.005033650915,0.0116830269,1.0166504776779,20.0497357690569,58.9391161255238
"r_new[22,3]",0.008911964593,0.00895440085,0.00213283465824555,0.0021183840993,0.00582582908,0.0124335728,1.07087330548877,27.6402792675409,34.3628470914159
"r_new[23,3]",0.009507825266,0.00938758055,0.00203804022861332,0.00184066702554,0.006574678005,0.01352632205,1.02224362905969,34.5549401220756,43.7612949320653
"r_new[24,3]",0.008763332524,0.0087490299,0.00206156629951548,0.00249392756886,0.00553378437,0.01246254155,1.03292262257888,19.6024868454129,44.5810103703794
"r_new[25,3]",0.008073928987,0.00806321285,0.00142946330839431,0.00117499838043,0.0059829464,0.01005520515,1.02855014282095,22.563008797821,31.7839996054474
"r_new[26,3]",0.008107388042,0.0082878022,0.00192580552171505,0.00179838542331,0.00501379395,0.01089351345,1.03595002814066,12.6594320553891,28.1169665809769
"r_new[27,3]",0.007703456707,0.00757875585,0.00150975140467805,0.00170239715499,0.00542057253,0.0102185044,1.10319650106071,9.87375692845201,32.3774283071229
"r_new[28,3]",0.007505155926,0.00740638635,0.00139764693468156,0.0013981644474,0.005332228085,0.010051735,1.35169516854371,2.62245370720982,30.6204069389592
"r_new[29,3]",0.008264473538,0.00813916605,0.00170273317401517,0.00172880018535,0.005670203775,0.0106992937,1.00880148571163,30.8841411312458,54.8564568994389
"r_new[30,3]",0.008455666944,0.0078786221,0.00255125623100746,0.00175379489397,0.00559902224,0.0140938335,1.20284762694894,4.82788706636542,21.0246288509397
"r_new[31,3]",0.008394990356,0.0084094363,0.00171856561350014,0.0018029335212,0.005829385395,0.01133111995,1.04734119713868,28.2496962625692,40.5548566509965
"r_new[32,3]",0.008651546292,0.00803509655,0.00270490899520037,0.00253537098318,0.00519117779,0.01425244055,1.04514091159086,12.9733429948535,24.3582350718816
"r_new[33,3]",0.007311347937,0.0070952525,0.00182350753295205,0.00197180344032,0.004520543185,0.0102188409,1.11816169482854,14.3883542630838,31.6824001034527
"r_new[34,3]",0.007901675451,0.00788143545,0.00162772618730727,0.00168556082352,0.005431335955,0.0107397904,1.07691026236042,12.1784739531381,58.9391161255238
"r_new[35,3]",0.008410887156,0.00857883875,0.00181303826989068,0.00191851857393,0.00583576522,0.01140733365,1.14824372457221,5.58467068047419,56.8419098881722
"r_new[36,3]",0.007832089635,0.00746108585,0.00213379521779705,0.00165716992308,0.004912486165,0.0117579809,1.21156448599101,3.99232416001858,21.0246288509397
"r_new[37,3]",0.007550264415,0.0073641573,0.00163890771948892,0.00144876832821,0.00506378006,0.0103464797,1.21854885437867,5.22885690849529,66.9637815053919
"r_new[38,3]",0.007941298973,0.0074574917,0.00238851435878015,0.00260978260305,0.00493837356,0.0127099518,1.23983649968345,4.20013729769868,33.8817424896137
"r_new[39,3]",0.007396390686,0.0070860155,0.00213646322006994,0.00243448828161,0.004268672085,0.0111147331,1.35055452130856,3.22803272787326,25.9952465834819
"r_new[40,3]",0.007662724838,0.00745165065,0.00237138221102076,0.00252825902511,0.00427751197,0.01163172115,1.13540249137317,6.73024506002549,31.7839996054474
"r_new[1,4]",0.009845706325,0.00992963635,0.00119160297672766,0.00121008522138,0.0078776207,0.01139372195,1.13447621110107,5.96713398526644,56.8419098881722
"r_new[2,4]",0.009931842984,0.0097106928,0.00188676382216057,0.00169871459898,0.007369836935,0.0134636084,1.24828809912396,3.82269253683558,58.9391161255238
"r_new[3,4]",0.009461350394,0.0093411961,0.00129298460048072,0.00116735513265,0.007152172075,0.0114836002,1.07059142996065,22.5788248102513,114.529605637897
"r_new[4,4]",0.009565782573,0.00921266105,0.00172968194333936,0.00158600445591,0.007107056225,0.01259173955,1.08754128766691,10.99211985735,40.5548566509965
"r_new[5,4]",0.009264886861,0.00908365175,0.00174220874326762,0.00158768401932,0.006454101995,0.01221612935,1.04494556729321,29.9994103736388,44.5810103703794
"r_new[6,4]",0.010026916263,0.0097974097,0.00215065006117005,0.00202535828817,0.006855009075,0.0139081995,1.03155290185838,14.0726746193868,44.5810103703794
"r_new[7,4]",0.009549037099,0.00933484445,0.00164326638424172,0.00180031739937,0.00707354852,0.01237611045,1.08434429031171,11.7355563166285,54.856456899439
"r_new[8,4]",0.009750893479,0.00972717755,0.0017174846359554,0.00169216046916,0.00736124707,0.0126582472,1.06457678647002,15.0901092011327,32.8693155044046
"r_new[9,4]",0.010065488029,0.0098789611,0.0019167288813585,0.00147816079908,0.007446958815,0.0144878432,1.04443680272108,17.3834506180699,33.7805500606215
"r_new[10,4]",0.009775022703,0.00960961065,0.00145009255032464,0.0015081704022,0.00770062795,0.0122374325,1.1395385694342,6.53093576442754,42.4389398926035
"r_new[11,4]",0.010015200933,0.00990238665,0.00169498877029961,0.00180854849805,0.007736769085,0.01241981045,1.16894822238653,6.041268032207,40.5548566509965
"r_new[12,4]",0.010189147534,0.010056689,0.00194800152712611,0.00171505596444,0.0071324913,0.01397684475,1.07952679604441,13.0472836047505,22.2747522502046
"r_new[13,4]",0.009877120502,0.0097302973,0.00163177143043883,0.00162918644112,0.00748997313,0.0127923169,1.1201643596032,9.78066065679365,52.4502744151648
"r_new[14,4]",0.010164197899,0.010214735,0.00161692215149573,0.001638191457,0.00742859967,0.01266988295,1.05618339508296,41.7215353912093,52.4502744151648
"r_new[15,4]",0.010075014969,0.0098810857,0.00133513251000808,0.00150437850444,0.00824408225,0.01256688145,1.01901186785035,56.4063025310498,37.4171477442801
"r_new[16,4]",0.010075886255,0.010061935,0.00155800754952715,0.00166841240475,0.00771263681,0.01259025005,1.03593284034961,36.674127493814,31.6824001034527
"r_new[17,4]",0.009923821677,0.009958024,0.00192992969641505,0.00195661820634,0.0068633058,0.01305218805,1.08206888593647,11.905434733774,31.7839996054474
"r_new[18,4]",0.009768517166,0.00946757855,0.00199684925739046,0.00204556760877,0.00710452212,0.01376827915,1.0199744899343,32.390143984194,34.3628470914159
"r_new[19,4]",0.009799650347,0.0095975637,0.00181741807815528,0.00209731034877,0.007236352785,0.01286954205,1.16302367352176,5.71462887328063,48.4074922943175
"r_new[20,4]",0.009976303587,0.010034206,0.00185129015226628,0.00182889570045,0.007515511225,0.0134520224,1.04031335120204,13.8980048876795,69.718819965758
"r_new[21,4]",0.009456727478,0.0095751737,0.00193994024036338,0.00205379173923,0.006223161855,0.0124496508,1.2046066716966,6.2085956221711,34.3339219148517
"r_new[22,4]",0.0093063219,0.0091589703,0.0016125791355006,0.00152073625263,0.00666121412,0.0122029776,1.11999474225076,9.35536271078893,52.2238977401648
"r_new[23,4]",0.009620914771,0.00935624585,0.00200593994789842,0.00222600966567,0.006875582305,0.01292330445,1.15411912765954,6.79871578026019,39.42329353458
"r_new[24,4]",0.00975941197,0.0095454952,0.00191590013394266,0.00213232580253,0.00708084442,0.0129571064,1.41647863697206,2.33265907039101,16.3597270262691
"r_new[25,4]",0.009599840202,0.00948375405,0.0016936239009199,0.00154620561564,0.00673082416,0.01228774025,1.24323352052599,3.75332051256124,30.6204069389592
"r_new[26,4]",0.009504459215,0.00932979565,0.00193495126149334,0.00238970041821,0.00652420988,0.0122714996,1.42613089575485,2.28299529588065,16.7994624172026
"r_new[27,4]",0.009555732173,0.0099211819,0.00194312030652746,0.00214725491736,0.006179869025,0.0126444099,1.26663178892448,3.30136443937184,31.7839996054474
"r_new[28,4]",0.009574373031,0.00947859065,0.00184692111832207,0.00169440668229,0.006646650535,0.012642326,1.2525876624561,3.92050003833411,33.2303932833019
"r_new[29,4]",0.009012163221,0.0089462029,0.00159045642198701,0.00167102645094,0.006290447035,0.0115171381,1.23171538218469,3.66840138889726,30.6204069389591
"r_new[30,4]",0.009664966255,0.00973602875,0.00170598973320566,0.00183793807785,0.00689371986,0.0122539335,1.16266519962524,5.14134874025191,29.5600444323016
"r_new[31,4]",0.009608638494,0.0091927394,0.00231666543905795,0.00223188469056,0.00633013336,0.0135594322,1.51192072144866,2.08402289391691,26.9877288449252
"r_new[32,4]",0.009458531446,0.0092436552,0.00181963638487642,0.00205504653774,0.007229407555,0.0126013713,1.18553959981055,4.1281103021984,56.8419098881722
"r_new[33,4]",0.009153844718,0.00872101875,0.00207981690041429,0.00198217103973,0.006244944185,0.012483486,1.2457198678084,4.44381323785525,29.3034159410583
"r_new[34,4]",0.009680805614,0.0096110399,0.00199492682503178,0.00210342903897,0.00657450401,0.01306110305,1.1737080899001,5.25191763661608,40.5548566509965
"r_new[35,4]",0.009764885558,0.00967177385,0.00172157928870976,0.00191973393528,0.00684299635,0.01240560595,1.18127971728422,4.7140364457756,65.5135225921653
"r_new[36,4]",0.009903408388,0.00965833075,0.00223062381165528,0.00203559289836,0.00647131865,0.01353096375,1.21983748684843,4.1535734188005,37.7806563039723
"r_new[37,4]",0.009346149662,0.0092250911,0.00189052258840548,0.00210940754934,0.006515106335,0.01270745525,1.14810675931499,5.92006596883291,26.3673346391441
"r_new[38,4]",0.009367054982,0.00919340705,0.00182580502995343,0.00204369085956,0.00647886364,0.01241396725,1.07468296202062,17.368119285905,58.9391161255239
"r_new[39,4]",0.009264476272,0.009423204,0.00198342069331378,0.00206070888366,0.00574665823,0.0123167827,1.40036928621534,2.38622456558806,71.4660754915116
"r_new[40,4]",0.009531371341,0.0093926871,0.00225639155844183,0.00173401990104,0.006033982905,0.013898199,1.13163171307178,8.82942142814795,29.494618736908
"r_new[1,5]",0.00687269056,0.0067937534,0.000972508517101997,0.00095469447276,0.0054765835,0.008518288725,1.53945973819052,2.04194904528008,56.8419098881722
"r_new[2,5]",0.006487580316,0.00612805245,0.00112822566391484,0.000875742612780001,0.005068067805,0.00872052818,1.26899063039867,3.57609130224749,31.6824001034527
"r_new[3,5]",0.006472054711,0.0061775925,0.00127001619688358,0.000967234081170001,0.00496965207,0.00874711118,1.24740472213164,3.85272463575658,40.5548566509965
"r_new[4,5]",0.006466049492,0.00619582945,0.00108286172298579,0.00101856962508,0.005192816545,0.008775067605,1.58549383102658,1.88583812687013,33.6196723111123
"r_new[5,5]",0.006572261971,0.006275702,0.00129961993636707,0.00114579798039,0.00480098571,0.008869819315,1.55223028407054,1.9394493169742,38.2860357544693
"r_new[6,5]",0.006598815575,0.00626637885,0.00154040773233157,0.00168966547575,0.00474582199,0.00967547558,1.62210974340629,1.84002750595938,29.6344679101047
"r_new[7,5]",0.00645668869,0.0063954932,0.00137623624514292,0.00167694751056,0.00457507018,0.008919613405,1.6393635795356,1.84117805299298,16.6539779215835
"r_new[8,5]",0.006460919715,0.0064015005,0.00153456062298335,0.0017363870202,0.004327316155,0.00914544771,1.74979239484319,1.64734136660995,71.4660754915116
"r_new[9,5]",0.006215079007,0.00613185405,0.00123273073139064,0.00133733811372,0.00447485666,0.008369857015,1.47297823331114,2.06955243675086,16.3704396632366
"r_new[10,5]",0.006305521871,0.0063405732,0.00150486557147527,0.00165159423513,0.003977198095,0.00876074189,1.52720957267854,1.93187146750468,12.8702156943087
"r_new[11,5]",0.006492330213,0.0065936078,0.00164143510021451,0.00195933529323,0.00407154899,0.0091175621,1.72825905500138,1.65398405072836,30.5219882895229
"r_new[12,5]",0.006554139301,0.0064538934,0.00167894187795236,0.00200935287987,0.00419066206,0.009539300205,1.67425556476219,1.71162069580719,16.4566484859883
"r_new[13,5]",0.006568087455,0.00644996435,0.00150482555364739,0.0018089625141,0.00445320863,0.00898431241,1.72687326787536,1.66893357688967,40.5548566509965
"r_new[14,5]",0.006528670562,0.0063479721,0.00139737735726413,0.00130967509575,0.00468319114,0.009380450495,1.46020912889142,2.11922240904056,51.9994667620882
"r_new[15,5]",0.006554462817,0.00640064535,0.00122101876850148,0.00126626219559,0.004851489475,0.00863892069,1.07588442302934,10.0444614929832,52.6712289170557
"r_new[16,5]",0.006683005029,0.0065042992,0.001090909614058,0.00097297048296,0.0053024132,0.00885466422,1.06648797104297,17.3554623733962,56.8419098881722
"r_new[17,5]",0.006889688147,0.0066481141,0.00124207798143141,0.000943332419399999,0.0054944224,0.00934729943,1.04599660128751,28.0008785676876,40.5548566509965
"r_new[18,5]",0.006805189814,0.0066951105,0.000929337322301148,0.00083357843247,0.00549212977,0.00837794457,1.04969124676661,31.6376315056486,40.5548566509965
"r_new[19,5]",0.006854847553,0.00663303055,0.000993230172175269,0.00101141719203,0.00562105946,0.00882109663,1.06879088873346,10.6683881892884,41.7960353475043
"r_new[20,5]",0.007031281376,0.0069180881,0.00101185707932976,0.00082070219973,0.00562136052,0.00920126331,1.08283022035192,13.4383605773215,63.3260569728169
"r_new[21,5]",0.006909674053,0.0066939677,0.00124992809139495,0.00109816737975,0.00529909669,0.00949424668,1.16364471670299,4.78770120489618,18.7386229789056
"r_new[22,5]",0.006857144099,0.00696203145,0.00107794249420914,0.00136287389721,0.00525467041,0.00864607316,1.1984267653339,4.90282532841066,58.9391161255238
"r_new[23,5]",0.006632331516,0.0064182287,0.00117333595924145,0.00102158693847,0.00512973144,0.00918136993,1.18882461023394,4.20308223036104,44.4307557649823
"r_new[24,5]",0.006761884649,0.0066385615,0.00113324005994668,0.00117210479001,0.005273826645,0.008992063885,1.37149864618523,2.49216532667604,40.6099784518481
"r_new[25,5]",0.006972997245,0.00671702285,0.00125601167068999,0.00110565495453,0.005553243665,0.00929501701,1.23108578477448,3.77135733227078,48.4074922943175
"r_new[26,5]",0.00691733439,0.00662555465,0.00118384711773453,0.00128580723726,0.005227824695,0.008990603955,1.12904102274136,10.5933973220005,50.7015438102728
"r_new[27,5]",0.00682006808,0.00651630085,0.0011346476182398,0.00114321929421,0.005366896515,0.008993444125,1.18984821119364,4.51476320266954,52.1880424334821
"r_new[28,5]",0.006985637718,0.0068788502,0.000875178895671785,0.00088639783659,0.005774892925,0.00842624796,1.14769592843489,4.98079499911479,74.7352313149317
"r_new[29,5]",0.007004184366,0.00684537205,0.00111000387869298,0.000956679748290001,0.005228168445,0.00931632203,1.06877957385575,12.370641066008,51.1098130841124
"r_new[30,5]",0.007155656768,0.00696204385,0.00108141806966316,0.00111722709231,0.005688752305,0.009026338155,1.06000903121451,23.2536285003333,43.6009559160014
"r_new[31,5]",0.007409179536,0.00743954465,0.000866145983548311,0.000789743806739999,0.00575392804,0.008820970075,1.01706565449508,40.5922279954758,67.2583153008919
"r_new[32,5]",0.007512688601,0.00725062645,0.00123395143868487,0.00114890788215,0.00576585554,0.009781786165,1.08800395090776,9.42455552236534,72.1606974552308
"r_new[33,5]",0.007521630834,0.00740228375,0.00121048811380615,0.00131350391025,0.00590045764,0.009302103985,1.03694237012991,21.3322418787069,50.0631594590578
"r_new[34,5]",0.007822755375,0.00792431705,0.00135598248163625,0.00132819721755,0.005730142185,0.00979975197,1.01848268987351,36.8490595885764,44.5810103703794
"r_new[35,5]",0.007778273665,0.0077722961,0.00115934140791006,0.00126389581773,0.00572658186,0.009806993555,1.00930949618248,18.0537915840813,58.0761852780705
"r_new[36,5]",0.007666678708,0.0075710559,0.00129708374886486,0.00138836913159,0.005634201905,0.00972762997,0.99072108564797,21.6056654190342,71.2874531148375
"r_new[37,5]",0.007953723098,0.0077232481,0.00135229365405707,0.00135877332213,0.006309143845,0.01039657845,1.00788088451598,13.6851784506574,52.4502744151649
"r_new[38,5]",0.008097234909,0.0080918429,0.00145924119965441,0.0016469365731,0.005938085445,0.01064097885,0.999686218958478,14.6388333173043,66.9637815053919
"r_new[39,5]",0.008139537718,0.00793634565,0.00148882076718256,0.00160505972067,0.00615044466,0.01042736135,0.994063245660039,13.6245204276161,58.0761852780705
"r_new[40,5]",0.007946583955,0.00776384625,0.00151134985854236,0.00149052679503,0.00588592446,0.0106407525,1.05519726062644,13.9255590772449,21.0246288509397
"r_new[1,6]",0.009706737732,0.00964761025,0.000915035837287359,0.00087271432815,0.008415373615,0.01159649925,0.99924832420708,22.911258809898,59.4639916395373
"r_new[2,6]",0.010392087649,0.010064452,0.00201154072268279,0.00140769430368,0.007886354685,0.01448535295,1.00607878079735,32.0758081760799,44.5810103703794
"r_new[3,6]",0.009575547229,0.00943601255,0.00181761857600211,0.00133913613687,0.00677748069,0.01245094165,1.01603350436275,30.3836573571931,34.3628470914159
"r_new[4,6]",0.009983840822,0.010031606,0.00188017890673396,0.0021846022044,0.0067781944,0.0129531209,1.13224702013138,15.5280171221129,57.921092890623
"r_new[5,6]",0.009279153229,0.00945005775,0.00153743495253306,0.00131756994075,0.00685155347,0.01185295365,1.10707518402502,12.6053826600833,40.5548566509965
"r_new[6,6]",0.009699000177,0.00955121965,0.00160454508243582,0.00160343241891,0.0072414269,0.0121900109,0.997783095500328,43.6382533751242,41.9739137329527
"r_new[7,6]",0.010235242115,0.0101157885,0.00153523278358841,0.00151325698041,0.00768701155,0.0130447717,1.15765352808908,33.1552414370204,51.556342412722
"r_new[8,6]",0.008997309996,0.0090508551,0.0014231947174957,0.00144717275409,0.00671616695,0.01111102345,1.12957567849957,8.43339314294226,36.9744348193533
"r_new[9,6]",0.009991072864,0.0098508019,0.00222270657785018,0.00201245914926,0.00705242679,0.0135087863,1.09202729365572,30.3173342893672,37.1482290150412
"r_new[10,6]",0.00941603889,0.0094336115,0.00178470362587453,0.00171250389093,0.00658381672,0.01241820005,1.14160561842532,6.2824978061031,31.6824001034527
"r_new[11,6]",0.00903558407,0.00888098645,0.00163150628846204,0.00205122239343,0.00650195554,0.01167340195,1.02093459117797,19.0923889536053,71.2874531148375
"r_new[12,6]",0.009845807228,0.0099539915,0.00166835457046159,0.0020472741555,0.00739750023,0.01259557855,1.0026953023431,17.3308231175839,25.3298043918779
"r_new[13,6]",0.009370942876,0.0091341153,0.0023780817569232,0.00277463482443,0.006485162825,0.0139075214,1.07146093975236,14.1138740587139,25.3298043918779
"r_new[14,6]",0.009421154026,0.00946711465,0.00188989738618959,0.00156316285314,0.006196447615,0.01249083495,1.02323657017539,25.8592320174279,31.5354895261113
"r_new[15,6]",0.009299571923,0.00889945885,0.00233367462255754,0.00183624331779,0.006293899755,0.0147798459,1.05803529211421,13.8776151922971,30.6204069389592
"r_new[16,6]",0.008827805932,0.008985257,0.00163446510688128,0.00171127533444,0.006257265365,0.0114211676,1.01540380242495,27.5165891063003,51.5338182396663
"r_new[17,6]",0.008416755247,0.00840753275,0.00175800943366968,0.00165904066776,0.006006074525,0.0117964379,1.08452799442093,18.4285698048724,33.0857528696826
"r_new[18,6]",0.009102103392,0.00903199365,0.00193418224611591,0.00207147107706,0.006349126855,0.0120329097,1.09148346527156,9.27172558486724,44.5066124109867
"r_new[19,6]",0.009067016613,0.0089031619,0.00171171500211734,0.00145283176416,0.00651440982,0.0122884509,1.16931631455847,5.34590990013805,31.6824001034527
"r_new[20,6]",0.008913963695,0.00872436775,0.00185649240509784,0.00209840584191,0.006256873745,0.0124216621,1.00441067441412,30.7781681743341,44.5810103703794
"r_new[21,6]",0.008586866366,0.00817848695,0.00187655090738956,0.00169269642906,0.00592690705,0.01171923575,0.992602188544614,28.4273481382494,44.5810103703794
"r_new[22,6]",0.00888909048,0.00848933025,0.00202638023773051,0.00148984568859,0.006434805115,0.0131370817,0.993172786313611,42.9565332189323,50.6923710931221
"r_new[23,6]",0.0088949155,0.00870620955,0.00184051453471099,0.00184302265455,0.00607401094,0.01226340445,1.13685414447581,7.34193578114616,51.9994667620882
"r_new[24,6]",0.009011935928,0.0084481961,0.00251009183759457,0.00204220195851,0.00628879871,0.014310056,1.11700442622439,11.0764616266506,21.0246288509397
"r_new[25,6]",0.00853979249,0.00857233925,0.00192618553811707,0.00171863029065,0.005717712125,0.0121909677,1.16396763776447,4.78239419672611,31.6824001034527
"r_new[26,6]",0.008423692009,0.00785381375,0.00269042724551854,0.00171437663712,0.00571835738,0.01437506265,1.06302015788933,9.84487270936886,21.5942744323791
"r_new[27,6]",0.007766582198,0.00747315345,0.00185621561706128,0.00186824605422,0.0052229176,0.0108397449,0.998353589164685,23.2502973715223,31.7839996054474
"r_new[28,6]",0.008472415522,0.00809133915,0.00202235778690595,0.00174290912586,0.005973345815,0.01286641655,1.06104316454645,11.9028829175039,62.9342719516312
"r_new[29,6]",0.007980137671,0.00773037055,0.00193125552852365,0.00153046744599,0.00539640068,0.01121229855,1.11070703592291,9.85317035428995,21.5942744323791
"r_new[30,6]",0.008014378824,0.0074689773,0.00206901170906424,0.00154589108205,0.005568412455,0.0124971017,1.03613076714868,16.4489859333317,47.8072297059089
"r_new[31,6]",0.00840957471,0.00791406725,0.00232794009604421,0.00270804770019,0.00502257258,0.0120200095,1.42693205838338,2.28773327562068,29.9635545336692
"r_new[32,6]",0.008153909568,0.0079823017,0.00206727799532869,0.00173768889126,0.005147939845,0.01166732195,1.22089790004634,4.04769234622393,21.0246288509397
"r_new[33,6]",0.008283777557,0.00773454775,0.00243207772048492,0.00193990448589,0.00545520734,0.01370867365,1.26083264070608,3.45924009708257,31.6824001034527
"r_new[34,6]",0.008291179019,0.00798285915,0.00217097525797607,0.00167252558193,0.005639484075,0.0127740729,1.17254436425899,5.76799133579742,30.6204069389592
"r_new[35,6]",0.008166123968,0.00776067845,0.00184975227685172,0.00176017822827,0.005419087845,0.01135838265,1.29093052696956,3.15233128582379,42.4389398926035
"r_new[36,6]",0.008018018124,0.00738296955,0.00200568286900192,0.00183089469003,0.005529774425,0.01198843015,1.27027029919477,3.25469181316774,21.0246288509397
"r_new[37,6]",0.0082260955,0.00821637835,0.0022273475017752,0.00194889022797,0.005171051915,0.01176985155,1.34260555457371,2.7750359864202,47.4879826329663
"r_new[38,6]",0.007942911073,0.0077866716,0.00197655815110407,0.00160915154841,0.00567086802,0.01133369215,1.07983621505178,23.6224691596348,21.0246288509397
"r_new[39,6]",0.007859849925,0.00748566175,0.00195270526689696,0.00147820979901,0.00542442854,0.01138074935,1.28722931960041,3.23658254765286,22.2747522502046
"r_new[40,6]",0.008488268207,0.00815451215,0.00203812040829472,0.00197673975702,0.005958265315,0.01257359,1.32953959145414,2.95105652273209,79.0016767702825
"r_new[1,7]",0.011777645452,0.0114432635,0.00233651593645685,0.00238717747779,0.008816991825,0.01558324525,1.66818017068122,1.71276166060002,27.3480231286138
"r_new[2,7]",0.012366173942,0.0121668505,0.00316271545551649,0.00322314934557,0.00784300321,0.0177414544,1.29688299979924,2.80553576444661,30.2536366106048
"r_new[3,7]",0.012789209223,0.0129370055,0.00330814720381628,0.003576120156,0.00733903683,0.0184332283,1.30819085430902,2.7891754398134,44.5810103703795
"r_new[4,7]",0.011806298221,0.011864307,0.00236585459474577,0.002519211681,0.008580621895,0.01540951615,1.56279492147749,1.89600387313163,40.5548566509965
"r_new[5,7]",0.01190724925,0.011346372,0.00255345222197558,0.00217252057113,0.008842624855,0.0169258013,1.50557376168576,1.99943650284926,13.3181126331811
"r_new[6,7]",0.012265959888,0.012144937,0.0033021265252692,0.00398796063876,0.00759852072,0.0180511327,1.07314852924663,13.0749423065505,52.4502744151649
"r_new[7,7]",0.011507209244,0.0113208745,0.00298070994402852,0.00323858943849,0.006581469835,0.0158262216,1.19502299617041,4.07870380583879,46.2742551554156
"r_new[8,7]",0.011730509489,0.01197078,0.00265212686218286,0.0024907954281,0.00668943488,0.01537973805,1.01992978456479,15.461989796843,31.7839996054474
"r_new[9,7]",0.011270049843,0.011589015,0.0027107133163836,0.0025723502889,0.00609786128,0.0151923057,1.32683961108257,2.62639064063105,15.3832630098453
"r_new[10,7]",0.011704552238,0.0118024395,0.00264259519028878,0.0025578304458,0.00788283105,0.01617231575,1.24521366848027,3.75950706565757,51.9994667620882
"r_new[11,7]",0.011743488042,0.0118721415,0.0020603948169362,0.0019655406414,0.00778719714,0.0149825468,1.12569269423069,6.48166197454579,58.1996870625698
"r_new[12,7]",0.011119287807,0.011399673,0.00256828802741604,0.0028903005306,0.00716492542,0.01520281765,1.40601663094416,2.36728745756019,39.6606986758183
"r_new[13,7]",0.010914440832,0.011421302,0.00221924858787183,0.0023460654987,0.00714273208,0.013902899,1.43661055080565,2.23846542697334,13.5711516091508
"r_new[14,7]",0.010167873709,0.010327509,0.0018166380597853,0.00141134705943,0.006490260105,0.01277599055,1.43374814580651,2.41721755652121,17.5544186979637
"r_new[15,7]",0.010253610608,0.010644714,0.00233591945798081,0.00253373767689,0.00588561644,0.01327294985,1.35892818627928,2.95896413245601,21.0246288509397
"r_new[16,7]",0.01107522576,0.0109426455,0.00193950611204197,0.00168843929142,0.00815222221,0.01496999165,1.12714486735983,13.2283320313683,40.5548566509965
"r_new[17,7]",0.011194579507,0.0111371605,0.00193464157796821,0.00169059758637,0.007987019265,0.01495399905,1.33176773768744,2.73512553995409,48.4074922943175
"r_new[18,7]",0.01067725387,0.0111828375,0.00223300649304099,0.0013666769886,0.006035552855,0.0136231406,1.11050750919943,6.09471343028481,14.977747346799
"r_new[19,7]",0.010646462033,0.010511184,0.00235238297985472,0.00245613572421,0.007364150125,0.01487915535,1.42465944987595,2.34113065481762,16.500094286253
"r_new[20,7]",0.010761520656,0.0108537705,0.00209885420343095,0.00197774903697,0.00777261086,0.0145551305,1.21847253779729,4.05031148571977,19.2286561916273
"r_new[21,7]",0.011047561,0.0106704025,0.00247940607394757,0.00188276367342,0.00784536414,0.01505815535,1.3605956232191,2.89864716770979,21.0246288509397
"r_new[22,7]",0.010768757886,0.010622465,0.0023086423846275,0.00241994167758,0.00668792772,0.0148163422,1.52739022517118,1.98033515364735,30.6204069389591
"r_new[23,7]",0.01111460911,0.0112773465,0.00183280144282229,0.0014356883121,0.007925204895,0.0145181262,1.1115225381048,18.2573029997784,34.3628470914159
"r_new[24,7]",0.010337340284,0.0102996535,0.00179091348505802,0.0021891337713,0.007956126485,0.013176569,1.0192361911187,28.0026444423189,51.5338182396663
"r_new[25,7]",0.012220583564,0.011933347,0.00211430775916179,0.0021262848747,0.00912528149,0.0161351711,1.03941935478476,23.0963413935716,49.8568790552336
"r_new[26,7]",0.011546447494,0.011189549,0.00212359687044169,0.0016971055332,0.008576939105,0.01567320865,1.02817321376831,17.3984549969242,33.8817424896137
"r_new[27,7]",0.011546372512,0.01115873,0.0021510567194782,0.0015194893119,0.008176261085,0.01584845135,1.0183662573032,22.0826363653037,39.9074798019286
"r_new[28,7]",0.010494925331,0.010701377,0.00205119248441344,0.00197897774172,0.006798457275,0.01387359445,1.11864317909151,6.90035561553649,21.1838760440624
"r_new[29,7]",0.011528918024,0.0114138525,0.00184843746730367,0.001923873651,0.008722685935,0.01464224495,0.994489279837738,43.2620465527746,71.2874531148375
"r_new[30,7]",0.011670095784,0.011671079,0.00207340898888964,0.0023602258113,0.00868773613,0.0151529594,1.04624165744105,20.4001614505759,21.0246288509397
"r_new[31,7]",0.010539431389,0.010401063,0.00199379442146931,0.00158878499808,0.0074252405,0.0147154561,1.13425782565372,5.95599426715927,12.9368155368514
"r_new[32,7]",0.011036093663,0.010733083,0.00194921908213924,0.00170232702801,0.007985790385,0.0142430868,1.08887368374132,28.0960383664173,31.072143553408
"r_new[33,7]",0.011405592847,0.0113423975,0.00179154353527397,0.001656345894,0.00842156819,0.01468319535,1.02524858265474,26.9341021057338,51.5563424127221
"r_new[34,7]",0.01092789829,0.010732867,0.00173979161872744,0.00168660916998,0.008760992695,0.0144326615,1.1663947289712,6.01917762480374,26.7566564008475
"r_new[35,7]",0.010619043839,0.010691959,0.002075144791461,0.0016864011612,0.00671280426,0.01426662265,1.09219689328854,15.0513018430921,13.3252112997792
"r_new[36,7]",0.011377575445,0.011146744,0.0021375969280858,0.0023347821714,0.007783983215,0.01494810845,1.01582498475477,20.8889112889172,58.9391161255239
"r_new[37,7]",0.01083383879,0.010791143,0.00181192411367235,0.00155541611988,0.00785161893,0.0146601132,1.12368929299389,6.74906052433724,21.0246288509397
"r_new[38,7]",0.011202355389,0.0110241005,0.00223573899755506,0.00212733789135,0.008078638825,0.01493335795,1.12343564770047,7.65288704363856,30.1538461538461
"r_new[39,7]",0.011066319072,0.0105675405,0.00213513098904675,0.0018704993097,0.00810403408,0.0151012826,1.27503083222441,2.94378729885921,13.6825645035184
"r_new[40,7]",0.011348459918,0.0112425505,0.00239836836836474,0.0022456549311,0.007968109905,0.0154506043,0.995255907655948,30.4642335508155,50.6923710931221
"r_new[1,8]",0.009836661734,0.0095884366,0.00175132187734006,0.0019525923543,0.007455129815,0.0127711734,1.8889697441082,1.53095025638415,31.9226559649762
"r_new[2,8]",0.009787846084,0.0096220123,0.00224815937856882,0.00237778661526,0.00651759286,0.0134030119,1.52230411463237,2.00365725220778,56.8419098881722
"r_new[3,8]",0.009765142125,0.00906024,0.0022807087574223,0.00220558277352,0.00703331605,0.01372809015,1.86987093406908,1.55806870270036,24.8267196303352
"r_new[4,8]",0.010020292819,0.0096817557,0.00198939091144255,0.0020562942939,0.00738370507,0.0139794025,1.75685109726236,1.65991966003002,18.4618630657243
"r_new[5,8]",0.010002889664,0.0100469805,0.00181412333496647,0.00192146842902,0.00736766966,0.0131416133,1.47291176724584,2.17040002608079,50.0858614768176
"r_new[6,8]",0.009938614754,0.0097378643,0.00220362971434345,0.00184292858358,0.006893092715,0.01385187605,1.67761012239798,1.73108464683706,17.371451260671
"r_new[7,8]",0.010010867178,0.0099814453,0.00230553917749618,0.00222482017569,0.00610161478,0.0133151104,1.62936793455721,1.91988076683687,30.6204069389591
"r_new[8,8]",0.010110677844,0.010145592,0.00182977127054827,0.0018684599934,0.00739431459,0.01299578205,1.46404319337047,2.12587220918849,16.867469879518
"r_new[9,8]",0.010249673958,0.0099511672,0.0023088034301197,0.00270315660279,0.007340077865,0.01407554405,1.78312997049409,1.66258769989127,42.1527132583187
"r_new[10,8]",0.010180102193,0.00995759665,0.00215755005745091,0.00230594241381,0.006865807865,0.01372677175,1.52586323211991,1.98507223858467,21.8313373253493
"r_new[11,8]",0.010310780619,0.0101607185,0.00224583460851941,0.00263711700273,0.006984777675,0.01384489825,1.71537962241547,1.6882889222709,19.8390205192155
"r_new[12,8]",0.009963409316,0.00974845105,0.00250158088282203,0.00290767504587,0.006092712245,0.01395250565,1.63688109253761,1.85658277565182,56.8419098881722
"r_new[13,8]",0.010681925569,0.010858606,0.00255194434860719,0.0032925869907,0.00693446477,0.01453963475,1.17328945563618,4.69503476053498,18.0486798679868
"r_new[14,8]",0.010215218747,0.0097912515,0.00235260914113652,0.00259127078532,0.0072493056,0.01421073435,1.37288566066853,2.60757921259935,31.6824001034527
"r_new[15,8]",0.010439931108,0.0102128895,0.00256297813938859,0.00277077450468,0.00704617961,0.01475316795,1.39482685444318,2.3781330981361,31.6824001034527
"r_new[16,8]",0.010249823971,0.0098421259,0.00227734002869562,0.00236084346246,0.007369412955,0.0145945969,1.62281649899801,1.86889432844255,32.4795842613215
"r_new[17,8]",0.009892406544,0.00969708855,0.00214705250587059,0.00238234019877,0.00632975533,0.0134100521,1.35544791772895,2.49948421475095,23.102310231023
"r_new[18,8]",0.010178606466,0.0105339105,0.00188538922502151,0.00216296002503,0.007017495885,0.01287811315,1.33565239679112,2.67194327008005,21.0246288509397
"r_new[19,8]",0.010227124009,0.0103338,0.0022612630415407,0.00244172203527,0.006404485785,0.01371475795,1.56347331476533,1.93690397317503,50.7015438102727
"r_new[20,8]",0.010334570832,0.010298498,0.00224792072616868,0.00248191843473,0.007070383535,0.01456008885,1.30948767391069,2.75270228454296,25.9952465834819
"r_new[21,8]",0.010142719475,0.00997217795,0.00221148110527937,0.00215971238973,0.006574214605,0.0139088034,1.32744833173031,2.72882908388128,35.7069985717199
"r_new[22,8]",0.010329080993,0.010141269,0.00188946233342734,0.00181040664063,0.007506780335,0.01350445875,1.40892483849648,2.45077370453287,56.5091830996655
"r_new[23,8]",0.00995300445,0.00975473115,0.00198196903764213,0.00164883674739,0.006629199725,0.01376531655,1.3353967667307,2.99542413854585,25.3298043918779
"r_new[24,8]",0.010004727066,0.0098670049,0.00206463928949485,0.00251595722574,0.006840979615,0.01345155595,1.20928055070029,4.00215728587925,40.7776039412802
"r_new[25,8]",0.010104515494,0.0097931978,0.00177020943570356,0.0019156808034,0.007170792685,0.01318417055,1.2919616098357,3.09452860832837,22.6625226625227
"r_new[26,8]",0.010152513076,0.010111024,0.00240212727443916,0.00213987979779,0.0063677981,0.01378877255,1.16422769766976,4.9371886120389,21.0246288509397
"r_new[27,8]",0.010364268411,0.010277519,0.0026351571457445,0.00222501521172,0.00673152819,0.01482987245,1.23005063159656,3.60067800360702,47.4879826329664
"r_new[28,8]",0.010504554819,0.010350354,0.00226870217310039,0.0023855856843,0.00714105859,0.01420816485,1.44101933950736,2.23768861373218,25.9952465834819
"r_new[29,8]",0.010404839172,0.0105281925,0.00233627513510362,0.00238373436168,0.006899313625,0.01438303815,1.39822296305284,2.36333964656317,24.3582350718816
"r_new[30,8]",0.010371229537,0.010948283,0.00264837168900614,0.00320386561215,0.006094927025,0.01447809515,1.43564094369526,2.30069120928463,104.246447110884
"r_new[31,8]",0.010761726163,0.010849298,0.00273898709266528,0.00321075614391,0.006665151335,0.01517354365,1.54552740920548,1.98553786023867,49.506951180084
"r_new[32,8]",0.010605579154,0.0109795045,0.00209176924852049,0.00208460142744,0.006845504585,0.0133653356,1.54164845251677,1.98728147977498,73.5691550057054
"r_new[33,8]",0.010416010873,0.0104840575,0.00225866700925377,0.00261152458392,0.00715544495,0.01348027635,1.56893895320418,2.00915005849657,42.1527132583187
"r_new[34,8]",0.01080747108,0.010857654,0.00232119899018773,0.0025091641008,0.006426038405,0.01430077985,1.60631727987046,1.8360371388765,60.0313633245124
"r_new[35,8]",0.010727616653,0.010995246,0.00202047770849005,0.00163734830238,0.00734717033,0.0137762751,1.32337056641995,2.92982627814836,28.7450722733246
"r_new[36,8]",0.010841310165,0.010936576,0.00222849188546379,0.0024290799792,0.00747858891,0.01465151725,1.45673475191517,2.16230089193247,23.0844608600611
"r_new[37,8]",0.010727169775,0.010879733,0.00243826268797512,0.00318871796208,0.0072333091,0.0143423234,1.5860216508806,1.88354660513514,66.9637815053919
"r_new[38,8]",0.011236176602,0.0114885365,0.002541811715374,0.00285829534788,0.0071560584,0.01517354255,1.41266288385613,2.29372115036865,56.8419098881722
"r_new[39,8]",0.011263958413,0.0110676785,0.0027288558522032,0.00332678086167,0.00750995467,0.01594162295,1.67553596553467,1.7586994899404,37.7806563039724
"r_new[40,8]",0.010744193295,0.010662623,0.00251557931616318,0.00300897168936,0.00670050534,0.01461792485,1.44325440619719,2.30136760823103,73.5691550057054
"r_new[1,9]",0.005443163149,0.0053331846,0.000971231890868082,0.001196220984,0.004073855945,0.00702459216,2.05699562642467,1.5146499478329,23.5468245425188
"r_new[2,9]",0.005109277534,0.0049744471,0.00117153158133881,0.00118732404966,0.00347235405,0.007117271885,1.10846303172788,14.7044373258614,52.4502744151648
"r_new[3,9]",0.005139382863,0.0050002773,0.00139761607160352,0.00149355582096,0.003289121815,0.00777799261,1.47447606394741,2.14085712334226,18.7386229789057
"r_new[4,9]",0.005095489107,0.00485938045,0.00151889557938176,0.00146139459459,0.00323875753,0.007899764045,1.30414381591891,3.15430044565498,56.8419098881722
"r_new[5,9]",0.005769905633,0.005210683,0.00196089064701692,0.00178112751453,0.003393360345,0.009122100955,1.40906923935366,2.65424265188892,30.6204069389592
"r_new[6,9]",0.005544133446,0.00534224345,0.00149102133668386,0.00156280228482,0.00355202257,0.008286961075,1.42026032053567,2.64017926946896,60.0313633245124
"r_new[7,9]",0.005478290147,0.00506228985,0.00177445340978657,0.00157585516935,0.003331246915,0.00899492738,1.32153974979406,2.7907443646927,21.5942744323791
"r_new[8,9]",0.005131622881,0.00503991715,0.00132911719472237,0.00155135120133,0.00314497902,0.007242613505,1.47723144129363,2.15736670799368,46.6027543178878
"r_new[9,9]",0.005082196639,0.00479845985,0.0013810927767216,0.0012060624828,0.00354723722,0.007165677485,1.09003158884683,12.6348200274512,30.6204069389592
"r_new[10,9]",0.00557507089,0.0054109887,0.00173625170953674,0.00193212305979,0.003354920845,0.008698127075,1.28098004038849,4.51452896253162,28.718150413553
"r_new[11,9]",0.00542146493,0.0050426564,0.00181102921626857,0.00180555675951,0.00297761501,0.00814894308,1.39981301924756,2.59591906133478,48.4074922943175
"r_new[12,9]",0.005921716098,0.0054121709,0.0020805477073415,0.00201970387416,0.00342296422,0.009949328385,1.42941953389639,2.31702022209506,25.3298043918779
"r_new[13,9]",0.005607665007,0.00566117135,0.00148096794976085,0.00158124345666,0.00311059782,0.00821761434,1.45602034698862,2.22869467703988,40.5548566509965
"r_new[14,9]",0.00609630333,0.0055915512,0.00229089644420017,0.00203125051122,0.003416826275,0.009646401085,1.58037916812537,1.95079773100868,19.9657729606389
"r_new[15,9]",0.006234726199,0.0060838075,0.0022212585749081,0.00220218539562,0.0033432339,0.01049083085,1.31228722290449,3.59546083774015,22.4589322381929
"r_new[16,9]",0.005583359441,0.0051477088,0.00163298308909413,0.00124287314277,0.003512603475,0.00862594406,1.21597098170084,8.36577430771352,54.3553240438646
"r_new[17,9]",0.005801750068,0.0053200889,0.00211957379222364,0.00180624357396,0.003094685595,0.00947435433,1.49275339639367,2.22105648288064,30.6204069389591
"r_new[18,9]",0.006490364102,0.00612681545,0.00205680656877868,0.00218999560668,0.00381306239,0.01037472695,1.54162098306008,1.95605599370369,24.3868450390189
"r_new[19,9]",0.006412966165,0.0060975625,0.00200603029456425,0.00216836884635,0.003842745145,0.01020624555,1.39202952804276,2.41873459367903,71.4660754915116
"r_new[20,9]",0.005419597747,0.0049763211,0.00179904343988888,0.00160685314776,0.003328870095,0.008739804695,1.24428927095097,9.03095208478571,31.7839996054474
"r_new[21,9]",0.005988348799,0.0055008965,0.00230229916937064,0.00168850756515,0.003646367365,0.01015879885,1.47609209178352,2.19338578442989,31.6824001034527
"r_new[22,9]",0.006070288088,0.0058118689,0.00197804769304903,0.00240835589988,0.003488899685,0.009397995765,1.90149705244145,1.58124488838168,48.4074922943175
"r_new[23,9]",0.005841550176,0.0052976011,0.00192603853910839,0.00149067839088,0.003669091335,0.00937495649,1.21011202271056,3.84108231986269,26.5071190548318
"r_new[24,9]",0.006537377918,0.00621314575,0.00232354607847285,0.00245757073275,0.003698742,0.01084154295,1.99075782165939,1.50826209325194,31.6824001034527
"r_new[25,9]",0.005524264634,0.0053389607,0.00166716083757177,0.00160229467167,0.003005732965,0.008713248025,1.08376326421661,12.5967236037841,40.5548566509965
"r_new[26,9]",0.006082075863,0.00528212835,0.00236776507967073,0.00185570748363,0.003502030155,0.0106961261,1.32061367913821,3.06491099682944,57.921092890623
"r_new[27,9]",0.006523501008,0.00590360145,0.00222539075517603,0.00219965889696,0.00383267876,0.01118878035,1.68848224638156,1.95055386842405,73.5691550057054
"r_new[28,9]",0.005982118477,0.0056268494,0.00199259404074843,0.00200685796059,0.00331867735,0.009410879925,1.71313083215519,1.78713910191908,40.5548566509965
"r_new[29,9]",0.006148590141,0.0057207731,0.00196836238533397,0.00160507024713,0.003735885275,0.01007260295,1.23556373197349,4.07176912420908,76.6284020089591
"r_new[30,9]",0.00601932048,0.00561816555,0.00220870654784783,0.00188922832833,0.002840620875,0.009620263435,1.67466765560063,1.83873347448454,40.5548566509965
"r_new[31,9]",0.006341765652,0.00604600605,0.00198869070281873,0.00187455103311,0.003381939765,0.00959197055,1.57898889799529,1.88448662438823,40.5548566509965
"r_new[32,9]",0.005705478019,0.00506109205,0.00204215028837403,0.0015742498842,0.003017392505,0.00954014988,1.42304930414086,2.24909508186473,21.0246288509397
"r_new[33,9]",0.006725756856,0.0059670225,0.00242049513988892,0.00237199461597,0.003661386205,0.01094505445,1.61941362653168,1.8839576488191,24.3582350718816
"r_new[34,9]",0.006138701027,0.0056181496,0.0022393826897825,0.00151765741134,0.0032165196,0.0106933746,1.56979359974769,1.91013180214807,21.0246288509397
"r_new[35,9]",0.005850173629,0.0058432351,0.0020092794972833,0.00182345374302,0.003194996315,0.00926582877,1.51753361725614,1.96836969830307,19.7606142728094
"r_new[36,9]",0.005644079228,0.005077669,0.00184798693797981,0.00166028160396,0.00349899901,0.00923030945,1.26953283876149,3.75949402957782,21.5942744323791
"r_new[37,9]",0.006326191544,0.00578229375,0.00208828871132748,0.00209868004878,0.0036946867,0.0102235269,1.49846174583558,2.18673815898703,30.5730258560447
"r_new[38,9]",0.006121252221,0.0059016439,0.0020213289676403,0.00182742570255,0.00348568481,0.010328515,1.43477334849202,2.47317636721146,25.9952465834819
"r_new[39,9]",0.005737231992,0.00500216185,0.00172404464877338,0.00136444878906,0.00379127836,0.009098489585,1.30556313918783,2.74500225817907,42.4389398926035
"r_new[40,9]",0.005965593024,0.00565756435,0.00185230403956328,0.00168265344492,0.003682392735,0.00920021609,1.11361438662782,8.82710653102045,50.7015438102727
"r_new[1,10]",0.011041443982,0.011016016,0.00111687924462037,0.0013603462866,0.009124876095,0.0127057347,1.21810863192922,3.88725000309237,52.4502744151648
"r_new[2,10]",0.010205306139,0.010211796,0.00146978797942619,0.00138101202561,0.008034934315,0.0127109581,1.05995783951376,24.9668587294402,40.5548566509965
"r_new[3,10]",0.011058834573,0.010642764,0.00225478869831063,0.0024834906579,0.00795094882,0.0151499232,1.06117363731597,16.204471977219,14.8796871014369
"r_new[4,10]",0.011021735068,0.010775828,0.00192181921009544,0.001467040113,0.008072254805,0.01435300665,1.08897740702051,21.0062003771549,44.2325367647058
"r_new[5,10]",0.011146624008,0.0113596195,0.00216210746364277,0.0024545540124,0.007313432475,0.0146017624,1.2151887349498,5.42892284896216,56.8419098881722
"r_new[6,10]",0.011449994529,0.0111535705,0.00251773826814689,0.00299954531856,0.007932368795,0.0156710859,1.08722981861427,11.1394186951208,96.8032193586518
"r_new[7,10]",0.011259316542,0.0109104995,0.00216243699008565,0.00225819668928,0.008411947725,0.01503740655,1.13349437816618,8.25173101119935,40.5548566509965
"r_new[8,10]",0.012772364359,0.0125270105,0.00259912170566968,0.0021023601585,0.00918250361,0.0175854059,1.13283033379071,6.80875815000884,70.0289195057743
"r_new[9,10]",0.011790776163,0.011725286,0.00179216584028196,0.0014359774191,0.00881702326,0.0146220282,1.06358221328788,15.0864206523254,21.5942744323791
"r_new[10,10]",0.011282748823,0.011347117,0.00230221992132917,0.0023889333951,0.00768092454,0.01475903375,1.1396172623954,5.98517322751242,20.2078521939953
"r_new[11,10]",0.011254399078,0.011034938,0.00227814148876782,0.0026044048422,0.007854029025,0.0152250094,1.04324593884301,15.9813479122762,58.1996870625698
"r_new[12,10]",0.011146687203,0.0107756075,0.00254036633500419,0.00206594424078,0.007877639025,0.01633716985,1.0338813276623,19.1017699676889,13.4809450967877
"r_new[13,10]",0.010891141284,0.0105422275,0.00236434099149917,0.00216658898505,0.00778614017,0.0155407649,1.09699234620979,16.1869145042242,37.5549801362088
"r_new[14,10]",0.011615967084,0.011645664,0.00231357984764437,0.0023537579688,0.00787685192,0.01493249865,1.17996709073764,6.22729273340622,21.0246288509397
"r_new[15,10]",0.011535487821,0.0112315765,0.00256017843924977,0.00266268940644,0.00793927136,0.0160071848,1.04715911623986,18.6764331862458,50.6923710931221
"r_new[16,10]",0.011494151021,0.011327955,0.00213678686208811,0.0016453457433,0.008330166935,0.01509571295,1.03938460650645,25.7507315011887,16.4892113445774
"r_new[17,10]",0.011266902124,0.010964949,0.00198315221783882,0.0019144324542,0.008393338935,0.01499320415,1.01854194038989,20.2871769025358,21.5942744323791
"r_new[18,10]",0.011201657552,0.010981926,0.00268264035374198,0.0022307184774,0.00752307061,0.01643262245,1.3170219193757,3.12921835942772,19.3327441449403
"r_new[19,10]",0.011474681538,0.0113659855,0.00237928841857751,0.0019903319373,0.00766546066,0.01594793865,1.07816894645504,11.6617060230432,13.4809450967877
"r_new[20,10]",0.011308718726,0.010906712,0.00241043981936303,0.00262056214287,0.00830480978,0.0158089631,1.15572298587791,8.28409903942873,33.9768826539676
"r_new[21,10]",0.011599413191,0.0118001135,0.0031187384992101,0.00284346541899,0.006938654205,0.016618872,1.06469345895398,14.4807585866136,21.0246288509397
"r_new[22,10]",0.011098675142,0.011044002,0.00251606629256231,0.00214594437309,0.00701241561,0.016085498,0.998059405539743,23.3298628202243,21.0246288509397
"r_new[23,10]",0.011515175435,0.0112983705,0.002249252395699,0.00289168564965,0.008171192365,0.01495283715,0.991292242887735,21.5472075906771,53.4749229759079
"r_new[24,10]",0.011502863437,0.0113061805,0.00257440629234541,0.0024319065561,0.007498483855,0.01559153545,1.01163715911956,19.8384225379152,42.5106586491074
"r_new[25,10]",0.010934573626,0.0108831215,0.00196732611874544,0.00205214901843,0.0076328509,0.01378411775,1.19400245890702,26.0018075229298,45.9488448077573
"r_new[26,10]",0.010889865629,0.010893304,0.00178157704626067,0.00165743538261,0.00750950571,0.01343964455,1.1011183504822,7.75337682858116,21.0246288509397
"r_new[27,10]",0.011611316329,0.011755754,0.00229501153186287,0.0021219312198,0.007956949385,0.0157424768,1.05436429111496,19.1967340933879,40.5548566509965
"r_new[28,10]",0.011284512301,0.011023024,0.00238390975987718,0.00211383340686,0.007938604905,0.0156018461,0.997405322304753,23.7644362381197,33.9768826539676
"r_new[29,10]",0.011341804754,0.0110202335,0.00241945951277515,0.0024786692427,0.008275876405,0.01541692825,0.998469802169716,36.2478632759735,58.9391161255238
"r_new[30,10]",0.01102876073,0.0110398445,0.00189670915418805,0.0016399498206,0.008056972745,0.01387876235,1.15927990999616,5.69557016562548,16.4026619177055
"r_new[31,10]",0.011436880747,0.0113362155,0.00218378849095104,0.0024414070569,0.008403883735,0.0154191416,0.999147320480828,34.8987078537366,76.6284020089592
"r_new[32,10]",0.011206250406,0.0110173515,0.00212700355329799,0.00175628210373,0.0083279102,0.01456446775,1.18546093882193,4.6260954497984,56.8419098881722
"r_new[33,10]",0.011960051672,0.012047675,0.00251368185162347,0.0028005402201,0.007835838215,0.01563892085,1.13345163481484,11.7260131269484,71.2874531148375
"r_new[34,10]",0.01095573199,0.0106085075,0.00235124028055055,0.0020954986857,0.00769081879,0.0150267654,1.05074798651343,14.7332286244799,37.1482290150412
"r_new[35,10]",0.011205477285,0.0111739185,0.00247743450056615,0.0023903322282,0.00718343069,0.0144415917,1.11740620275491,6.08051989774998,29.7214673913042
"r_new[36,10]",0.011662877909,0.010963161,0.00225384286491274,0.0020942429235,0.008898013855,0.01577303485,1.00654897295224,19.9974211272584,31.6006033375439
"r_new[37,10]",0.01244295919,0.012101449,0.00251177477493866,0.0021555321249,0.00893095756,0.0165948081,1.03621837692954,21.697860670639,44.2494665173219
"r_new[38,10]",0.011588356619,0.011197253,0.00208211257053144,0.0015987883968,0.008548375995,0.01578095205,1.1890992818702,21.9726667920134,54.1081755216878
"r_new[39,10]",0.01193102946,0.0115012695,0.0025363345401462,0.002088442251,0.008621869875,0.0163561592,1.01045188965139,30.915041346667,30.1880282904952
"r_new[40,10]",0.011458736171,0.0112491175,0.00250483640589432,0.00217356402501,0.007665862315,0.01633736705,1.01848295566847,19.7296824810054,47.507860551729
"r_new[1,11]",0.007889498602,0.00769761205,0.00121623288021848,0.00101044571838,0.00616498421,0.010574331,1.76552776737918,1.6347743984095,17.6038627904637
"r_new[2,11]",0.00756067669,0.0073157345,0.00115077758078563,0.0008813100723,0.005967201095,0.009837383795,1.25870103350106,3.52475286040144,24.0120746432491
"r_new[3,11]",0.007685651432,0.0074662279,0.00130714576889534,0.00136177121346,0.005794131305,0.01016825855,1.66237002672004,1.82986391838128,36.0760984803864
"r_new[4,11]",0.007538302223,0.00729732675,0.00118507617029656,0.00090241176984,0.00608716201,0.01004187045,1.24327810226864,4.23166802757578,32.9939668174962
"r_new[5,11]",0.007956046582,0.00795116185,0.00128366549401039,0.00100418803443,0.005935521645,0.0106463241,1.31040939249574,2.77710701352179,19.2286561916273
"r_new[6,11]",0.007654388298,0.0076246981,0.00118064607174556,0.00114566662203,0.006110301525,0.00935451809,1.42984093269964,2.55477119981322,56.8419098881722
"r_new[7,11]",0.00751351376,0.00745620905,0.00107232002228299,0.0010320237753,0.005992609545,0.00950746399,1.42738539165244,2.48015079155425,30.6204069389592
"r_new[8,11]",0.007335259714,0.00733580485,0.000896101095294869,0.000944217235080001,0.005916896785,0.008921571675,1.33276458358452,2.93890693351775,40.5548566509965
"r_new[9,11]",0.007735078865,0.0076725043,0.00122124702359489,0.00127006891935,0.0060435838,0.009763850585,1.70341950609961,1.76472907183993,21.5942744323791
"r_new[10,11]",0.007668187819,0.0075864351,0.00104489993480501,0.00112633655736,0.006162548405,0.00949730639,1.43454416484376,2.37981348243321,56.8419098881722
"r_new[11,11]",0.007348116194,0.00711640175,0.0010377373577253,0.000954402919470001,0.006028721835,0.00961464645,1.15368219375258,5.50103258711421,21.5942744323791
"r_new[12,11]",0.007239094039,0.0073109855,0.000877882668637617,0.00081802410522,0.005701837795,0.00860336716,1.07520789111772,26.4961330394544,40.5548566509965
"r_new[13,11]",0.007291603012,0.00715907615,0.00104475486713205,0.000956926971839999,0.00583915194,0.008884283845,1.0280071888868,36.4315983023079,19.1110625750791
"r_new[14,11]",0.007356034472,0.00722186515,0.00101487940642023,0.000865879097369999,0.00587062129,0.008982660355,1.05130249873626,18.7702824458426,19.0528034839412
"r_new[15,11]",0.007334735063,0.00725076795,0.00110563108366975,0.000659220224669999,0.00583164653,0.009237966085,1.00495444013722,45.2818069749734,40.5548566509965
"r_new[16,11]",0.007259032195,0.00708428835,0.000869746568747953,0.00087175004511,0.006132415885,0.00869349299,1.01414759143774,21.5259491535234,42.3171135574639
"r_new[17,11]",0.007522760209,0.00717264475,0.00136819752704002,0.000916217666909999,0.00577549885,0.0103046799,1.19737408941051,13.5066768548326,18.2196772514315
"r_new[18,11]",0.00722550385,0.0070985989,0.000940824110838672,0.00072326602425,0.005950790905,0.009167042275,1.00683877389642,26.6773145124372,22.0780391096693
"r_new[19,11]",0.007386924867,0.0073157477,0.00110860504665055,0.00093152736516,0.00570056825,0.00919054335,1.09628044980047,23.2779057982175,21.5942744323791
"r_new[20,11]",0.007727713485,0.0074147535,0.00137366402073889,0.00091879657548,0.006218764265,0.0103712878,1.07722675512784,20.9896233825392,21.0246288509397
"r_new[21,11]",0.007438097777,0.0075022071,0.000940532192638455,0.00094867771131,0.005791712975,0.008781168285,1.02209378605317,23.5579928476056,44.2325367647059
"r_new[22,11]",0.007786440863,0.00763692485,0.00116079628782056,0.00104677890702,0.006382454845,0.009779109905,0.991871510869934,36.8719579766497,28.4044797922414
"r_new[23,11]",0.007612645841,0.0073449022,0.00100501546327759,0.00073107465606,0.006530739375,0.009386231015,1.00003682505306,62.5901582305973,52.4502744151648
"r_new[24,11]",0.007797422841,0.0078387585,0.00105525398970904,0.00112514654847,0.00616543834,0.009271175095,0.994650087150887,33.6744821041135,29.8882545259357
"r_new[25,11]",0.00786060751,0.007760713,0.000988212300638645,0.00122071968879,0.0064316295,0.00938552735,1.03744020157286,17.7585776875482,50.2274594851029
"r_new[26,11]",0.007746075832,0.0078273419,0.00108122644445885,0.00109924834341,0.00607752819,0.009794239465,1.10054123427007,27.2773823162115,42.4389398926035
"r_new[27,11]",0.007724523334,0.0075985936,0.00107172471646535,0.00080672847234,0.006223027135,0.00912758348,1.02449477478566,34.4832826922931,76.6284020089591
"r_new[28,11]",0.008112853778,0.0081363562,0.0011092901052071,0.00103910281965,0.00646910879,0.00973755342,1.00612994417938,42.9616891713793,25.9952465834819
"r_new[29,11]",0.007737751501,0.00770462245,0.000988199943244787,0.000871791483779999,0.00617566691,0.00960356474,1.08186284106566,17.5727034883002,21.0246288509397
"r_new[30,11]",0.007695264053,0.0076201779,0.00108338969008653,0.00120393999264,0.006230342085,0.009427402945,1.09699033455996,15.0313301410342,46.7307545586327
"r_new[31,11]",0.007470969662,0.007432857,0.00116445358863155,0.00126789490884,0.00584947854,0.009421854615,1.13294689597282,6.36009476171081,23.6358725013506
"r_new[32,11]",0.007690512854,0.00746466685,0.00122329108280529,0.00136819139037,0.005873812975,0.00973376472,1.19650802483009,3.96239609863844,42.4389398926035
"r_new[33,11]",0.007511459171,0.00743040415,0.00141191208609194,0.00139175383326,0.00555554952,0.0101139427,1.19620524284496,4.24862036664195,56.832886964957
"r_new[34,11]",0.007723223286,0.0074738467,0.00148535284908527,0.00128726366937,0.005782607815,0.0105214639,1.18217872479018,4.44676149758928,49.6006260686124
"r_new[35,11]",0.007828722337,0.00759664155,0.00153883907358163,0.00171659141913,0.00553789087,0.0106256298,1.07872111002196,9.61613542662827,47.2379069823962
"r_new[36,11]",0.007606161605,0.00746886465,0.00144703912218725,0.00168437904306,0.005598808875,0.00995853528,1.09043730359961,8.51652512639652,58.361007520573
"r_new[37,11]",0.007829658247,0.00752396885,0.00157251172048215,0.00150334817157,0.00546874465,0.0110683052,1.02070188972884,11.0309479336429,30.953885028427
"r_new[38,11]",0.007591317554,0.0075943572,0.0013854622644736,0.00146921960913,0.005365245305,0.01002579585,1.01377218804419,18.0348980260078,44.5810103703794
"r_new[39,11]",0.007763554238,0.0076230002,0.00163042021856704,0.00172938388497,0.00523360347,0.0100610396,1.00343021451141,14.8327573703349,33.4730820866789
"r_new[40,11]",0.007612554353,0.00752599965,0.0015454744846021,0.00169595570277,0.00538820076,0.0100563279,1.06255174265026,10.8177154470161,49.8568790552336
"r_new[1,12]",0.010199855852,0.0101609495,0.00046095641236371,0.00056783409501,0.0095001939,0.01093534795,1.68068095235345,1.75967581539868,30.6204069389592
"r_new[2,12]",0.010045340154,0.010103622,0.000581043016046522,0.000704628630299999,0.00911572787,0.010928926,1.40878876105673,2.38560142427318,73.5691550057054
"r_new[3,12]",0.009928027446,0.00997404625,0.000664226585608484,0.00075609160368,0.00864237466,0.0107920216,1.12471088267394,5.84212889110337,32.8693155044045
"r_new[4,12]",0.010045165727,0.009924991,0.000688496936258075,0.000576350371800002,0.00899717389,0.01132719115,1.53651488870624,1.97554083842522,31.6824001034527
"r_new[5,12]",0.010101741659,0.009871624,0.000717545123731167,0.000603323091210001,0.00914049039,0.01138046025,1.4249786742468,2.34858102530083,48.4074922943175
"r_new[6,12]",0.009934040102,0.00990162965,0.000809761331325001,0.000953692457550001,0.00877512758,0.01129520865,1.33657828061691,2.90812169076971,30.3345467152018
"r_new[7,12]",0.010021365321,0.0100596075,0.000623085470878856,0.00064960089348,0.00894372257,0.0109801794,1.14929658693959,7.1584776273677,65.7762636916379
"r_new[8,12]",0.009996682392,0.0099258676,0.000593901772017449,0.000743974462140002,0.009200583185,0.01099613365,1.44088456342949,2.19731043263891,48.4074922943175
"r_new[9,12]",0.010198702703,0.0102015535,0.000759517186491972,0.000789385314059999,0.00904408938,0.01154121545,1.11926009661598,17.1558879736909,59.8640966872305
"r_new[10,12]",0.010198822176,0.010173365,0.000701957486292083,0.00054244049286,0.00900210849,0.01150797275,1.65245396810103,1.91286950139286,51.1098130841118
"r_new[11,12]",0.01022269245,0.01021477,0.000575447735819262,0.000668817909899999,0.00938096832,0.01115924815,1.49217658649738,2.07256042776441,32.3774283071229
"r_new[12,12]",0.010274110576,0.010148472,0.000765619666418629,0.000722612568299999,0.00908578433,0.01181043005,1.36724433526731,2.72213355432023,20.7100591715976
"r_new[13,12]",0.010285018869,0.010100953,0.00081558791048025,0.000779503340279999,0.00907037014,0.01176451235,1.36867826595319,2.50068119605909,73.5691550057054
"r_new[14,12]",0.010145786441,0.00998809345,0.000708080880612224,0.000553355912970001,0.009293420975,0.01127692575,1.33139732802151,3.05254487357849,40.5548566509965
"r_new[15,12]",0.010215552769,0.0102283475,0.000642480961276999,0.000621277673729997,0.00914396584,0.0113310178,1.06971435318059,20.6495257568274,56.1823518620436
"r_new[16,12]",0.010170687408,0.0101077655,0.000578896456487415,0.000496394643359999,0.00933201749,0.0113263199,1.15165614229981,5.12788165041073,18.3265263378364
"r_new[17,12]",0.010108208823,0.0100273235,0.00075299275894806,0.00055556884173,0.008916647045,0.0118740139,1.40709820431689,2.29257864470405,13.0721046622062
"r_new[18,12]",0.009955554838,0.01000493395,0.000533567559214302,0.000642897614099999,0.00908184756,0.01071780335,1.08087450945666,12.8201693754806,58.8852229772544
"r_new[19,12]",0.010105481889,0.0101415285,0.000572687700001479,0.00063044718408,0.00920013503,0.01106737355,1.2385219298236,4.00511659272676,24.3582350718816
"r_new[20,12]",0.010152725786,0.0103028555,0.000707001289000783,0.000534638162100001,0.008782209455,0.01096753155,1.24074141318009,4.21353764586782,22.2747522502045
"r_new[21,12]",0.010022368303,0.0099448929,0.000721184707784032,0.00085760352069,0.009040886175,0.01117783225,1.58039065614113,1.91310934433441,21.7553455992044
"r_new[22,12]",0.010048343186,0.0100643975,0.000751357455432896,0.0008080851996,0.00872150462,0.01116505885,1.45989921092528,2.27612624709718,30.6204069389592
"r_new[23,12]",0.009876918746,0.0097936789,0.000676920029149794,0.00076675068225,0.00894410463,0.01100785475,1.36262401571055,2.51514951133846,40.5548566509965
"r_new[24,12]",0.009794281461,0.00966074465,0.000780152700093129,0.00083805217797,0.008729525515,0.01106119595,1.52938867297143,2.02628043049454,27.3779724655819
"r_new[25,12]",0.010075575589,0.0100069975,0.000800490839162254,0.000792641103659999,0.00882481856,0.0114551728,1.74569889770739,1.69816150396807,30.6204069389592
"r_new[26,12]",0.009835135061,0.00980394835,0.000728320165895188,0.000819459780930002,0.008579668725,0.01090331025,1.31133005962221,2.7070820296753,21.0246288509397
"r_new[27,12]",0.009798616277,0.0096349434,0.000726547812904581,0.000802219366829999,0.0087272112,0.01085329845,1.64618337572537,1.80310777669204,23.5595045772751
"r_new[28,12]",0.009973282172,0.0098321501,0.000688152391242377,0.00062036439213,0.009066541635,0.01116238995,1.31797340885295,2.81639973680015,15.8917544496913
"r_new[29,12]",0.009760094248,0.00972074265,0.000684989556739349,0.000718262397510001,0.00880974631,0.0109564392,1.53400856615449,1.93711622223347,16.4026619177055
"r_new[30,12]",0.009814060233,0.0096376091,0.00082318778770511,0.00068367756492,0.00878494861,0.0114646517,1.62258389879812,1.8009558834603,19.6518809657496
"r_new[31,12]",0.009779621786,0.00962077315,0.000760707676712801,0.000651217817040002,0.00871645751,0.0111193753,1.22992837829312,3.50539440592703,16.7432070417145
"r_new[32,12]",0.009791774596,0.00978324515,0.000930034350075866,0.00119458990161,0.00830395993,0.0112294525,1.86905286350303,1.58782746084029,21.0246288509397
"r_new[33,12]",0.009810896019,0.0097094425,0.000935926220953753,0.00111129135495,0.008419235245,0.0111967361,1.66425487635327,1.87828661819047,23.2960596379128
"r_new[34,12]",0.010122007771,0.010062259,0.000837666075306542,0.001005632754,0.00884229713,0.01155608075,1.92539774444031,1.53685433254655,42.5066796210831
"r_new[35,12]",0.010059615613,0.010190814,0.000924467871989166,0.00101484333237,0.008659691385,0.011470128,1.90400504673342,1.53161404391478,16.7656639202912
"r_new[36,12]",0.009993302994,0.00979609935,0.000820291787131559,0.00100236236079,0.00884733876,0.0112873745,1.6516136049379,1.76330289445474,34.5235746695599
"r_new[37,12]",0.010146537977,0.00991694435,0.000967313564236506,0.000973065888270001,0.00886296485,0.0119472827,1.51882054394195,2.02979876853313,34.0725586313509
"r_new[38,12]",0.010136199275,0.0099679974,0.000751250732284842,0.000649198441710002,0.00903886808,0.0116600646,1.40655999182249,2.30757809232501,73.5691550057054
"r_new[39,12]",0.010159295801,0.0101587985,0.000829428485561718,0.00085972356456,0.00888474301,0.0114067494,1.41905649898965,2.33064088525174,13.6900571070954
"r_new[40,12]",0.010086475023,0.00996295195,0.000902859670859994,0.0009895205985,0.008974638935,0.0116947306,1.55441906395892,1.94035090169477,13.1963071884864
"sum_exp_g[1]",9.181904187,9.2002854,0.459445948530916,0.55622022204,8.477944505,9.909741245,1.68068095235345,1.75967581539868,30.6204069389592
"sum_exp_g[2]",9.352154748,9.25816465,0.603198261912454,0.70960653393,8.48354042,10.36987575,1.40878876105673,2.38560142427318,73.5691550057053
"sum_exp_g[3]",9.487530709,9.39145215,0.72560778406057,0.775762814609998,8.60382899,10.99260395,1.12471088267394,5.84212889110337,32.8693155044046
"sum_exp_g[4]",9.363948285,9.44279305,0.682590059475206,0.598103079,8.15036646,10.5196962,1.53651488870624,1.97554083842522,31.6824001034527
"sum_exp_g[5]",9.310367715,9.49924265,0.717572637571983,0.64102798137,8.1072401,10.33906455,1.4249786742468,2.34858102530083,48.4074922943175
"sum_exp_g[6]",9.500428119,9.46744455,0.835172089201058,1.03708084977,8.175980365,10.8111763,1.33657828061691,2.90812169076971,30.3345467152018
"sum_exp_g[7]",9.382477058,9.3030467,0.653288498490591,0.671774807340001,8.43924299,10.5885443,1.14929658693959,7.1584776273677,65.7762636916379
"sum_exp_g[8]",9.403719263,9.4419128,0.610090854879374,0.759043089630001,8.425567835,10.26500095,1.44088456342949,2.19731043263891,48.4074922943175
"sum_exp_g[9]",9.218034274,9.1598101,0.755668211472357,0.79396580676,7.98038673,10.4599291,1.09588888052262,17.1558879736909,59.8640966872305
"sum_exp_g[10]",9.210703493,9.18783585,0.711865047485314,0.534860255579998,8.006327885,10.5133692,1.65245396810103,1.91286950139286,51.1098130841118
"sum_exp_g[11]",9.170462689,9.1465507,0.57149412727952,0.680134225049999,8.28779446,10.0483991,1.49217658649738,2.07256042776441,32.3774283071229
"sum_exp_g[12]",9.142042563,9.2128257,0.736839275436803,0.7129919769,7.77570362,10.4073707,1.36724433526731,2.72213355432023,20.7100591715976
"sum_exp_g[13]",9.13909978,9.26087055,0.791661163297523,0.7747822971,7.809937685,10.42672045,1.36867826595319,2.50068119605909,73.5691550057053
"sum_exp_g[14]",9.261958545,9.3768191,0.676092460413191,0.57428614782,8.190864415,10.1524682,1.33139732802151,3.05254487357849,40.5548566509965
"sum_exp_g[15]",9.185525871,9.13307255,0.640653942799647,0.60890545086,8.14699177,10.33475125,1.06971435318059,20.6495257568274,56.1823518620436
"sum_exp_g[16]",9.222413514,9.25395555,0.56775333432563,0.51595792101,8.150801515,10.1063424,1.15165614229981,5.12788165041073,18.3265263378364
"sum_exp_g[17]",9.30727584,9.33621715,0.733348244458095,0.57474723642,7.728715055,10.6237361,1.40709820431689,2.29257864470405,13.0721046622061
"sum_exp_g[18]",9.440830929,9.3593875,0.568176485329926,0.695769057479999,8.670318655,10.4123913,1.08087450945666,12.8201693754806,58.8852229772544
"sum_exp_g[19]",9.289016197,9.21984035,0.584743281580231,0.65155555332,8.364876625,10.2655496,1.2385219298236,4.00511659272675,24.3582350718816
"sum_exp_g[20]",9.260683356,9.05979405,0.759299000815814,0.504363989010001,8.450128025,10.8020063,1.24074141318009,4.21353764586782,22.2747522502045
"sum_exp_g[21]",9.39418413,9.42189025,0.744778351922755,0.90842942085,8.27233265,10.4639841,1.58039065614113,1.91310934433441,21.7553455992044
"sum_exp_g[22]",9.372599395,9.2981488,0.786577078095308,0.8311922619,8.282959,10.8837951,1.45989921092528,2.27612624709718,30.6204069389592
"sum_exp_g[23]",9.54180009,9.5828032,0.712234351177539,0.832104357420001,8.41558214,10.5880413,1.36262401571055,2.51514951133846,40.5548566509965
"sum_exp_g[24]",9.648911834,9.7284292,0.85188727024944,0.894118476090001,8.370285325,10.87292875,1.52938867297143,2.02628043049454,27.3779724655819
"sum_exp_g[25]",9.350349165,9.3572147,0.812514515868136,0.82199435976,8.04784414,10.7446722,1.74569889770739,1.69816150396807,30.6204069389592
"sum_exp_g[26]",9.596678412,9.5717436,0.801141849672045,0.890512941150001,8.50579352,11.08025385,1.31133005962221,2.7070820296753,21.0246288509397
"sum_exp_g[27]",9.634737812,9.7571717,0.783604798698839,0.93303768978,8.54961944,10.87603025,1.64618337572537,1.80310777669204,23.5595045772751
"sum_exp_g[28]",9.440098216,9.54140215,0.702698619780054,0.691020363810001,8.285159545,10.4315847,1.31797340885295,2.81639973680015,15.8917544496912
"sum_exp_g[29]",9.670713615,9.66220775,0.743858367658857,0.76519625028,8.459695375,10.7648434,1.53400856615449,1.93711622223347,16.4026619177055
"sum_exp_g[30]",9.629998326,9.7541816,0.837394428792771,0.733681734029999,8.04039229,10.7980026,1.62258389879812,1.8009558834603,19.6518809657496
"sum_exp_g[31]",9.659666744,9.77299905,0.804332954670934,0.757641143070001,8.32114601,10.8906787,1.22992837829312,3.50539440592703,16.7432070417145
"sum_exp_g[32]",9.681182537,9.59409255,1.02935909624329,1.20769860603,8.22971043,11.4813445,1.86905286350303,1.58782746084029,21.0246288509397
"sum_exp_g[33]",9.659883011,9.6746362,1.01789150857959,1.24630069158,8.256681975,11.3104566,1.66425487635327,1.87828661819047,23.2960596379126
"sum_exp_g[34]",9.308465451,9.30035485,0.844529779947844,1.03326419259,7.968840815,10.7214534,1.92539774444031,1.53685433254655,42.5066796210831
"sum_exp_g[35]",9.390349254,9.1704227,0.96458921007721,0.95551264557,8.036084395,10.9686278,1.90400504673342,1.53161404391478,16.7656639202913
"sum_exp_g[36]",9.440129095,9.58022455,0.848305666126695,1.09312157304,8.182346185,10.714776,1.6516136049379,1.76330289445474,34.5235746695599
"sum_exp_g[37]",9.304077656,9.45131975,0.950252361276813,1.07001176793,7.67517181,10.6941995,1.51882054394195,2.02979876853313,34.0725586313509
"sum_exp_g[38]",9.27909357,9.39773305,0.737766218759757,0.682256344559999,7.888851045,10.4665479,1.40655999182249,2.30757809232501,73.5691550057053
"sum_exp_g[39]",9.269584498,9.20244425,0.841297126748123,0.844808089649998,8.08628058,10.66549075,1.41905649898965,2.33064088525173,13.6900571070954
"sum_exp_g[40]",9.355359326,9.4030744,0.904078855576658,1.06977240216,7.862603955,10.5486654,1.55441906395892,1.94035090169477,13.1963071884863
