"variable","mean","median","sd","mad","q5","q95","rhat","ess_bulk","ess_tail"
"lp__",3081.479203,3113.2901,154.217573781047,193.40769042,2840.696035,3286.37878,2.08199043052038,1.42074372820759,19.4228634850166
"ksi",0.015985181753,0.013869217,0.0056599706788132,0.0051751272363,0.009763152825,0.0262976038,2.08768666014429,1.41989357003052,24.3582350718817
"sigma[1]",32.84646073,24.9896365,18.3179696661245,12.2196455388,12.81275785,65.78338725,1.38915494366262,2.35925489607405,33.5864886354289
"sigma[2]",25.66287912,24.7060205,6.5087394217496,6.0567375351,16.35417225,37.80866045,1.11249376029874,9.83647496721567,56.739882711418
"sigma[3]",23.07941027,23.358264,5.19251458715636,5.8371830076,14.4419101,30.77713195,1.08151274585236,14.8081754811554,34.3628470914159
"sigma[4]",23.13368482,23.20696,5.54239164732869,5.4834605931,15.70442845,30.6857213,1.0769677445592,10.2493009944497,21.3466699194926
"sigma[5]",26.27695513,25.9091655,8.91257533074795,10.7186798313,13.53474495,40.82227635,1.48723326639323,2.04288857348896,33.8817424896137
"sigma[6]",44.50639674,43.1796745,14.2359625102588,14.8816849734,24.7433057,71.05299025,1.40391130195067,2.57475813947281,23.8517105083822
"sigma[7]",40.9397316,41.0540325,11.8008884453318,12.8462997873,23.6744292,59.63219775,1.01165550858721,12.3915372189011,21.5942744323791
"sigma[8]",24.130118218,24.564757,7.035972804376,6.0599651553,11.61100465,33.90700155,0.996244790366091,19.0233256911283,13.4809450967877
"sigma[9]",26.51492303,25.6215525,6.39252430767418,7.2751723149,17.2670802,37.871726,1.38729674232603,2.55456294144796,56.8419098881722
"sigma[10]",30.58312647,30.01952,8.3971832116772,8.8225382133,14.41848725,42.9222842,1.09168996009127,8.55749622592397,13.0041082366429
"sigma[11]",35.04399573,33.39027,13.8795079070727,17.2290218016,15.6310041,58.729458,1.1260992261645,6.21380937708153,43.0928342772714
"lambda[1]",0.87925790534,0.88651225,0.524644828193579,0.57671635161,0.0720572024,1.764251025,1.03535132622357,23.1519282744061,17.1333463873115
"lambda[2]",1.21578265853,1.28277065,0.540667128068522,0.678534373629,0.251107493,1.92755097,0.99990509127148,37.0856450711185,31.7839996054474
"lambda[3]",1.0157756844,0.967650375,0.510012979866405,0.577412751069,0.1920605435,1.836224405,0.9929199203769,42.9176035914769,33.8817424896137
"lambda[4]",0.839072941905,0.806999405,0.571687405646022,0.617901756465,0.06129241985,1.914700605,0.99144128241996,31.3349182092805,31.7839996054474
"lambda[5]",1.1210433236,1.14521745,0.501254980894876,0.661887399831,0.34312728,1.83655848,1.00035073419387,58.7333543091831,98.4042014594401
"lambda[6]",1.15142632815,1.3284662,0.599475251169824,0.715561426482,0.1421807669,1.925064015,1.00882707587475,39.2549814538342,28.8551199465823
"lambda[7]",0.83734811314,0.757211235,0.603112460538685,0.779646655809,0.07923613565,1.86678147,1.05814291406927,45.5024864415473,36.2769485903813
"lambda[8]",1.104584645732,1.2438779,0.655483838616165,0.797135397996,0.0188637523,1.941784535,0.994904952346912,28.108415846052,34.362847091416
"lambda[9]",1.0009994565,1.003072455,0.562301482394304,0.743789544855,0.191251813,1.827158285,1.01650661678037,29.1623058860567,51.5338182396663
"lambda[10]",0.979448610246,1.08394715,0.625038610899323,0.765367008735,0.05878435305,1.859940775,1.00377858959412,16.3805015595837,21.0246288509397
"lambda[11]",1.0441748576,1.05384325,0.524640576488339,0.631000979658,0.199391853,1.83392345,1.00551353307203,42.4329698110755,51.9994667620882
"mu[1]",0.253232847667,0.225993605,0.265957047996787,0.230489784798,-0.1912403925,0.7612988555,1.04351687288996,24.885562498555,34.0725586313509
"mu[2]",-0.69683596592,-0.66919633,1.5025447901169,1.699379641449,-2.92618658,1.684892545,1.09928482628856,14.6096806502164,48.4074922943175
"mu[3]",0.2430826103,0.262086415,0.142517322532768,0.142867880169,-0.03475622205,0.439871392,1.2197843493999,3.98903553099382,30.6204069389592
"mu[4]",-0.19351764953,-0.2157649,0.313139551015738,0.334594828512,-0.6790739675,0.3869416425,1.07920354266501,18.4107683141527,20.4894040510478
"mu[5]",-0.952497068501,-0.967219015,0.548572490045134,0.620372450061,-1.821478245,-0.021165257,0.993085519685613,22.7496302134906,51.9994667620882
"mu[6]",-0.092326215145,-0.0701586895,0.289168753482104,0.2755046943033,-0.648619913,0.380744876,1.18480985687995,4.98680515432729,23.5468245425188
"mu[7]",-0.3045467661636,-0.2002449,1.14758043644517,1.022551058424,-2.34318771,1.558396735,1.28166869936712,3.17202473976805,29.9408515422593
"mu[8]",-0.130695657899,-0.13448266,0.337645217485241,0.3004067960208,-0.7253510185,0.4343055595,1.05246094222779,28.4784937792221,40.5548566509965
"mu[9]",0.1756735648675,0.18735892,0.316884662778627,0.383481398916,-0.2809474115,0.6920569505,1.81223378435787,1.61041060640402,13.7050669590414
"mu[10]",0.1648537743,0.43114742,0.945069330184209,1.021914096399,-1.62349424,1.446308245,0.994164118027488,29.7579118862763,78.3393298097876
"mu[11]",-0.21231585296,-0.11022133,0.507307760512834,0.429625989576,-1.35161217,0.4146279685,1.22244057271123,4.96668256902732,25.9952465834819
"mu_t[1,1]",-0.2768342361,-0.298939125,0.0691940129827554,0.071764081746,-0.367301668,-0.161271024,1.38195106620655,3.98927055335565,89.5209378588668
"mu_t[2,1]",0.2450643435,0.24822058,0.0637824328302163,0.068994066036,0.148612858,0.3277356845,1.04222822508176,14.5814888953421,23.9552574456851
"mu_t[3,1]",-0.5081490535,-0.519853685,0.0859688956754418,0.108390573144,-0.635233715,-0.387964666,1.23496131482697,3.20710863557367,16.0756935513503
"mu_t[4,1]",0.08513624278,0.0918395265,0.0544296933715369,0.055509626298,0.001497336685,0.175233702,1.03961953222919,29.3626192994407,60.290582507291
"mu_t[5,1]",0.6565509117,0.64827732,0.0932256111394209,0.099612669345,0.490071202,0.791026863,1.78224801764716,1.69334688758016,16.4026619177055
"mu_t[6,1]",0.068901092819,0.072985735,0.0533022622175627,0.0552901066116,-0.01206775255,0.1603052195,1.24040036020764,3.72075033755525,29.0119363395225
"mu_t[7,1]",0.049165037637,0.0550637185,0.109946471288484,0.1416700342554,-0.1117246135,0.226488051,1.66283749500553,1.73275986110044,17.7538804910216
"mu_t[8,1]",-0.046292302371,-0.0746334115,0.108657469533019,0.0688063622043,-0.1664732005,0.2040754005,1.04603189304745,8.56464851667185,18.1403545143569
"mu_t[9,1]",-0.3118978938,-0.32705021,0.0740496101021101,0.076197915654,-0.4416256385,-0.179211165,1.61363844473352,1.82991475156992,21.0246288509397
"mu_t[10,1]",-0.4264010159,-0.446811915,0.129163513929282,0.151411963122,-0.606243301,-0.1813603105,1.90163422033586,1.54009133601661,21.0246288509397
"mu_t[11,1]",0.09265864905,0.097743552,0.157783902994362,0.2097486385281,-0.1225275205,0.349868111,2.10176943312039,1.44336095621634,21.0246288509397
"mu_t[1,2]",-0.2763044805,-0.300910285,0.0689926996236565,0.069316316559,-0.3662113145,-0.1457373395,1.44806803925529,3.53364201797542,72.1606974552308
"mu_t[2,2]",0.24447805239,0.25351604,0.0621425634635962,0.063635764311,0.143708166,0.3182582095,1.04053229932245,14.6386145634293,50.2711539048536
"mu_t[3,2]",-0.5118100616,-0.51115252,0.0826986742216925,0.100226955003,-0.627932106,-0.38753673,1.24272146365712,3.19867097856328,52.6712289170557
"mu_t[4,2]",0.082567096336,0.087541964,0.0510391170902126,0.0464148923616,0.00582028761,0.1619295635,1.00246091996377,26.6815268003762,49.8568790552336
"mu_t[5,2]",0.6569698994,0.660822525,0.0907997252364684,0.103180538832,0.5007210325,0.7884675225,1.77564889025648,1.70154105594547,16.4026619177055
"mu_t[6,2]",0.07041982916,0.0680888925,0.0502335612209317,0.0522281098815,-0.00904970391,0.1576008975,1.24093199456945,3.89417212978842,22.2747522502046
"mu_t[7,2]",0.0499512722263,0.0595828965,0.108130839778952,0.1423572497487,-0.09962038245,0.218017499,1.67323176018759,1.7373249785338,16.565694812571
"mu_t[8,2]",-0.04602543988804,-0.07284065,0.105336405316341,0.071423780568,-0.159345265,0.2028317415,1.08281318766643,8.28208653550138,16.4458227610187
"mu_t[9,2]",-0.3142915459,-0.32366993,0.0748453861373414,0.075182045547,-0.425069974,-0.19021769,1.68944250547385,1.74108398505066,21.0246288509397
"mu_t[10,2]",-0.4250027519,-0.45055058,0.125494145916726,0.145344118689,-0.5942667795,-0.1745506915,1.96631530283132,1.51252563962292,21.0246288509397
"mu_t[11,2]",0.0934292471,0.0788586945,0.158609292263565,0.2020713532173,-0.122875182,0.343381101,2.09881462128258,1.44932058494878,21.0246288509397
"mu_t[1,3]",-0.2781381407,-0.29682962,0.0684060259947273,0.075084586836,-0.369563724,-0.1552482445,1.39873619754952,3.35418997634474,31.6824001034527
"mu_t[2,3]",0.24629188303,0.25585428,0.0581905541319532,0.053105931396,0.144465929,0.3175730565,1.03268274045839,13.2094320114035,50.480883845436
"mu_t[3,3]",-0.5135919012,-0.518271005,0.0809753180324193,0.105883889433,-0.6265775235,-0.3991888195,1.22628028233009,3.37242227685775,19.6673409755001
"mu_t[4,3]",0.080484298154,0.0836283085,0.0479231108062337,0.0440937508515,0.00052405368,0.155011973,1.00476717701539,25.5030817838779,61.5166569136464
"mu_t[5,3]",0.6556247533,0.65974927,0.0904317745364088,0.09978624474,0.4968011705,0.786426945,1.78896294510505,1.67939517201219,16.4026619177055
"mu_t[6,3]",0.0724018842375,0.0668825565,0.0483285173614493,0.0430577559321,0.000225665157500002,0.1555096555,1.27765705534489,3.41677112068542,26.9877288449252
"mu_t[7,3]",0.047635174768,0.060464794,0.106000412887291,0.1306408965015,-0.1025151645,0.2203817005,1.71940910495873,1.68453368495686,16.565694812571
"mu_t[8,3]",-0.04502674897276,-0.077034603,0.105107840417618,0.0660866696448,-0.156256286,0.2106072255,1.14021631139741,8.2819582766591,16.5766789807711
"mu_t[9,3]",-0.3134679121,-0.32225744,0.0735744570017113,0.071486183202,-0.4167467215,-0.1777333565,1.77097638128352,1.6510652728382,25.3298043918779
"mu_t[10,3]",-0.4219115029,-0.455879605,0.121891543252968,0.123171005433,-0.573621844,-0.1896957595,1.98725814424474,1.50811524351806,21.0246288509397
"mu_t[11,3]",0.092687006704,0.0743955985,0.1569557167771,0.2073263347722,-0.1239253025,0.3245731325,2.09881462128258,1.44866736767606,21.0246288509397
"mu_t[1,4]",-0.2773814653,-0.29229971,0.0660307454366909,0.078309760746,-0.3716356685,-0.180560649,1.46045191898086,3.38002048356673,48.4074922943175
"mu_t[2,4]",0.2483167151,0.25238795,0.0584904921865151,0.061651044756,0.1447817475,0.3220901015,1.01075656074263,18.9174413245027,50.480883845436
"mu_t[3,4]",-0.5136124883,-0.509367505,0.0790357101485556,0.099317098209,-0.630936116,-0.3985888525,1.23621200544871,3.22464138622661,43.1269119030573
"mu_t[4,4]",0.080214844995,0.0826407305,0.0495675498631489,0.0464093303877,0.000855123485000001,0.150473718,0.991295986564432,25.5551120341196,50.6534301172039
"mu_t[5,4]",0.6551412555,0.662345365,0.0885784382871772,0.096705735525,0.5108383085,0.7851862455,1.76505188695086,1.70577464457767,16.4026619177055
"mu_t[6,4]",0.075708781336,0.067918897,0.0450990317442392,0.0438846805299,0.008024401005,0.1609863145,1.24898237287615,3.96198536368257,23.084460860061
"mu_t[7,4]",0.048621578041,0.069523636,0.106030284993286,0.1387216002375,-0.1105208475,0.2093683905,1.71660086228479,1.67949235826385,17.5544186979637
"mu_t[8,4]",-0.044668866475,-0.0718738665,0.103443042935959,0.069025059789,-0.1664793695,0.209926795,1.17662204603054,8.39310631787324,16.4458227610187
"mu_t[9,4]",-0.3156368506,-0.32468627,0.0722467782631801,0.071082404505,-0.4126680835,-0.1841409145,1.85888943864516,1.57202163663142,31.6063780380824
"mu_t[10,4]",-0.4218064785,-0.442259935,0.122957056305917,0.143628824619,-0.5871636725,-0.1815944265,1.97688926308344,1.53019739144258,21.0246288509397
"mu_t[11,4]",0.0947981238658,0.059089749,0.157419897455889,0.2074594529784,-0.1221462755,0.3238442285,2.10766048858262,1.43835964462511,15.5458825619614
"mu_t[1,5]",-0.2768065553,-0.290931295,0.0648029711947684,0.079553743689,-0.358967783,-0.172195009,1.51731364627455,3.00611556303636,56.8419098881722
"mu_t[2,5]",0.25112925266,0.255604045,0.0570988867756165,0.05261035752,0.1520433955,0.3331475675,1.01158347090401,24.7819886647564,63.7867077495094
"mu_t[3,5]",-0.5119895945,-0.51496901,0.0779178819600435,0.0959071478609999,-0.626219116,-0.3962895995,1.2394408507689,3.15946749312135,17.2396808196237
"mu_t[4,5]",0.079777665565,0.084850577,0.0480859403795424,0.0434779388568,-0.002866730115,0.146265457,1.0165849110207,26.5773506175353,32.1701998361376
"mu_t[5,5]",0.6538869473,0.65986825,0.0893529347237593,0.0963567018330001,0.5079250395,0.7822882435,1.85929731483604,1.61174333591323,17.3113067563557
"mu_t[6,5]",0.075728249896,0.074470614,0.0455832008012616,0.0421723776054,0.009249094955,0.157654506,1.26028732029133,3.64392485938402,21.5942744323791
"mu_t[7,5]",0.0490689219797,0.065596885,0.104862253094697,0.1343631876741,-0.1071859595,0.2004057305,1.73441712448301,1.66418913645805,13.2804284428833
"mu_t[8,5]",-0.046749524577,-0.083353369,0.102649605673199,0.0668320957206,-0.156180785,0.1981953135,1.20249335797554,7.7312719737341,16.5766789807711
"mu_t[9,5]",-0.3161581355,-0.32240635,0.0719688281233544,0.067399136847,-0.4213282055,-0.187995173,1.8415222939228,1.59895849653425,21.5942744323791
"mu_t[10,5]",-0.4192929309,-0.438151875,0.12228199517607,0.143307307983,-0.5946341095,-0.180637741,1.98694665419977,1.52204736021197,21.0246288509397
"mu_t[11,5]",0.095159536282,0.064528136,0.155599400555129,0.2101898884575,-0.116556163,0.322583295,2.10471738359814,1.43604958120036,22.2747522502046
"mu_t[1,6]",-0.2772324145,-0.29266389,0.065334758446295,0.0821934240329999,-0.362643095,-0.1748045125,1.62114574630983,3.13507697291272,58.5508077621641
"mu_t[2,6]",0.2512778468,0.25140642,0.0525858496010539,0.047162454864,0.153122176,0.3328049105,0.997891123497448,28.8173053696114,56.8419098881722
"mu_t[3,6]",-0.5107347638,-0.521738915,0.0817476168019891,0.09590872683,-0.6365459525,-0.3844912885,1.25314597629991,3.05841744910291,16.8107588856868
"mu_t[4,6]",0.08012119737,0.0810839065,0.0463166187980654,0.0425837390601,0.010514596635,0.139702185,0.993966788849046,27.2333698512852,32.8693155044046
"mu_t[5,6]",0.6535135855,0.659930955,0.0901253332708443,0.098816854143,0.5025217135,0.782567425,1.87660491664544,1.59823158709164,16.8447396284532
"mu_t[6,6]",0.077789150566,0.078208949,0.0442803356090173,0.0416350418526,0.0099601315,0.153999141,1.21738797909694,4.31710980532824,21.5942744323791
"mu_t[7,6]",0.046616080104,0.058484609,0.101408952229039,0.1364836355526,-0.1019053285,0.186909731,1.76727930621147,1.61481322936165,13.2804284428833
"mu_t[8,6]",-0.0492314430893,-0.083262082,0.102178741348152,0.0672807089829,-0.167881156,0.1798038125,1.19965585155422,7.93847209053166,16.4566484859883
"mu_t[9,6]",-0.313011983,-0.314727685,0.0684282402993648,0.0729119996219999,-0.4087006355,-0.1905105915,1.80784695808458,1.63627233993743,21.5942744323791
"mu_t[10,6]",-0.4199054598,-0.444533575,0.11934044848686,0.135272550021,-0.582978219,-0.1917654525,1.96454965744516,1.51759014825199,21.0246288509397
"mu_t[11,6]",0.096081277287,0.0602272685,0.155301469009643,0.1986172695738,-0.1248115365,0.3320364575,2.11060071857806,1.42706370062212,14.1311369509044
"mu_t[1,7]",-0.2749458891,-0.29394864,0.0638361473453746,0.072788958648,-0.3665859935,-0.1763841045,1.57482800438673,2.72243499121343,36.59556670849
"mu_t[2,7]",0.2503963283,0.255550895,0.0515710343197468,0.041866259253,0.149607347,0.3202256145,0.997591533831229,22.9899901229124,65.1607202518068
"mu_t[3,7]",-0.5141495604,-0.53368312,0.0791414333961349,0.090000632547,-0.6317627155,-0.3757430625,1.23163000200587,3.2515116308947,17.7791323783399
"mu_t[4,7]",0.079172789675,0.076731197,0.0478395372933251,0.0425380957365,0.01831970045,0.147958082,0.999485884522821,28.4626375848026,47.507860551729
"mu_t[5,7]",0.6523403457,0.65884561,0.0891971804815118,0.091689499272,0.5022959335,0.7752746835,1.88268000220965,1.60709620168514,16.8447396284532
"mu_t[6,7]",0.0791701009223,0.078862572,0.0415498521846224,0.0360734489808,0.01457104275,0.154690653,1.13219274521847,11.2298633781366,21.0246288509397
"mu_t[7,7]",0.042941718082,0.058673987,0.0999249725874161,0.1125094924338,-0.1119945155,0.187284654,1.81016605738909,1.574390433598,12.9368155368514
"mu_t[8,7]",-0.046179951761,-0.067538734,0.100976208514581,0.0711037658058,-0.150527217,0.2017180505,1.16339836941142,7.82500065996999,14.9687794029596
"mu_t[9,7]",-0.3117317338,-0.30856308,0.0703464987870508,0.081093890808,-0.405713536,-0.191489682,1.7636497193925,1.66991127449106,21.0246288509397
"mu_t[10,7]",-0.4161370068,-0.436649905,0.116991256476843,0.135892232343,-0.5750611825,-0.194508596,2.01609927799762,1.49846085703731,21.0246288509397
"mu_t[11,7]",0.0948311721421,0.0519514605,0.152113443571909,0.1961658223497,-0.115883808,0.3450188075,2.11060071857806,1.41918419892808,15.0227487337969
"mu_t[1,8]",-0.2737540493,-0.293990065,0.0678653160394667,0.08025825297,-0.3627947275,-0.1651843255,1.49665794795759,2.45163317515365,28.1486247386199
"mu_t[2,8]",0.2499551872,0.25347398,0.0523024660676984,0.050537356548,0.1626920985,0.3201268545,1.00526684583737,28.231424869836,58.1996870625698
"mu_t[3,8]",-0.5101819654,-0.5263904,0.0813047853796946,0.083421387483,-0.624837577,-0.3661165455,1.27042282228611,2.87973022174668,13.439827970202
"mu_t[4,8]",0.075938075971,0.0774386745,0.0481445143529594,0.0441990354666,0.00907673417,0.1390137985,1.00040779744599,25.8040738344761,22.458932238193
"mu_t[5,8]",0.6507329978,0.662471515,0.0884327531155581,0.086107443555,0.5002429005,0.7737445375,1.84812647731027,1.63516050955146,16.3597270262691
"mu_t[6,8]",0.0807660335484,0.0781319655,0.0392610223501374,0.037714334322,0.021381280935,0.1491767145,1.11443662755149,11.1269045751781,21.5942744323791
"mu_t[7,8]",0.041249570654,0.0592774095,0.0990313605891864,0.1127204167467,-0.1107252995,0.187301038,1.83628602107983,1.55878730126348,12.7390522145152
"mu_t[8,8]",-0.046215236548,-0.070151122,0.100487455378194,0.0768536221908,-0.1540955435,0.188064036,1.18693705201198,7.41783405109993,14.879687101437
"mu_t[9,8]",-0.3089054063,-0.308642445,0.0705650031301571,0.07407395772,-0.417655616,-0.190207675,1.84177331135276,1.60629060479513,21.0246288509397
"mu_t[10,8]",-0.414535534,-0.43092466,0.115446396871367,0.141897637077,-0.563849452,-0.200463671,1.98227496361861,1.5133054236912,21.0246288509397
"mu_t[11,8]",0.096743393067,0.0562321385,0.155002532150927,0.1909191225984,-0.112358264,0.350034161,2.11060071857806,1.43400101106921,19.8705575110707
"mu_t[1,9]",-0.2705472008,-0.287343315,0.0668040219988736,0.085610127624,-0.358746212,-0.167392538,1.42903931643828,2.52037436009094,45.7499253062444
"mu_t[2,9]",0.2503028219,0.248449385,0.0523182166881221,0.047690527332,0.1591600965,0.3311611875,1.00188470268403,30.5368364204949,50.2258483525646
"mu_t[3,9]",-0.5115097488,-0.526824095,0.0802753756658958,0.0796693568370001,-0.616096062,-0.357340507,1.28890852352599,2.78849614868232,16.3919070813038
"mu_t[4,9]",0.074514121366,0.0784146945,0.0500006235770223,0.0374582774412,0.00556346975,0.1392787195,1.00887868766717,26.6831157334747,47.507860551729
"mu_t[5,9]",0.6501256523,0.66259517,0.0882044138537316,0.091255171602,0.4959010975,0.775658771,1.7792684330452,1.69909847019097,16.8447396284532
"mu_t[6,9]",0.085634948746,0.084531326,0.037917245834867,0.0409844932812,0.03218437845,0.154576719,1.03674926601479,15.5719733188665,21.5942744323791
"mu_t[7,9]",0.038692663951,0.0648612395,0.0946789940901242,0.10483328608515,-0.1069261425,0.166985795,1.76126559220522,1.62930755098282,16.3490284005979
"mu_t[8,9]",-0.043925393883,-0.063136851,0.10040589986642,0.0721601197884,-0.1521921245,0.179324758,1.14222671985582,6.94899515449182,16.5766789807711
"mu_t[9,9]",-0.3055686178,-0.30454559,0.0665459289529212,0.072858196068,-0.404460061,-0.1950509605,1.87675986341387,1.57983406472471,21.0246288509397
"mu_t[10,9]",-0.4110243146,-0.429572625,0.11131237568547,0.133087783248,-0.5603196625,-0.2063291585,1.94076866188469,1.53146985028808,21.0246288509397
"mu_t[11,9]",0.098150285154,0.067687071,0.154314421875652,0.1965647944575,-0.110607623,0.341687721,2.11063289352126,1.4275127815221,15.7913733983035
"mu_t[1,10]",-0.2688837552,-0.28940324,0.0667110543033704,0.076369155954,-0.3527086245,-0.149661533,1.58229033596593,2.70249161669209,46.7307545586328
"mu_t[2,10]",0.2535636347,0.2524568,0.0528589191125251,0.049631473122,0.1634830715,0.340495012,1.02303617170273,31.8934881195149,66.9637815053919
"mu_t[3,10]",-0.5123876124,-0.530320685,0.0803306836385874,0.076788865188,-0.6114478125,-0.361702767,1.292846932756,2.73617049131454,13.2545633568128
"mu_t[4,10]",0.073984837642,0.074755649,0.0508443697893387,0.0367477139631,0.001280715215,0.13457708,1.00342231349591,27.5299351356244,44.0855369801369
"mu_t[5,10]",0.6500450975,0.660382745,0.0874666717797654,0.090217677774,0.4992353975,0.772540997,1.7335482024254,1.78206236471639,16.8447396284532
"mu_t[6,10]",0.085367110634,0.0813379405,0.0415341993365495,0.0398300994084,0.0163966604,0.1487214175,1.03116444970073,16.5401163187002,36.8684054741094
"mu_t[7,10]",0.0343630962301,0.0632931595,0.0919192985386485,0.10117329554367,-0.1078648885,0.1558597625,1.69345943675234,1.69330691630709,16.4026619177055
"mu_t[8,10]",-0.0442110083757,-0.067652193,0.101166384704299,0.0695262482712,-0.150879019,0.186888958,1.1164774865201,7.19859132690394,16.5766789807711
"mu_t[9,10]",-0.3049269858,-0.302889615,0.0659542374092302,0.071999614995,-0.4155421765,-0.1995987375,1.87610549773918,1.58005326141925,21.0246288509397
"mu_t[10,10]",-0.4106817944,-0.42851687,0.111335512158495,0.132351546327,-0.5650633795,-0.1998572135,1.92265148241141,1.54359802588272,21.0246288509397
"mu_t[11,10]",0.09614911237,0.085293037,0.152171546546584,0.2020228684908,-0.110995272,0.33936974,2.09328366009289,1.4292771196231,22.1406882591093
"mu_t[1,11]",-0.2688325479,-0.28663916,0.065730515883923,0.073825073658,-0.3535555885,-0.1565444295,1.35881511203188,2.63451892850475,55.9974401170232
"mu_t[2,11]",0.251855393,0.25344216,0.0550627336621133,0.046391280474,0.158162535,0.341619675,1.03731154290496,30.7680234392539,52.7268749655394
"mu_t[3,11]",-0.5130170877,-0.5259048,0.0770583819323245,0.0792441175050001,-0.6141348285,-0.359150878,1.37035195935335,2.35057043969286,14.4246620507748
"mu_t[4,11]",0.0720436059557,0.073101259,0.0515418406105135,0.0443251824876,-0.006370666725,0.1383106795,1.00868307071701,26.8918299637447,47.507860551729
"mu_t[5,11]",0.6531832045,0.663863185,0.0845414876075422,0.075032851509,0.4946314115,0.7654169105,1.74063390789431,1.74232787593319,16.8447396284532
"mu_t[6,11]",0.08689897795,0.0828949105,0.0399110202693529,0.0394920836583,0.02889198975,0.1535562875,1.04123224697542,15.3889327981388,55.6431357879549
"mu_t[7,11]",0.029211569988,0.057320072,0.0878605288885821,0.09248412068448,-0.1182239735,0.1386497155,1.7042322592916,1.70479540744969,23.7384698860553
"mu_t[8,11]",-0.04053686933,-0.0582943615,0.0997157204707567,0.07330356710649,-0.1510351295,0.185526557,1.14446466548394,7.21400628511521,14.879687101437
"mu_t[9,11]",-0.3010492498,-0.297410485,0.0634399257307312,0.061234033854,-0.4103947445,-0.2028367155,1.84585274230312,1.60801699859649,21.0246288509397
"mu_t[10,11]",-0.4075936388,-0.42434413,0.108862644319945,0.129952291812,-0.553070685,-0.196355549,1.87765084205191,1.57057391336973,21.0246288509397
"mu_t[11,11]",0.0946666795632,0.077119376,0.150098073805437,0.1989289209894,-0.1010931255,0.323577523,2.09898097795966,1.42454598053753,22.1406882591093
"mu_t[1,12]",-0.2689336294,-0.281116155,0.0663599705046028,0.071207313555,-0.3547029615,-0.1661476265,1.37254043779914,2.41306070913471,51.3368535747212
"mu_t[2,12]",0.2530164184,0.2534035,0.0512474428355512,0.043758093918,0.1629530985,0.3394153535,1.00347250595035,31.8189917499312,49.6522915926921
"mu_t[3,12]",-0.5142241602,-0.52538829,0.073230991470385,0.075168724386,-0.6099898075,-0.3806545735,1.37871820607743,2.32413545160569,15.9934198501188
"mu_t[4,12]",0.070784095029,0.0721764935,0.0526777545430235,0.0458164045479,-0.006887783835,0.147320278,1.00492231368253,28.8465548986732,21.3831867057673
"mu_t[5,12]",0.6566098848,0.664164805,0.0813350233824068,0.078332140593,0.506786622,0.7656155625,1.73130432129102,1.72568765357115,17.3473433782713
"mu_t[6,12]",0.08701207861,0.087239917,0.039565662927973,0.0344689844499,0.0223710401,0.1535142155,1.08350886428413,11.9119522788424,30.2536366106048
"mu_t[7,12]",0.027522599672,0.0601706345,0.0869399449473878,0.0794553665073,-0.1089829645,0.1259526335,1.77016472202065,1.61056662358795,23.9660367022733
"mu_t[8,12]",-0.0389108401759,-0.059459897,0.0962611176111348,0.0795395300028,-0.1510425305,0.1698599175,1.13130389401674,6.38247492746789,14.3008907411948
"mu_t[9,12]",-0.2996885009,-0.289275885,0.0658140914880874,0.059528917833,-0.416644771,-0.1952753465,1.72428351922002,1.72740713342413,24.3582350718816
"mu_t[10,12]",-0.4053093265,-0.413567565,0.105874327410254,0.126061586175,-0.544839711,-0.199045854,1.83486697693447,1.60101628682022,21.0246288509397
"mu_t[11,12]",0.09568438078,0.0826631235,0.147842887857877,0.2064089293203,-0.0949665256,0.322494374,2.09044508205044,1.42955970746927,18.1009515928837
"mu_t[1,13]",-0.2689018705,-0.279698885,0.0647015147937852,0.067614588279,-0.348235675,-0.1610287915,1.41667140396299,2.23569392085464,36.0760984803864
"mu_t[2,13]",0.2530194179,0.25348167,0.0504831022128178,0.044610566679,0.168995663,0.3344595515,1.01883630304926,31.0253598407673,40.5548566509965
"mu_t[3,13]",-0.5157761659,-0.52528875,0.075754274299924,0.077929058718,-0.612108136,-0.3706668045,1.36001584602839,2.40681633931429,14.012330851149
"mu_t[4,13]",0.0681358264962,0.0673813875,0.0521603685423877,0.0429751788186,-0.0152098821,0.148703467,1.01943025639115,27.5135668977664,21.3831867057673
"mu_t[5,13]",0.6557795114,0.66120336,0.0800060923514179,0.082926962622,0.50947903,0.767781301,1.73785662009159,1.73993315933511,17.3473433782713
"mu_t[6,13]",0.087450795792,0.088362091,0.035988226456971,0.0348973802373,0.03016296805,0.1526884625,1.07931394956857,12.4218622510742,21.0246288509397
"mu_t[7,13]",0.02330868614176,0.049145136,0.0843046284450827,0.0807612872892,-0.1161894315,0.1260201685,1.78467545251838,1.60351744780621,23.0172300407733
"mu_t[8,13]",-0.037994077345,-0.059627659,0.094526470161267,0.09218168347962,-0.153381686,0.1462328085,1.17477003730249,5.90206720408537,14.879687101437
"mu_t[9,13]",-0.2954131754,-0.288813685,0.0632329151791791,0.056772201045,-0.3964620765,-0.1873266745,1.6300222272774,1.85464928064191,21.5942744323791
"mu_t[10,13]",-0.4068510678,-0.42596715,0.107106751021656,0.117531276576,-0.5569447275,-0.208096595,1.8368030380307,1.60530253075338,25.9952465834819
"mu_t[11,13]",0.093813823679,0.0687681375,0.148066107807231,0.1921052181657,-0.10436433,0.300524843,2.10773761668199,1.42504312087741,18.3669185558354
"mu_t[1,14]",-0.2741896924,-0.279764345,0.0616591002406237,0.07160602176,-0.357995481,-0.1686457225,1.40381247455803,2.38567478717823,36.0760984803863
"mu_t[2,14]",0.258516375,0.257459155,0.0488652072542358,0.051154948404,0.181244249,0.3365069405,1.0232308208429,33.7329515286601,52.4502744151648
"mu_t[3,14]",-0.5178471661,-0.52401963,0.0757841227375052,0.0842720144070001,-0.612934692,-0.3791074105,1.39524849324343,2.26139604444041,17.3473433782712
"mu_t[4,14]",0.065297924919,0.066458676,0.0508997215936003,0.04523620164,-0.02107704215,0.1469923645,1.03995128488665,26.2269939583196,47.507860551729
"mu_t[5,14]",0.6556799094,0.66364998,0.0772987688593037,0.079337387871,0.5255342225,0.758519755,1.76886414667195,1.68195262433897,17.3473433782713
"mu_t[6,14]",0.086568072238,0.0861544135,0.0368659810879154,0.0309561787269,0.03219875555,0.145150708,1.06894145458616,14.436680179345,31.6824001034527
"mu_t[7,14]",0.0208175431699,0.050009134,0.0802691519135842,0.06591947024523,-0.109648753,0.12143541,1.72346399701497,1.64840301230326,37.7085513759773
"mu_t[8,14]",-0.039131507798,-0.059464148,0.0941967338820578,0.08437922254734,-0.1502479315,0.14106509,1.17761819046968,6.7429648067264,14.879687101437
"mu_t[9,14]",-0.2905044321,-0.28253548,0.0609717678440627,0.05687735445,-0.3981921445,-0.1952275165,1.56048972338717,1.9967439622998,21.5942744323791
"mu_t[10,14]",-0.4044958214,-0.431388605,0.105107258803045,0.120635915106,-0.5474342305,-0.2094458295,1.80679779601645,1.62016939433241,21.0246288509397
"mu_t[11,14]",0.093921568058,0.057737856,0.148636593633697,0.184914608907,-0.0964156097,0.3092371855,2.10775950832551,1.43235402792488,21.5942744323791
"mu_t[1,15]",-0.2753049355,-0.27709479,0.0624815504548616,0.0722834291129999,-0.3645183705,-0.169875266,1.43519443124945,2.20307148658185,26.3395544852498
"mu_t[2,15]",0.2545071788,0.253377375,0.0518192981344889,0.060594225237,0.167866743,0.3346020845,1.03358414192834,36.8564418223506,58.1996870625698
"mu_t[3,15]",-0.5205659889,-0.53639567,0.074351638226269,0.069184854417,-0.6172316875,-0.377986274,1.38870935783611,2.29464405932619,23.1450866287528
"mu_t[4,15]",0.064751092555,0.0662939605,0.0512862012821965,0.0430386555963,-0.02301338,0.149025364,1.05579277244847,17.9042518660164,44.8258196721311
"mu_t[5,15]",0.6559978793,0.66537173,0.0776155151952799,0.083341423452,0.515428344,0.7585447825,1.77980432850762,1.68654046670513,16.8447396284532
"mu_t[6,15]",0.086067914798,0.0846297995,0.0367449742259895,0.0338657530575,0.0222347949,0.139168281,1.05148746276613,15.755226021358,22.2747522502046
"mu_t[7,15]",0.018624537412,0.0475467215,0.079767765130368,0.0681030241773,-0.1114684705,0.117830502,1.64392303167018,1.73621543044941,37.7085513759773
"mu_t[8,15]",-0.041001811254,-0.057473559,0.0951376082246652,0.0863424223116,-0.161040856,0.1379892705,1.17247361349237,7.05107305105811,13.9420012746973
"mu_t[9,15]",-0.2861749931,-0.27438478,0.0606261284682872,0.050549699193,-0.401169182,-0.2002672295,1.46043723298883,2.28576298491488,31.6824001034527
"mu_t[10,15]",-0.4053279133,-0.425816605,0.102667717695446,0.120315932961,-0.547112056,-0.2159036715,1.86000917004042,1.57618992681737,21.0246288509397
"mu_t[11,15]",0.0931743196451,0.0649365255,0.146806628384155,0.1858669258824,-0.0941488261,0.321371711,2.10485229908477,1.43852897563915,21.0246288509397
"mu_t[1,16]",-0.2767692013,-0.2717888,0.0624830754178399,0.083564258232,-0.367707379,-0.175981074,1.37827568400151,2.44583830375943,26.3395544852498
"mu_t[2,16]",0.2578373579,0.247954565,0.0512637637240957,0.057038920785,0.1812545275,0.3344314875,1.00947497456775,34.5186964325415,24.7000705716301
"mu_t[3,16]",-0.5250530088,-0.54287466,0.0683683161131351,0.060157962774,-0.6099919665,-0.3880423045,1.37983391543886,2.33838868671599,15.9831948123116
"mu_t[4,16]",0.062901338492,0.0644045855,0.0575653762086756,0.0498659893074,-0.0305321356,0.1526932245,1.05112973782013,17.3392210490127,40.5548566509965
"mu_t[5,16]",0.6567061,0.65836889,0.0759960521745902,0.070947591687,0.5223329625,0.759794714,1.79028722993815,1.67807116435322,16.8447396284532
"mu_t[6,16]",0.086964626128,0.089084385,0.0371559455431139,0.0305138287083,0.0203877094,0.142801027,1.08040972968775,13.0774677894986,50.7015438102727
"mu_t[7,16]",0.0141814418911,0.0418921285,0.0805854696489998,0.07687168107423,-0.1193860655,0.11614679,1.60290874934184,1.80819186019092,36.6043148269886
"mu_t[8,16]",-0.0385790223102,-0.0595873795,0.0953451881056371,0.0790675405863,-0.1589733675,0.133614893,1.17271993686024,6.43696912825443,13.9420012746973
"mu_t[9,16]",-0.2818889995,-0.26877243,0.0592327888351703,0.054793975278,-0.397461072,-0.1907066505,1.38327339139379,2.62177272999731,31.6824001034527
"mu_t[10,16]",-0.4050432804,-0.422511195,0.10186946393077,0.121167227055,-0.5441708625,-0.228123467,1.83762572385762,1.59830721137896,21.0246288509397
"mu_t[11,16]",0.093567190726,0.073702619,0.146766679148787,0.1844895749151,-0.0921716988,0.3195960285,2.12237124974216,1.42807580020271,24.0120746432491
"mu_t[1,17]",-0.2778069426,-0.2840911,0.0609361074093751,0.077391060243,-0.359070418,-0.1776310315,1.39319422157882,2.38619992148395,36.6043148269885
"mu_t[2,17]",0.2569376634,0.252958965,0.0514346104562938,0.057553338507,0.182119959,0.330223256,1.02192628613001,29.3190857265008,40.5548566509965
"mu_t[3,17]",-0.5253989828,-0.53966682,0.0663462728283164,0.058659283977,-0.6082697595,-0.398308246,1.39873620907179,2.25053071597077,16.4566484859883
"mu_t[4,17]",0.058721563959,0.057731343,0.0604284770099938,0.0523602821889,-0.0325940182,0.1535307835,1.09824635983694,15.3482735821697,21.9463255580636
"mu_t[5,17]",0.6552471447,0.659758705,0.0770189004920485,0.079644463983,0.5247921915,0.766927062,1.7492717201502,1.72257244117405,21.6798810703668
"mu_t[6,17]",0.086461108279,0.08432073,0.037649128084279,0.0363680934918,0.02773720595,0.1420143775,1.07624166727942,13.8083669558413,21.0246288509397
"mu_t[7,17]",0.010587061061,0.0377318825,0.07776617489107,0.07035814150638,-0.1147296365,0.1135258275,1.57358421468462,1.85567588699099,23.7384698860553
"mu_t[8,17]",-0.040565197865,-0.05649413,0.097393330111223,0.089657403234,-0.1681306635,0.13288174,1.22232205883535,6.36861184201978,14.3090760425184
"mu_t[9,17]",-0.2744431604,-0.267527305,0.0537703754216923,0.054019138866,-0.372369298,-0.1927109485,1.29575425069914,3.24947431592294,30.6204069389592
"mu_t[10,17]",-0.404678654,-0.42520801,0.0988748841066807,0.109768931538,-0.535640042,-0.2324759875,1.85281172748077,1.57650345173885,21.0246288509397
"mu_t[11,17]",0.0929929974391,0.0894854015,0.143516039812592,0.1948540608651,-0.090505003,0.3125711135,2.10775679283876,1.42434310442959,16.8447396284531
"mu_t[1,18]",-0.2793154856,-0.278052465,0.0590852047044983,0.062718939297,-0.367132544,-0.1851361405,1.40886884437776,2.25490364865053,14.1391290296518
"mu_t[2,18]",0.2594062798,0.254192325,0.0494316889071297,0.048951070917,0.191723029,0.337123817,1.03485996883239,33.2418430268598,30.7827616534739
"mu_t[3,18]",-0.5295080004,-0.54435837,0.0660905941658252,0.056800615074,-0.616221015,-0.397942918,1.35016382163517,2.45803725744245,34.3339219148517
"mu_t[4,18]",0.0581225344636,0.0628199235,0.0627970281048602,0.0539363097105,-0.04694029045,0.15330896,1.25405821703848,14.6535986365795,16.359727026269
"mu_t[5,18]",0.6593747525,0.6670155,0.0770615327902234,0.068662875435,0.5195638545,0.7678508215,1.67941205401397,1.80441187560107,21.5942744323791
"mu_t[6,18]",0.08733303192,0.082414822,0.0375739596073377,0.0369477382008,0.009524305625,0.142804406,1.03759483283095,21.058394199544,21.5942744323791
"mu_t[7,18]",0.00821559443,0.038435174,0.0781838592586241,0.077483678265,-0.1226873475,0.1036348395,1.57327208128342,1.86884911206555,24.9216747365422
"mu_t[8,18]",-0.0403863263865,-0.059292938,0.0950835754899492,0.0797211692592,-0.165564047,0.1321188505,1.20460782609875,5.84502183450976,14.879687101437
"mu_t[9,18]",-0.2685155004,-0.257031515,0.0528889905467972,0.055740022338,-0.3591328225,-0.189326445,1.20393791301262,4.64820606915611,37.5549801362089
"mu_t[10,18]",-0.4051774795,-0.4264832,0.0981764232988496,0.111268136658,-0.54360651,-0.225153945,1.89037880667657,1.5482349506184,21.5942744323791
"mu_t[11,18]",0.0911654147015,0.079080918,0.140687694900175,0.184065360801,-0.08881893195,0.3017829475,2.11066673797017,1.43859860425686,24.3582350718816
"mu_t[1,19]",-0.2777609799,-0.27083308,0.0601122942205856,0.069833477091,-0.3661178815,-0.188788715,1.43164048012478,2.15452436659691,21.2740092389982
"mu_t[2,19]",0.2601945751,0.259556705,0.0467446489285069,0.047817845607,0.200574021,0.3388735395,0.996646617487423,31.2103946814319,30.7827616534739
"mu_t[3,19]",-0.5330104176,-0.544172895,0.0628814947149778,0.051709211001,-0.609591467,-0.406202181,1.36076444037803,2.40848622158664,22.2986748216105
"mu_t[4,19]",0.056869969165,0.060866759,0.0642638448836104,0.0615714928878,-0.0558207591,0.1525706965,1.17115807333817,12.3356188039766,16.359727026269
"mu_t[5,19]",0.6596618178,0.669512715,0.0753173821801218,0.071665903974,0.5183871795,0.7725140185,1.67636310069214,1.779597045469,17.8680824994895
"mu_t[6,19]",0.088189021031,0.0894521885,0.0345742939589854,0.0334197854949,0.02206367145,0.135626625,1.05672613695551,20.0416552015183,21.0246288509397
"mu_t[7,19]",0.00758072732970001,0.043499666,0.0808917781625092,0.0737856335328,-0.1246251345,0.1155910315,1.56314571050487,1.89481219655288,40.3462331493743
"mu_t[8,19]",-0.03835169189304,-0.0550557515,0.0948839145595463,0.0886954382391,-0.1634579215,0.1360924135,1.24062073895713,5.86194197351299,14.879687101437
"mu_t[9,19]",-0.264575274,-0.2505378,0.0519514439743489,0.054176857854,-0.364177107,-0.1934847125,1.23016196862953,7.79178901946025,37.5549801362089
"mu_t[10,19]",-0.4068895733,-0.42854307,0.097225528041808,0.112806497244,-0.548638961,-0.2251026415,1.9287429960477,1.52784131220246,21.0246288509397
"mu_t[11,19]",0.091236643101,0.0684929925,0.138859727495014,0.1795828664784,-0.07912661875,0.314140614,2.11066673797017,1.44268852034788,21.2018415313787
"mu_t[1,20]",-0.2796684728,-0.27239048,0.0566293823103441,0.05964092085,-0.36607955,-0.1925843135,1.43877949432538,2.10869220281339,22.3185818135442
"mu_t[2,20]",0.2615104676,0.264475525,0.0455677768931693,0.052639735239,0.1903987665,0.3260330965,1.00907309409005,31.7995555649653,48.4074922943175
"mu_t[3,20]",-0.5364814252,-0.546907075,0.0600413192056139,0.0452919474000001,-0.6115557295,-0.4221910085,1.34699788135669,2.53282873669597,23.2960596379126
"mu_t[4,20]",0.0567047010235,0.058510316,0.0650577573393519,0.0593504328081,-0.0529034031,0.154879428,1.21158812819894,10.6636105730677,12.8042980631539
"mu_t[5,20]",0.6588329479,0.669765995,0.0726439282964884,0.078615443214,0.531035718,0.7680261105,1.73155654316535,1.69935848247961,17.6038627904637
"mu_t[6,20]",0.088674328127,0.089904097,0.034818713939229,0.0318293063298,0.0338388038,0.1425705475,1.07542100884098,20.3908783853746,73.5691550057054
"mu_t[7,20]",0.004059329565,0.0381032385,0.0804817873798662,0.0747277035183,-0.133587674,0.111538671,1.54447366871339,1.94459095298021,30.9515387336399
"mu_t[8,20]",-0.04199305290158,-0.058925484,0.091660803255338,0.0829477427436,-0.168061612,0.1211733855,1.20989017206993,6.07896554563733,14.879687101437
"mu_t[9,20]",-0.2564809741,-0.247190025,0.0455385690721382,0.055333471179,-0.3400561105,-0.1894888815,1.13905877200764,9.82533262718879,42.4389398926035
"mu_t[10,20]",-0.4093403105,-0.43433877,0.0963920863798922,0.110929577535,-0.548021004,-0.234854508,1.93413337602743,1.50815820427952,21.5942744323791
"mu_t[11,20]",0.094690559763,0.0612245825,0.13885326708965,0.1635390128778,-0.08253322065,0.3230989115,2.10197508545754,1.45930286981745,21.5942744323791
"mu_t[1,21]",-0.2780998756,-0.27794225,0.0563023300564855,0.069192601002,-0.359553836,-0.191036425,1.37017770972849,2.35721817093672,24.8267196303352
"mu_t[2,21]",0.2626400439,0.26684242,0.0454311222531394,0.047276674368,0.186204869,0.3324114665,1.02647591958895,27.9212078795794,58.1996870625698
"mu_t[3,21]",-0.5374904192,-0.54752388,0.0603321121183509,0.057255699144,-0.611836912,-0.4267557115,1.37900849464973,2.42714322834171,18.1535269709543
"mu_t[4,21]",0.0540926558754,0.0600091305,0.0677922268754569,0.0556461455886,-0.05894077815,0.15440703,1.44269278068268,10.7971653049664,12.8042980631539
"mu_t[5,21]",0.6578337985,0.663148745,0.0720055880812037,0.08299980276,0.5420797685,0.7681948015,1.75409373813977,1.66301102057815,17.8680824994895
"mu_t[6,21]",0.09361020807,0.0956973005,0.0341400894206872,0.0354990964125,0.0348233645,0.144181467,1.064650485586,24.0836572138179,32.1454812637766
"mu_t[7,21]",0.00342689277899999,0.032642611,0.0807501674458517,0.0671655257889,-0.12494145,0.1100732425,1.58812659992183,1.84620428723333,40.5548566509965
"mu_t[8,21]",-0.04449429436,-0.0638531215,0.0885836918891576,0.0734352514161,-0.1612662745,0.1225619565,1.24506423809478,6.32547055810566,21.0246288509397
"mu_t[9,21]",-0.2495486221,-0.246032065,0.0432962732616324,0.050203912395,-0.326808911,-0.1856663205,1.07808203270507,11.649322380488,52.3664254284084
"mu_t[10,21]",-0.409429609,-0.437633525,0.0939791661569911,0.085583848539,-0.5375376525,-0.244391778,1.88684108214515,1.53674113870789,21.5942744323791
"mu_t[11,21]",0.093537938398,0.066109635,0.136992786129831,0.1708237694604,-0.08189514475,0.315488266,2.09053552904204,1.44843329486029,42.5066796210831
"mu_t[1,22]",-0.2775505008,-0.270255715,0.0540734255386741,0.07052587353,-0.357579122,-0.195652755,1.34557940882109,2.43675005717155,21.5942744323791
"mu_t[2,22]",0.2641962318,0.262734275,0.0486669747149357,0.053648585235,0.192065706,0.3405900875,1.04833160299737,18.6671155560155,57.921092890623
"mu_t[3,22]",-0.541187841,-0.550068425,0.058542934258876,0.0523023028919998,-0.6147870125,-0.429848893,1.3999211179148,2.33534375749787,12.9860492727812
"mu_t[4,22]",0.052678248745,0.053769877,0.0659355006365432,0.0532019238156,-0.0577877156,0.162676382,1.27494521742298,10.3100998117477,12.8042980631539
"mu_t[5,22]",0.6578879116,0.66018267,0.0724600625626252,0.0793026209010001,0.5449531465,0.7726361995,1.7346765812901,1.72677944629255,18.626929217669
"mu_t[6,22]",0.096910157714,0.102073085,0.0348248459649131,0.0327024495,0.0357200402,0.1516097525,1.0256037420172,27.0933563265027,57.3121574465206
"mu_t[7,22]",-0.0012174597364,0.0259942835,0.0786837875890702,0.0650563056402,-0.134206822,0.09660200485,1.64233131045523,1.78584363380039,34.1663412729403
"mu_t[8,22]",-0.044987892366,-0.063265659,0.0894720014343773,0.075253410498,-0.1708233145,0.1175317525,1.22815392130099,6.26775523250544,14.879687101437
"mu_t[9,22]",-0.2431113283,-0.237585295,0.0410007215774888,0.043351431564,-0.312450973,-0.188377325,1.10013186463987,12.157486098507,22.5602681449014
"mu_t[10,22]",-0.4119338091,-0.438071095,0.0926365914753575,0.103169916003,-0.535089868,-0.253307602,1.86861965475645,1.55304679876765,21.5942744323791
"mu_t[11,22]",0.093276633624,0.0698411095,0.134781737525124,0.1709813683578,-0.07996452695,0.306324907,2.10488498960848,1.43920376196437,27.9910428662827
"mu_t[1,23]",-0.2792791728,-0.274485805,0.0524851228226831,0.068337207519,-0.3594095595,-0.198808397,1.31763064459562,2.61344510385924,30.1538461538461
"mu_t[2,23]",0.2674947096,0.26881998,0.0499081895281036,0.054178711104,0.191486162,0.348023675,1.06854159367543,13.9296842389064,57.921092890623
"mu_t[3,23]",-0.5434433031,-0.55064056,0.0577020695236943,0.05492032245,-0.618888894,-0.4547992705,1.42974909748684,2.2360569670695,16.7432070417145
"mu_t[4,23]",0.056212503188,0.0556775455,0.0612975451684069,0.046640928075,-0.05589807605,0.1604129435,1.19568001688706,11.2611719820385,12.9122703460488
"mu_t[5,23]",0.6557736294,0.66236343,0.073992221885275,0.086140846533,0.533394441,0.772425903,1.761792369054,1.7190146110816,20.5737126734071
"mu_t[6,23]",0.09739505404,0.102247205,0.0370391635249778,0.0374650981425,0.03169232095,0.157976689,1.03552987081701,26.979836400828,31.2859149533904
"mu_t[7,23]",-0.00181728953880001,0.0234856365,0.0767817924551834,0.0656113369653,-0.131458633,0.0903231912,1.60580039251388,1.83879825647542,32.9939668174962
"mu_t[8,23]",-0.0467749318634,-0.066484525,0.0876662681699416,0.0820012968642,-0.172281422,0.103653895,1.19408065968497,5.740481152757,14.9419398907104
"mu_t[9,23]",-0.2393202471,-0.233715085,0.0376069945991325,0.039016798422,-0.296592053,-0.185661211,1.06294328010622,12.1017447917719,50.6923710931221
"mu_t[10,23]",-0.4132080496,-0.443968215,0.0908553426389491,0.09759014349,-0.525795122,-0.2455455545,1.87871925611776,1.53846463401996,21.5942744323791
"mu_t[11,23]",0.09174635637,0.0705270295,0.134843150819572,0.1703136935325,-0.0884453422,0.309582507,2.08216101388281,1.45576458016804,29.535152859485
"mu_t[1,24]",-0.2787505132,-0.269311755,0.0491764876299823,0.0525661389750001,-0.3596474455,-0.1996298795,1.32783243381195,2.62195028324381,29.8882545259357
"mu_t[2,24]",0.2676745555,0.26665367,0.0520314481804499,0.053046271572,0.184458541,0.3579745335,1.09223570486933,10.0429127542682,27.1992539633198
"mu_t[3,24]",-0.5448349495,-0.554171055,0.0573214625769078,0.048777977367,-0.6165087505,-0.4564818665,1.47234267382994,2.09770206057135,12.8702156943087
"mu_t[4,24]",0.051501417281,0.0479805235,0.0634072152841442,0.0470913849504,-0.0634770887,0.153932167,1.16184428171196,10.0431436634349,12.7390522145152
"mu_t[5,24]",0.6506482184,0.650337225,0.0791618770808782,0.089259755088,0.5274277625,0.781387462,1.81240118051103,1.63862775073689,20.5062104523084
"mu_t[6,24]",0.0999213329,0.0991840565,0.0360895007831549,0.0395242464414,0.0360660314,0.152202215,1.03179896362795,25.5345508236537,50.0631594590578
"mu_t[7,24]",-0.00285900891110001,0.030958777,0.077254959195545,0.0569275293405,-0.1296801295,0.08962313895,1.5634782586235,1.91069519930918,30.6204069389592
"mu_t[8,24]",-0.050127662575,-0.0695513795,0.0888034082342312,0.0816271827693,-0.1893897295,0.103455017,1.19392931528358,6.33780113212538,14.2114666233555
"mu_t[9,24]",-0.2358941324,-0.22789918,0.0376197095702695,0.035001576624,-0.296511863,-0.182248805,1.02831372460768,14.7827841257227,68.8140521811376
"mu_t[10,24]",-0.41626986,-0.438762535,0.09143983872381,0.10157203644,-0.536413609,-0.2482923505,1.94030083529356,1.50458134596587,21.0246288509397
"mu_t[11,24]",0.089849523098,0.077401893,0.134335680503786,0.1770697319748,-0.0839591851,0.2915136465,2.08213292065094,1.45415238365781,29.535152859485
"mu_t[1,25]",-0.2799434447,-0.26780496,0.0447824516432314,0.04070352279,-0.3558415635,-0.2169845275,1.28431595282847,2.90042518148069,30.5730258560447
"mu_t[2,25]",0.2714896711,0.265890735,0.0509545622362241,0.051069098451,0.1928575355,0.35759537,1.13031031631012,6.4623220759543,36.2243841854687
"mu_t[3,25]",-0.5489498137,-0.55734318,0.0565545647622496,0.0403074165479999,-0.6208964905,-0.456128273,1.40431357594049,2.34588875364142,12.8702156943087
"mu_t[4,25]",0.0477433770416,0.0450969335,0.0618343257664361,0.05412923911416,-0.0771130821,0.1428801615,1.10185003623696,9.58163201167702,12.7390522145152
"mu_t[5,25]",0.6494602585,0.651178315,0.0763956193255847,0.090236870031,0.5292452785,0.7750883905,1.82360242842479,1.59242285343059,13.8646807162098
"mu_t[6,25]",0.103186967289,0.10166428,0.0354054260407944,0.0354641730282,0.0415432001,0.1534703105,1.00688226563794,29.6325568720368,111.106113928273
"mu_t[7,25]",-0.005568210465,0.020336875,0.0763876232147305,0.0697394550468,-0.1323717345,0.09157200725,1.4829986148201,2.03894812243125,40.1297254799188
"mu_t[8,25]",-0.04964820841949,-0.066830326,0.0858739469378663,0.08515006060953,-0.17123077,0.08934904175,1.13890342381729,5.63504378319528,14.2114666233555
"mu_t[9,25]",-0.2298707861,-0.22843031,0.034829878477264,0.037121798406,-0.287347996,-0.173979897,1.03231288532073,17.2421461883554,61.3835995991276
"mu_t[10,25]",-0.4179509975,-0.43729841,0.0919370645045681,0.105472705149,-0.5353702525,-0.241753777,1.86556863193282,1.56043407411199,26.8716958782109
"mu_t[11,25]",0.0886864638878,0.0748342455,0.131103508916184,0.1725045308112,-0.0828755271,0.297439437,2.0820868939521,1.45601342347007,29.535152859485
"mu_t[1,26]",-0.2802249594,-0.27069446,0.0426725919491108,0.039444068916,-0.3563505145,-0.2222453375,1.18774635518114,4.16660091667963,34.639746634996
"mu_t[2,26]",0.2724377532,0.27172522,0.0542193305589558,0.0550615401,0.1936741185,0.365270424,1.12368194254092,7.46530602090894,30.1538461538461
"mu_t[3,26]",-0.5483838203,-0.554036225,0.0560706198468714,0.040624463145,-0.6218753585,-0.4605726725,1.42989578742189,2.28525127694879,13.6750800968977
"mu_t[4,26]",0.046771913876,0.0550748075,0.0650384412980096,0.0601503436926,-0.0695394625,0.143513325,1.21227249876128,9.53774180576745,12.7390522145152
"mu_t[5,26]",0.6501392198,0.655532435,0.077364275894233,0.09094401834,0.5358348395,0.7783581295,1.82891757864064,1.58951665162678,14.1311369509044
"mu_t[6,26]",0.10253746828,0.10230156,0.0334049914956968,0.0310639133385,0.03951884725,0.149560415,1.01489603593945,26.9315914982806,65.771366952567
"mu_t[7,26]",-0.00823716779327999,0.0197482075,0.0754829638440349,0.0712141016391,-0.1364748505,0.0955101178,1.47810528862435,2.0615921579217,30.6204069389592
"mu_t[8,26]",-0.0496166570842,-0.060565177,0.0866211210890541,0.09211824962319,-0.171757459,0.0942043663,1.11099099590436,6.12150197942766,57.2804638548583
"mu_t[9,26]",-0.2283465,-0.23085164,0.0346459378731703,0.038066310975,-0.2841822115,-0.175914531,1.00365298892512,24.5047136465389,112.135780940889
"mu_t[10,26]",-0.4186720034,-0.433841575,0.0900925465377379,0.107778659646,-0.543971151,-0.264515669,1.89033014914071,1.54248983065594,26.8716958782109
"mu_t[11,26]",0.0860077754307,0.061542094,0.130915783718025,0.1736983573962,-0.0877910305,0.308999823,2.08487536936738,1.45322185007228,36.0760984803863
"mu_t[1,27]",-0.2772048533,-0.267060165,0.0429406778640684,0.042369016326,-0.3498520595,-0.2226560985,1.22234468843245,3.82302951431607,21.5942744323791
"mu_t[2,27]",0.2736012103,0.2728097,0.0512348937170613,0.055061384427,0.193444975,0.350385204,1.17513026035702,4.96469581213758,39.0537826378039
"mu_t[3,27]",-0.547106073,-0.553101085,0.0553744014617727,0.039504195759,-0.61419739,-0.47790526,1.47740309794934,2.1048300371751,12.9122703460488
"mu_t[4,27]",0.04348095483672,0.0485166185,0.0638154232672664,0.0544183007466,-0.06204305115,0.1337794315,1.16972414177188,9.70158780763047,30.6204069389592
"mu_t[5,27]",0.6509081668,0.64970675,0.0736865796567034,0.0739340151059999,0.536485282,0.7746109455,1.84644247502837,1.58512650523783,15.8514492753624
"mu_t[6,27]",0.10212830643,0.1016739,0.0325917203684946,0.0345299422902,0.04550678655,0.1596132825,1.00712181770827,28.7435507095149,41.9117689339705
"mu_t[7,27]",-0.00923796487500001,0.0111002675,0.076666366047264,0.074640481419,-0.137131582,0.09917082175,1.45653922941258,2.12596921928643,40.5548566509965
"mu_t[8,27]",-0.049702697535,-0.0623350475,0.0903327639829553,0.10160128161456,-0.1830932145,0.0997868847,1.10347392924129,6.61581166479675,40.5548566509965
"mu_t[9,27]",-0.2248551559,-0.223721535,0.0362427881617123,0.040316356626,-0.281372914,-0.1718094145,1.00520385047523,20.3965871128367,65.4003091120767
"mu_t[10,27]",-0.4188326627,-0.430819285,0.0876456168594813,0.108846013038,-0.550057376,-0.268846094,1.8549507538688,1.57887414105131,21.5942744323791
"mu_t[11,27]",0.08752170006,0.062928863,0.129214831465953,0.1616114052987,-0.08350642505,0.3006860955,2.09622662123311,1.4430245097806,29.535152859485
"mu_t[1,28]",-0.2783123801,-0.270061815,0.0405927528605581,0.037017023064,-0.3546795125,-0.222858879,1.1178281263819,7.13388079286959,25.1741641149997
"mu_t[2,28]",0.2751144444,0.27954568,0.0526856447615363,0.056258835969,0.189309024,0.3499778345,1.20041923187695,3.9296348435424,37.1482290150412
"mu_t[3,28]",-0.5497955424,-0.55557743,0.0556847182039771,0.03969639261,-0.628585998,-0.4761962015,1.31499115591183,2.69886327592138,16.359727026269
"mu_t[4,28]",0.042952875687,0.040378227,0.061929592483312,0.05290876205286,-0.06841042825,0.1281937575,1.1132028130322,9.75170426716853,30.8127412685973
"mu_t[5,28]",0.6503676383,0.65287057,0.0762515575645537,0.084078446151,0.530328962,0.77176211,1.88440716588622,1.55647820242538,15.8514492753624
"mu_t[6,28]",0.1022740797386,0.102888835,0.0361928659526667,0.0357284279457,0.0383114306,0.1632536005,1.01973024989316,26.2144228165141,43.7844020301666
"mu_t[7,28]",-0.00986692241299999,0.0097816105,0.0777799860908035,0.0802533500118,-0.136862364,0.10007267125,1.45807036599254,2.11969975643067,58.7023890852566
"mu_t[8,28]",-0.051426459186,-0.057090652,0.091534031904044,0.0995615922924,-0.194383236,0.1054357415,1.14849616957136,6.81520104653151,33.7805500606215
"mu_t[9,28]",-0.2210426596,-0.21893119,0.0348471519240964,0.041125478163,-0.2776016185,-0.168277116,1.03564861316451,18.4019467963203,51.5338182396663
"mu_t[10,28]",-0.4194561086,-0.42248012,0.0893660064753645,0.104085881109,-0.5735872645,-0.272166833,1.82334191324479,1.6026296720281,21.5942744323791
"mu_t[11,28]",0.0908388833182,0.0549289525,0.132078923697895,0.1601115648846,-0.0883409779,0.3086706205,2.10773761668199,1.44469060104026,36.0760984803864
"mu_t[1,29]",-0.2757262239,-0.27182313,0.0434960241148819,0.04334143884,-0.3555008145,-0.2106394875,1.13044341909855,6.15263663299829,26.2712046151537
"mu_t[2,29]",0.2752208666,0.278738255,0.0538789698045883,0.0477631969709999,0.194152092,0.353719552,1.25940919886165,3.17725616516285,35.9121690950132
"mu_t[3,29]",-0.5465318692,-0.548112045,0.0574247642303297,0.039714754611,-0.626077989,-0.4661455615,1.32979592529033,2.6673814454259,16.4026619177055
"mu_t[4,29]",0.0437793961832,0.041572812,0.0615001138869936,0.06486342738624,-0.0682152479,0.1350082975,1.14577923920146,8.69295492674107,21.0246288509397
"mu_t[5,29]",0.6502486637,0.64374741,0.0737528930901299,0.080809083348,0.541666007,0.770044927,1.87153194811014,1.55574374782014,15.0589450133379
"mu_t[6,29]",0.10402100402,0.102720895,0.0329369723451583,0.0323435335377,0.0524547233,0.159463415,1.02861796131614,23.8019310549085,66.9637815053919
"mu_t[7,29]",-0.0162271051564,0.00184348835,0.0755619798805876,0.0637977339132,-0.1407167205,0.08813163435,1.46077140079051,2.10246530332331,31.6824001034527
"mu_t[8,29]",-0.0527965108544,-0.0521409785,0.0928911866397194,0.0989062274949,-0.19699389,0.0993432597,1.15557707752329,6.5941479042587,33.9768826539676
"mu_t[9,29]",-0.2155265384,-0.21730464,0.038622515598511,0.043851423588,-0.274247542,-0.152317619,1.06935530238284,13.3583282428709,21.7932752179327
"mu_t[10,29]",-0.4210172706,-0.43045139,0.092706371254903,0.100661979495,-0.5727273515,-0.27294949,1.82637787562927,1.60100859145489,21.0246288509397
"mu_t[11,29]",0.0924210281673,0.0668025855,0.131803237730522,0.1754975918304,-0.0891524569,0.2994013335,2.10485229908477,1.44740545944199,36.6043148269886
"mu_t[1,30]",-0.276114511,-0.268684745,0.0437883804980831,0.039993809583,-0.356043661,-0.2133683125,1.09873008812838,7.26440690497217,19.5902832195231
"mu_t[2,30]",0.2750131583,0.27645289,0.0542698883874658,0.054467625366,0.190906337,0.3630586225,1.23327124418433,3.39311640359884,42.6517182549352
"mu_t[3,30]",-0.5463957032,-0.54745457,0.0567068438919507,0.042069605256,-0.622851413,-0.468033227,1.32831575231422,2.72655171088591,12.8042980631539
"mu_t[4,30]",0.0382241996188,0.0441841305,0.0631646373462559,0.063914205501426,-0.07894867895,0.1372588805,1.19499177029851,5.35790208747844,21.0246288509397
"mu_t[5,30]",0.6480523847,0.644328765,0.0745166205475352,0.081319994721,0.5352398995,0.776266459,1.91765225836231,1.50992197715315,15.9424250706021
"mu_t[6,30]",0.106872172786,0.106228755,0.0333957311971738,0.03284062782,0.0529372495,0.1548560255,1.03004859129369,35.2045024993273,71.2874531148375
"mu_t[7,30]",-0.01858945987343,-0.00418484005,0.0758861732646489,0.0771565247838,-0.1456842255,0.08340248315,1.45366015503352,2.13996008655116,21.5942744323791
"mu_t[8,30]",-0.054199282029,-0.051873924,0.0905505675100913,0.1002230490933,-0.1850500895,0.1006820785,1.12792958538062,7.10045238933362,16.4458227610187
"mu_t[9,30]",-0.20928567037,-0.209799555,0.0394261058501266,0.044745290541,-0.268050747,-0.146527293,1.15072651400123,10.1207498953417,60.0313633245124
"mu_t[10,30]",-0.4236141993,-0.426376735,0.0934719963303347,0.111042507177,-0.57987865,-0.279156106,1.80738675004884,1.61316759922193,22.2747522502046
"mu_t[11,30]",0.092372226837,0.0745649615,0.131098318891945,0.1782021514917,-0.09146824695,0.282071663,2.12237124974216,1.44675529740184,36.0760984803864
"mu_t[1,31]",-0.2733776179,-0.265657785,0.0475353505818357,0.045562395879,-0.355575461,-0.21243988,1.11538496536076,6.95061818356622,22.1603140433075
"mu_t[2,31]",0.2757149605,0.26617184,0.0597882148854495,0.057327130812,0.182156038,0.3771439605,1.27911862251164,2.96419001240259,48.4074922943175
"mu_t[3,31]",-0.5445688556,-0.54890228,0.05830327638863,0.0430616573940001,-0.626865107,-0.4662697455,1.31004822454239,2.88002532219615,12.7390522145152
"mu_t[4,31]",0.037018551827,0.044663376,0.0639083641379629,0.066687562977,-0.05806058825,0.1279912175,1.19997083413985,5.36675936385456,30.6204069389592
"mu_t[5,31]",0.648060268,0.648294125,0.0750051814112893,0.0798155782620001,0.5368545425,0.789486595,1.97334317619284,1.47599041669146,15.9424250706021
"mu_t[6,31]",0.109779113654,0.10797176,0.0363423158015794,0.0341820931956,0.04692924885,0.1714474785,1.02675735940209,34.267993928165,78.3393298097876
"mu_t[7,31]",-0.017410759052,0.005526286,0.0790311700805289,0.0669245892042,-0.1536539145,0.109591767,1.50224092540363,2.06483416329589,21.5942744323791
"mu_t[8,31]",-0.05367570226542,-0.049835167,0.0923126064954684,0.1061825636508,-0.1974684925,0.0948523326,1.11316373687073,6.75115439321189,16.4458227610187
"mu_t[9,31]",-0.2072315031,-0.211824595,0.0397508660105593,0.045289152699,-0.259648234,-0.139458092,1.13495844568204,8.41139854367655,73.5691550057054
"mu_t[10,31]",-0.4268562759,-0.424069825,0.0947566209155387,0.096689641902,-0.5915398895,-0.2833171215,1.78259069819733,1.63441965186683,28.0590040771451
"mu_t[11,31]",0.0905301425212,0.0650714235,0.128325477376497,0.1722540410934,-0.0924138974,0.2836695635,2.12237124974216,1.43974132738548,29.7944789006445
"mu_t[1,32]",-0.2668793662,-0.25341849,0.0472984292378856,0.039264059037,-0.348174549,-0.204887191,1.18505261528767,4.84010322600276,24.5063716566306
"mu_t[2,32]",0.2778123976,0.270139705,0.0624064369973917,0.065472453669,0.1863430775,0.3768885305,1.2652482766041,3.15572770577829,39.8737061389232
"mu_t[3,32]",-0.5449864818,-0.5491228,0.0592555971224945,0.049646944053,-0.624692947,-0.4515365005,1.30592539590904,2.86200528855937,16.8107588856868
"mu_t[4,32]",0.033105748592,0.043005241,0.0607675816598366,0.06023082641121,-0.0867805639,0.120231765,1.25062361064475,3.88694669998252,30.6204069389592
"mu_t[5,32]",0.6466716124,0.646012435,0.0768233561977617,0.0802268737410001,0.524844145,0.7795488845,2.01019625503192,1.45031223449561,15.0589450133379
"mu_t[6,32]",0.108522657897,0.10396301,0.0365425612864506,0.0314690649231,0.05918607875,0.1683466855,0.997655277241397,26.8265359429413,68.8140521811376
"mu_t[7,32]",-0.0192880603754,0.002918938325,0.079488112064955,0.070089840388155,-0.156586211,0.108123965,1.53544993578096,1.99858153761955,21.5942744323791
"mu_t[8,32]",-0.054354433209,-0.051188948,0.0931581739088786,0.107076492873,-0.191442404,0.0945805507,1.1387003143703,7.03585159018694,31.7839996054474
"mu_t[9,32]",-0.20735528499,-0.21087792,0.0405818376384458,0.03587647371,-0.265314286,-0.1249869855,1.08356447076698,9.60062845513396,31.6824001034527
"mu_t[10,32]",-0.4290571682,-0.42292056,0.096752386972804,0.100910441016,-0.597471246,-0.2865335145,1.7207464810498,1.69343765076529,24.390729531698
"mu_t[11,32]",0.0912901620113,0.0617879055,0.12878239268878,0.1686789187272,-0.093992171,0.2842844855,2.1194233868749,1.43202342163709,29.6861747243426
"mu_t[1,33]",-0.2663947066,-0.25407638,0.0500762039678841,0.051480141888,-0.350634037,-0.200715088,1.19904660992262,4.49599430794455,27.5640160208811
"mu_t[2,33]",0.2792578433,0.27696158,0.0637962495421237,0.072776549286,0.182727196,0.369441396,1.23802591877704,3.55065382351405,39.8737061389232
"mu_t[3,33]",-0.5460120575,-0.551940245,0.0584721700062049,0.0535079383859999,-0.625696115,-0.453916534,1.34894523011007,2.56696390788715,12.7390522145152
"mu_t[4,33]",0.0320558761819,0.039586347,0.0600033389022798,0.0556909905321,-0.07086384555,0.116895108,1.25607455097062,3.72185030735545,21.0246288509397
"mu_t[5,33]",0.6478790864,0.64426468,0.0783940118437918,0.072307817883,0.5186119015,0.7837889805,1.97519096384373,1.47530570408658,15.0589450133379
"mu_t[6,33]",0.10900603642,0.10581275,0.0393420344833736,0.0332680310067,0.05469018045,0.1695152525,1.02406247875874,22.317862113457,51.5338182396663
"mu_t[7,33]",-0.0246716068596,-0.0072685354,0.0795581182984001,0.0813767449425,-0.15835157,0.1021924905,1.48853941414709,2.12381805124566,21.0246288509397
"mu_t[8,33]",-0.0559018459613,-0.0571491815,0.0926988644444272,0.111134480268,-0.2007329275,0.07849760165,1.22262111541624,7.118386230955,14.4246620507748
"mu_t[9,33]",-0.2040514381,-0.21034201,0.0433221176947248,0.030572813208,-0.267273325,-0.108550595,1.11721672916916,8.71959347827881,22.2747522502046
"mu_t[10,33]",-0.4304620936,-0.41860288,0.0995862962508202,0.09895999176,-0.6176745575,-0.287064777,1.70815135394982,1.71057090703619,21.5942744323791
"mu_t[11,33]",0.090431837326,0.057568507,0.128524440000607,0.1681477861728,-0.09940636365,0.2760722565,2.12237124974216,1.42244922377146,18.5853865760407
"mu_t[1,34]",-0.2627988004,-0.257867415,0.0530216734813233,0.057726950967,-0.351166169,-0.1804681395,1.2163193615571,4.33422644341454,26.9877288449252
"mu_t[2,34]",0.2810181097,0.27539129,0.0659681355668983,0.074141230695,0.1835755685,0.370482418,1.22319528215588,3.71770739531464,30.5219882895228
"mu_t[3,34]",-0.5430106581,-0.55148492,0.0617204984354359,0.043634519208,-0.62516644,-0.435073754,1.48934152976142,2.04191042241533,12.7390522145152
"mu_t[4,34]",0.031294475877,0.041337608,0.0618511117665702,0.05707408916895,-0.07533299605,0.118928177,1.29601407765425,3.27617313249919,21.0246288509397
"mu_t[5,34]",0.6464239921,0.646462715,0.0804546915825802,0.0803795593019999,0.519277358,0.786352135,1.95154450575885,1.50110464789979,15.0137268359643
"mu_t[6,34]",0.11203407698,0.109727455,0.0405710338761917,0.0389251225923,0.06232269005,0.1762249645,1.01901944115444,21.4391309605509,51.5338182396663
"mu_t[7,34]",-0.02622688078,-0.0133165055,0.079063241196964,0.0845323641561,-0.156365079,0.09572393305,1.45552105270717,2.23213061187785,21.5942744323791
"mu_t[8,34]",-0.058647592365,-0.0538377675,0.093484178452917,0.105472252956,-0.206430689,0.0851000584,1.12660059080393,7.61533985755719,14.3008907411947
"mu_t[9,34]",-0.20239780019,-0.21040138,0.044253949952056,0.02826510183,-0.2617733115,-0.1151559515,1.1684174837293,5.38017905290382,22.8698379508624
"mu_t[10,34]",-0.4315276279,-0.42203278,0.100969796074832,0.095426192421,-0.6141012095,-0.287205995,1.67005566283836,1.75042969086096,21.0246288509397
"mu_t[11,34]",0.0915329629284,0.0580928895,0.128687363120473,0.1568406297843,-0.1005055005,0.2890335305,2.13126217620617,1.42816971164643,36.0760984803863
"mu_t[1,35]",-0.2625208925,-0.255255885,0.0570120392738375,0.062055460971,-0.3575328485,-0.17079561,1.1719199931477,5.5410769996703,21.0246288509397
"mu_t[2,35]",0.2821520343,0.279859425,0.0678482666161736,0.072729031956,0.177132234,0.38350365,1.23108538171326,3.62871663418998,37.4824062174897
"mu_t[3,35]",-0.5419846379,-0.555911345,0.064032787129157,0.04784239005,-0.630450807,-0.4360781835,1.40898026752556,2.26157551537556,12.7390522145152
"mu_t[4,35]",0.0275801900848,0.0321319045,0.06380753184663,0.05763074334801,-0.0827531237,0.1239557925,1.37813926342178,2.69824527012733,30.6204069389592
"mu_t[5,35]",0.6465471701,0.637138005,0.0779433012085204,0.085338930432,0.5300560475,0.7771930905,2.01815186092881,1.45482188712259,15.0137268359643
"mu_t[6,35]",0.11295040515,0.112619125,0.0395475519044004,0.0339766374528,0.0556613849,0.1783182755,1.00484391777479,18.6436896403109,51.5338182396663
"mu_t[7,35]",-0.02775966748,-0.0197732815,0.0791400629561635,0.079504224849,-0.167902507,0.1006924545,1.451285059897,2.2750541547872,26.8716958782109
"mu_t[8,35]",-0.058065020359,-0.057978522,0.0947583341377166,0.1111714155405,-0.2007584905,0.0807897165,1.09682242834622,7.72823629622568,15.7021085688649
"mu_t[9,35]",-0.20109501684,-0.20822373,0.0439624583657949,0.025065525009,-0.2618435665,-0.113062538,1.14447927360742,5.35159494633074,15.2705061082024
"mu_t[10,35]",-0.4328501554,-0.4199286,0.100477298667017,0.101917119003,-0.613765897,-0.292331274,1.68274190298575,1.73365235233699,25.1261434959183
"mu_t[11,35]",0.090945980849,0.0554217545,0.12743172279897,0.1700952620745,-0.0945586905,0.2751714975,2.13126217620617,1.42677511618509,36.0760984803864
"mu_t[1,36]",-0.26260518189,-0.25979433,0.061057659236135,0.0555760616039999,-0.362944186,-0.162682387,1.16646711666411,5.92586513183812,40.5548566509965
"mu_t[2,36]",0.2845313029,0.28072464,0.0703616338678972,0.081680651997,0.1748724385,0.398560058,1.27722524843639,3.051089003501,35.7288689260923
"mu_t[3,36]",-0.538315808,-0.5439673,0.0666266975917225,0.0463437631439999,-0.6256676035,-0.4281476095,1.42796137073636,2.21200409374941,12.7390522145152
"mu_t[4,36]",0.028259028267,0.038457279,0.0595190429124606,0.06050664620175,-0.0722955461,0.1194248725,1.40706839576595,2.51739381538064,31.7670245319226
"mu_t[5,36]",0.6446596275,0.639939165,0.0786532927399213,0.0873348732689999,0.5346740945,0.7823780215,2.09055353818805,1.4320378304339,15.0589450133379
"mu_t[6,36]",0.11249265587,0.112343815,0.0395052113508275,0.0418644853221,0.05375560835,0.168695818,1.03583056493816,21.981402357312,71.2874531148375
"mu_t[7,36]",-0.0275354618521,-0.0202738255,0.0807151601386589,0.0865649805867,-0.1697347515,0.0998086106,1.40481667776837,2.46650479620354,30.2536366106048
"mu_t[8,36]",-0.059264370025,-0.061553646,0.0955990838911996,0.1131148469094,-0.211421029,0.0805127306,1.09408661065044,8.26310690774522,43.7970546868536
"mu_t[9,36]",-0.19820603053,-0.20587864,0.046394663078862,0.029329971867,-0.2640297645,-0.1032730105,1.13304907308617,5.96395245505393,14.542130629882
"mu_t[10,36]",-0.4322085812,-0.41939353,0.100725024474023,0.09137842014,-0.630019275,-0.2931840765,1.60710808828653,1.83688941964733,21.0246288509397
"mu_t[11,36]",0.09426352674,0.0606510825,0.13089665546712,0.1629822810105,-0.093984914,0.294094003,2.13126217620617,1.43103704226234,31.6824001034527
"mu_t[1,37]",-0.2600183885,-0.26242983,0.0651661079316731,0.067780787739,-0.3615560085,-0.1454418785,1.13447271713972,6.37070264381507,21.0246288509397
"mu_t[2,37]",0.2870332847,0.27992849,0.0741948914075371,0.078691107705,0.179787511,0.4149913485,1.3055181067928,2.77472962695617,32.9939668174962
"mu_t[3,37]",-0.5350906578,-0.542183385,0.069043494972755,0.053261129964,-0.63280273,-0.404923267,1.41238529815697,2.24661301959557,14.6357782052354
"mu_t[4,37]",0.0255872890086,0.0286759915,0.0592997397360311,0.05439317979459,-0.07468025575,0.117953993,1.43137916523036,2.44314728713286,32.9939668174962
"mu_t[5,37]",0.6445121596,0.634838945,0.082724826727697,0.084863846088,0.530527371,0.7919527645,2.10774863450295,1.417012479059,15.0589450133379
"mu_t[6,37]",0.1146651442252,0.11597088,0.0409568183430542,0.0399121153578,0.05264117605,0.1782470695,1.04404815976659,21.3525717876713,13.7578616352201
"mu_t[7,37]",-0.027846393612,-0.024984379,0.0834822566075497,0.0900987599106,-0.166021527,0.120840069,1.3947947357396,2.47052209404479,24.3582350718816
"mu_t[8,37]",-0.058105217825,-0.0627092305,0.0968785822916425,0.1122044719467,-0.2061810515,0.103249783,1.08892116710052,9.17079533238876,31.6824001034527
"mu_t[9,37]",-0.19973222862,-0.20864675,0.0534633600772691,0.0348803889,-0.2715696625,-0.0829258789,1.15775908241759,16.1960266008153,15.881658952718
"mu_t[10,37]",-0.4318634222,-0.411157535,0.102932387771666,0.084288804852,-0.6205658275,-0.280447351,1.56247020552678,1.92588546014115,23.7730210172912
"mu_t[11,37]",0.093217949416,0.075532491,0.130627403325381,0.1784116095132,-0.09139122995,0.278840276,2.12237124974216,1.41621987621372,36.0760984803864
"mu_t[1,38]",-0.2592656217,-0.255900945,0.0690416391708987,0.064218359394,-0.3680194115,-0.1365516935,1.11780071540768,6.9242828880617,21.0246288509397
"mu_t[2,38]",0.2908086541,0.287618045,0.0768126414123263,0.080890263111,0.180511207,0.4333481135,1.3115135033432,2.72918369761817,21.5942744323791
"mu_t[3,38]",-0.536225662,-0.542685965,0.0713025613360005,0.049084467852,-0.6371643785,-0.41921432,1.37458667453169,2.4308423858567,13.5859017157053
"mu_t[4,38]",0.026383671462,0.0291931945,0.0610471752617652,0.064049372646,-0.08213900345,0.130156397,1.44260390650437,2.36206135087525,30.2536366106048
"mu_t[5,38]",0.6477766471,0.63052545,0.0818690339679383,0.0848124591719998,0.5257668685,0.8018415095,2.09605140141339,1.42551022199264,14.9151964544447
"mu_t[6,38]",0.111239609049,0.11038652,0.0451462680172639,0.040952755263,0.03366146295,0.188336582,1.07880533509829,22.4911992992008,13.7578616352201
"mu_t[7,38]",-0.029021072731,-0.033209065,0.0846412118152658,0.0906185742966,-0.1603627875,0.1422702845,1.4118939244137,2.45617594709995,29.9635545336692
"mu_t[8,38]",-0.0547898047886,-0.054826284,0.101037141632642,0.1189647891726,-0.2093656015,0.119795796,1.09705163851075,8.24329678617955,30.6204069389592
"mu_t[9,38]",-0.19881739828,-0.20634862,0.0566849245762898,0.031901141265,-0.2770967475,-0.05968607995,1.13392368594978,16.0105743097309,17.1686451486314
"mu_t[10,38]",-0.4331360005,-0.4166085,0.105106903912885,0.090102828165,-0.642352723,-0.293601814,1.56138753320277,1.92921889715738,21.0246288509397
"mu_t[11,38]",0.093381136382,0.0786384315,0.132172152460504,0.1746635396331,-0.0985317068,0.2923674455,2.12237124974216,1.42382158761686,46.6293631761256
"mu_t[1,39]",-0.25848601826,-0.26240686,0.0687019479101775,0.074194040907,-0.3579844865,-0.13690033,1.13278969956072,6.74109843607443,21.0246288509397
"mu_t[2,39]",0.2902214654,0.29193379,0.0734381098811019,0.080251610922,0.185061552,0.413456557,1.2778088704392,3.04656810006525,15.9729828404527
"mu_t[3,39]",-0.5340023581,-0.539978075,0.0750795200101899,0.0543309667109999,-0.63748823,-0.397525497,1.2882596837234,2.92721847072527,17.4198686044196
"mu_t[4,39]",0.0263505003013,0.0295550355,0.0653630625787296,0.0619357506579,-0.08703751325,0.126131853,1.51926974415118,2.09021277275244,22.2747522502045
"mu_t[5,39]",0.648050481,0.6311863,0.0849813585976137,0.081583986477,0.5268527155,0.800245678,2.039391136044,1.44514507253051,15.0589450133379
"mu_t[6,39]",0.109932460357,0.113644145,0.0499018129683213,0.0452418533112,0.0344361772,0.193362134,1.06466327758481,24.6332265076757,17.0167250097238
"mu_t[7,39]",-0.0281585597668,-0.033811289,0.0856256163439259,0.0839294092686,-0.173439806,0.132350202,1.43660574992227,2.32179820261277,29.9635545336692
"mu_t[8,39]",-0.0584385353962,-0.0561592595,0.102749470791181,0.1131962624058,-0.2225590065,0.1077331595,1.10798741979105,8.52812595252033,30.6204069389592
"mu_t[9,39]",-0.19832645024,-0.205154735,0.0580688739136828,0.034609213947,-0.2895124455,-0.0634552623,1.09957873628625,14.0106692518818,21.0246288509397
"mu_t[10,39]",-0.4324007208,-0.407906815,0.105371793696743,0.089183319645,-0.6330605325,-0.29454027,1.49945767323047,2.06932358721047,21.5942744323791
"mu_t[11,39]",0.09398687647025,0.069138732,0.133812353787321,0.1735006875273,-0.0973607366,0.304601817,2.09623761858023,1.41949361369722,46.6293631761256
"mu_t[1,40]",-0.26049133874,-0.26012974,0.0732364363294283,0.078769707744,-0.3686744425,-0.134649007,1.10663291595913,7.28311377492829,30.6204069389592
"mu_t[2,40]",0.2931862997,0.297696165,0.0721605450797035,0.0784728245069999,0.1830641615,0.3984843305,1.30153643705752,2.84135244191873,40.5750057964292
"mu_t[3,40]",-0.5307052667,-0.53905632,0.0768343466380789,0.0621240163949999,-0.623107381,-0.399806414,1.32125158442326,2.68818396954208,24.1279470563904
"mu_t[4,40]",0.0282631097402,0.0374061285,0.0707383091747896,0.0687817473378,-0.101744754,0.139360178,1.48830702882137,2.16778532026497,23.9552574456851
"mu_t[5,40]",0.6458829978,0.6301131,0.0862187353198813,0.09297214101,0.537354292,0.8012851745,2.00569560543177,1.46315250382813,15.0589450133379
"mu_t[6,40]",0.110312813296,0.11306281,0.05415436683525,0.046598051283,0.02865439505,0.2082586415,1.0624908634018,19.8678914663943,13.0538564821722
"mu_t[7,40]",-0.0277532722654,-0.026382015,0.0870466919405128,0.0734317784256,-0.1695352025,0.1387092535,1.45199189503088,2.25441366200494,23.3177881412391
"mu_t[8,40]",-0.058599949116,-0.057986955,0.105585368784736,0.1128476045529,-0.2303389765,0.1102631195,1.10979122026647,8.05592362433543,40.5548566509965
"mu_t[9,40]",-0.19843723247,-0.202988345,0.0610373057315543,0.039907537089,-0.288105194,-0.06057802135,1.14262972602083,15.7669093224127,15.242574688616
"mu_t[10,40]",-0.4345980744,-0.409062835,0.108709150928696,0.095303055078,-0.64623899,-0.2907662865,1.50395915273248,2.05608521867192,21.0246288509397
"mu_t[11,40]",0.0940026224045,0.0712846635,0.13367434408913,0.1571380423095,-0.0998354549,0.3085326015,2.1077704301718,1.41898938385154,37.7806563039723
"alpha_s[1,1]",-0.016181279929,0.0054481158,0.260956061296561,0.234106624563,-0.513850679,0.4208781995,1.0534935847968,23.8848475767713,44.085536980137
"alpha_s[2,1]",0.246760475567,0.226767565,1.48963255101061,1.707383005356,-2.12995548,2.504963365,1.07696217931402,15.5161380769687,48.4074922943175
"alpha_s[3,1]",0.022033220165,0.0219746885,0.112335291111944,0.1215062450427,-0.1432906245,0.212102799,1.03961384422436,13.0601109337083,52.4502744151648
"alpha_s[4,1]",-0.018224859705,0.0104443553,0.315121118564067,0.30026427620322,-0.594608815,0.4977999225,1.04527361179459,20.4082744361691,54.1255559531721
"alpha_s[5,1]",-0.033260167992,-0.0161999621,0.540586935974113,0.63217799667246,-0.877760846,0.8168164735,0.992866144146324,23.1457596834901,76.8221378450804
"alpha_s[6,1]",-0.0394306985348,-0.060537276,0.277469177959181,0.2509802967966,-0.5127546875,0.4622787605,1.16688853401207,5.9148976239054,32.4795842613214
"alpha_s[7,1]",0.24049121056,0.124977215,1.0864855224477,1.08433857651,-1.395608525,2.25889186,1.20685480989835,4.32574491434469,29.9408515422594
"alpha_s[8,1]",0.11095802598,0.134417375,0.316415073284291,0.2421531210105,-0.4708808735,0.643664556,0.994671292420675,36.2632001119497,52.4502744151648
"alpha_s[9,1]",0.074635478275,0.079406329,0.247615125573565,0.289059445605,-0.3116433365,0.458887758,1.56267356260877,1.95757097251097,16.565694812571
"alpha_s[10,1]",0.346037232351,0.194315055,0.933506020274721,1.051884573705,-0.91626647,2.026846865,0.997310950171912,32.2797558171151,78.3393298097876
"alpha_s[11,1]",0.018840099871,-0.02026738,0.435255720004211,0.391841009364,-0.6104927805,0.950020461,1.06028014630171,24.2526950619761,25.9952465834819
"alpha_t[1,1]",-0.0349346732073,-0.032608947,0.0438382672753544,0.05247001111989,-0.110547588,0.02360898595,1.0942020432266,8.78036375381894,47.099290611123
"alpha_t[2,1]",-0.05659265416812,-0.057106971,0.0637694775686875,0.0697396418544,-0.163651495,0.03757581745,1.22445817126424,3.87348245256438,30.6204069389592
"alpha_t[3,1]",-0.0597028842701,-0.059538897,0.0691178919355976,0.0859150658268,-0.1583237935,0.0443258245,1.27081609642694,3.41551727559285,58.9391161255239
"alpha_t[4,1]",-0.0658163129444,-0.060947959,0.0767009948439704,0.090916279976298,-0.1973286795,0.0379989415,1.30052893672366,3.00894036795134,50.1864066532828
"alpha_t[5,1]",-0.0764122133673,-0.0662097915,0.0847516813946694,0.09018149892402,-0.207147684,0.04084080775,1.25604408834469,3.61313672977085,20.9530651340996
"alpha_t[6,1]",-0.06897555314757,-0.055035987,0.0902931696911168,0.08489969001864,-0.2144171715,0.05754784985,1.15923786414588,6.65143964319544,34.2655362333917
"alpha_t[7,1]",-0.07238535176934,-0.053129804,0.0890006762619111,0.078397542022716,-0.231998738,0.0579410967,1.21021893363547,5.09876184233543,46.9547890875454
"alpha_t[8,1]",-0.0728779126114,-0.059059313,0.0909128600410758,0.09183873119043,-0.2272750325,0.06327914655,1.36234655346009,2.96636580255793,34.1687749609557
"alpha_t[9,1]",-0.0724234982395,-0.059576496,0.0876047208406822,0.09144415743792,-0.2271328615,0.0463670699,1.43253660851033,2.53214440045122,31.9809941520468
"alpha_t[10,1]",-0.076000482545,-0.0699538385,0.0863397583788671,0.0846189717177,-0.222805244,0.0532219533,1.57722912893448,1.98431405087445,31.6824001034527
"alpha_t[11,1]",-0.0763026704375,-0.0703541365,0.0823188863386469,0.0859578744192,-0.2098191885,0.04755859405,1.65664543138271,1.84373373035616,31.6824001034527
"alpha_t[12,1]",-0.06833355949061,-0.059085183,0.0734772210246243,0.0875906588629107,-0.183416355,0.05602890945,1.7492942715748,1.68575528524695,25.0942313995411
"alpha_t[13,1]",-0.068024359111,-0.058751951,0.0786133955776687,0.09198864999744,-0.2007643115,0.042820296,1.69183803020541,1.78255463001717,73.5691550057054
"alpha_t[14,1]",-0.075916397087,-0.05940803,0.0799123254598385,0.09650971341774,-0.203260546,0.02935682715,1.51104666606337,2.06060563795237,56.9370206832442
"alpha_t[15,1]",-0.072771158823,-0.062495697,0.0747466921875973,0.09373489022898,-0.194925997,0.03298271075,1.44005752342112,2.22089142215934,72.1606974552309
"alpha_t[16,1]",-0.0879037572635,-0.0871667725,0.0841247177570737,0.1011390912945,-0.2297946635,0.02874031045,1.59339471437212,1.87125604715271,71.4660754915116
"alpha_t[17,1]",-0.0858363153278,-0.095607864,0.0786974658930382,0.0967581743457,-0.2050555735,0.03431571165,1.64640170156163,1.77321039895374,55.9974401170232
"alpha_t[18,1]",-0.0934263211999,-0.0923472175,0.0816383140394321,0.0936045551595,-0.2343510485,0.02798918935,1.55810282834248,1.95557106090154,44.0030173497609
"alpha_t[19,1]",-0.085806593485,-0.074262804,0.0788378921607451,0.0902287987566,-0.209434736,0.03092741325,1.52525163450271,1.98829265790456,15.0498796009632
"alpha_t[20,1]",-0.0909328026086,-0.0827701475,0.0869803089032486,0.0841615355028,-0.2576219405,0.0310630705,1.50389818852891,2.08767386328011,56.8419098881722
"alpha_t[21,1]",-0.0891127999062,-0.0815539805,0.085565871597741,0.0822023559567,-0.251769475,0.02688711345,1.32697019060557,2.700332086148,71.4660754915116
"alpha_t[22,1]",-0.0756798207002,-0.072254446,0.0817794713326427,0.0859884782484,-0.234771034,0.04430130495,1.17601104829723,5.13568332990936,36.0760984803863
"alpha_t[23,1]",-0.0760685738519,-0.07930562,0.0785092646172394,0.0956260928616,-0.217833353,0.02551800475,1.22780268473789,3.39256323948508,13.2615944225523
"alpha_t[24,1]",-0.0788794871911,-0.0942843735,0.0743586754558556,0.0933121960764,-0.1839193775,0.03714990915,1.28054009159697,2.7979166519643,13.7351856212228
"alpha_t[25,1]",-0.0731791253531,-0.0686105225,0.0797758261072818,0.0823706073351,-0.203074409,0.04289199935,1.2401225825099,3.13571601108979,16.7096342977179
"alpha_t[26,1]",-0.074047155611,-0.07138934,0.0781621459254171,0.0829952489541,-0.2012371165,0.04943421495,1.24369675276248,3.15819360928544,38.0187419765642
"alpha_t[27,1]",-0.075984802943,-0.081205787,0.0815592098427541,0.0894825869028,-0.1818927505,0.05574240565,1.15382397448746,4.53280283302747,28.718150413553
"alpha_t[28,1]",-0.086693167795,-0.1000396235,0.0872529059037809,0.0930054201909,-0.1983358945,0.05250555765,1.13910947569438,4.84846177412886,19.0382941688424
"alpha_t[29,1]",-0.0850330258136,-0.0832046005,0.0900755483137644,0.1068043868472,-0.223063572,0.0581436838,1.13582504953607,5.1274821063319,37.0944572910097
"alpha_t[30,1]",-0.0920592748616,-0.0861171635,0.0920174620057735,0.1016297822274,-0.2283088025,0.05214855385,1.15640496020178,4.45336405622781,21.5942744323791
"alpha_t[31,1]",-0.111973624385,-0.114225285,0.101364726709728,0.1137978755403,-0.2669079415,0.06034427695,1.23294138030352,3.23633270861759,21.5942744323791
"alpha_t[32,1]",-0.12783719945,-0.14030196,0.112080766868841,0.123709226298,-0.280725954,0.07571064195,1.28940799275261,2.80955874214193,21.0246288509397
"alpha_t[33,1]",-0.143036018657,-0.17472972,0.126272791362565,0.1457001124467,-0.308171523,0.0700308036,1.49436179753712,2.01037761180666,30.6204069389591
"alpha_t[34,1]",-0.155837879655,-0.173256905,0.142366757503542,0.1789667579637,-0.384877102,0.06936882235,1.67255743028506,1.71769091189197,29.9635545336692
"alpha_t[35,1]",-0.1627806818383,-0.176381805,0.16128163708205,0.1750587110958,-0.469243468,0.071757282,1.74596709598491,1.64259382801297,29.8882545259357
"alpha_t[36,1]",-0.1760454913765,-0.19522742,0.173190600597299,0.1865246806311,-0.489872014,0.0740079294,1.76143969361787,1.6320507002266,22.2747522502045
"alpha_t[37,1]",-0.17022518793566,-0.165732,0.174363503659483,0.1963602482898,-0.4644574805,0.07964818395,1.78860507318568,1.61786289171104,29.9635545336692
"alpha_t[38,1]",-0.168826196386,-0.147513105,0.176739017575506,0.20561186384172,-0.45254232,0.08068350465,1.80186338905746,1.60145340191164,24.3582350718816
"alpha_t[39,1]",-0.170313779295,-0.14541144,0.181620796170113,0.213558589167,-0.486218625,0.09883212915,1.74203777119708,1.65530736525791,48.4074922943175
"alpha_t[40,1]",0.0138014527959,0.014832533,0.0390753730974584,0.0428425120641,-0.04495680785,0.08216598325,1.0171701784241,27.8699006084081,30.6204069389592
"alpha_t[41,1]",0.0277509700017,0.0343233615,0.0465058778603754,0.0418696069638,-0.0522760771,0.0943404821,1.01206562049132,31.0745171508901,58.9391161255239
"alpha_t[42,1]",0.0473080150324,0.045332396,0.0486812228569371,0.0475753256055,-0.04478228165,0.122244625,0.998260242304642,31.1322753932664,54.8564568994389
"alpha_t[43,1]",0.069217433634,0.0678856465,0.052073584951103,0.0526349078934,-0.0170001659,0.164713153,1.00125732893877,22.2400082477596,76.6284020089591
"alpha_t[44,1]",0.085727029836,0.0805191785,0.0528714381305927,0.0531500483829,0.01119502761,0.1841001335,1.00013582257597,28.3959139675775,15.7980939116081
"alpha_t[45,1]",0.098971267516,0.095647677,0.0593350446998534,0.0547064062503,0.005203571685,0.209493962,1.00566300983419,26.0669705441986,49.9454971552379
"alpha_t[46,1]",0.1065384452536,0.0985384685,0.0634436201842544,0.0598558355808,0.005822608845,0.210932521,0.994059898925594,19.5048907548819,49.2481128063367
"alpha_t[47,1]",0.1135539444669,0.11572603,0.074974091277281,0.0840285173721,-0.000450275582999998,0.2343490355,1.00541035303057,15.1367123178021,65.7762636916378
"alpha_t[48,1]",0.1205687269098,0.123572015,0.0735834467773826,0.081355414035,0.003836592629,0.2365107295,1.00227400816678,15.0943601386914,77.3212964411783
"alpha_t[49,1]",0.129135971747,0.123444175,0.0726710439696592,0.0716358383286,0.000888368075000001,0.243953733,1.03597568808783,13.1587049073152,44.5810103703794
"alpha_t[50,1]",0.14272735399,0.125897045,0.0755540299268214,0.0943861151625,0.0314597313,0.2594429525,1.07615703413411,12.8667398014981,31.8008359076868
"alpha_t[51,1]",0.15027563117,0.140458925,0.0777420367695218,0.087709014792,0.0426856423,0.280030631,1.05922760228861,13.1495264929368,75.3818866285383
"alpha_t[52,1]",0.152528163023,0.14435329,0.0824246434385296,0.0987394542687,0.0468197223,0.2805869975,1.09770481963042,9.69581565697844,71.2874531148374
"alpha_t[53,1]",0.15544903532,0.14131964,0.0804393007302908,0.0848504367123,0.04173440915,0.2971363255,1.25556754646033,3.40964714052918,104.246447110884
"alpha_t[54,1]",0.155081148989,0.14563825,0.0813765384289722,0.095606787927,0.03737734395,0.287194543,1.32135856344549,2.67667132032792,50.7982583454278
"alpha_t[55,1]",0.154436042732,0.15579353,0.0807052182495605,0.0993020920731,0.038957478,0.2836475475,1.36376143393144,2.64201963889428,40.5548566509965
"alpha_t[56,1]",0.154471534519,0.14950633,0.0805928306501967,0.092701685118,0.03062758985,0.2872062125,1.47755080318299,2.06314620013234,44.2325367647059
"alpha_t[57,1]",0.155845931353,0.161845485,0.0856761216149233,0.083022723756,-0.005589354535,0.292911742,1.55935816377904,1.9058274052867,24.9964290815597
"alpha_t[58,1]",0.158267435998,0.1691467,0.088154610215118,0.092070171648,0.0274286927,0.291551749,1.59725338468266,1.83345379696538,21.5942744323791
"alpha_t[59,1]",0.157596437445,0.148814865,0.0866948383467604,0.109581226965,0.03831064245,0.2975616285,1.54167495543264,1.92941908184608,21.5490703115379
"alpha_t[60,1]",0.16108601726,0.161149255,0.0936651446326432,0.1043300030598,0.0180234768,0.325639182,1.46480155819003,2.14167372696046,31.6824001034527
"alpha_t[61,1]",0.154245696731,0.14425806,0.0837595576985355,0.092388849105,0.04007906845,0.2932923155,1.37499266742287,2.47296898347581,34.6094081084899
"alpha_t[62,1]",0.1515094418345,0.15446287,0.0888490482348631,0.1108901166534,0.02777836395,0.2993055865,1.56439232686248,1.92552332756074,48.4074922943175
"alpha_t[63,1]",0.15164801135,0.14523624,0.0882970769404826,0.098844119157,0.016893537535,0.298633343,1.4977119395057,2.16085875273662,42.1527132583187
"alpha_t[64,1]",0.1539174676925,0.156158125,0.0934988262485835,0.099150446556,0.003333943625,0.292819286,1.60758903546252,1.86628077247107,49.102132435465
"alpha_t[65,1]",0.155180563366,0.15626371,0.0964682460071997,0.1000436478216,0.002251217875,0.317274706,1.4380256133618,2.36348700146528,34.362847091416
"alpha_t[66,1]",0.151697502241,0.15378686,0.102832782400259,0.10281037809,-0.007742906015,0.3177404625,1.70546137479372,1.73017963987588,28.3400809716597
"alpha_t[67,1]",0.1479233463545,0.15983379,0.10587798659489,0.09203639802,-0.02232560505,0.3223768825,1.70101634579334,1.73860598577273,21.0246288509397
"alpha_t[68,1]",0.159405272037,0.17133064,0.114549850208188,0.108142096797,-0.0298313465,0.3433428665,1.70324796525691,1.70682878971764,34.2303070947551
"alpha_t[69,1]",0.159622257543,0.177974025,0.119547097315548,0.1267860549585,-0.04658715815,0.3414919585,1.60889940614034,1.92953616399921,26.8716958782109
"alpha_t[70,1]",0.164763547431,0.18353875,0.116770339880404,0.121612058946,-0.03980562435,0.342119753,1.57698688575021,1.94691424492938,25.3298043918779
"alpha_t[71,1]",0.1725213186195,0.184664125,0.118971351855696,0.117597052125,-0.0210845372,0.362848732,1.69449276949616,1.7453524664512,20.2078521939953
"alpha_t[72,1]",0.167468773269,0.188863905,0.122388648569271,0.120877964382,-0.0371738585,0.369681895,1.70776854571374,1.71956799333126,35.7580711074781
"alpha_t[73,1]",0.176145158939,0.185809715,0.131381212183897,0.1284590371071,-0.04030381795,0.3971429285,1.66223431103077,1.76216958415164,26.9877288449252
"alpha_t[74,1]",0.184442215657,0.188111885,0.135585481348677,0.1332942464175,-0.0278633752,0.4236685595,1.73790159995765,1.67121560063504,22.2747522502046
"alpha_t[75,1]",0.181830389698,0.179463685,0.141691887701377,0.1390578672609,-0.0340633439,0.4452021365,1.70985699246394,1.70278565716089,21.5942744323791
"alpha_t[76,1]",0.185244728648,0.162688935,0.152616097583039,0.1576275797796,-0.05183015135,0.4298562145,1.64274645863452,1.79045169020391,24.3582350718816
"alpha_t[77,1]",0.18157256857,0.170011775,0.159992614973899,0.1445878777875,-0.0598258697,0.4578784435,1.53698250677303,2.0120486562098,37.7806563039723
"alpha_t[78,1]",0.185263406562,0.16434025,0.167658521606453,0.1624420186053,-0.0427875206,0.4683290935,1.52043394142757,2.06041855565016,29.0649393788405
"alpha_t[79,1]",0.028942382314,0.023149655,0.0358892232484578,0.03981061767375,-0.0197429792,0.0923333994,1.04143248705543,27.6051627584845,31.7839996054474
"alpha_t[80,1]",0.050521108216,0.0577092935,0.044792329717028,0.0345041546871,-0.0369612463,0.111456779,1.01572147634786,25.1137649488402,59.2340830256237
"alpha_t[81,1]",0.065694448766,0.0732399265,0.0460332133245743,0.0392743838634,-0.0110012434,0.1206504225,1.07305740939506,36.7424902618786,58.9391161255239
"alpha_t[82,1]",0.0838510527083,0.090654466,0.0540532845769684,0.0548244419667,-0.01079987015,0.157234253,0.99319344716329,27.8224486122042,76.6284020089592
"alpha_t[83,1]",0.101189198792,0.10751117,0.0597822122076373,0.059494944054,-0.009838183775,0.192161844,0.99058583250103,32.3863695936388,54.8564568994389
"alpha_t[84,1]",0.123163101303,0.125171185,0.0610673123022801,0.0556158345729,0.0167753038,0.2146936305,1.01597581543612,24.7848123901316,34.3628470914159
"alpha_t[85,1]",0.143242696278,0.150511335,0.0657490076120117,0.050818272183,0.0366827384,0.251711448,1.0298402066641,23.0659555430007,21.5942744323791
"alpha_t[86,1]",0.1588185119899,0.160979655,0.0711404209939997,0.06632692794,0.04344120305,0.2770054855,1.08025439420441,11.9119641119475,21.5942744323791
"alpha_t[87,1]",0.176991487003,0.17531924,0.0783056388630273,0.077035295547,0.0496660767,0.3015853945,1.03788828841377,16.9722200243446,31.7839996054474
"alpha_t[88,1]",0.1898608655,0.19079588,0.0705189589831934,0.065499622314,0.0731738026,0.300353766,1.02523315531131,17.3797232492744,34.3628470914159
"alpha_t[89,1]",0.19964518382,0.20298128,0.0673076291222515,0.067276540653,0.0918414336,0.311516146,0.994536607517178,22.4131511696779,34.362847091416
"alpha_t[90,1]",0.20311710888,0.21059929,0.0667452151647866,0.067380115089,0.0884119501,0.303912384,0.992499973217846,25.538472555206,30.9515387336399
"alpha_t[91,1]",0.20514141316,0.216019625,0.069324569772975,0.062705818287,0.08675629305,0.307549381,1.0053084724968,29.0450812935791,34.3628470914159
"alpha_t[92,1]",0.1992643712,0.198172255,0.0597887878567268,0.067164359724,0.090795948,0.2881999205,1.07678478502191,17.5333994049588,32.0672233711159
"alpha_t[93,1]",0.20986505964,0.20706264,0.0607743112555984,0.065598445017,0.0960853648,0.3015992045,1.05821092572273,16.3275814789131,73.5691550057054
"alpha_t[94,1]",0.21533796586,0.21432001,0.0586653859238528,0.067722291756,0.131569733,0.3092371745,1.0601089060232,10.3058250044884,23.4051090009362
"alpha_t[95,1]",0.22881145993,0.22596463,0.0660470541777838,0.052612462812,0.1488709535,0.3357599175,1.03478007621867,9.85398419502825,21.5942744323791
"alpha_t[96,1]",0.23428316203,0.222443325,0.0742142635945873,0.055402804968,0.1156695465,0.3856512435,1.03723509623524,11.6996392266165,13.8186986734049
"alpha_t[97,1]",0.23788307722,0.23032783,0.0781089428415565,0.063287983416,0.1163801237,0.37497608,0.99213101317564,11.0453621779978,49.1933007346515
"alpha_t[98,1]",0.23394889437,0.226357955,0.0790647783189895,0.075819192897,0.1176248715,0.3641377195,1.00496815445756,10.7437008077533,42.9711796108349
"alpha_t[99,1]",0.2405068887,0.247252815,0.0835642822043614,0.071812866699,0.0878440578,0.3799149655,1.05136677691483,8.90028325448904,37.5549801362089
"alpha_t[100,1]",0.23716722154,0.24005466,0.0926554981716007,0.094529367681,0.08198474895,0.373736774,1.06723255802617,8.99010199549496,21.0246288509397
"alpha_t[101,1]",0.23711316306,0.24545203,0.102841868463099,0.087373813758,0.04820726525,0.374421364,1.07685241817146,8.12377285594069,21.0246288509397
"alpha_t[102,1]",0.23579553528,0.2479885,0.105106010935069,0.090164407956,0.0168350627,0.371911385,1.14044932895267,6.34503380890952,21.0246288509397
"alpha_t[103,1]",0.241809393536,0.25288161,0.104469380289771,0.081242432502,0.0173418912,0.378201622,1.21793613635798,3.85640319987045,21.5942744323791
"alpha_t[104,1]",0.248246877517,0.267887995,0.11105307338548,0.07288454187,0.002505306815,0.3947820425,1.28117090425312,3.12024347080104,21.5942744323791
"alpha_t[105,1]",0.251987645109,0.264427765,0.108933235330644,0.087566544345,0.02018303495,0.401224553,1.3068824867051,2.94779724690681,21.0246288509397
"alpha_t[106,1]",0.2515933789922,0.26896196,0.112558023208212,0.093467826081,0.0469469586,0.414053189,1.27532347688304,3.28723243150641,21.5942744323791
"alpha_t[107,1]",0.256130265374,0.268007575,0.113578979293746,0.111007480752,0.04423274655,0.4435105505,1.27560923664724,3.29536614341235,21.0246288509397
"alpha_t[108,1]",0.251127630218,0.24997542,0.111547487548599,0.133922924415,0.0975988364,0.4451468225,1.29866653793846,3.03202366124246,21.5942744323791
"alpha_t[109,1]",0.25477840559,0.240374785,0.109124403976781,0.107143402611,0.0902493426,0.4511197695,1.30073267920368,2.979934770549,24.3582350718816
"alpha_t[110,1]",0.25670054349,0.247167215,0.106304542551845,0.120871552137,0.107900823,0.4443902505,1.29710360169397,3.01626532940808,30.6204069389592
"alpha_t[111,1]",0.25448210187,0.25322156,0.10412901681531,0.116282549313,0.115861913,0.4227291715,1.3242972940771,2.71895618562698,30.6204069389592
"alpha_t[112,1]",0.25929930061,0.260387435,0.0959598886199066,0.117099432261,0.1031194735,0.4178154715,1.35163479484359,2.59614149388442,17.7917852785685
"alpha_t[113,1]",0.26777208686,0.26913039,0.0977353213245507,0.100121660751,0.1007394275,0.431514302,1.3974577233382,2.35147267188568,45.7499253062444
"alpha_t[114,1]",0.27648567133,0.278373515,0.104628166479909,0.118915246611,0.1014183567,0.4206698675,1.5992200144318,1.83807933250645,32.9939668174962
"alpha_t[115,1]",0.28546869414,0.303627475,0.106504882250093,0.125139705495,0.1095792058,0.436489675,1.71127732804832,1.70049936820871,23.851710508382
"alpha_t[116,1]",0.296741965409,0.319564925,0.121305472769186,0.132626546388,0.115515151,0.461649629,1.71353846488606,1.72206717607318,23.5468245425188
"alpha_t[117,1]",0.29423865473,0.30411262,0.123381857042095,0.143150975226,0.09052391835,0.477268026,1.63944098833086,1.81435128446988,53.2238442822384
"alpha_t[118,1]",-0.01969283630284,-0.0143438555,0.0342014866723931,0.0307098736476,-0.08270023675,0.0280046524,0.995592921526645,12.8176158178038,43.1269119030573
"alpha_t[119,1]",-0.0427814418563,-0.0387462265,0.0505743728790249,0.0653219608734,-0.1142167505,0.03101503805,1.02445976035434,11.9597474948188,43.7970546868536
"alpha_t[120,1]",-0.0530263228286,-0.0558794435,0.0643226053328126,0.07183321701486,-0.148468557,0.05392498045,1.04434348005127,7.01230906596794,15.3454928095405
"alpha_t[121,1]",-0.064449095825,-0.081207338,0.071666314348994,0.0647585254302,-0.1617523145,0.08124815735,1.05962012117419,7.58652342138195,21.0246288509397
"alpha_t[122,1]",-0.059279653491,-0.0720801885,0.0701476948145161,0.0561278490003,-0.148379113,0.0891138821,1.06118845223176,7.8507414986486,13.5711516091508
"alpha_t[123,1]",-0.048587587333,-0.0558154125,0.0578703635970321,0.0534492148239,-0.139295288,0.05193064245,1.07238260390781,8.21835501382252,14.0044814340589
"alpha_t[124,1]",-0.0341545940661,-0.041867375,0.0507036344580875,0.0460851295044,-0.1070863885,0.06286940805,1.11268301730674,13.2898501151909,16.3597270262691
"alpha_t[125,1]",-0.0161970160248,-0.00698134615,0.0646871598817026,0.06215087539899,-0.1400890685,0.08974407925,1.12350875821611,13.764832124121,27.9910428662827
"alpha_t[126,1]",0.0021674175204,0.0085114906,0.0691159473559368,0.07016495842986,-0.1103883675,0.1162756845,1.16276118600421,11.2934251345761,13.389441469013
"alpha_t[127,1]",0.02900557767046,0.0307133425,0.0620215658414682,0.05154117081897,-0.06465139415,0.1455039055,1.0895767834708,13.4966595016227,24.5786516853932
"alpha_t[128,1]",0.056038479871,0.048387888,0.0575401560723461,0.0553248661686,-0.02813866485,0.163575164,1.07462802598069,16.0173472271877,36.2769485903813
"alpha_t[129,1]",0.076148429092,0.0727616895,0.0599455993694426,0.0571109484582,-0.01837158365,0.179055894,1.09881114309381,15.7047801566879,16.8107588856869
"alpha_t[130,1]",0.084739157986,0.0840120255,0.0579668407589097,0.0579019162995,-0.01813821785,0.175398884,1.01809521709923,15.3742428622435,24.3582350718816
"alpha_t[131,1]",0.087559717788,0.0906696145,0.0541335748612595,0.0548776591524,-0.00402269384,0.173852591,1.03888408889427,13.3329827548083,52.4502744151648
"alpha_t[132,1]",0.099278903083,0.10722451,0.055622005157466,0.061122675768,0.007880654315,0.1709376925,1.3177924918859,2.91823680771483,24.2487826121382
"alpha_t[133,1]",0.1082170438277,0.114125605,0.0696321808438803,0.0667482495015,-0.0183941054,0.2067553165,1.26913456795505,3.23528808666257,40.5548566509965
"alpha_t[134,1]",0.1174785147126,0.122895835,0.0767736791390117,0.067313242416,-0.012094599,0.2382919315,1.32026474833084,2.75003432520052,21.0246288509397
"alpha_t[135,1]",0.124946672911,0.132138225,0.0831549026427176,0.082142704287,-0.0271779473,0.247093,1.24399010473327,3.41981576161351,23.0844608600611
"alpha_t[136,1]",0.128052398141,0.146914985,0.10137261434746,0.084362964504,-0.06578171035,0.261354594,1.2636372835908,3.13426581578914,30.9797177684487
"alpha_t[137,1]",0.124697770784,0.151408505,0.110886852791301,0.0852086721612,-0.09562558955,0.267320823,1.20695718166814,3.6955958360168,18.6547276409763
"alpha_t[138,1]",0.130714091685,0.171140355,0.114233365283194,0.081186390222,-0.0857757087,0.2584506045,1.24993406168273,3.16167512634745,21.5942744323791
"alpha_t[139,1]",0.137382615322,0.179939135,0.117190089281501,0.082867161951,-0.0875415888,0.264076263,1.33176922575764,2.61344243873181,22.1956478411335
"alpha_t[140,1]",0.135557213539,0.174245325,0.107976710762983,0.073775740143,-0.08330629395,0.259289809,1.40829090121259,2.31011303380743,21.0246288509397
"alpha_t[141,1]",0.131181326862,0.15649127,0.0921610129067251,0.077975315838,-0.05279133815,0.2441691655,1.37886592177429,2.46294009057555,34.8120151183607
"alpha_t[142,1]",0.1325821895235,0.16047808,0.0854072347712711,0.060531429714,-0.03966626405,0.226115194,1.30516388826985,2.82322824859577,15.594368205311
"alpha_t[143,1]",0.1474008350483,0.17861331,0.0832762232929867,0.06604515981,-0.000121696721499998,0.247611866,1.31847936762621,2.77510229548299,40.5548566509965
"alpha_t[144,1]",0.1522425084726,0.171695855,0.0824687153082716,0.060163374264,0.004007337393,0.26740622,1.24626639980159,3.41095140066715,22.2747522502046
"alpha_t[145,1]",0.15289410352,0.169785005,0.077302038801367,0.062741941836,0.0109963448,0.248530831,1.26626439463173,3.15299645017739,37.1482290150412
"alpha_t[146,1]",0.148533998539,0.157453945,0.0713435299339514,0.062755351953,0.011522145435,0.248052199,1.27392444329654,3.08881619836649,21.0246288509397
"alpha_t[147,1]",0.12984427121,0.13134031,0.0676054546537098,0.062209896,0.0138540023,0.2231926265,1.30576689496422,2.8717335549303,38.2860357544693
"alpha_t[148,1]",0.118056463705,0.10772888,0.0656416369554579,0.069736922766,0.0297186911,0.2195513215,1.28804034112273,2.96465067110928,48.4074922943175
"alpha_t[149,1]",0.109194820781,0.10827082,0.0597134285754716,0.0632411844057,0.02306443965,0.205853941,1.16407058048413,4.91495902044489,31.7839996054474
"alpha_t[150,1]",0.1052745333132,0.1027650795,0.0682249454428218,0.0799246835373,-0.00257261685,0.223933031,1.116343146602,11.1508241957572,27.8941615812004
"alpha_t[151,1]",0.10783800191,0.105798405,0.0712113950392755,0.0824493096735,-0.003354181925,0.2298743295,1.14613200683647,6.35425656387629,22.3817876196741
"alpha_t[152,1]",0.0994087942943,0.088098656,0.0751013711898658,0.0825072074274,-0.0135810925,0.222556041,1.29216562273897,6.41533867433162,24.3582350718816
"alpha_t[153,1]",0.097728535866,0.08478543,0.0806704807733132,0.0753621214017,-0.01682159695,0.2390724875,1.28186739688143,4.98367426829613,29.147235176549
"alpha_t[154,1]",0.098655127469,0.0884402425,0.0802176424509374,0.0888825942501,-0.00444515278,0.2633008805,1.21200356496307,5.85372389946015,21.0246288509397
"alpha_t[155,1]",0.096006949215,0.0883210105,0.0773395700794986,0.0776672960511,-0.003919864685,0.2682029935,1.18201798003951,5.06341319463023,21.5942744323791
"alpha_t[156,1]",0.0902221751751,0.0789991155,0.0892870539630051,0.0932028721176,-0.033787232,0.2757147685,1.212915688326,4.54611348214998,23.5468245425188
"alpha_t[157,1]",-0.0037161973888,-0.00028053544,0.0399663243532073,0.037693773536244,-0.08360066845,0.0571457014,1.04237566020512,15.1277409675047,41.6186076787794
"alpha_t[158,1]",0.0111452738066,0.015214436,0.0526917618153828,0.0491128181292,-0.0804626487,0.105479402,1.00153861766048,12.4700869218297,28.1855413924808
"alpha_t[159,1]",0.019892785973,0.02427732,0.0612865655331216,0.0579845556822,-0.09209892445,0.117963639,0.992982569023975,12.0759742947218,21.5942744323791
"alpha_t[160,1]",0.0274898214093,0.0300251915,0.0699098346235716,0.0677747216811,-0.08867032465,0.1356909045,1.00422226806635,14.3080746269104,22.2747522502046
"alpha_t[161,1]",0.047159963521,0.054263407,0.0673388604545904,0.06629790315393,-0.08338799685,0.1306707295,1.02105618619867,14.3774927535346,13.9888089528377
"alpha_t[162,1]",0.04631633735,0.0567300275,0.0624726485520188,0.0549568070121,-0.07116530275,0.136657459,1.02642801158375,11.8728810711644,34.362847091416
"alpha_t[163,1]",0.05111592071,0.059027489,0.060068287307053,0.0654011865696,-0.06409891605,0.1351245425,1.03536452691482,10.4046391318886,45.7499253062444
"alpha_t[164,1]",0.0544947676107,0.0554350955,0.0629065631886212,0.0673403132094,-0.03304658225,0.1492998555,1.16885742261324,4.96359905676843,54.8564568994389
"alpha_t[165,1]",0.0614355042984,0.0621293685,0.0661411992562437,0.0747568677429,-0.04801141495,0.1533972415,1.36138687555395,2.56853308904763,34.4188137450478
"alpha_t[166,1]",0.086269135671,0.0829183475,0.0601753478587684,0.0668469758355,0.004216812565,0.1771007235,1.48699649772079,2.10219833175834,51.9994667620882
"alpha_t[167,1]",0.103528643066,0.110245675,0.064464624550623,0.0624524693751,-0.0123592962,0.2012927585,1.55701528857509,1.90460227601121,49.5069511800841
"alpha_t[168,1]",0.11758534282,0.115023665,0.0663104042446155,0.0728257530735,0.01855604945,0.2220591425,1.56469639583346,1.8596955130879,38.8112663561763
"alpha_t[169,1]",0.13224288899,0.137411045,0.0648260588680675,0.0697711174524,0.0294046236,0.232112956,1.4212515147824,2.20530760238266,37.6425037642505
"alpha_t[170,1]",0.15542595412,0.157098855,0.0624409558236275,0.064411579239,0.0443178613,0.253740549,1.29796521166506,2.81204448059248,22.8907782864617
"alpha_t[171,1]",0.1748702347,0.17688358,0.0615018070051596,0.069370327677,0.07478880785,0.265010617,1.21691893811068,3.57635241950746,23.4930863203114
"alpha_t[172,1]",0.18834484739,0.18831719,0.0577060406486826,0.053679349185,0.100706573,0.2759822045,1.25665685378817,3.15012736092697,15.1777970511708
"alpha_t[173,1]",0.21543066357,0.209495985,0.0659651754363366,0.06281279529,0.111913863,0.304324976,1.06240955507789,9.18491875004243,38.8112663561763
"alpha_t[174,1]",0.23412477908,0.231940605,0.0745981710801182,0.060824888145,0.115236581,0.379851661,1.05316774244456,10.4802707233688,33.8817424896137
"alpha_t[175,1]",0.2601300648,0.263039635,0.0808439737587013,0.075312810867,0.1323779575,0.404918414,1.10284525145519,11.6854856584103,24.3582350718816
"alpha_t[176,1]",0.28165483075,0.27190408,0.086225194929577,0.070788686619,0.152432687,0.4437379535,1.21270376352424,9.28963828415963,21.0246288509397
"alpha_t[177,1]",0.2944037739,0.286936355,0.102220884199253,0.082699635564,0.1600382515,0.5195084035,1.18592649012351,8.24983955654896,21.0246288509397
"alpha_t[178,1]",0.3058932523,0.297885465,0.101370536198094,0.086049340461,0.1433558015,0.5337181975,1.13877073223661,8.51054388387687,21.2559212923599
"alpha_t[179,1]",0.30863952909,0.29462933,0.102113695185425,0.09605461467,0.16811037,0.5208211075,1.18089274193027,9.37967087526476,21.0246288509397
"alpha_t[180,1]",0.3120685463,0.30793093,0.0983660886419056,0.101811446688,0.1644917345,0.496034744,1.14327798489836,9.56842762524633,24.3582350718816
"alpha_t[181,1]",0.31222518721,0.309542865,0.0923578600966574,0.096952314144,0.158055367,0.472592301,1.09570270886286,8.68460662053587,44.5810103703794
"alpha_t[182,1]",0.3111361216,0.30906708,0.0898847035367698,0.107258585805,0.1706947735,0.4538612925,1.06030885508684,9.32556038360018,55.5782405516991
"alpha_t[183,1]",0.3085579002,0.314952815,0.0901586164210184,0.1008753627,0.156981419,0.454367653,1.08745352135035,10.3597076877513,17.0283156563199
"alpha_t[184,1]",0.30867812081,0.31756089,0.0918088455431034,0.108646677468,0.154068104,0.4313273915,1.11069600905922,10.0850895435431,52.5802360745293
"alpha_t[185,1]",0.30662693948,0.32266124,0.102021649290898,0.111947382435,0.1130365755,0.448379405,1.0833612041692,11.1200435865366,28.1169665809769
"alpha_t[186,1]",0.30848400091,0.332859115,0.109795030032062,0.114369350382,0.1006283908,0.473909311,1.02326405226958,10.9829544112053,23.5595045772751
"alpha_t[187,1]",0.2964921906,0.31864274,0.106195000456478,0.100217547906,0.09396043425,0.435535554,1.06570362611825,10.5153842370479,13.4542938417775
"alpha_t[188,1]",0.28274783825,0.298330325,0.104527500358774,0.110599899186,0.07684379395,0.417817716,1.04177397466297,10.6280630826666,13.3252112997792
"alpha_t[189,1]",0.262383779726,0.28161756,0.108340423019407,0.099915253179,0.05933103085,0.4075249185,1.07286717676469,9.93687582264386,14.0675241157556
"alpha_t[190,1]",0.24459687846,0.25453708,0.105420093308969,0.092309381745,0.0441835428,0.3836097515,1.19064873147283,4.72292191625239,14.0675241157556
"alpha_t[191,1]",0.233304810763,0.236521165,0.102877839521054,0.087470634951,0.0224515243,0.4065622375,1.28161430537047,3.23814442957175,13.4687908874009
"alpha_t[192,1]",0.229765331166,0.23713431,0.0946686724507434,0.068681415348,0.0299927001,0.3704465185,1.28896790244221,3.16639622397704,13.3252112997792
"alpha_t[193,1]",0.229188973935,0.24593701,0.0982100868380902,0.063494932137,-0.005747923625,0.352196296,1.19836627794789,4.10914401666936,13.788213047589
"alpha_t[194,1]",0.218369515384,0.23518733,0.100765694151236,0.066840604362,0.003493919325,0.3381418035,1.21864928298285,3.54400214216085,13.2545633568129
"alpha_t[195,1]",0.217989339199,0.2267789,0.102767288973344,0.09177108675,0.00384838718,0.3514604405,1.16744023537541,4.32741994729013,14.350143501435
"alpha_t[196,1]",-0.0002987233166,-0.00147284325,0.0243676509586655,0.02236279376415,-0.03844759625,0.03857313845,0.996641109801413,36.9776596011297,34.1687749609557
"alpha_t[197,1]",-0.00213287347489,-0.00849918655,0.0337071416202183,0.02872931641797,-0.0459035296,0.05747892265,1.08021171797969,17.2935831465392,31.6824001034527
"alpha_t[198,1]",-2.63053356000051e-05,-0.001065340595,0.03902402477071,0.040621144204053,-0.0583362304,0.07234558445,1.13341183335523,6.58599700792056,30.6204069389592
"alpha_t[199,1]",-0.000488994649840003,-0.0023295875,0.0408288470085339,0.043446873939,-0.06080038885,0.06254060925,1.13164172305631,5.73180065815384,62.7936335791842
"alpha_t[200,1]",-0.000580071267200001,-0.00194188535,0.0455013929535805,0.04683774715389,-0.0670449033,0.0692275777,1.21012096094799,3.84631514564684,48.4074922943175
"alpha_t[201,1]",-0.004515281567,-0.00539812225,0.0468176097276035,0.04863580899975,-0.0809705515,0.0700902733,1.14155668109215,5.89011480242255,31.6824001034527
"alpha_t[202,1]",-0.0098980805468,-0.0092102779,0.0456117608937193,0.04736475622704,-0.07270757045,0.06710265705,1.08475439809882,8.16939606120185,31.6824001034527
"alpha_t[203,1]",-0.014618012523,-0.0169145905,0.0486074823148269,0.0556541049267,-0.08898582305,0.06203101685,1.0294898458047,14.2900014374402,65.4003091120767
"alpha_t[204,1]",-0.015357338091,-0.0131930355,0.0520512187530283,0.0567728363391,-0.09565761115,0.07575140075,1.06432884085398,12.3145504795824,66.9637815053919
"alpha_t[205,1]",-0.0185917027875,-0.020549558,0.0514235108934683,0.0513299048409,-0.104317903,0.07338214675,1.08191823794638,8.74066405462212,42.4389398926035
"alpha_t[206,1]",-0.020316368011,-0.027187405,0.0553409105635592,0.0483991041261,-0.108249908,0.08530010515,1.09200960822765,8.24874156908613,52.4502744151648
"alpha_t[207,1]",-0.0215576817308,-0.0342555255,0.0574337770888814,0.05536748817579,-0.1001649779,0.0740197384,1.10198205326854,7.50410858433686,47.9921645445642
"alpha_t[208,1]",-0.024166816196,-0.035581344,0.059615931755016,0.0719909432676,-0.1115813365,0.07893715565,1.0592044107519,9.67177558145862,23.084460860061
"alpha_t[209,1]",-0.0260546256323,-0.0339277295,0.0602402889943527,0.0721613051271,-0.10778703,0.0684959587,1.08502062209196,8.32941266188033,21.5942744323791
"alpha_t[210,1]",-0.0311086711315,-0.036472872,0.0638275818904931,0.0774808331556,-0.118869939,0.07977141225,1.0943465042968,7.79503805014043,23.0844608600611
"alpha_t[211,1]",-0.0387155306585,-0.042497855,0.0622647971651203,0.07591182581913,-0.1294152845,0.0530035918,1.08171105373825,8.13088974169637,21.0246288509397
"alpha_t[212,1]",-0.0441398079913,-0.0447131545,0.0636359283262118,0.0819100087344,-0.138783407,0.05886487755,1.06331122710904,8.42460000606532,23.5151840902982
"alpha_t[213,1]",-0.0460170671884,-0.0535931875,0.0678303846623915,0.0740163179385,-0.145582957,0.0728059234,1.06039780281509,8.48581164156034,16.5986910746467
"alpha_t[214,1]",-0.0444697782012,-0.044056074,0.064540965257516,0.0787654593537,-0.133427884,0.0551121592,1.02958937544619,8.37925223841634,13.9809858592314
"alpha_t[215,1]",-0.0525976286113,-0.055935333,0.0634758549317394,0.081911956181391,-0.14280327,0.04122111565,1.01499166570999,8.84630862092196,34.362847091416
"alpha_t[216,1]",-0.05442767828451,-0.0462580445,0.0653913605379217,0.08190524150823,-0.1465296725,0.04125255615,1.01939544126789,9.15631468870713,44.2325367647059
"alpha_t[217,1]",-0.0570330693914,-0.0447796165,0.0662096830148124,0.07565279573229,-0.1557839005,0.04973216235,1.01524526131365,9.20964931345549,61.9932680265282
"alpha_t[218,1]",-0.061416325085,-0.0525653075,0.0663049168186207,0.08468317897242,-0.1703902455,0.03491824005,1.02110532294761,8.59348462006324,47.0511341171155
"alpha_t[219,1]",-0.066560813387,-0.0525120635,0.0645650466566403,0.06361956067908,-0.1715048105,0.0208210581,1.02345218802123,9.26714478979157,31.4535141569991
"alpha_t[220,1]",-0.0720190963406,-0.0623179325,0.0643193751654508,0.0702608647104,-0.171958856,0.02329544115,1.04843629481949,9.11706156582383,35.4032712646534
"alpha_t[221,1]",-0.0779080713643,-0.074375302,0.0618453074023068,0.0670254141585,-0.176498406,0.02459100155,1.05214238561233,8.64527034462891,43.9228175685244
"alpha_t[222,1]",-0.088489133267,-0.0827900055,0.0672822364411838,0.076437637248,-0.1841097515,0.01746966825,1.00031505562908,9.72674559412117,35.4032712646533
"alpha_t[223,1]",-0.0944902804318,-0.106523445,0.0673835100061096,0.074059583913,-0.1998409295,-0.000332791731000014,1.04270313556854,9.6258011708507,50.6534301172039
"alpha_t[224,1]",-0.097549625044,-0.11344437,0.0739086439979917,0.0746152987167,-0.2111300615,0.03001198255,1.01548356819374,9.33012919385695,35.4855274828797
"alpha_t[225,1]",-0.100704310203,-0.104352345,0.0779972687929098,0.0903236896044,-0.2148452205,0.0187199512,1.01563893610417,9.29945082654586,35.9016441487646
"alpha_t[226,1]",-0.10411480767692,-0.126644245,0.076198196714954,0.077331630222,-0.221584096,0.01347751855,1.0164802760792,9.45868155526407,35.9016441487646
"alpha_t[227,1]",-0.11146321132104,-0.116421715,0.0759239343808059,0.0881207061252,-0.2226279925,0.00834836663,1.02778190324973,8.62706350945375,41.119527510344
"alpha_t[228,1]",-0.1127674652706,-0.131424595,0.0730616681655387,0.085304245005,-0.207749252,0.007146555575,1.00641310414111,9.62352480496717,44.4168526573176
"alpha_t[229,1]",-0.1136340005371,-0.124300355,0.0760782048668576,0.0949573453752,-0.213037644,0.00100970560999999,1.0067182176412,10.126675392533,40.8687529191966
"alpha_t[230,1]",-0.1149192970984,-0.12585664,0.0733344074580745,0.0962968655796,-0.2152519055,-0.00663303245700002,0.99903656774117,10.6223083729247,36.8120937879514
"alpha_t[231,1]",-0.1169732691298,-0.1245176,0.0725547252698148,0.0963471153414,-0.2222591315,-0.00708215261850002,1.00178658326373,10.5232112444394,66.8803105099925
"alpha_t[232,1]",-0.1176182745561,-0.11360098,0.0748231863404883,0.0957695440485,-0.2282755945,0.00333390350499999,1.01132627793246,12.117537752388,44.085536980137
"alpha_t[233,1]",-0.118690911498,-0.11792023,0.0758670528197416,0.0948317698965,-0.231735822,0.00139399092,1.00176575335193,14.2878750751134,53.190439536582
"alpha_t[234,1]",-0.117030083884,-0.118913935,0.0805454896439479,0.0960951000282,-0.2436428595,0.01039968605,0.99655881352354,15.529150974703,66.8803105099925
"alpha_t[235,1]",0.00180562712,-0.000709545055,0.0232885361927465,0.0210616102599,-0.0330742353,0.0417740877,1.01780252288096,55.3137924556543,20.7100591715976
"alpha_t[236,1]",0.0016412066644,-0.00027479365,0.032654748190031,0.03197402269341,-0.0528553269,0.05896726555,1.07760154742354,11.538063801996,24.2449431975616
"alpha_t[237,1]",0.007549772495,0.0024860503,0.0409941886568876,0.04220416054638,-0.0575348718,0.08302566645,1.02875224748326,13.8903439771855,65.5135225921653
"alpha_t[238,1]",0.000348521967109999,0.00522243445,0.0411171382333195,0.04385604551937,-0.0694911938,0.0597923922,1.05631366332793,13.8388322215955,74.7352313149317
"alpha_t[239,1]",-0.0027312161561,0.00297010655,0.0494285083311436,0.0509753692203,-0.0870514664,0.06631411365,1.07869999723539,8.98996415822464,34.4185819706771
"alpha_t[240,1]",-0.0019269061068,0.001911184395,0.0526142790010778,0.046802272916973,-0.09826672005,0.07788673535,1.08431205908488,8.79755746667469,37.1594138226251
"alpha_t[241,1]",-0.004983817605,0.00733963545,0.0534951995131704,0.0523611643359,-0.1000224297,0.05625220195,1.06225752327606,10.8299048156568,37.1594138226251
"alpha_t[242,1]",-0.006198022239,0.0026473449,0.0528951133195999,0.05340914741064,-0.101248383,0.0618560652,1.06265623418364,10.4278481294658,36.2683651035811
"alpha_t[243,1]",-0.00303502543399999,-0.00066379885,0.0552073392978839,0.0537714297645,-0.102596314,0.0726545747,1.0460870494941,11.2542656111543,36.6450920670082
"alpha_t[244,1]",-0.001558634106,0.0068960519,0.0592337939532424,0.0584208055431,-0.105746806,0.08189907565,1.03130009426285,12.1345918086741,16.137956473626
"alpha_t[245,1]",0.002693646487,0.011549702,0.0641974763301448,0.0635046735603,-0.108765662,0.09662246795,1.06591589441786,9.44427810409314,16.137956473626
"alpha_t[246,1]",0.008440411735,0.0195823185,0.0671090363833178,0.0619567338957,-0.1185554895,0.102112715,1.11924969200228,8.41339077802641,14.4663966272629
"alpha_t[247,1]",0.0118526104634691,0.0212647425,0.0710291253196568,0.0715784061111,-0.1348771615,0.1108008545,1.10204542647632,8.58687746724834,14.0280561122244
"alpha_t[248,1]",0.0124751435367,0.035900644,0.0785463231136675,0.0701710532502,-0.132293527,0.106245291,1.22391184816291,7.70275808042237,13.8110646357825
"alpha_t[249,1]",0.0148852588537,0.029794111,0.0741893000772033,0.0667541272692,-0.1359339115,0.1094023135,1.14901855792291,8.00679726146553,13.6080870917574
"alpha_t[250,1]",0.017383220781,0.0299874795,0.0723768451969416,0.0625623626523,-0.1275778665,0.113273593,1.18366311590136,7.32785133707643,12.9122703460488
"alpha_t[251,1]",0.024373244289,0.03359597,0.074694828866214,0.05834857808955,-0.1190621255,0.1214102485,1.13539553565834,6.0026556481899,13.4037990196079
"alpha_t[252,1]",0.037103442628,0.054263123,0.07335377668056,0.0556123727019,-0.1050285225,0.1339889075,1.19863187231592,4.0766706565688,12.9122703460488
"alpha_t[253,1]",0.044868050343,0.064989868,0.0728301662446783,0.0577391030979,-0.102346761,0.143839818,1.21857679040838,3.75890684675525,14.6357782052354
"alpha_t[254,1]",0.0500817565,0.0677759635,0.0795264636491515,0.072181730166,-0.09585785345,0.151223123,1.27694296013209,3.05612799685509,17.7538804910216
"alpha_t[255,1]",0.052888532129,0.0686853655,0.0845041755759124,0.0748782304137,-0.110810487,0.165065592,1.35969567448103,2.45225059147891,14.4915534945346
"alpha_t[256,1]",0.055791657693,0.0711333615,0.0836503966468383,0.0753145907283,-0.1078990725,0.1727128995,1.37284200699699,2.35214644825494,16.1067648412333
"alpha_t[257,1]",0.059956907788,0.0828352165,0.0866917800333989,0.0775056466905,-0.108446556,0.1808210255,1.39914719351997,2.24838941644007,14.0675241157556
"alpha_t[258,1]",0.068083352671,0.0886352855,0.0898818844444206,0.0822310501971,-0.09592398585,0.190315235,1.42677926126825,2.17034977071522,16.4026619177055
"alpha_t[259,1]",0.07082766596,0.09201931,0.0994961043843363,0.0911870950578,-0.1027242085,0.1905339965,1.52333728043956,1.94920016573773,16.3597270262691
"alpha_t[260,1]",0.067526503003,0.0916248365,0.103587595695897,0.0958785240441,-0.104594092,0.199273543,1.49838961878632,1.99044101167381,12.9122703460488
"alpha_t[261,1]",0.069200511269,0.092162091,0.108763456919916,0.0965729894514,-0.1274360225,0.203159138,1.62335677215118,1.79043163076142,16.4026619177055
"alpha_t[262,1]",0.074247246423,0.107581495,0.111924095984833,0.106722796404,-0.1171326225,0.2064706375,1.65521509927529,1.74227566698614,12.8702156943087
"alpha_t[263,1]",0.074670720118,0.109720365,0.114424022515756,0.104364016869,-0.1159899625,0.2146637175,1.77448963539314,1.60975199706224,18.2595993322204
"alpha_t[264,1]",0.07616554743,0.120183655,0.112839223288476,0.102411973818,-0.111805068,0.2046907655,1.81565189840413,1.58273797311161,16.7656639202913
"alpha_t[265,1]",0.076897454119,0.112692645,0.115421922227897,0.110208841197,-0.108024474,0.214268438,1.75660642435729,1.62546222397746,22.0625315179021
"alpha_t[266,1]",0.0773635363004,0.1084275285,0.115999050749775,0.1070653704078,-0.124233363,0.214947481,1.77895572274522,1.61910474368915,12.8042980631539
"alpha_t[267,1]",0.0779691274314,0.12263058,0.120142792665832,0.0981917225247,-0.131107461,0.218968098,1.78280332641068,1.62460343076678,12.8702156943087
"alpha_t[268,1]",0.082275183262,0.12822543,0.118182803084546,0.0957915273,-0.1334590195,0.221984898,1.87024081669027,1.55765356209346,16.7656639202913
"alpha_t[269,1]",0.083852497617,0.12254472,0.115567044298235,0.1014871049577,-0.126348512,0.216974951,1.877794612056,1.54856261856189,12.8702156943087
"alpha_t[270,1]",0.0854853786729,0.11692468,0.115541595056194,0.1087712796198,-0.111912871,0.221039553,1.89563759683772,1.53096582795194,12.7390522145152
"alpha_t[271,1]",0.088165350563,0.1073084,0.120618924726187,0.115934219856,-0.134200898,0.2325672565,1.86642474564143,1.53666710801704,16.4026619177055
"alpha_t[272,1]",0.085855523669,0.10666945,0.122609589285416,0.1233255827916,-0.1410050035,0.2456018385,1.95377332946922,1.49175181006305,12.8042980631539
"alpha_t[273,1]",0.0868568374834,0.110662375,0.119520632441511,0.1042647189927,-0.115601062,0.237025073,2.00738255934811,1.46801315131518,16.4026619177055
"alpha_t[274,1]",0.000276127541500002,0.00607355135,0.0473073567525196,0.04359361820289,-0.09930799295,0.07252420015,1.06957117899851,21.652956604242,22.2747522502045
"alpha_t[275,1]",-0.0034866876,0.0023804599,0.0517012674204086,0.0442041697104,-0.1141721215,0.0605980563,1.05524086100247,14.9005308647997,50.9056378272935
"alpha_t[276,1]",-0.0031327894704,0.001439600575,0.0529280457635651,0.0633281566869,-0.0916633978,0.0722009379,1.08273304256503,10.8865045106083,21.0246288509397
"alpha_t[277,1]",0.007984338387,0.0075175545,0.0540102197727102,0.0483277421403,-0.0700255419,0.0999170336,1.1282485754738,6.53223132832418,40.5548566509965
"alpha_t[278,1]",0.01024373158204,0.017029623,0.0562597374118588,0.0591535954191,-0.101212795,0.0908043936,1.3999169622654,2.36935246455604,32.9939668174962
"alpha_t[279,1]",0.010682079775,0.0106111255,0.0664941979412718,0.0768667365291,-0.0932550552,0.108160695,1.44433207995997,2.20833284924977,27.6811135716545
"alpha_t[280,1]",0.02049130983,0.0280774285,0.079822314687534,0.078498073185,-0.0900459929,0.1655853655,1.60089696124681,1.85857753337095,25.7163850110212
"alpha_t[281,1]",0.0247056034127,0.0316868355,0.086135958630397,0.0872055883251,-0.09945681455,0.160635641,1.77348656605585,1.65810595034254,27.4079874706342
"alpha_t[282,1]",0.031618657904,0.0201412535,0.0933098198406809,0.1055220727638,-0.105063423,0.184460933,1.76708697519841,1.69456099365682,28.7309144639632
"alpha_t[283,1]",0.02991102511,0.0290658485,0.104385438607888,0.1237054108269,-0.1325852005,0.1836184715,1.73616715230033,1.68255773814104,31.2859149533904
"alpha_t[284,1]",0.020359046142,0.014688297,0.110255363095334,0.1489135263735,-0.1322551235,0.184952696,1.50197685054242,1.97460442359643,14.7567248503246
"alpha_t[285,1]",0.0210469509574,0.0161499775,0.106932264762726,0.1196277789819,-0.149525573,0.18907447,1.54630928789063,1.89091337488297,29.1330163703082
"alpha_t[286,1]",0.033089236992,0.0333077735,0.105048928307365,0.1271231737356,-0.106736582,0.188769784,1.44278705368651,2.12684071574023,35.2538275584205
"alpha_t[287,1]",0.03867272593,0.038741302,0.101107136631571,0.1168368979008,-0.105665293,0.193485203,1.52694391493201,1.93500683511251,27.9285030322374
"alpha_t[288,1]",0.0489128272793,0.031497668,0.10312154360936,0.1074421843173,-0.0925278455,0.225387882,1.54387902275774,1.90165665710251,16.6097190584662
"alpha_t[289,1]",0.052405926366,0.038680801,0.0973701827149221,0.0938886902604,-0.0872555318,0.230224174,1.61306484221129,1.81965451235893,21.5490703115379
"alpha_t[290,1]",0.061098016538,0.0543860735,0.0934545139080749,0.09161187152208,-0.07069623405,0.2174100335,1.67505151879012,1.75298549785339,29.535152859485
"alpha_t[291,1]",0.0591705034589,0.058381106,0.0898561109736759,0.09472881214797,-0.0531203003,0.2131605635,1.51405700101017,1.9743981007266,19.1110625750791
"alpha_t[292,1]",0.0468417081868,0.0454321025,0.0969175004914062,0.1198378937952,-0.1148634695,0.1985442465,1.31827962476677,2.79903003048696,34.0725586313509
"alpha_t[293,1]",0.044268576552,0.0486454885,0.10488886436449,0.1103590552638,-0.139910815,0.205901832,1.25357065102739,3.12922998805061,20.1427255985267
"alpha_t[294,1]",0.032538736121,0.0562048135,0.110656572668503,0.1297086161238,-0.167916132,0.185985311,1.25426158088331,3.21299965467714,17.2040896578843
"alpha_t[295,1]",0.043960874274,0.0570622185,0.0969346853084389,0.1161070265229,-0.1054353455,0.1830908315,1.531550212171,2.04112682866201,56.8419098881722
"alpha_t[296,1]",0.0427122809206,0.044748145,0.102097761149118,0.105911636292,-0.09975916035,0.216822691,1.69132345240626,1.75120828263628,45.114720288734
"alpha_t[297,1]",0.044604993076,0.0470741525,0.0933779214481122,0.1066680373143,-0.08424200935,0.201225476,1.72937852198742,1.68890770145318,24.1980088495575
"alpha_t[298,1]",0.040416637812,0.0300426785,0.106644416690529,0.1238464735452,-0.1242785185,0.2115692445,1.55516806313221,1.95536893057373,35.5041590586324
"alpha_t[299,1]",0.0398492619752,0.038566262,0.11097833453728,0.1386259050792,-0.1153313985,0.206687679,1.81462940508101,1.5978961004443,35.2538275584205
"alpha_t[300,1]",0.03861812775,0.0559895305,0.119841334507305,0.1666341761112,-0.1337927785,0.2350945005,1.76662791268603,1.6631285508146,56.8419098881722
"alpha_t[301,1]",0.041530473159,0.054187135,0.120774465674602,0.143607979263,-0.1447247365,0.2365224705,1.87961301021277,1.56994608244379,29.2007341898881
"alpha_t[302,1]",0.0353197676735,0.045590497,0.122294511165465,0.1540622625885,-0.1416971095,0.2299285645,1.93086496674511,1.53028661320988,45.705544362361
"alpha_t[303,1]",0.025712609826,0.050789204,0.114346921988819,0.1304962814736,-0.151756276,0.1989784865,2.0147025655744,1.53393263944271,30.6204069389592
"alpha_t[304,1]",0.016189705576,0.037988759,0.10351326239796,0.1215940616646,-0.1383955685,0.185346007,1.84660692623814,1.6028200742018,31.6824001034527
"alpha_t[305,1]",0.015534975924,0.0255760445,0.102955490751221,0.1250055843099,-0.1346729905,0.1695205325,1.63840307528664,1.82291953171309,21.0246288509397
"alpha_t[306,1]",0.024683196196,0.030115678,0.100958228855201,0.1154697323955,-0.130779766,0.1885303065,1.84995303999951,1.6464392475563,30.6204069389592
"alpha_t[307,1]",0.0231869230723,0.0299722365,0.105702994753223,0.1212724197489,-0.144500248,0.162947229,1.84892820656657,1.651471047011,30.6204069389592
"alpha_t[308,1]",0.020637639623,0.02153175,0.11274872271013,0.1525415219622,-0.1391054215,0.186288835,2.01628911403016,1.5051903500724,31.6824001034527
"alpha_t[309,1]",0.00906220434400002,0.0120912035,0.11552556994279,0.1445674794354,-0.169947172,0.1894606765,1.81574011402401,1.67506026869759,48.4074922943175
"alpha_t[310,1]",0.00912403161740001,0.00065877397,0.118661927490714,0.1480822629468,-0.1710119745,0.204694093,1.71942083015835,1.72530928045964,37.7806563039724
"alpha_t[311,1]",0.0143481191073,0.021688582,0.126543086560197,0.1620872361318,-0.2000509655,0.1970895525,1.86400117836976,1.59408650669454,22.2747522502046
"alpha_t[312,1]",0.0194937776906,0.026069842,0.13769515391997,0.1711344623751,-0.202127357,0.2241944025,1.69894155386366,1.75415756172171,41.6567483932395
"alpha_t[313,1]",-0.0316339782353,-0.02777217,0.0386169897523275,0.03285389649696,-0.1082565835,0.02531276755,1.38520333103906,2.40490059352114,20.8492894221768
"alpha_t[314,1]",-0.045531719679,-0.034535594,0.0606254056961793,0.0437366117853,-0.1633427595,0.04176139165,1.28279907829875,3.10138472847379,21.0246288509397
"alpha_t[315,1]",-0.057059138195,-0.052271296,0.0755083205784285,0.06404476257543,-0.197979429,0.05041514915,1.26226237813427,3.20617370001494,14.9687794029596
"alpha_t[316,1]",-0.066042425289,-0.056559378,0.0827414434733294,0.07783139377734,-0.2237905625,0.04248670495,1.12712921157931,5.69712034421942,25.9952465834819
"alpha_t[317,1]",-0.0780709548205,-0.0748895855,0.0897441554171835,0.0882672351897,-0.234479713,0.05878734505,1.13173682513656,7.33554722831818,22.1956478411335
"alpha_t[318,1]",-0.085653550165,-0.0740751715,0.0916089784578607,0.0929097880431,-0.247106445,0.04908316685,1.27207019579528,7.45680283359702,32.4795842613214
"alpha_t[319,1]",-0.090248654471,-0.0863776495,0.10074132515802,0.12274061317644,-0.259330139,0.0516350535,1.43369814366588,7.11008821184152,21.5942744323791
"alpha_t[320,1]",-0.09419740838957,-0.103732085,0.10096100625751,0.1071173221944,-0.270880685,0.0631497755,1.30850027600521,7.2034721326761,20.1752363384827
"alpha_t[321,1]",-0.094633259599,-0.0937174425,0.110508491032903,0.1274747152455,-0.2992924465,0.07012830215,1.30722511332103,6.81721780019568,15.0589450133379
"alpha_t[322,1]",-0.09680239596128,-0.0852744755,0.105399303413834,0.11857516463541,-0.2830220375,0.05274129575,1.21393726899307,6.9924977639554,13.0721046622061
"alpha_t[323,1]",-0.101591025382,-0.09198795,0.100955740731041,0.1201794114465,-0.266597359,0.0361781335,1.15297963145901,7.64377357198437,15.233286908078
"alpha_t[324,1]",-0.09473666438,-0.087300251,0.0955800666522594,0.1114016188425,-0.255757975,0.03626804475,1.10665993861075,7.7517247742501,32.6412730151529
"alpha_t[325,1]",-0.092075110708,-0.065723234,0.0906733033876668,0.0812170592856,-0.2461268025,0.0362749483,1.01113345560938,8.1236219024228,71.2874531148375
"alpha_t[326,1]",-0.08697062854863,-0.063349585,0.087919923183524,0.08788789055613,-0.24107106,0.03156939075,1.03446667823362,8.20904165349118,40.5548566509965
"alpha_t[327,1]",-0.0795161450477,-0.064265261,0.0828835953493878,0.08747730694752,-0.224858147,0.04568772965,1.01781973354776,10.9676572997594,34.362847091416
"alpha_t[328,1]",-0.076042483745,-0.060999995,0.0784616993418149,0.08422137598161,-0.198757557,0.02923135385,1.03755571914447,10.0804210637183,48.4074922943175
"alpha_t[329,1]",-0.0740790755632,-0.0644038265,0.0751429414536473,0.08069258960973,-0.2013505265,0.04111095945,1.02864190319906,11.3501939836672,57.1796147777817
"alpha_t[330,1]",-0.072186443962,-0.0679212045,0.0661244584531697,0.0718291982793,-0.178003424,0.0192804975,1.07100819342676,9.43603539620246,44.2325367647059
"alpha_t[331,1]",-0.078552540389,-0.0625131955,0.0658588444509549,0.0634148635827,-0.2043948075,0.01182121485,1.01226884769797,13.5980532156898,40.6648486710708
"alpha_t[332,1]",-0.0748069602292,-0.063039404,0.0637405065459374,0.0744190002528,-0.1811096025,0.01453505325,1.02118881433807,12.468700090534,61.0560572299755
"alpha_t[333,1]",-0.0782776043983,-0.0735138265,0.0642900795642093,0.0686423777487,-0.183068775,0.00898571354999997,1.04158072467292,11.1812385487934,51.0913089574079
"alpha_t[334,1]",-0.080554455178,-0.0860649025,0.0629973213083539,0.0661847725455,-0.1699101855,0.01822818855,1.03810602073655,13.060760646419,82.1239845413678
"alpha_t[335,1]",-0.078544353471,-0.072878586,0.0695240862740348,0.0763729995945,-0.191158485,0.0197020617,1.08727163355654,10.9067370382293,37.2085258922139
"alpha_t[336,1]",-0.0811256252081,-0.0788619945,0.0774169585153677,0.0813010344909,-0.2070277895,0.0357861146,1.11775762738603,9.69027701396321,21.5942744323791
"alpha_t[337,1]",-0.088730296337,-0.0757534975,0.0792740868459188,0.0806641999695,-0.214643543,0.0327015694,1.1616666338827,6.77344627110079,21.5942744323791
"alpha_t[338,1]",-0.0932395316872,-0.08367747,0.0780664624507184,0.0822212383503,-0.214456216,0.03206864545,1.13484776546093,9.34864943802441,30.8992306722159
"alpha_t[339,1]",-0.0917347656278,-0.085955548,0.0759729251495044,0.0882915720687,-0.209042624,0.0261017278,1.13567318011388,9.51301294135924,57.2804638548583
"alpha_t[340,1]",-0.090758700604,-0.0910914215,0.0843737162807116,0.1103766248151,-0.2173554035,0.0412067005,1.14096312447849,9.53784795726669,17.8425774877651
"alpha_t[341,1]",-0.085756823348,-0.0820553395,0.0858118764136463,0.0968909923254,-0.2201567035,0.03141435285,1.11820998205144,10.2124627447157,13.9888089528377
"alpha_t[342,1]",-0.082474034905,-0.093826954,0.0893100563022544,0.0861444151512,-0.2130460855,0.0697728687,1.17105007003323,6.42302494943282,12.9368155368514
"alpha_t[343,1]",-0.077558487869,-0.084191181,0.0897135760175332,0.0818070199254,-0.2128116425,0.0897554641499999,1.23796752997895,3.8955439375712,13.1777108433735
"alpha_t[344,1]",-0.080829993773,-0.0904227565,0.0906077314568849,0.0733201808997,-0.2248647905,0.0947376967,1.3026731351059,2.90638712823674,14.9063032367973
"alpha_t[345,1]",-0.079767913358,-0.088455128,0.0951659418393454,0.085201545303,-0.224428746,0.09420789205,1.38364899038298,2.36125835254626,15.1593901593901
"alpha_t[346,1]",-0.090533191873,-0.0950953165,0.0900063971166753,0.0809600238888,-0.2407428435,0.0698097173,1.37615645565419,2.37342285288803,13.9888089528377
"alpha_t[347,1]",-0.082447169839,-0.082826406,0.100421471543459,0.0885151184967,-0.266965486,0.09392669985,1.36329721589527,2.40370443766118,16.467488472758
"alpha_t[348,1]",-0.0854190804487,-0.0952438265,0.103229213854299,0.0997353233604,-0.2637986475,0.0821070001,1.43937227401867,2.14817298557824,17.1686451486314
"alpha_t[349,1]",-0.090296975410952,-0.0857733725,0.103867905970218,0.1033852844094,-0.275075284,0.0728563834,1.44380473212533,2.139184932468,36.7569838269269
"alpha_t[350,1]",-0.099729639625,-0.095937088,0.109041584583053,0.1079278655448,-0.288556645,0.0705813843,1.38481131113056,2.39041497992837,17.5052515754726
"alpha_t[351,1]",-0.105319952278,-0.1013712825,0.106985325513336,0.1173120845442,-0.2964481905,0.0562376075,1.35596661204186,2.47304408705874,17.7035912999494
"alpha_t[352,1]",-0.0016481683579,0.000740822715,0.0321615430693705,0.030191558488959,-0.0531384388,0.05356131435,1.00094212096083,52.9567349219794,66.8803105099925
"alpha_t[353,1]",-0.0059132785691,-0.0067988052,0.0349841427184764,0.03781394013432,-0.06197564125,0.0506516603,0.993161459145378,46.7693086596306,90.1994876681475
"alpha_t[354,1]",-0.010125293352,-0.016422836,0.0489784917864708,0.0499313652957,-0.0880864584,0.06218265035,1.05604346070697,40.396253767869,41.7646738616602
"alpha_t[355,1]",-0.0182634733484,-0.019879958,0.0566429830492892,0.0588308252448,-0.0941510019,0.06656476655,1.03892366241451,35.1028404798283,47.507860551729
"alpha_t[356,1]",-0.0224680057727,-0.032155869,0.0547283267609875,0.0562502806257,-0.101828223,0.07496521245,1.01302280427793,30.0094892276592,52.4502744151648
"alpha_t[357,1]",-0.0219848267291,-0.0315084895,0.0582492598936877,0.0654880328298,-0.100695505,0.0748344157,1.05706742138057,18.6488735277872,76.6284020089592
"alpha_t[358,1]",-0.0235920647113,-0.0202510495,0.0561053016605477,0.0642843158202,-0.1151279845,0.06014768335,1.04302358990084,34.0292242603622,76.6284020089592
"alpha_t[359,1]",-0.0252295717786,-0.0196963525,0.0564746738950131,0.052822228473,-0.129640933,0.0784188726,1.02609899462749,41.7282480409631,77.3212964411783
"alpha_t[360,1]",-0.0251614057909,-0.02079871,0.053130581736023,0.0480798254748,-0.111840129,0.06228328435,1.00355611884264,50.6822289591574,67.6406173148845
"alpha_t[361,1]",-0.0295471851527,-0.0286052505,0.0581858045248693,0.0600618413682,-0.1181386365,0.063458959,0.995472247369721,51.4889099039465,71.2874531148375
"alpha_t[362,1]",-0.0410667401577,-0.0386310315,0.0629222099737788,0.05990597325804,-0.128390992,0.06795579125,1.00543273303782,42.4376204772205,43.1269119030573
"alpha_t[363,1]",-0.044260316471,-0.046308174,0.0668145865883519,0.06484018807602,-0.1575702585,0.0518855613,1.05671320629567,32.6993745808367,49.8568790552336
"alpha_t[364,1]",-0.05291772642569,-0.052171919,0.0741854007795988,0.06198617128935,-0.195588331,0.0628791761,1.06784004148804,23.9536028705304,38.2860357544693
"alpha_t[365,1]",-0.052094733211,-0.0477026125,0.0727561028787593,0.05712520128504,-0.195955057,0.0675994828,1.0100908017266,25.140976340691,30.5219882895229
"alpha_t[366,1]",-0.058314109315,-0.055749927,0.0778951442717964,0.0622232297631,-0.2027936145,0.07453099245,0.999712340422517,23.3109591767347,30.8207115181401
"alpha_t[367,1]",-0.0617191636122,-0.057578967,0.0785134286280259,0.07203622439202,-0.2033217755,0.05939868685,1.00740973782288,21.8403759051995,60.592496300475
"alpha_t[368,1]",-0.0660670996469,-0.056883728,0.0745575966887049,0.0602719161513,-0.1970309125,0.05692539795,1.01872797037208,19.676857926128,25.9952465834819
"alpha_t[369,1]",-0.075190791644,-0.0697815155,0.0755750585884035,0.0674612496327,-0.191139384,0.05895505,1.03227005752903,19.5965352619156,24.3582350718816
"alpha_t[370,1]",-0.078933070086,-0.073726678,0.0756925033775767,0.0795441683169,-0.196679487,0.0668618229,1.01324031829877,20.9034338874066,30.0790649707802
"alpha_t[371,1]",-0.074447536255,-0.079173158,0.0728480504454817,0.0645263221008,-0.203183425,0.0508300609,1.02230143196766,23.2396541456645,44.5810103703794
"alpha_t[372,1]",-0.073155283523,-0.0708975815,0.0691646527448752,0.0671979094794,-0.1898054255,0.03407485975,1.0226343819254,22.1024333242614,41.5944662312425
"alpha_t[373,1]",-0.079039064806,-0.074969778,0.0682461320221724,0.0675947607279,-0.2159976615,0.0234894048,1.02474414036137,23.2691079778978,41.7960353475043
"alpha_t[374,1]",-0.0845754762599005,-0.0773254155,0.0675444567591276,0.0673949351586,-0.2016163625,0.0274965505,1.04201684293721,21.6008522038518,61.6735597367042
"alpha_t[375,1]",-0.089015608501,-0.0904804385,0.0727535942641288,0.0649404508284,-0.2116694135,0.03002138425,1.02346226532765,25.6872169266928,56.5091830996655
"alpha_t[376,1]",-0.094263161298,-0.0933884235,0.0741845133902714,0.0682711910475,-0.2158872765,0.02372658355,1.02066627408424,34.4579235028817,107.169841332962
"alpha_t[377,1]",-0.09009502405,-0.081718434,0.0649868404660026,0.0649602272298,-0.1798456085,0.00734969307499999,1.01994669060037,33.6041809315097,74.9297967581394
"alpha_t[378,1]",-0.087085024381,-0.0922470505,0.0696589982103667,0.066266304426,-0.189354306,0.0244280276,1.02397163389766,32.6626763479541,57.2145976836242
"alpha_t[379,1]",-0.0868971598935,-0.077413032,0.0744422060942766,0.0569888726568,-0.2169855295,0.01663832965,1.03654961217489,28.067694268152,51.1162111412477
"alpha_t[380,1]",-0.089421151593,-0.0866518035,0.0808024763698229,0.0751666294722,-0.222792692,0.02853095925,1.09377924529634,14.1842207409591,44.2325367647059
"alpha_t[381,1]",-0.101908547005,-0.097195832,0.0796138986098088,0.0872412292878,-0.216060171,0.0201285027,1.15573562436777,6.4061992051413,31.7839996054474
"alpha_t[382,1]",-0.099157051755,-0.0884436665,0.0930195708968437,0.0781429022703,-0.266183533,0.0428583603,1.12331012918603,10.9630039873773,31.7839996054474
"alpha_t[383,1]",-0.097319251587,-0.0829890125,0.105557534539573,0.0919908881304,-0.2956961035,0.0641986723,1.12632777533632,9.83352410431912,22.5602681449013
"alpha_t[384,1]",-0.1004978147969,-0.0838931995,0.119912458236862,0.1055679214275,-0.3553065225,0.0556744760499999,1.15698537321911,9.96428317531984,21.0246288509397
"alpha_t[385,1]",-0.108123791982,-0.0912990455,0.128853089291602,0.1122490151811,-0.3475676675,0.06148241065,1.11426981727474,8.94233284969846,21.0246288509397
"alpha_t[386,1]",-0.113764942083,-0.0906517925,0.130431940703374,0.1028124633669,-0.3690954405,0.0625724166,1.16867873939056,5.2344681645329,21.0246288509397
"alpha_t[387,1]",-0.125713401864,-0.095593298,0.136363746429003,0.0886054592451,-0.4187752085,0.07407649875,1.18158179486612,5.00156326908126,16.4458227610187
"alpha_t[388,1]",-0.129635558417,-0.10797305,0.141726791910538,0.1008853769217,-0.4328410785,0.0518339269,1.16567031220293,5.16542918421522,13.505170551011
"alpha_t[389,1]",-0.130848056175,-0.104236925,0.154368366676383,0.112444357368,-0.4907900285,0.062414225,1.14830728936525,5.80350396817746,13.0721046622061
"alpha_t[390,1]",-0.1346022339845,-0.0992383565,0.166953563021504,0.1119175577121,-0.529243573,0.07336372035,1.11235509603378,10.1597913345126,13.0721046622061
"alpha_t[391,1]",-0.0072582493921,-0.00400537965,0.0361618847772884,0.0301744763943,-0.067451802,0.04399463625,1.11165362087445,10.6489440578088,50.480883845436
"alpha_t[392,1]",-0.003643114147,-0.00405639725,0.0466510424471027,0.0416089117689,-0.07199523505,0.0761840004,1.10601700276998,7.47406522168243,21.0246288509397
"alpha_t[393,1]",-0.0022592937347,-0.000708769435,0.0553321577207693,0.0545243229552,-0.0917758429,0.0870878939499999,1.12357418340759,7.29120286807263,21.0246288509397
"alpha_t[394,1]",0.004238960626,0.00463485745,0.0640575621455571,0.065206808814,-0.0942493708,0.103008554,1.08144405076796,9.89824580503452,21.0246288509397
"alpha_t[395,1]",0.0114982458052,0.01066666705,0.0655777076283765,0.07228399242687,-0.08608212515,0.121597325,1.04646328091154,10.7001136307325,48.5880225649743
"alpha_t[396,1]",0.0138945195589,0.00910324735,0.0631393862976327,0.07014594297291,-0.0883447959,0.103267323,1.14156884563167,7.72642151162556,24.3582350718816
"alpha_t[397,1]",0.0163071754418,0.001420426145,0.064176525366733,0.0585118742481,-0.0749991932,0.1305454625,1.23260104219913,3.62937227998731,56.8419098881722
"alpha_t[398,1]",0.0239844424996,0.0095422735,0.0658364924971833,0.0584643094749,-0.06443597855,0.1464476915,1.48074431364643,2.10541829842876,17.323302316373
"alpha_t[399,1]",0.022159201927,0.0110405374,0.0742889882139481,0.08491266603036,-0.07355653985,0.164437455,2.02688646664152,1.46174041281657,20.2078521939954
"alpha_t[400,1]",0.026234087368,-0.0047100074,0.0867637341536781,0.09428647984644,-0.08698713745,0.171697269,1.98710969639483,1.49028944220163,20.0780174391923
"alpha_t[401,1]",0.029255201238,0.0036263262,0.0873215072233681,0.09697753791432,-0.078558486,0.1551335335,1.85263125613588,1.59331551795623,20.2569741868272
"alpha_t[402,1]",0.030159735385,0.00541211435,0.0886560816726046,0.10633400064021,-0.0944325607,0.1696410675,1.67321386656998,1.7774499701222,21.5942744323791
"alpha_t[403,1]",0.031733297838,0.022641416,0.0944490291104403,0.1168700028762,-0.1034963955,0.1838246765,1.98922199382692,1.49252929045358,25.0465149563474
"alpha_t[404,1]",0.0342959686165,0.0280786105,0.100103411285632,0.1315306099506,-0.09976661655,0.1801801295,2.06807008252462,1.44604058396953,25.0465149563474
"alpha_t[405,1]",0.036623022491,0.047257316,0.0988094659668712,0.1277968545735,-0.1159634975,0.178410272,2.06255083269647,1.43958391508406,21.5942744323791
"alpha_t[406,1]",0.04343449568,0.0669669465,0.103876279490932,0.1414575324561,-0.1025323865,0.1920967995,1.86231910492576,1.55338032688327,24.1746097527281
"alpha_t[407,1]",0.0425775103539,0.0613274135,0.10025037942018,0.1329756156624,-0.09082536545,0.1949198335,2.06262197437897,1.44407600307494,42.4389398926035
"alpha_t[408,1]",0.0390718965152,0.0239162015,0.0959293041338748,0.1254086387568,-0.0963493203,0.187077222,1.98571851793113,1.47050451094699,31.6824001034527
"alpha_t[409,1]",0.04003394867,0.0529609285,0.092378984311881,0.1204675310349,-0.100244989,0.1781745075,1.91544647071408,1.50958421531731,25.1741641149997
"alpha_t[410,1]",0.040193472282,0.053905708,0.0914823281761211,0.0995844287802,-0.106829461,0.175812572,1.70247665606012,1.7165984176684,17.7161368698116
"alpha_t[411,1]",0.0324139562323,0.0448178785,0.0906636950623659,0.1101466527987,-0.104641295,0.162675592,1.73279585670215,1.69538501704274,24.8968558827713
"alpha_t[412,1]",0.022054842356,0.0282922525,0.0914994702925141,0.1006534671471,-0.107474883,0.1571741755,1.72939295848273,1.70871231346207,22.6419976711087
"alpha_t[413,1]",0.0098100012321,0.00989771505,0.0887695972378328,0.0973859042205,-0.1209644895,0.160100659,1.79255313150632,1.67338856719529,37.7806563039723
"alpha_t[414,1]",-0.00638082016300001,-0.0130828635,0.0879519575981925,0.0969440353056,-0.126875895,0.1320338435,1.63892549613478,1.8860762898864,44.0030173497609
"alpha_t[415,1]",-0.015490068435,-0.0312438555,0.0846736254999619,0.0929369744793,-0.131543693,0.1212260655,1.58971591939192,2.02166649952234,21.25592129236
"alpha_t[416,1]",-0.0107862910909,-0.00521333485,0.0801455556144872,0.09121550145141,-0.1329965725,0.0999283323,1.62185196123456,1.85563052990747,40.5548566509965
"alpha_t[417,1]",-0.0069828461006,-0.00388981578,0.082072517114608,0.0940639150479,-0.1407273935,0.102941025,1.5791830562416,1.95012741334966,40.5548566509965
"alpha_t[418,1]",-0.011231693404,-0.012167879,0.0836787421902483,0.0966596081325,-0.147399877,0.1143096185,1.45576237916377,2.31187970085014,30.6204069389592
"alpha_t[419,1]",-0.0109680302058,-0.0053348864,0.0809169127669565,0.0961274822361,-0.1582221875,0.0986449202,1.50755337401996,2.09197427661773,29.3034159410582
"alpha_t[420,1]",-0.007586714404,0.00626407445,0.0817890714246588,0.09174856242363,-0.154955255,0.1064497925,1.56043834897748,1.98497849078102,21.0246288509397
"alpha_t[421,1]",-0.0066584983056,0.0067366752,0.0823593033649833,0.08209170773958,-0.1511996965,0.1008862165,1.54092288781417,1.97577855336247,21.0246288509397
"alpha_t[422,1]",0.00203280096,0.019873645,0.0910078372289066,0.0904497891822,-0.1729612865,0.1235315165,1.37226338074893,2.43987735030815,21.0246288509397
"alpha_t[423,1]",0.002900005724,0.03209419,0.094772074886766,0.0828067660161,-0.15709469,0.1390790925,1.32429618212542,2.69785922047387,30.6204069389591
"alpha_t[424,1]",0.00132259405099999,0.0217596775,0.0965429370160692,0.1004658404106,-0.1585907715,0.1342323615,1.3838224161418,2.37677837292334,21.0246288509397
"alpha_t[425,1]",-0.00129349890099999,0.022543894,0.0953458262472335,0.1006683798792,-0.1601830875,0.1331889105,1.35128841623129,2.53703389397139,26.3395544852498
"alpha_t[426,1]",-0.00343277213599999,0.0138122015,0.0969434564687846,0.1218775147695,-0.160049589,0.137053421,1.38906602526374,2.63846572720242,21.0246288509397
"alpha_t[427,1]",-0.002641519485,0.010507643,0.103002558115592,0.1139458175226,-0.165322812,0.1403064545,1.42605299651863,2.58151572869731,29.8882545259357
"alpha_t[428,1]",-0.00357001631600002,-0.0004777519,0.104165234938061,0.12452106558906,-0.165980631,0.153362193,1.5267106605076,2.15737343222116,28.5667646098596
"alpha_t[429,1]",-0.00312650142599999,0.00841270135,0.110088343054639,0.1318589880594,-0.17112348,0.165758543,1.35980117962112,2.80167741554071,29.8882545259357
"g[1,1]",-0.03975699416233,-0.0327264835,0.078466908174144,0.0982397876754,-0.159042417,0.0878939155,1.33181815616934,3.27370538458341,51.5338182396663
"g[2,1]",-0.2051509093236,-0.21477109,0.0763458712706664,0.068451827325,-0.3093531685,-0.0490973933,1.09037678874031,11.5591731465878,42.4389398926035
"g[3,1]",-0.24307993791,-0.22892915,0.095874987090869,0.096094088895,-0.4008912735,-0.114460635,1.29259336966606,3.07726492718726,13.219519564889
"g[4,1]",-0.126983444581,-0.13479196,0.0668485366771022,0.064223600385,-0.2206359145,0.00268290897999997,1.08877387842892,12.8467894170317,44.5810103703795
"g[5,1]",-0.329063052,-0.332233585,0.0740528624363177,0.077194734351,-0.4463717175,-0.209086339,1.05934370817303,10.7846986676922,21.8886804252658
"g[6,1]",-0.0628905507279,-0.0585110165,0.073822610133483,0.0642841319778,-0.2165575815,0.04642795295,1.24107254186401,3.51488371988571,23.5468245425188
"g[7,1]",-0.0149279337388,-0.018680861,0.0968853624101106,0.1123766640759,-0.1661701355,0.147084165,1.0497891431576,9.33003321493167,76.6284020089591
"g[8,1]",-0.0658764399128,-0.049936168,0.0947653279139161,0.0982399129551,-0.220132645,0.0602367352999999,1.58672725122428,1.95683351115103,21.5942744323791
"g[9,1]",-0.061664414774,-0.0666369795,0.075756119027254,0.0813115209207,-0.182115139,0.066072785,1.11732362187672,8.00429616358927,61.0560572299755
"g[10,1]",0.0845091626729,0.0859022585,0.0885348067893005,0.1090748545719,-0.05033094965,0.205919719,1.01552361161348,13.5163086577374,34.362847091416
"g[11,1]",-0.100655942336,-0.0985717045,0.0700816942111449,0.0517609544823,-0.2152334905,0.01277924255,1.00565395186278,30.028885902729,54.8564568994389
"g[1,2]",-0.106953983924,-0.06918106,0.157886908436107,0.135224424825,-0.379283604,0.0811455708,1.32298264085516,11.904306867092,21.5942744323791
"g[2,2]",-0.1876245683406,-0.20220328,0.114800302185185,0.107146197312,-0.373705643,-0.00324009706800001,1.04420708281601,33.9399787600555,56.8419098881722
"g[3,2]",-0.21295664635,-0.214326615,0.110481368985736,0.100186909977,-0.4071426945,-0.0534359091,1.1947213336225,4.99523157122817,35.7580711074784
"g[4,2]",-0.147662099405,-0.153003335,0.120928349941356,0.1017682837542,-0.342999585,0.0657522525499999,1.10384014756885,9.22671725734513,34.2655362333917
"g[5,2]",-0.3357386018,-0.32736928,0.119037427258589,0.117194088858,-0.51645766,-0.176217117,1.01544193773687,21.6814375420689,47.0699754051638
"g[6,2]",-0.012991408775,-0.0035161779,0.140649668784997,0.1101309224127,-0.2355128015,0.2754239705,1.03482497967335,24.3759629296687,30.188028290495
"g[7,2]",0.00800122909870003,0.00352589775,0.154691623369546,0.1449345860214,-0.2352793915,0.289473292,1.2168564847251,4.15678814444351,21.0246288509397
"g[8,2]",-0.054572019153,-0.04320111,0.125130167990626,0.133760668671,-0.248527437,0.1548129385,1.19273154097565,4.60637457803299,26.3395544852498
"g[9,2]",-0.129030319553,-0.119870635,0.121319174607515,0.1036031309817,-0.321693149,0.0681799238999999,1.06927780943373,12.1800777229189,26.7338832875037
"g[10,2]",0.058984619668,0.0578449375,0.126412669101146,0.1011909874836,-0.1499747875,0.256655656,1.04277635580679,16.0031534127643,21.5942744323791
"g[11,2]",-0.126077236252,-0.13039511,0.134917141995913,0.1090821941832,-0.361504488,0.1241663245,1.0154325024565,35.6687643221129,30.8127412685973
"g[1,3]",-0.075065310723,-0.10914722,0.154316362208888,0.1323913941672,-0.272227283,0.247850151,1.10409404364378,22.7692359396079,56.8419098881722
"g[2,3]",-0.185425505436,-0.1913245,0.11017935362959,0.108504029109,-0.337753607,-0.000967314715000081,1.10098318629414,9.35783218524108,56.8419098881722
"g[3,3]",-0.18578569578,-0.171640495,0.132060583662357,0.103266233112,-0.4132478115,-0.0115586706,1.17883598326941,4.76928681368751,18.851664332651
"g[4,3]",-0.175067890142,-0.175101345,0.110916846456454,0.106702662696,-0.357236394,0.00294440847499996,0.995974849527304,24.8962214818188,51.5338182396663
"g[5,3]",-0.31695705429,-0.3044833,0.128475146665115,0.125013402801,-0.5432631605,-0.119110866,1.10951688877754,8.14767956054361,16.5766789807711
"g[6,3]",-0.047154101435,-0.019698923,0.173770273181268,0.1398163468884,-0.3660944475,0.184019331,1.11280053773474,14.9497334740326,30.6204069389592
"g[7,3]",-0.013838053231,-0.0143939825,0.125998199660213,0.1406539002456,-0.209904603,0.187266329,1.02210246886883,28.8343218659569,49.945497155238
"g[8,3]",-0.056480290931,-0.067317153,0.117200675794069,0.11843051261664,-0.244696038,0.135308591,1.20546021570943,4.37205341243769,47.2426514529765
"g[9,3]",-0.11590866304,-0.13569621,0.130221836597316,0.1395146036886,-0.2959095615,0.1091303085,1.15363293552072,10.326874664475,19.3178054972954
"g[10,3]",0.081564282905,0.090385695,0.124882381241015,0.12585222467076,-0.1306703335,0.2784245735,1.01384710116379,22.488898352176,36.8684054741094
"g[11,3]",-0.122018636802,-0.11319924,0.152095829108673,0.1469503482552,-0.374115077,0.1214905305,1.0468495674957,40.6124165581328,60.0313633245123
"g[1,4]",-0.08920707589,-0.080349099,0.11813419234937,0.0911807688036,-0.28210135,0.0748519475,1.21243570425089,22.9079745381393,47.4879826329663
"g[2,4]",-0.144994608881,-0.16092339,0.111482382478453,0.116777077956,-0.302314701,0.05972775375,1.13787545503906,7.31656809993515,19.807583474816
"g[3,4]",-0.202204289611,-0.196048025,0.134899944512696,0.112444987473,-0.457704132,-0.00443709694500005,1.20891749508029,4.47738554673068,42.7147842575595
"g[4,4]",-0.17308488801,-0.19323153,0.115833734341341,0.122028417504,-0.335522636,0.0178589118999999,0.992171876843255,18.1599973552802,66.9637815053919
"g[5,4]",-0.29513853282,-0.290926685,0.113096317066459,0.116833557603,-0.499876139,-0.118417813,1.08833697348908,25.2259039792712,36.9810859428212
"g[6,4]",-0.0679313601118,-0.0666075965,0.145236766739874,0.1567637792133,-0.3277685115,0.1304406865,1.10694165349055,12.2109598582824,34.0725586313509
"g[7,4]",0.031514034725,0.031988331,0.143133766767154,0.1527629630982,-0.177073952,0.244122266,1.02134936807061,18.4562517473597,58.9391161255239
"g[8,4]",-0.066374998205,-0.0775833335,0.118181987484307,0.10046844052035,-0.252175114,0.132511029,1.18589889104646,4.08167770415546,49.8568790552336
"g[9,4]",-0.130055198666,-0.140330765,0.142019897706535,0.138194013321,-0.342263817,0.1197135445,1.18564429087441,5.64068856869804,13.8186986734049
"g[10,4]",0.096533084035,0.0934620115,0.14037506402716,0.1294167299901,-0.1217574705,0.345332388,1.02763977949295,33.5373494217953,40.5548566509965
"g[11,4]",-0.074602087482,-0.1016623445,0.134225160711996,0.1241115564948,-0.2731575055,0.155106608,1.01312199466967,23.1101198831413,65.4003091120767
"g[1,5]",-0.1253998299041,-0.104879275,0.115353057872128,0.100776703083,-0.3177410245,0.02456277435,1.0302514485022,26.610112142604,78.3393298097876
"g[2,5]",-0.1505230356799,-0.12720894,0.11650471023419,0.0997530315348,-0.35884526,0.02259911555,1.01329363295544,60.7054084266,25.3298043918779
"g[3,5]",-0.159721154058,-0.15668596,0.121070960638152,0.1108547966736,-0.4058674395,0.01318495525,1.10071122787766,9.99909850542061,13.7806126466651
"g[4,5]",-0.193903732197,-0.19079801,0.116543328118025,0.127210037787,-0.36384045,-0.0326302302300001,1.05578622105811,13.9091968644249,73.4645641514093
"g[5,5]",-0.302707760515,-0.314507215,0.1514845420022,0.155322720924,-0.5434409105,-0.02495002445,1.11610943655345,15.9602972732141,16.5766789807711
"g[6,5]",-0.0888361070331,-0.0499085515,0.144844086271307,0.1284114226668,-0.3822233185,0.0832777582,1.14763246578114,5.60850136897124,40.5548566509965
"g[7,5]",-0.0311814936936,-0.041175836,0.127102742890313,0.1354912646556,-0.213207542,0.1851188315,1.01063025126113,14.6759650430288,30.2499012248123
"g[8,5]",-0.0597809647267,-0.0533762375,0.110410200722959,0.1092390310242,-0.2433481955,0.12193754,1.17409557738195,4.56818231840035,56.8419098881722
"g[9,5]",-0.130273621771,-0.133089005,0.132335558134497,0.1157946278769,-0.326594754,0.1175608835,1.15376824394017,5.62147284100094,22.9327742104573
"g[10,5]",0.0960435139519,0.093807269,0.119670696465465,0.108900320676,-0.0987855373,0.326758145,0.997978514276798,33.9552053414678,78.3393298097876
"g[11,5]",-0.086267860153,-0.073096456,0.120883351985586,0.1275094696134,-0.2864399215,0.105275708,1.03816714785601,29.0414911422837,76.6284020089592
"g[1,6]",-0.1523444657454,-0.15679619,0.133254117536842,0.1299791468871,-0.359865457,0.07836391115,1.02579470637069,19.6825560868039,37.7085513759773
"g[2,6]",-0.1260901380624,-0.126318705,0.0937609078031647,0.092708623686,-0.2856457725,0.01668015345,1.11832356535028,6.69209494220731,56.8419098881722
"g[3,6]",-0.134847948211,-0.117086375,0.12985528511777,0.099289040004,-0.393311532,0.02569357605,1.18730344512862,4.68898622863405,12.9122703460488
"g[4,6]",-0.190412031242,-0.17615,0.107594271056288,0.106337364882,-0.3643216755,-0.00123938961000001,1.02865523466038,13.9254193769994,38.8112663561764
"g[5,6]",-0.29844542397,-0.27792823,0.144154499236741,0.17209472238,-0.5227730575,-0.1051013815,1.13295792155826,5.42486259173032,16.913114912535
"g[6,6]",-0.0533966322309,-0.05468774,0.13847385316488,0.113281055265,-0.273401024,0.1843648505,1.18381005544458,7.57674837668607,40.5548566509965
"g[7,6]",-0.00642076210099999,-0.0049336705,0.145861088846534,0.1513714874007,-0.260117626,0.2200134145,1.06087104207299,8.78121565465486,58.1996870625698
"g[8,6]",-0.063737787872,-0.062165228,0.10255620122332,0.0734375917002,-0.237142469,0.115848863,1.14726733680371,5.22012062330456,58.5802417904668
"g[9,6]",-0.148975192178,-0.149997445,0.13375819782739,0.111712538595,-0.3672974985,0.08664878205,1.0737407156938,13.760514031614,22.5806451612903
"g[10,6]",0.0692904019934,0.067404109,0.119255173652421,0.1155677344794,-0.112677233,0.2915923005,1.06956775629332,10.4302516717132,34.6094081084899
"g[11,6]",-0.107525276975,-0.11100273,0.132367744888158,0.1227743943657,-0.364931899,0.0978202936,1.04046426575959,17.336716096425,32.4795842613214
"g[1,7]",-0.125430735467,-0.12310567,0.141162196260084,0.17039979812205,-0.3367390375,0.1104415995,1.03655551594975,14.9102255746056,52.4502744151648
"g[2,7]",-0.10076339694,-0.1000360485,0.111611612911222,0.1094383695594,-0.2708517965,0.0763687581999998,1.05644792330832,36.6032041898061,76.6284020089591
"g[3,7]",-0.134068292408,-0.119208765,0.126804847535655,0.124749544479,-0.3726034185,0.0506638009,1.22859232001479,3.77052805601418,16.9705197827773
"g[4,7]",-0.178282713127,-0.187057845,0.0900147832768269,0.075512442957,-0.300084353,-0.0383101371,0.992575599200167,32.1041147196917,58.361007520573
"g[5,7]",-0.302285967,-0.287072925,0.122655012465592,0.106165020045,-0.5127866975,-0.110728957,1.06239106538781,13.2773798104354,33.9768826539676
"g[6,7]",-0.056404312438,-0.0444266425,0.140495611743007,0.1312812069786,-0.309241221,0.1481817155,1.37458424354929,2.47239262771926,15.233286908078
"g[7,7]",-0.051618444032,-0.041194744,0.12624863234304,0.1307841060246,-0.276702717,0.128462503,1.01812907049671,19.8343155974553,33.9768826539676
"g[8,7]",-0.048070834056,-0.0480167085,0.091322065191484,0.0945148493205,-0.1720106695,0.0901509982499999,1.09662867912492,13.254939584379,21.9270768074176
"g[9,7]",-0.164939093571,-0.170152195,0.130225839607539,0.152770454676,-0.356868365,0.0389649458,1.07730620747393,11.8419420060594,21.2018415313787
"g[10,7]",0.0501002467848,0.036610042,0.121242082452361,0.1387444107798,-0.14254541,0.220391216,1.03818487128805,17.2770604101014,76.6284020089591
"g[11,7]",-0.079888327939,-0.082779708,0.0993921091540774,0.092465343852,-0.2349920025,0.08302999305,1.04945218386262,21.2961541194682,91.8791763261966
"g[1,8]",-0.158343115063,-0.15245162,0.129169693647622,0.11952328311,-0.3670372375,0.03884535395,1.04014263275613,16.0293159879529,16.4458227610187
"g[2,8]",-0.087067898411,-0.0826037605,0.108372542160288,0.087340937103,-0.261488215,0.08536320725,1.04753531892438,19.8566041809875,73.5691550057054
"g[3,8]",-0.096033400737,-0.0911797285,0.10918454513677,0.0991156595709,-0.272527167,0.0558030198,1.07454694224347,10.2681669924544,13.9420012746973
"g[4,8]",-0.17225575099,-0.169692885,0.0853237318687965,0.091734088467,-0.2923500785,-0.03458480925,1.03552309877964,34.4394440679041,42.4585118252219
"g[5,8]",-0.277173414925,-0.273575695,0.114002610785264,0.118512490908,-0.456411741,-0.0912452261,1.05377705554923,13.8798935247734,21.0246288509397
"g[6,8]",-0.056355309973,-0.0478245035,0.15687427429859,0.1555323494445,-0.309974402,0.244040602,0.997643203632384,15.3343955176374,21.0246288509397
"g[7,8]",-0.000434753167000002,0.01216967,0.138739294305175,0.1355104383801,-0.2045540085,0.242341676,1.07241673274879,16.2531084198856,30.6204069389592
"g[8,8]",-0.0532848800315,-0.0449545975,0.110899853223971,0.0931194803154,-0.2488485965,0.1162659225,1.04133717868051,39.1091201312119,54.8564568994389
"g[9,8]",-0.1480014691614,-0.152805775,0.137797055038939,0.1499625844815,-0.3402433995,0.0942864825,1.03519693385853,11.1909007654227,78.3393298097876
"g[10,8]",0.089963772909,0.083090842,0.11548849661629,0.11456676264915,-0.0879898842,0.281717213,0.996785188718012,19.7334540608562,52.4502744151648
"g[11,8]",-0.079766915321,-0.084729323,0.115896748171258,0.1201946518332,-0.2581453085,0.1315634005,1.03837235776092,14.137259668052,21.4014919897273
"g[1,9]",-0.077291892038,-0.0702831685,0.115843863161425,0.12206928730038,-0.283004189,0.106958596,1.07497991711976,8.0646351767048,24.1980088495575
"g[2,9]",-0.095196555273,-0.0965115555,0.106123012026429,0.1006767261759,-0.2337316595,0.0892052394999999,1.04719952165194,27.7076221299071,57.5849107914647
"g[3,9]",-0.090615765411,-0.0865514295,0.11443816779217,0.11541649267428,-0.262177889,0.0834964431,1.02228892077858,11.2832235817282,58.9391161255239
"g[4,9]",-0.154368970112,-0.1535406,0.109125150959073,0.1188421195899,-0.3003207005,-0.00124055470500004,1.01619637803246,54.8344473747595,66.9637815053919
"g[5,9]",-0.30077881791,-0.290724215,0.116713919934108,0.110951794296,-0.488823179,-0.10444406,1.05661564966827,27.4162149983698,42.9418615430968
"g[6,9]",-0.05820119374,-0.0438843345,0.132773630766311,0.1520805252834,-0.2545278525,0.1702684465,1.17911167614562,23.6187261936409,30.5296264561947
"g[7,9]",-0.042854645853,-0.071249245,0.13366506522851,0.11887569321516,-0.232969776,0.1641880395,1.10347905450388,8.10105266564421,53.8632643484494
"g[8,9]",-0.037699944467,-0.0440060675,0.108328182389859,0.1157004390402,-0.1936633545,0.145909091,0.998063200820504,13.3890175305038,56.8419098881722
"g[9,9]",-0.137495368809,-0.135197815,0.131749697039781,0.1360662339855,-0.3516165805,0.0694654611,1.11381385140033,7.99135495927001,23.1880217304889
"g[10,9]",0.078530602474,0.07380518,0.104463059354658,0.09654428764974,-0.0870546973,0.2428364635,1.02132270606261,21.8054295807028,34.1415830546265
"g[11,9]",-0.075982601556,-0.0945548205,0.137931296524877,0.1256427361077,-0.2679553605,0.1584294935,1.03449113433353,29.1862526610148,36.2769485903813
"g[1,10]",-0.08969034889,-0.1011709435,0.120132022764127,0.114692312553,-0.2562181635,0.142137406,1.08082225798753,34.5570850835644,40.5548566509965
"g[2,10]",-0.100066704216,-0.0877218545,0.111370929240925,0.1173928395423,-0.2848086705,0.0657895868,1.06414569793243,18.5101374377105,34.3628470914159
"g[3,10]",-0.0733273917242,-0.0708221955,0.138498226252902,0.1290168075357,-0.303460325,0.139058929,1.02170252817859,10.5474627905314,41.1698943845347
"g[4,10]",-0.130707000154,-0.143833915,0.0860800766010103,0.0978009506775,-0.2520490865,0.00208305379499999,1.00566971812444,25.2422922664782,58.1996870625698
"g[5,10]",-0.30213628066,-0.317334055,0.0952174588241419,0.093338928837,-0.4383846055,-0.144043774,1.00878073888193,41.0681993737797,51.5308124388011
"g[6,10]",-0.064775021322,-0.084997955,0.17641828576549,0.1470261291303,-0.3105804425,0.281879628,1.08568003143578,15.6017702434627,14.0675241157556
"g[7,10]",-0.0275975199323,0.00321109995,0.125288400748134,0.12910775533467,-0.250581664,0.1497799395,1.02881404203623,19.5106504223085,56.8419098881722
"g[8,10]",-0.0221911327775,-0.00813556545,0.100501892341464,0.10419185372463,-0.1962054295,0.116743087,1.01161819261936,29.670861658993,76.6284020089591
"g[9,10]",-0.161827391057,-0.15764947,0.153718917254391,0.1455076042497,-0.4331240495,0.07358559755,1.00402929290967,12.8757837232283,41.7646738616602
"g[10,10]",0.078729954237,0.0982279655,0.131129283974605,0.14020482848925,-0.148512918,0.271362315,1.03815494438626,14.5037149738517,30.6204069389592
"g[11,10]",-0.101402126865,-0.112940275,0.168635049887061,0.1498216285104,-0.367483797,0.1631841385,1.60082085556532,1.82914952173155,31.2859149533904
"g[1,11]",-0.105367510319,-0.10026657,0.112381744490087,0.099866297727,-0.2841786085,0.0866286084,1.02038895070207,24.4126582576975,34.362847091416
"g[2,11]",-0.0908483160203,-0.105805245,0.112184950300835,0.112555848888,-0.2596963025,0.108645216,1.01491105634127,22.9162831038957,40.5548566509965
"g[3,11]",-0.057668244109,-0.061841112,0.111891746611554,0.1166708896962,-0.238210083,0.11310944,1.11695246695777,7.34721662985481,42.1483622350669
"g[4,11]",-0.1080488611345,-0.10607576,0.0906105559196998,0.0825566662221,-0.256892074,0.0185401953999998,0.991136635944943,29.5461978445848,37.3232981986111
"g[5,11]",-0.228835150451,-0.258200715,0.132512484744327,0.115023132504,-0.410647105,0.00883544274499992,1.15744493041262,6.8727521278544,56.8419098881722
"g[6,11]",-0.064393686076,-0.066183737,0.128747897129067,0.1303835482761,-0.2587593175,0.123310522,1.08340412888338,33.5265074153387,27.9335978474027
"g[7,11]",-0.088813598783,-0.0771767185,0.158755316838493,0.1489536440469,-0.395487506,0.157713555,1.10645435532879,10.9578652105876,60.0313633245124
"g[8,11]",-0.017467741252,-0.0100189023,0.119325916153028,0.12471569197668,-0.2288474985,0.156830088,1.00872313401786,32.4940318942601,31.5354895261113
"g[9,11]",-0.152211331825,-0.14087396,0.151354926037094,0.1287905101434,-0.42842069,0.0852744769,1.01075294661025,14.171443527072,40.5548566509965
"g[10,11]",0.08633281688,0.0922904665,0.103067050006841,0.0900398376801,-0.117284791,0.240667157,1.00948444906181,21.984413260533,53.4749229759079
"g[11,11]",-0.074236420527,-0.072007242,0.126200561920649,0.1326136581462,-0.2664619905,0.0963466081499999,1.15838664813871,17.5942056419004,42.4389398926035
"g[1,12]",-0.0774743929382,-0.103963515,0.141280141656619,0.0978949830999,-0.2674821265,0.215503661,1.15353328952547,5.13806084261447,29.535152859485
"g[2,12]",-0.025120975322,-0.015954652,0.122647454511699,0.1004802223719,-0.2626307675,0.139232924,1.09078200457252,11.2573379344415,58.9391161255238
"g[3,12]",-0.053194221085,-0.0532327785,0.11613412947614,0.1253414006229,-0.2316975945,0.1397350995,1.08902343475254,11.1369410812895,21.0246288509397
"g[4,12]",-0.074808785542,-0.0569004005,0.0855860810438208,0.07039458374025,-0.224779747,0.03997466825,0.991528864941737,49.0894606349501,44.5810103703794
"g[5,12]",-0.235614076314,-0.24943383,0.122476017396646,0.119945067984,-0.4012804025,-0.0609103335000001,1.06793980738171,25.4333201621615,16.3490284005979
"g[6,12]",-0.03843373037,-0.0297262955,0.22473689829538,0.206359120632,-0.492117817,0.264623731,1.08703955716157,11.9203154339943,30.6204069389592
"g[7,12]",-0.065360590037,-0.06080763,0.133282009559636,0.122432173962,-0.2921527805,0.146235462,1.15942664621499,10.3466178975948,29.535152859485
"g[8,12]",-0.046256564445,-0.048210775,0.116711232371095,0.1157540891451,-0.2396997155,0.1243665405,1.05979695657676,20.1284793706005,30.840886203424
"g[9,12]",-0.146466050685428,-0.11983703,0.16756535462523,0.161581264782,-0.402121425,0.1152346255,1.03615405637311,12.6857279276763,21.567660833128
"g[10,12]",0.085660107407,0.0959909555,0.0989600436756403,0.1036346043558,-0.0755103519,0.2293941155,0.99774788775938,28.2496432104802,21.3466699194925
"g[11,12]",-0.0478458409576,-0.059728489,0.146397359643638,0.1636994346456,-0.245712105,0.1827474275,1.05661330973025,12.6893544446841,54.8564568994389
"g[1,13]",-0.108905692584,-0.112856595,0.120119006446102,0.106801804158,-0.267314206,0.1309294465,1.02544100922402,38.726464032401,52.4502744151648
"g[2,13]",-0.03923554645488,-0.0508339135,0.104347285071978,0.0993285297963,-0.197575103,0.1180627175,1.04098396534825,39.2475744937924,42.4389398926035
"g[3,13]",-0.050946541035,-0.045135444,0.115762602722525,0.1236025865865,-0.22525898,0.1276567055,1.16395936365711,4.86133298359676,48.4074922943175
"g[4,13]",-0.0761797060092,-0.0510019195,0.0987605655652014,0.08641964642367,-0.268621963,0.0498016685,1.00181444997345,46.3244919031043,54.8564568994389
"g[5,13]",-0.188141442658,-0.20110755,0.139406130283683,0.132542920335,-0.3945848615,0.08042416445,1.16401683226385,4.35700807233512,21.0246288509397
"g[6,13]",-0.064995544959,-0.049603709,0.161252946717538,0.1194448328136,-0.411807882,0.213509338,1.12680574674984,13.1119506697184,14.4246620507748
"g[7,13]",-0.027042803186,-0.0320862435,0.134350828803361,0.1353547105239,-0.2653070135,0.1627696265,1.06244845658393,18.8516394210016,47.7346760337951
"g[8,13]",-0.0479857865827,-0.0375704755,0.109472445103411,0.1096727500869,-0.219129098,0.11282266,1.02384463570981,25.6246346759104,49.3919814053717
"g[9,13]",-0.129707370284,-0.129023015,0.136564264940842,0.135680324325,-0.33632029,0.1006928445,1.16419711106001,13.1102303022376,26.8716958782109
"g[10,13]",0.040299263541,0.046853947,0.0978004438409417,0.1113350271222,-0.125166813,0.179682602,1.01685121961417,18.4597388962479,44.5810103703794
"g[11,13]",-0.07582608037929,-0.0970434545,0.158001827708672,0.15059714499102,-0.343983498,0.1811152225,1.32710673149087,2.98238697221336,42.4389398926035
"g[1,14]",-0.07536100658,-0.077240159,0.116719090043959,0.1360169227095,-0.227606999,0.118343376,1.10831786908208,7.59564463111664,77.3212964411783
"g[2,14]",-0.014291678878,-0.0190740855,0.0968051474024985,0.1013316350739,-0.1475954045,0.149851091,1.02526321019366,51.2603955403681,37.0292001692762
"g[3,14]",-0.051061867667,-0.0358795255,0.132068225252017,0.122190095034,-0.2432832075,0.1780899465,1.13791540438088,6.12460613511203,40.5548566509965
"g[4,14]",-0.0630928556348,-0.0603494435,0.085556504874518,0.090943958606046,-0.227119509,0.05727944895,1.00641716191585,36.4281790999259,76.6284020089592
"g[5,14]",-0.20472918432,-0.22466571,0.129861560152495,0.102563799471,-0.36774055,0.0798560381499999,1.1771768309059,8.28286060614097,37.4824062174897
"g[6,14]",-0.088509405882,-0.071839891,0.15501851871036,0.1595058931326,-0.370978304,0.1549043525,1.12220548095689,7.75477295783066,33.8817424896137
"g[7,14]",-0.032223305644,-0.0326323915,0.117936466823089,0.1253068508538,-0.2085699315,0.1701737885,1.06880822880042,22.697620045305,40.5548566509965
"g[8,14]",-0.0156644338907,-0.0038466167,0.114321728849203,0.10281431543082,-0.2214743855,0.1494441,1.00894185134452,18.0689852950479,13.0041082366429
"g[9,14]",-0.129592506368,-0.12953871,0.123543608675344,0.1340573769612,-0.2934938095,0.07250002215,1.05777604835566,11.4387204777822,31.2859149533904
"g[10,14]",0.0540518328065,0.040802773,0.10898653664193,0.1142912588748,-0.1054705705,0.204907916,1.0373104887209,14.7808160754349,49.8568790552336
"g[11,14]",-0.0673853602714,-0.069064674,0.154112712654826,0.187641592152,-0.279864138,0.16655362,1.50237403125849,2.03318034079668,29.7944789006445
"g[1,15]",-0.1146315504063,-0.096272247,0.110552099321764,0.0998270132748,-0.324512764,0.0200122493,1.00910258651527,30.7908492622488,31.7839996054474
"g[2,15]",-0.0363831145135,-0.045279297,0.10145178993363,0.106742426028,-0.201832798,0.139546775,0.992617937618408,72.0470928386403,111.31558952782
"g[3,15]",-0.0585715584162,-0.053049084,0.113701655190975,0.1259902827519,-0.2452961465,0.130621737,1.28325072550647,2.93452912759253,21.5942744323791
"g[4,15]",-0.0672445659317,-0.0536501985,0.0910018530476077,0.08163935283966,-0.227959472,0.07994715365,1.07682610093361,16.718877779505,43.4385705787023
"g[5,15]",-0.16664937593,-0.183693915,0.115710626427352,0.104675822475,-0.3447503075,0.0380912771,1.11345430936639,7.14408237059042,20.2734012974976
"g[6,15]",0.00566990941699998,0.00246812665,0.145610025384993,0.14792101588971,-0.2266867445,0.2488523465,1.14498993002039,11.8450843496075,30.188028290495
"g[7,15]",-0.0092699081813,-0.017797858,0.112816910108952,0.1242505509861,-0.1750549075,0.159388234,1.01987813848195,33.5105706610823,71.2874531148375
"g[8,15]",-0.019201313754,0.0097193407,0.118583251175422,0.13650219429462,-0.2211734575,0.152051243,1.04068060400642,21.431545608976,68.8140521811376
"g[9,15]",-0.119160949555,-0.11375165,0.117436927136741,0.1201503465561,-0.3060395305,0.07384165045,1.03906670231848,12.2721806966915,16.0963944076527
"g[10,15]",0.04226673213446,0.0611007835,0.117336139303746,0.1193086611927,-0.1587842765,0.217911215,1.02422604160377,21.1929964378221,43.6315714489243
"g[11,15]",-0.0970455902042,-0.0912884525,0.157658508450247,0.163850791797,-0.3335321275,0.1679470035,1.57362531091476,1.95098059042554,22.2747522502046
"g[1,16]",-0.134130801251,-0.140505855,0.123510755243499,0.0995098072983,-0.288348407,0.0726482932999999,1.0104561894897,23.7467083687599,52.4502744151648
"g[2,16]",-0.0223927612344,-0.0216928685,0.100308977666786,0.0993152204961,-0.172288686,0.1497152995,1.07200036133614,23.6081369332245,59.8640966872306
"g[3,16]",-0.069905705733,-0.0587330675,0.133924354200629,0.1754805871497,-0.268442455,0.1362774185,1.332911235454,2.7107014371476,30.4007941431939
"g[4,16]",-0.0457030389856,-0.0453374555,0.0922433341010526,0.0941968316205,-0.1976238305,0.106336366,1.33112587661289,2.80105598725953,60.0313633245124
"g[5,16]",-0.1746214324954,-0.187325465,0.0985014595485069,0.093482325909,-0.33118705,0.00105888587699999,1.02246523280213,21.9737701784889,17.7161368698117
"g[6,16]",-0.05465185325,-0.0514119375,0.158595880483663,0.1335959955477,-0.36759905,0.193196744,1.29014255139115,3.13700752786943,31.6824001034527
"g[7,16]",-0.078104842691,-0.051214713,0.141867250925226,0.1381128602448,-0.298538732,0.117617068,1.07783989187079,16.4823886001305,33.9768826539676
"g[8,16]",-0.004707051518,-0.007640989,0.107279529266824,0.1129781059701,-0.171366341,0.1705793575,1.041465676763,15.8446748840509,20.5567954892517
"g[9,16]",-0.104267149546,-0.0873274185,0.133672575770675,0.1409486715189,-0.3151140385,0.1136289505,1.02646929821908,13.3521446496793,17.8425774877651
"g[10,16]",0.027460099251,0.0300301395,0.115982390596323,0.1081687420842,-0.1394517735,0.2011415475,1.01221306850226,12.7431643746547,51.9994667620882
"g[11,16]",-0.0721852193002,-0.0472896185,0.140814330479225,0.1320948882519,-0.340533401,0.136507859,1.38738664104725,3.10808186454344,40.5548566509965
"g[1,17]",-0.151184711156,-0.14912744,0.159085850186102,0.20535131927898,-0.3902648805,0.101125942,0.994852139548973,16.7797252397326,33.2825123384992
"g[2,17]",-0.067458291851,-0.062023329,0.0965670356223098,0.1082109035217,-0.2089287875,0.0916933155,1.00397366364123,29.304682323958,37.5549801362089
"g[3,17]",-0.0470134671568,-0.0548105735,0.109739725912736,0.1232148006957,-0.2166564425,0.1486396145,1.25423954930208,3.15955422692027,42.7977500611394
"g[4,17]",-0.0463314373486,-0.0487743525,0.10584090384361,0.0910168184478,-0.220756143,0.1051522965,1.24141950107635,3.89869220333622,22.1406882591093
"g[5,17]",-0.11371184929,-0.131646015,0.113785777066148,0.0996607396848,-0.2744446545,0.0921007593,1.15355917787997,4.95828941357303,22.2589671839226
"g[6,17]",-0.1641254132408,-0.15169446,0.152347823376603,0.152987729706,-0.399135014,0.07969010105,1.05310969869097,12.0391908755681,54.856456899439
"g[7,17]",-0.0562284351939,-0.0419690925,0.150548432426185,0.1088881818885,-0.3221682765,0.1823534135,1.07552902293949,18.7682605333356,30.6204069389592
"g[8,17]",-0.0038823834311,-0.00929237695,0.097965086105093,0.1143819947361,-0.137415189,0.178354061,1.01648605351075,39.9697801967793,76.6284020089591
"g[9,17]",-0.096344110449,-0.0951086065,0.135349603271232,0.1386467230071,-0.301192778,0.1270359475,1.06385196183246,21.1489141462818,49.8568790552336
"g[10,17]",0.0720182769351,0.071600116,0.115683731912823,0.135845018946,-0.1025806665,0.2410030755,1.07549622249303,11.0006318198376,51.7769565035141
"g[11,17]",-0.071453890194,-0.0634670185,0.202960094335679,0.1970163425265,-0.466459214,0.203610773,1.44946388139154,2.31611025276186,30.2536366106048
"g[1,18]",-0.1111411059614,-0.135565395,0.146912712244528,0.1282223326041,-0.3114312895,0.1410898925,1.0533476354285,15.053807428461,25.9952465834819
"g[2,18]",-0.043483306231,-0.0556208895,0.0871264125329324,0.09182083843233,-0.1570152275,0.1117697375,1.01119983887487,38.8170719734497,78.3393298097876
"g[3,18]",-0.0287639604398,-0.01095791035,0.11540564185209,0.1297757341671,-0.2139725615,0.1458723815,1.55983712832721,1.95643511808368,46.6027543178878
"g[4,18]",-0.037875659565,-0.034981934,0.110090469299077,0.1317241500372,-0.2156711045,0.11986002,1.27457680905809,4.08105422058131,92.5821824972985
"g[5,18]",-0.1151850881926,-0.127262275,0.115867124452018,0.1267621754616,-0.276078523,0.0866728271499999,1.00143641228528,30.9982935687003,45.7499253062444
"g[6,18]",-0.131273042833,-0.127832795,0.150226953305333,0.190878693579,-0.334481795,0.1057149675,1.31203084420779,2.97121833175943,68.6430238589212
"g[7,18]",-0.0366257358468,-0.028968471,0.142098930106596,0.1290201656247,-0.289073705,0.177436654,1.22412544594143,4.22784262786885,21.5942744323791
"g[8,18]",-0.002796891365,0.011500942,0.109316555846384,0.1125476775381,-0.194105532,0.150142661,0.996482905104751,41.1677922981723,71.2874531148374
"g[9,18]",-0.0794718361461,-0.0906450435,0.114239728627819,0.133196249885937,-0.259763746,0.116893611,1.08336851442976,14.0449913264092,71.2874531148375
"g[10,18]",0.0651695950503,0.0735100285,0.123137880902719,0.1395784614945,-0.1320207175,0.2455797455,1.01159631030462,21.0978489544558,53.3800336154148
"g[11,18]",-0.046830787966,-0.022852881,0.140293264215882,0.1349337492342,-0.2903698825,0.154529931,1.12234816321106,9.3825233576999,42.4389398926035
"g[1,19]",-0.195667773868,-0.18542764,0.150375985211307,0.1473662427594,-0.4671076595,0.02569014105,1.05265573786458,16.9466076299853,28.9481768556372
"g[2,19]",-0.039140874763,-0.039020408,0.10244194587011,0.1077511233162,-0.2133776085,0.117612886,1.02875358906586,27.2528607938489,46.6293631761256
"g[3,19]",-0.042599391681,-0.0385934715,0.0965401260871509,0.1030440314022,-0.199021371,0.1197702505,1.29851523771114,3.03998379802713,52.4502744151648
"g[4,19]",-0.030105702620543,-0.0256129425,0.116249885269562,0.1187232536175,-0.2133224015,0.1262372815,1.181797963192,5.81504755673616,40.5548566509965
"g[5,19]",-0.089448800277,-0.076797326,0.134448991234483,0.1394927946426,-0.307017828,0.124475085,1.08979813360596,9.18866768303923,24.1279470563904
"g[6,19]",-0.091132959736,-0.0786753325,0.13591721817387,0.1357019376678,-0.346321762,0.09284947665,1.06739488115971,32.4529079701109,48.4591795368057
"g[7,19]",-0.0104696991996,-0.00380132425,0.121770171612659,0.1019311688619,-0.2422344295,0.1915376825,0.992931718154323,30.129271867426,31.7839996054474
"g[8,19]",0.020714775204,0.015256033,0.101680778051291,0.0908913022731,-0.173953971,0.204716956,1.00180267781943,47.463950934393,44.5810103703794
"g[9,19]",-0.0838759958511,-0.0795096745,0.115463170207446,0.1063523769483,-0.2665531525,0.115469968,1.19829985944899,5.12678082653449,41.0412757973732
"g[10,19]",0.0246502085309,0.02275415,0.11001204154639,0.1205095760883,-0.142350086,0.198708916,1.12150030061331,16.1625595048833,56.8419098881722
"g[11,19]",-0.058693356922,-0.058823889,0.135563882375351,0.1340261289423,-0.272269177,0.156161779,1.24807419322275,3.69131740200878,21.0246288509397
"g[1,20]",-0.09260564618767,-0.125575975,0.143564506287086,0.1210604924571,-0.2603261235,0.231071136,1.09413097758103,8.5005739673952,31.9226559649762
"g[2,20]",-0.02939489449,-0.0234070005,0.0965923818836137,0.0995472088485,-0.2061827235,0.1110180995,0.99465932869944,40.1155107273413,67.6406173148845
"g[3,20]",-0.042130483952,-0.0447593125,0.102392261035809,0.1030213365027,-0.2367237155,0.1286197405,1.35649741695253,2.74219089016427,37.0841279932187
"g[4,20]",-0.03403777303487,-0.0303434765,0.13553134615903,0.1630034362299,-0.2577509875,0.181492024,1.33560363254882,2.56629465077587,24.3156870918437
"g[5,20]",-0.0460163920993,-0.0700125485,0.117897125263201,0.1234870979769,-0.250031601,0.1435339725,1.04992232124427,15.4219404916415,28.2121554086732
"g[6,20]",-0.11594312056244,-0.131312695,0.134368400146227,0.1323922666773,-0.3239895365,0.104689691,1.15422636457538,4.96980645576525,37.7806563039723
"g[7,20]",0.009649434049,0.0175339015,0.119521000397739,0.0869624671293,-0.2247738835,0.185209119,1.00027784212433,20.1167539942783,31.7839996054474
"g[8,20]",-0.0210406611878,-0.030819852,0.102118895833422,0.0875155310442,-0.193222841,0.1586657865,1.00219937872799,40.5513921790515,43.6009559160014
"g[9,20]",-0.07748060238,-0.104438325,0.128656290316592,0.1163590032885,-0.262640054,0.1531290145,1.16537634044499,5.58403671146596,21.1838760440624
"g[10,20]",-0.00360882012350001,-0.007238426,0.157468917291242,0.150217595388,-0.291799775,0.288101269,1.07832953301858,11.7427298598167,17.641129032258
"g[11,20]",-0.0440701946302,-0.038116339,0.140862215568443,0.1359745396233,-0.2683818235,0.169935709,1.22687208298589,4.91677414827065,44.5066124109867
"g[1,21]",-0.13126084169,-0.124219595,0.1156399678789,0.1108460337663,-0.318964952,0.0816601257,1.00677622140432,37.0300180414599,58.1996870625698
"g[2,21]",-0.0301446141585,-0.032222469,0.0940976055561702,0.0825303070767,-0.1794232745,0.129441604,0.995645347719427,52.9794277201663,52.4502744151649
"g[3,21]",-0.0315207783501,-0.02964783,0.100073598877188,0.0847638083943,-0.2005267805,0.127986713,1.10833975548451,7.54263800384577,78.3393298097876
"g[4,21]",-0.045276969026,-0.00181182385,0.149733493402397,0.18237265243701,-0.257801707,0.1433716025,1.29801627822265,2.84573321336711,44.2325367647059
"g[5,21]",-0.018162120649,-0.0357790125,0.109865913483987,0.1027313443905,-0.1918318965,0.19914358,1.00551870902495,11.783690576232,14.4246620507748
"g[6,21]",-0.1048872671234,-0.10693245,0.163902143712731,0.1397545276575,-0.3904264565,0.174229702,1.06044813252941,22.7386788738232,21.0246288509397
"g[7,21]",-0.001583180921,0.014441974,0.110454162330888,0.1326812187456,-0.191428685,0.1481141015,0.999066286409985,24.2759497802908,54.8564568994389
"g[8,21]",-0.0065778471726,0.0089437505,0.114537114327477,0.1150237596438,-0.243206662,0.156461344,0.995690441646827,24.1114618883703,30.3331065214388
"g[9,21]",-0.047343871778,-0.0698866835,0.131837606979636,0.1402273495539,-0.235836452,0.175487685,1.32119825833475,2.9621083383688,20.4726251754796
"g[10,21]",0.012831251995,0.015375554,0.107084646532528,0.0990876198984,-0.1570850705,0.1843521455,1.05453785584531,14.7451910021704,40.5548566509965
"g[11,21]",-0.032395339037,-0.0242702485,0.106734702489283,0.0993338241609,-0.2110048845,0.1599637325,1.1722071408642,6.43073105446845,39.1761808820235
"g[1,22]",-0.1147647349019,-0.121920775,0.128704113189207,0.130567800615,-0.3130564785,0.123445918,1.10337339211318,22.8260270676392,53.2747481826922
"g[2,22]",-0.008958719557,0.0103246245,0.0901032665417112,0.0947754777984,-0.182711858,0.1140359645,0.996913301984218,33.9305097889681,53.8632643484494
"g[3,22]",-0.0416739217889,-0.038290462,0.0911807100505549,0.0868782880665,-0.1733747445,0.1038159865,1.04476915148474,18.8857525575197,78.3393298097876
"g[4,22]",-0.025774399803,-0.00314587545,0.147077671046063,0.1477252884492,-0.3349227795,0.179347419,1.32476963310897,2.70406327111836,21.0246288509397
"g[5,22]",-0.038906039311,-0.054063331,0.124778715101012,0.1166987240286,-0.226335464,0.1847394165,1.02944812645308,16.28501217096,21.0246288509397
"g[6,22]",-0.011709310938,0.0092668341,0.13444358544181,0.13262670146796,-0.238115277,0.1897593795,1.12097785711292,22.5829686541894,73.5691550057054
"g[7,22]",-0.012661637687,-0.0059827131,0.13480088918382,0.1247828740683,-0.2432170865,0.2244269805,1.06601863318923,20.28564856213,31.7007288654679
"g[8,22]",-0.028068539087,-0.0144468215,0.12019894891543,0.1028536018104,-0.256358815,0.146925101,1.00251826387086,28.2253954270089,13.2663338351076
"g[9,22]",-0.0671537664325,-0.069010734,0.116833536513364,0.1018440927987,-0.26937809,0.10193317,1.30349939702496,3.2011734214531,51.556342412722
"g[10,22]",0.0092116837492,0.01890847,0.133668183551753,0.1373877613563,-0.220174873,0.2221282955,1.08291996292928,12.6987583799347,44.8258196721312
"g[11,22]",-0.046441407284,-0.067658395,0.125415734681253,0.120716383221,-0.2250414015,0.1704357795,1.06104239688183,17.8682494010903,43.9114926796898
"g[1,23]",-0.133682254784,-0.138031015,0.113906661600871,0.1000239744609,-0.338531527,0.0366995159,1.11489395864314,10.1060200291258,21.0246288509397
"g[2,23]",-0.033436485522,-0.0222199655,0.0841279019284434,0.077576733654,-0.170007555,0.0916959409,1.0049137088346,42.525795677101,58.4189731109162
"g[3,23]",-0.0421905227474,-0.0386981975,0.106993418200495,0.1144847900658,-0.1914792455,0.1314183655,1.14260832757752,5.44838254073397,40.5548566509965
"g[4,23]",-0.0151694007737,0.0044479603,0.160052539950605,0.1531394360097,-0.3038012685,0.1805484885,1.3503286148145,2.57893895237308,21.0246288509397
"g[5,23]",-0.01625149209,-0.013971535,0.111127016480256,0.1274372106546,-0.175881911,0.196348292,0.996135498473346,16.8218250397338,58.9391161255238
"g[6,23]",-0.09943288036,-0.092251759,0.121021408426629,0.1201231816176,-0.3462599895,0.0612596603,1.1732508727337,5.86830287589591,56.8419098881722
"g[7,23]",0.0190724661964,0.00218273675,0.155450005752306,0.12935242851615,-0.177979158,0.291019442,1.06927773944873,23.9950461566035,30.6204069389592
"g[8,23]",-0.0313247636079,-0.0310928415,0.10708837759117,0.0881050580235,-0.2218176035,0.132644776,0.991375863471846,53.6685061856093,58.9391161255239
"g[9,23]",-0.071852727897,-0.090054496,0.102824395249091,0.1092332207148,-0.2011562035,0.0990203984,1.19718869659283,4.43929398314972,48.4074922943175
"g[10,23]",-0.000148458002000007,-0.0061765703,0.103934218140433,0.10634674425438,-0.156602462,0.1824259055,1.02730959990977,25.4806432908114,69.718819965758
"g[11,23]",-0.088201669053,-0.0897291385,0.14042770592122,0.14895655728177,-0.324645294,0.153867554,1.10668824994083,11.3355918123218,21.0246288509397
"g[1,24]",-0.1062334868159,-0.092445073,0.125528885341582,0.137080153591353,-0.30017906,0.09082449335,1.14368412275449,13.8371193098353,39.2477252338844
"g[2,24]",-0.0426353987669,-0.037678507,0.108609391616665,0.0985113948063,-0.2145653785,0.142667148,0.999944447468785,57.5005711258663,58.9391161255239
"g[3,24]",-0.0399956286079,-0.044057309,0.0959616989542257,0.0940057971279,-0.180578211,0.106620086,1.03866418512166,31.9009003359127,58.9391161255239
"g[4,24]",-0.0258693081385,-0.00047815148,0.139922596112504,0.125232520732452,-0.26351329,0.200261963,1.4585493087026,2.13442718935317,16.2957444827265
"g[5,24]",-0.02605635959779,-0.0382284035,0.128013665641299,0.1266253366707,-0.1824196385,0.229346808,1.05644231872973,20.2362021424671,53.8632643484494
"g[6,24]",-0.0975088915429,-0.0685686295,0.171161005880762,0.1717017555435,-0.352055935,0.1522678445,1.13110542869672,7.87567154882701,13.0721046622061
"g[7,24]",0.00996768373959999,0.018414924,0.163831450680719,0.1269223229484,-0.341175624,0.2441169315,1.09092838244872,17.2715794908016,21.0246288509397
"g[8,24]",-0.024228725764,-0.029230837,0.101950276293872,0.1169722941219,-0.179073139,0.1433829735,1.01593664740689,57.8040416375878,75.842908538473
"g[9,24]",-0.045072299327,-0.0494500025,0.13170247336539,0.1376267549937,-0.214918861,0.2018035745,1.19997262002907,5.16695554595259,30.6204069389592
"g[10,24]",0.013944410108,0.0150715405,0.116872181549263,0.1084341067278,-0.192833376,0.202344289,1.00675389828762,30.1186563038066,32.9939668174962
"g[11,24]",-0.1020705416514,-0.0810454235,0.161879694197109,0.1458629189766,-0.4220056,0.124265371,1.35033289289907,2.90331071851728,24.3582350718816
"g[1,25]",-0.1571563857707,-0.132687105,0.148083626581877,0.1095428320728,-0.459798288,0.0171922035,1.11248878097023,14.6224683868535,21.0246288509397
"g[2,25]",-0.014004477362,-0.00064996365,0.0980066807948456,0.0813303514233,-0.184909895,0.1138815225,0.991656126909234,76.6496830398093,78.3393298097877
"g[3,25]",-0.057952728203,-0.053166943,0.0969876304915988,0.1018157099043,-0.24370393,0.1063905045,1.00140780610493,18.2165614389128,54.856456899439
"g[4,25]",-0.035693291559,-0.015910257,0.126764819344546,0.1428122070564,-0.229687397,0.141604521,1.11328334473971,7.58206265077761,16.9820475497331
"g[5,25]",-0.014218633908,-0.017402383,0.113395374595122,0.1076861617146,-0.210442314,0.1646733745,0.998045749522647,27.4891165794759,33.9768826539676
"g[6,25]",-0.112225663525,-0.12390753,0.162672861328633,0.164455151448,-0.3800324405,0.1381626185,1.08200206694595,19.8189100975886,43.7970546868536
"g[7,25]",0.00981683428000001,0.0305801415,0.114523624767559,0.1062318230358,-0.191669958,0.155153196,1.00497985844411,21.8935615165199,44.5810103703794
"g[8,25]",-0.01324695646695,-0.0122657927,0.0911816729178946,0.0956793656448,-0.15225114,0.143651695,1.05580965837901,55.7076611104672,80.9618225643419
"g[9,25]",-0.055886789279,-0.056766555,0.113876521258069,0.112564114383,-0.2254450745,0.1181437535,1.1789220600091,5.33434141947163,50.7015438102727
"g[10,25]",-0.018188742101,-0.02931255,0.111790019421117,0.1387908346923,-0.1846830145,0.159856034,1.0751086361956,27.7272667819291,27.8352155240974
"g[11,25]",-0.12644763203,-0.12657774,0.11099417821261,0.1262175697797,-0.2836583605,0.0458597374499999,1.12329832750595,11.3587954903173,30.6204069389592
"g[1,26]",-0.139856877442,-0.143114865,0.124940855504972,0.127027122012,-0.349408954,0.074110764,1.14143951125765,6.67922751631639,31.5354895261113
"g[2,26]",-0.013990931429,-0.0050805357,0.080093752138866,0.07448057144472,-0.12964766,0.117285692,1.05660335203676,47.5351143802709,71.2874531148375
"g[3,26]",-0.0445362748088,-0.0370894075,0.0939517042252982,0.0914865884121,-0.217687324,0.097524176,1.00882237770381,27.7441143153904,44.2325367647059
"g[4,26]",-0.039223749181,-0.046326497,0.11754449142547,0.1013283073782,-0.2917631735,0.13706951,1.12971397528986,7.29115803904712,20.5906577244381
"g[5,26]",-0.0125839962976,-0.00953683475,0.109852402800308,0.1058524761042,-0.17150244,0.164300523,1.00303543532102,26.7657907165245,31.7839996054474
"g[6,26]",-0.102412803635,-0.09920234,0.132891282279321,0.163921934358,-0.326064769,0.0793729965,1.00431222341123,21.5604188357124,22.8489358924141
"g[7,26]",0.0047021066807,0.001845168285,0.132410053822977,0.1359453650205,-0.206203123,0.248940915,0.99652206093016,29.6916764085878,54.856456899439
"g[8,26]",-0.0258443305721,-0.0375504095,0.103213123660349,0.0932801074233,-0.1987830965,0.141126006,1.01273880395602,28.3487462651241,20.8482249225638
"g[9,26]",-0.080961371167,-0.079707904,0.0938927634424121,0.0838845902706,-0.249304457,0.0874841047,1.03976706499022,49.5773373005685,48.4074922943175
"g[10,26]",0.004307484975,0.00300226095,0.0973401923995271,0.09684406069653,-0.154205457,0.1701600865,1.02592893320674,58.9667449798533,64.2679373558334
"g[11,26]",-0.1470061290925,-0.161808605,0.128889596657383,0.140772195417,-0.317397014,0.05440682925,1.07201216861756,13.7365140610417,44.5810103703794
"g[1,27]",-0.11504442185183,-0.12944477,0.113690512673994,0.121286717202,-0.27875247,0.0649045131,1.03634800252307,23.9599177349859,68.8140521811376
"g[2,27]",-0.0262051980041,-0.0313664205,0.115244008196345,0.1058662776276,-0.2313490765,0.161063961,1.00193435397056,46.2889844761499,49.8568790552335
"g[3,27]",-0.0401668012931,-0.036331909,0.108979519075051,0.1245865192656,-0.217042109,0.1204977695,1.05323255877485,30.2861456694967,59.4639916395373
"g[4,27]",-0.016224482737,-0.00896316615,0.122151674879386,0.12802304247579,-0.21725642,0.177507584,1.16722516874865,4.78756940384943,29.7568440741369
"g[5,27]",-0.0200280977737,-0.0251234005,0.100904033135283,0.1103238442551,-0.1697097005,0.1618405925,0.995531565643867,26.702923049807,33.9768826539676
"g[6,27]",-0.1046937417594,-0.10660377,0.114163980090265,0.115126647636,-0.271185333,0.0598905116,1.03306015507424,29.4685228316483,36.59556670849
"g[7,27]",-0.0232440056462,-0.016596773,0.130969149670645,0.1411898519913,-0.2409655545,0.197417777,1.17756775340448,4.73366895965205,56.8419098881722
"g[8,27]",-0.021016304376,-0.022816679,0.0981213306871231,0.105045879435,-0.196272449,0.133469952,1.02635074285933,24.9606171210414,21.5942744323791
"g[9,27]",-0.068440764564,-0.065216977,0.0941752614927649,0.10722762289008,-0.2169480145,0.0730190978,1.18688842870594,5.12522794977082,73.5691550057054
"g[10,27]",0.0104899280754,0.0123194925,0.121810274616732,0.1367719071075,-0.1782777815,0.197028231,1.05934897365557,25.3843094014699,73.5691550057053
"g[11,27]",-0.152079321103,-0.154140655,0.1228585143161,0.0859539181011,-0.379553845,0.05077939105,1.04247485914643,36.255178415129,31.7839996054474
"g[1,28]",-0.124808930485,-0.132844715,0.146167658074742,0.18721019750958,-0.3471454315,0.107529634,1.04159181416314,22.2305205586314,22.2747522502046
"g[2,28]",-0.026959934993,-0.04147008,0.0995394650909006,0.0986502069378,-0.16879295,0.1311776495,1.02237240377816,30.3978499154916,49.3947428610154
"g[3,28]",-0.0293898775814,-0.0197731175,0.104102060360837,0.1073436440496,-0.2089358215,0.117300506,1.00136721626377,45.0846684334452,78.3393298097876
"g[4,28]",-0.00862561411450001,-0.01459261795,0.106445623320418,0.103458607875,-0.20875871,0.160168906,1.17825147502305,4.61774417175685,73.5691550057054
"g[5,28]",-0.0421848240009,-0.0398385405,0.0919136561558717,0.1119298699638,-0.1925013965,0.0996764945,1.04037607702319,41.3105665521831,58.1996870625698
"g[6,28]",-0.110144301172,-0.117250375,0.130075485247656,0.1144334513343,-0.2961230635,0.0987307184499998,1.01571389587603,28.9945133253307,54.856456899439
"g[7,28]",-0.03315849452786,-0.0291543535,0.12656749381432,0.1162958615784,-0.231252016,0.1868833365,1.06610740119909,21.649772688181,31.7839996054474
"g[8,28]",-0.043719430055,-0.0263732085,0.113826830541595,0.1117894625547,-0.2330358315,0.124826841,1.07356204841977,15.6921266323252,58.9391161255239
"g[9,28]",-0.0426410222539,-0.046264735,0.118194811579208,0.1141060561893,-0.237828273,0.1508311305,1.15710317040611,5.77489771360892,43.6009559160014
"g[10,28]",0.01048008781844,0.00971047725,0.117265542410679,0.09839007624285,-0.1541259565,0.167960751,1.03640595575739,20.0654064009246,30.6204069389591
"g[11,28]",-0.105907726569,-0.110535765,0.144123880862404,0.1315896544956,-0.3325825085,0.1246294435,1.15574882474811,7.40805846426024,21.0246288509397
"g[1,29]",-0.15626563522,-0.15284071,0.121705499206828,0.119767756437,-0.3482100945,0.0231063280499999,1.20484799514493,4.19908205508457,29.6344679101048
"g[2,29]",-0.0144323485732,-0.016857829,0.0961550884532655,0.0890903791575,-0.1514369335,0.1824003255,1.13448704674898,32.1126687241639,56.8419098881722
"g[3,29]",-0.0410814474661,-0.0415880245,0.102912826695388,0.1046730366696,-0.1961960285,0.0996179049999999,1.01047294908087,31.1431297285875,58.6597595434651
"g[4,29]",-0.014947155484,-0.0023641025,0.0977639983934549,0.0882711581493,-0.1815902635,0.141204415,1.23844829033841,3.97916925430075,41.7960353475036
"g[5,29]",-0.01968359179,-0.0304156645,0.0930852410143617,0.0894819404892,-0.161728599,0.1378937775,1.0820981552543,12.4190806594018,37.3971247924835
"g[6,29]",-0.1726792848121,-0.14317197,0.171923917996832,0.1449200795217,-0.4541476995,0.0891903389499999,1.0838267670182,12.2120307226908,21.0246288509397
"g[7,29]",-0.018430853728,-0.0235731475,0.113588896359078,0.1142327547375,-0.1986662715,0.1677947665,1.13802023794227,7.05245876781899,54.8564568994389
"g[8,29]",-0.0310708974012,-0.029332856,0.0937452930883943,0.0938677841178,-0.1728833095,0.1236838295,1.14405134697529,8.36178869159043,40.5548566509965
"g[9,29]",-0.05170292619963,-0.063160174,0.109358776538447,0.12935781369,-0.227466227,0.1445904495,1.20536508682593,3.97260463667825,21.0246288509397
"g[10,29]",-0.000773366761800005,0.00328004975,0.135083221422647,0.13695755049585,-0.3026748505,0.17852758,1.16583280990566,8.09761214629217,56.8419098881722
"g[11,29]",-0.100955713822,-0.112459725,0.139849135314619,0.140028078477,-0.2854176175,0.1003109825,1.07764155932233,13.9591434743888,34.0438540421866
"g[1,30]",-0.064503337199,-0.0745891715,0.129502416398711,0.1477897496733,-0.2454824875,0.1566975155,1.08289307450571,13.9182993634697,15.9934198501188
"g[2,30]",-0.023291112935,-0.0175601905,0.0925204919179554,0.0806227635234,-0.1727935725,0.1147657015,1.16177328461572,5.23605789751632,50.6923710931221
"g[3,30]",-0.02340166268,-0.021373939,0.0954974151213929,0.0964338867303,-0.181488297,0.1290596225,1.00413117384389,20.4575383737779,50.0147531084456
"g[4,30]",-0.02894203568152,-0.0286274395,0.0937004470741938,0.0918405354405,-0.190079627,0.1025354175,1.04115954462544,16.8122665538006,59.8640966872306
"g[5,30]",-0.0261548821134,-0.0311112195,0.102306470099438,0.0868233206715,-0.2090211745,0.140115266,0.990766175307314,22.6608209272979,66.9637815053919
"g[6,30]",-0.095705159754,-0.103657615,0.189719179714444,0.15747835490352,-0.4376170015,0.226921598,1.10775897904335,12.6807974048304,14.3008907411947
"g[7,30]",0.0005601696452,0.0246390365,0.141876223341871,0.1026097533993,-0.3045847575,0.1668714975,1.04591447028593,19.3002813572946,31.7839996054474
"g[8,30]",-0.0381249030169,-0.052832362,0.111957897660978,0.0952022056608,-0.1787229375,0.170942853,1.13801490874577,18.2911233379406,21.0246288509397
"g[9,30]",-0.0219289312154,-0.0345284325,0.135753855854558,0.1326957600864,-0.2513540105,0.1868443525,1.4805496207031,2.19051718040657,22.2747522502046
"g[10,30]",-0.021606764875,-0.0045804729,0.116604755121479,0.11319139488174,-0.2084362345,0.1513651785,1.15799681905755,5.4983522946406,73.5691550057053
"g[11,30]",-0.089538356714,-0.080612385,0.126036130283988,0.11270567013993,-0.2994087255,0.1297234475,1.07132164864708,52.8416738570432,48.4074922943175
"g[1,31]",-0.139052288988,-0.15432976,0.132974469037857,0.1487808640668,-0.306830568,0.0783912166499999,1.10020783185115,19.8490713112502,51.5338182396663
"g[2,31]",-0.0076433315365,-0.00461480395,0.104592217984469,0.09623029617243,-0.1710971355,0.1694603575,1.04081779094293,26.1683409452731,57.8602726625094
"g[3,31]",-0.0351921867638,-0.020817273,0.108073909249189,0.0960373913058,-0.2453588625,0.145454371,1.03945096954861,18.8085408223058,15.4307380301561
"g[4,31]",-0.038775000815,-0.019431326,0.107170356137175,0.0921591862107,-0.2200252295,0.09404672745,1.0564880349161,16.8840266775282,39.73019119275
"g[5,31]",-0.0226201841047,-0.0140574595,0.0996031570598851,0.0950299127148,-0.1784952765,0.1353808025,0.995344423652875,20.4113498154266,76.6284020089591
"g[6,31]",-0.11072391077517,-0.104037725,0.126557361357372,0.104765994207,-0.309677248,0.0882755255499999,0.992541860047217,41.0350005760531,71.2874531148374
"g[7,31]",0.0455356553452,0.027689185,0.133153981073862,0.1017775507455,-0.1471100515,0.347647189,1.04299137695472,13.6956565372883,21.5942744323791
"g[8,31]",-0.0404481730051,-0.0408163625,0.0983683247531264,0.0854443203117,-0.1688354845,0.1309991125,1.13784444706591,6.58926960157118,71.4660754915116
"g[9,31]",-0.0368532527519,-0.053303416,0.127211851133629,0.1166199497841,-0.230740185,0.205160389,1.14358643794773,6.55754965544358,31.6824001034527
"g[10,31]",-0.0392401040896,-0.013597449,0.116789905805422,0.1302929473314,-0.239671503,0.111248929,1.17643685693956,4.95681705070952,37.5549801362088
"g[11,31]",-0.1233387655336,-0.11148186,0.129340690360875,0.1219712388111,-0.344010089,0.0557461281999999,1.19296570943381,4.37046977978284,48.4074922943175
"g[1,32]",-0.127667130739,-0.142747895,0.158007054726111,0.112870619694,-0.3647512375,0.1503125235,1.04059284544347,17.7283553352113,21.0246288509397
"g[2,32]",-0.0210133941325,-0.0260310135,0.10858504279903,0.1056298622316,-0.210320933,0.147333191,1.06982930310868,33.3825142997447,55.1291802498247
"g[3,32]",-0.0279921883529,-0.027238128,0.096546951007426,0.0992547600681,-0.1951085805,0.129326371,1.00311134686117,38.1573805952723,46.1244278205995
"g[4,32]",-0.0632612875781,-0.044597539,0.0988986988982103,0.1034571675291,-0.235301608,0.07593912585,1.04910049150998,31.9486508114291,51.5338182396663
"g[5,32]",-0.049226033735,-0.0460208235,0.112943013524978,0.1139245429539,-0.2312469025,0.1438319765,0.995016629803744,23.4544894358736,58.9391161255238
"g[6,32]",-0.09560305338,-0.10918933,0.147511202516366,0.150133531968,-0.321971929,0.1542109165,0.990468378919873,35.2042127075668,44.5810103703794
"g[7,32]",-0.0298356844376,-0.032320477,0.148300562991802,0.1698264496446,-0.295786018,0.1801064225,1.31448321778862,3.05241420176388,51.2145156570093
"g[8,32]",-0.068808697698,-0.0677497765,0.107678963677691,0.09355772382852,-0.256289526,0.1091932075,1.00478111817581,21.779245650077,77.3212964411783
"g[9,32]",-0.0156798512374,-0.021906075,0.130714009023846,0.1355701130301,-0.23767141,0.204382163,1.15009250603177,5.35561819008414,36.9810859428212
"g[10,32]",-0.031828027984,-0.017184806,0.125712348068343,0.1263415811154,-0.2626833165,0.139314714,1.09455420317785,10.2267685628043,16.1171486461595
"g[11,32]",-0.138239033293,-0.10511155,0.159478307639393,0.1198291783311,-0.475727419,0.05198125005,1.11006673843108,9.01101919308758,29.494618736908
"g[1,33]",-0.1487539383776,-0.17342014,0.145785346174131,0.1170190723758,-0.3429138135,0.14009773,1.05579569888649,14.5109256187554,34.362847091416
"g[2,33]",-0.008358196817,-0.0103238101,0.0925828912309366,0.09572586650424,-0.1511876815,0.1449693745,1.08497998566079,11.5810315497331,39.9139812974488
"g[3,33]",-0.036065174854,-0.031197886,0.0893051631703828,0.0944199488358,-0.2006422555,0.103642345,1.00708755659941,22.5151192783682,61.3835995991276
"g[4,33]",-0.0660836111955,-0.0623170675,0.0824311682475305,0.0881422371837,-0.2129516585,0.05654039875,1.01471755805341,35.7499174604714,71.2874531148375
"g[5,33]",-0.0396916381172,-0.048245615,0.108252476207219,0.08702805750156,-0.206125734,0.181455253,1.06967571627081,12.1027539743238,19.9180514454814
"g[6,33]",-0.119641911405,-0.119906095,0.130277512586857,0.1187286265599,-0.334662834,0.0880794782,1.03936824180089,14.1204950265033,96.8032193586517
"g[7,33]",-0.0236896906739,-0.00096946612,0.144430395249695,0.095423887155912,-0.295060283,0.1792755995,1.27017587336641,3.26615228556232,21.0246288509397
"g[8,33]",-0.0665197828046,-0.056984695,0.111284761697188,0.110452002423,-0.2527687015,0.109002194,1.00166108450489,23.9601365914284,54.1081755216878
"g[9,33]",-0.026002062728,-0.0268461975,0.118437139500777,0.1281312816903,-0.195655088,0.1831061035,1.16198736526389,4.80708773561397,37.5549801362088
"g[10,33]",-0.012390434211,0.00666302965,0.127412368555842,0.1233026692086,-0.222615142,0.148386853,1.06767110074557,9.77300849692893,14.3090760425184
"g[11,33]",-0.09684182863676,-0.0758766295,0.177736760650323,0.1808429304423,-0.4100621655,0.1797743175,1.05886859119221,10.0153560024769,34.2306391066432
"g[1,34]",-0.1435499125237,-0.181810015,0.156095552379633,0.126053224311,-0.3615422125,0.1758095645,1.10284606205901,8.12608283205817,16.576678980771
"g[2,34]",0.000396552235000003,-0.016542842,0.114458896410175,0.1166295859428,-0.1684914765,0.2021651795,1.05011103708433,19.6934433872027,40.0549324788279
"g[3,34]",-0.024946047696,-0.0235071265,0.0924126086541893,0.1008153403803,-0.185719272,0.0930231193,0.995862153831022,57.4847423901033,58.9391161255239
"g[4,34]",-0.06144192195699,-0.0703938705,0.0884984522113756,0.0900095051667,-0.1909722935,0.08403507245,1.02408436277154,37.032432137696,48.4074922943175
"g[5,34]",-0.076925450088,-0.0769363925,0.0982748792388844,0.0921092566905,-0.2330439775,0.07404572325,1.02718381845362,20.3420335775152,31.7839996054474
"g[6,34]",-0.122838651827,-0.11446021,0.140724197359477,0.15634206854343,-0.3346871135,0.1001320864,1.05275572308253,14.471028583495,14.0675241157556
"g[7,34]",0.00979054811699999,0.0148212535,0.121722660820175,0.1296507850869,-0.198658953,0.196208518,1.01444865209759,33.4333247300183,52.4502744151648
"g[8,34]",-0.066897957065,-0.074321789,0.0873363356671017,0.0807368970366,-0.2033783505,0.0743096402999999,1.00002871687807,39.5063691219299,58.9391161255239
"g[9,34]",-0.02669495318,-0.049951864,0.126528061914538,0.136360007469,-0.208105869,0.207617314,1.06577314469348,10.8016990538349,58.9391161255239
"g[10,34]",0.00628725852900001,0.0265910905,0.169890930883766,0.1548494075457,-0.328996224,0.2564680765,1.24042576984803,6.59114388377585,30.6204069389592
"g[11,34]",-0.0840255564429,-0.062241557,0.123882636902874,0.1134050139684,-0.303257196,0.0800436095,1.02351799001754,27.1693888762772,44.5810103703794
"g[1,35]",-0.204186667364,-0.213545655,0.112163185304531,0.102177886104,-0.3719557135,-0.00150573398000004,1.11689792161993,11.6690894168997,21.0246288509397
"g[2,35]",-0.0014309418948,0.0094025207,0.10936535809888,0.11219629866942,-0.1801706285,0.160136057,1.01649098434925,23.3068128550666,78.3393298097876
"g[3,35]",-0.019579750679,-0.0200598245,0.0815829589098495,0.0821798248845,-0.1677069335,0.1185958785,1.02968638237077,43.8873331154265,56.8419098881722
"g[4,35]",-0.072100094237,-0.0811383345,0.0964841003032213,0.10949065708077,-0.20821457,0.0965701043,1.02547165456352,34.0985941767832,74.7352313149317
"g[5,35]",-0.123836380249,-0.11260332,0.0899971428867082,0.0830814147009,-0.286426242,0.00841329866499995,1.04619533200783,22.0839245023899,61.0560572299754
"g[6,35]",-0.102618146794,-0.107693805,0.131082277279728,0.122886954099,-0.318296808,0.0954743393999999,1.024762118309,14.856613324694,33.9768826539676
"g[7,35]",-0.0632981427693,-0.076715111,0.142685132393307,0.1684404825474,-0.2688593595,0.16960661,1.29351968378447,2.93879322841749,21.5942744323791
"g[8,35]",-0.050762545905,-0.031002051,0.107187314988234,0.0985098758826,-0.2433726625,0.08867778255,1.01533973736154,27.9959624604605,42.1527132583187
"g[9,35]",-0.0292597667178,-0.034711685,0.123072147671075,0.1381425456033,-0.2023275275,0.196569497,1.16922540179882,4.32461446775939,42.1527132583187
"g[10,35]",-0.0284636425878,-0.0112709285,0.166009582017476,0.165406558107,-0.321621362,0.1950976635,1.22759929937257,3.50428104409891,21.0246288509397
"g[11,35]",-0.103394179243,-0.0912345135,0.117769540242149,0.1147959114519,-0.3139000805,0.06198496235,1.08170675511553,11.8484247052671,60.0313633245124
"g[1,36]",-0.168745519613,-0.1598126,0.148757060701096,0.1530302321415,-0.411519534,0.0734307693,1.16745980770437,6.57630507862635,21.0246288509397
"g[2,36]",0.01840147037,-0.0020658852,0.134170680424752,0.1238463608676,-0.187096376,0.2441742695,1.02671648918678,15.1404459966482,74.2764652971434
"g[3,36]",-0.0078357113524,-0.0037429867,0.0905805400941737,0.0787049789106,-0.153692813,0.128846273,1.00489370977112,31.5966118415669,51.556342412722
"g[4,36]",-0.095393107865,-0.10151763,0.118102788127113,0.1117340748426,-0.309439674,0.101180637,0.996895420190879,18.0431817519657,16.565694812571
"g[5,36]",-0.10395815706,-0.103005265,0.105968921547047,0.103461914073,-0.286248438,0.07956147115,1.11680362139323,7.16285502915265,41.7960353475043
"g[6,36]",-0.0808040924934,-0.095055934,0.136993423544402,0.141842175961374,-0.2975599635,0.152180908,1.03743198713474,15.3685850601264,31.7839996054474
"g[7,36]",0.0140552190288,0.0283496885,0.112988006490534,0.1133462170176,-0.159816116,0.1694377195,1.00162434852374,29.4993443259657,37.3293515358361
"g[8,36]",-0.061203158182,-0.0562319525,0.0910840704697278,0.07299835262118,-0.241175804,0.0770781040499999,1.0625262679037,13.56749148064,30.6204069389592
"g[9,36]",-0.0227681356319,-0.032798996,0.105944150541588,0.1064825988954,-0.185554722,0.1730529815,1.23800058044017,3.88827395405014,73.5691550057054
"g[10,36]",-0.025161124981,0.00012145335,0.178302213733685,0.167220786075,-0.406323651,0.1849285135,1.13989632974512,5.72106275954699,21.0246288509397
"g[11,36]",-0.063909848029,-0.071883663,0.128084136873457,0.1222966079832,-0.272224509,0.129524553,0.992201070202453,65.8441309745971,54.8564568994389
"g[1,37]",-0.1668727439446,-0.171093085,0.17057591543828,0.1510477691037,-0.4746474845,0.1091753855,1.44651654783029,2.24910142887338,48.4074922943175
"g[2,37]",0.028360166009,0.0432147165,0.145290122645333,0.1673628376875,-0.1882740455,0.234896635,1.01224543173433,16.7811792004682,65.4003091120768
"g[3,37]",-0.0034350183981,-0.00964633255,0.105309151601263,0.10564476540093,-0.18550407,0.1567277375,1.03259849823164,22.808809497925,52.6712289170557
"g[4,37]",-0.0820018697038,-0.0829880895,0.108021120735403,0.1035669533178,-0.265369508,0.1047695825,1.02080237010825,20.0456502858559,43.2837770829808
"g[5,37]",-0.118500236668,-0.110496545,0.0959443330991116,0.1019601863091,-0.286768488,0.03025623945,1.10718024279203,7.5198985511846,73.5691550057053
"g[6,37]",-0.087123979633,-0.074610706,0.149276135391027,0.1554710758104,-0.3258857565,0.130185228,1.06735378935455,16.8571123972733,21.0246288509397
"g[7,37]",-0.00166879036979999,0.014809728,0.132884100080436,0.1364079873702,-0.242962705,0.202320565,1.14978806264684,8.08265609416262,31.6824001034527
"g[8,37]",-0.084542261181,-0.083254198,0.118377007675344,0.0880045177284,-0.282673566,0.11693338,1.10938981973631,9.25302059760263,31.6824001034527
"g[9,37]",-0.02186810433,-0.031854615,0.109093362436949,0.098123071473,-0.208291141,0.1469829975,1.11806289960602,7.77398125772725,66.9637815053919
"g[10,37]",-0.0467675513791,-0.009569815,0.193410972096272,0.1557291994356,-0.4567475595,0.187846999,1.36216779592756,2.53145661385895,17.2396808196236
"g[11,37]",-0.0993219926252,-0.08054312,0.148689756564011,0.12260879157807,-0.342527377,0.1033882485,1.08307534572979,17.4303929030553,14.4580304031725
"g[1,38]",-0.2222928991,-0.23334674,0.171051787811635,0.166097768466,-0.5009737655,0.06122784185,1.0980019534686,23.3378261857945,40.5548566509965
"g[2,38]",0.0252739756962,0.0214186345,0.152761704255861,0.1810177586343,-0.2029007715,0.2479628605,1.06667245430887,13.1427816614454,52.209058285043
"g[3,38]",0.0140532412093,0.000559763855,0.101553647712478,0.1127268349221,-0.119148266,0.18676707,1.05649313169057,14.6526473909761,52.4502744151649
"g[4,38]",-0.0959902754775,-0.101121055,0.122750815117678,0.1222236032766,-0.2991624485,0.09654795405,1.02269986214808,19.7743119260476,47.7346760337951
"g[5,38]",-0.113477687653,-0.11019869,0.0869772484639817,0.0824629814694,-0.223282319,0.03165685035,1.05224486894555,25.9690055636397,12.8042980631539
"g[6,38]",-0.186675623537,-0.182660365,0.178258276132595,0.138659438526,-0.52378256,0.10035121905,1.29515856335175,3.28741878754907,30.6204069389592
"g[7,38]",0.006763115108,0.0099054319,0.132308082458542,0.15316655068806,-0.201083209,0.2174904955,1.00664069916574,43.5062365863148,58.1996870625698
"g[8,38]",-0.0688427255665,-0.083939438,0.137091016548077,0.11642103964617,-0.282474007,0.159955582,1.0648348453765,16.1192054235953,21.0246288509397
"g[9,38]",-0.0313139474349,-0.0487961455,0.111239671569824,0.0996579279339,-0.2130749305,0.1754933985,1.03030158708648,22.7026623339828,18.5577942735949
"g[10,38]",-0.042626831013,-0.0057294915,0.181542867509081,0.1451815449273,-0.3878451305,0.2153740635,1.19034262145333,3.75259202399807,15.1227099896301
"g[11,38]",-0.082919826224,-0.080797958,0.153467485544933,0.1539416501133,-0.342716119,0.1271363795,1.04242932820503,21.826166096528,32.4795842613214
"g[1,39]",-0.1917030838117,-0.19640842,0.175936609801195,0.203424669756,-0.5064089665,0.0588317942999999,1.18243504221169,8.06797514687456,34.3628470914159
"g[2,39]",0.028823188335,0.0299097005,0.169912541686304,0.197488628463,-0.237352516,0.312905078,1.01654911797336,13.7366753378182,74.7352313149317
"g[3,39]",0.0221559806391,0.004924182115,0.118247788295292,0.132348130587099,-0.148377779,0.229597155,1.15274076296488,5.03990337506307,14.9957155098543
"g[4,39]",-0.091278066559,-0.1003608995,0.0955101849026503,0.0891784063086,-0.2397797125,0.06284599735,1.01956805091079,21.9054750198623,34.8077151133232
"g[5,39]",-0.12465862291488,-0.12312222,0.102569446312687,0.1096467363873,-0.299167944,0.0410508918,1.10029073412658,7.86952847471324,17.4685565981233
"g[6,39]",-0.124467018347,-0.11502979,0.151697006707518,0.1463245383474,-0.3602093705,0.0810682719,1.06272502337308,48.4370375360682,50.6923710931221
"g[7,39]",0.01618754235946,-0.0199194285,0.160321066383202,0.1219226658699,-0.1903448235,0.31731957,1.19469849970964,4.79864317995778,25.9952465834819
"g[8,39]",-0.063103128595,-0.0595572715,0.125916756746795,0.1235138099811,-0.2536919345,0.1415307485,1.10456003367842,11.1378509314068,31.7839996054474
"g[9,39]",-0.053256959066,-0.0493620285,0.131461286729121,0.1292812233153,-0.2691661435,0.149308777,1.03167655405206,29.6074483398553,75.8429085384729
"g[10,39]",-0.059871658121,-0.0437101965,0.198777125952418,0.1844584744149,-0.44978964,0.2153069295,1.17033913269843,4.49146036909992,13.4809450967877
"g[11,39]",-0.11151725133411,-0.087231959,0.166100148132646,0.1665110995548,-0.425188811,0.09394976935,1.07146499285457,31.4920203461045,40.5548566509965
"g[1,40]",-0.216807583891,-0.226387045,0.169646389934136,0.179439196608,-0.493945915,0.07953731335,1.15229577512206,5.50096285801003,49.945497155238
"g[2,40]",0.0385556299563,0.038283333,0.16312515808753,0.187248332502,-0.188192594,0.316535703,1.02251945927534,14.3438610461249,66.9637815053919
"g[3,40]",0.031608107645,0.018939449,0.130089076305135,0.128338200018,-0.169320294,0.236415589,1.08187363006554,9.72446351020361,52.4502744151648
"g[4,40]",-0.098429976772,-0.091992535,0.107206091211303,0.1054423036947,-0.277745928,0.0537289406999999,1.00515355670507,17.4154930922026,54.856456899439
"g[5,40]",-0.133635547644,-0.141935145,0.105928745584656,0.1053807461427,-0.307913892,0.04670613625,1.06540666154129,12.5364085744911,28.1486247386198
"g[6,40]",-0.192424766968,-0.150325995,0.215950583834186,0.1898780045547,-0.631390563,0.0881645412,1.19095427336773,21.7671424841508,21.0246288509397
"g[7,40]",-0.0555451846807,-0.039008487,0.158402509072031,0.1615882967538,-0.3433774355,0.1576055565,1.03125360642796,26.4289664982816,58.1996870625698
"g[8,40]",-0.056702991235,-0.0841985115,0.140107635325732,0.1492743111531,-0.258228521,0.1847174095,1.1332215938475,9.3132575223147,52.4502744151648
"g[9,40]",-0.066980017233,-0.0575828095,0.118028422973524,0.1059508784901,-0.2616616925,0.1317875055,1.05302059933614,20.5394494732597,65.8701661141379
"g[10,40]",-0.062518480038,-0.0312584055,0.208119034635455,0.1870292516652,-0.471555347,0.201098265,1.20404342804787,3.65353428655162,13.2804284428833
"g[11,40]",-0.13681496096,-0.109206225,0.189031292531574,0.17477209553097,-0.4975913315,0.128717164,1.17979861089343,6.44748952542617,23.0844608600611
"r[1,1]",0.08772810478,0.0878531295,0.00637069181995859,0.0071111337444,0.0776437034,0.0967384836,1.16299714335814,8.76709473502532,51.5338182396663
"r[2,1]",0.08298966453,0.0838862205,0.0122434068718463,0.0116512671072,0.06335301955,0.1005333175,1.21881212828228,12.7545605871434,19.7138672975103
"r[3,1]",0.08531122461,0.082269991,0.0127100876358623,0.00775667854080001,0.0709652183,0.110834312,1.07913344047093,29.2157130745483,42.4389398926035
"r[4,1]",0.08317072807,0.082978346,0.00929069069139854,0.0082613815263,0.06874141015,0.0979416164,1.26263189189209,23.1585689115019,47.4879826329663
"r[5,1]",0.08104820096,0.0813560755,0.0087089636750078,0.0076824744108,0.06792446525,0.09562835715,1.04895201355095,22.8174593960698,74.7352313149317
"r[6,1]",0.07887781787,0.0781409855,0.00946231030833271,0.0081288185538,0.0644621519,0.09544701195,1.02675708042915,24.382633372764,30.1538461538461
"r[7,1]",0.08117788257,0.080110082,0.0112828242545324,0.0122195721501,0.0641406253,0.1002390895,1.01371479827301,14.5178703996369,17.8808623684479
"r[8,1]",0.07738869313,0.0770641425,0.00982235406270155,0.00992322786630001,0.06027275525,0.093518706,1.04777108464236,17.9230802420046,16.4458227610187
"r[9,1]",0.08344929758,0.083511253,0.00889896935404773,0.00907571291969998,0.0691980189,0.09676996055,1.06671093547802,10.8023878607787,32.1582648747569
"r[10,1]",0.08239676215,0.0812217825,0.00936240166024276,0.0088699465722,0.06821544635,0.1005856615,1.01391193626738,33.1507263726263,30.6204069389592
"r[11,1]",0.08068287631,0.0802129945,0.00973279061022014,0.00657422720430001,0.06527086065,0.09720799125,1.02426041570493,19.4450698670401,34.362847091416
"r[12,1]",0.08170508472,0.079601534,0.0103878509281839,0.0084908546478,0.0685691531,0.1025421015,1.17636251162387,4.99683379724677,27.6504977089587
"r[13,1]",0.07963591604,0.0792252605,0.00999050106380135,0.00687643149270001,0.0642076997,0.101516579,1.08777062178525,33.6600607656879,34.6094081084899
"r[14,1]",0.0816393536,0.0807582225,0.00852445083990427,0.0093374451933,0.07136049375,0.09504313425,1.06433135585746,29.2383301865442,71.2874531148375
"r[15,1]",0.07815163741,0.0779523935,0.00749800479040065,0.0073615715712,0.06595245765,0.08874470705,1.0049170147184,29.5166317844344,44.5810103703794
"r[16,1]",0.07735579655,0.0770229425,0.0089049220096918,0.0078059824038,0.0637742007,0.0913296357,1.00606806683654,21.2037945617919,31.7839996054474
"r[17,1]",0.07638046242,0.0750693335,0.0114433716273604,0.0128895301794,0.0605289311,0.0953481023,0.992342874960739,15.8906338136336,33.2825123384992
"r[18,1]",0.07829145409,0.0763745905,0.0111325928802156,0.0087603957756,0.0644894062,0.0983231217,1.07673711161146,14.3107240104804,25.9952465834819
"r[19,1]",0.07221236738,0.072439008,0.0102924633582934,0.0101633505036,0.05414040095,0.08853343,1.08529692048673,11.6179894507281,34.362847091416
"r[20,1]",0.07919826598,0.077610476,0.0100852282014163,0.00752729511659999,0.0671302609,0.1038876235,1.08820793790912,8.74802590116484,31.9226559649762
"r[21,1]",0.07575927183,0.0760843485,0.00829372879522146,0.00707511768389999,0.06295746945,0.0894215368,0.992364802247864,38.9881437831869,71.2874531148375
"r[22,1]",0.07676921294,0.075962785,0.00927865569450564,0.0100864977087,0.0630836486,0.0928285072,1.04667174081994,25.6444016280601,54.8564568994389
"r[23,1]",0.0760616512,0.07656568,0.00863033552810001,0.0076486355484,0.06063516295,0.09051054405,1.19969427231186,4.19962562887504,21.0246288509397
"r[24,1]",0.07799050603,0.076943257,0.00968904945413959,0.00945443641799999,0.06348561815,0.0957650272,1.05191773918638,14.9827508200542,45.7499253062444
"r[25,1]",0.07513824088,0.0757551155,0.0106368676301359,0.0083492085264,0.0555890285,0.08920578705,1.18482123681419,5.01747355317833,21.0246288509397
"r[26,1]",0.07620650944,0.0756497675,0.00918354217334704,0.00917324576070001,0.06154002335,0.09252703265,1.17740706462738,4.98231526816038,31.5354895261113
"r[27,1]",0.07793891278,0.077295122,0.00906127919527954,0.00826739421059998,0.065537955,0.09578076075,1.10225186758458,8.76850192717916,50.6534301172039
"r[28,1]",0.07746465301,0.076529924,0.0121058762993895,0.0144860761437,0.06087948135,0.0989442908,1.0845856166181,16.84298928582,21.5942744323791
"r[29,1]",0.07518013359,0.0752882925,0.00992362061069399,0.0090848879898,0.06102862105,0.0948637885,1.35630733525059,2.58799964934656,23.9552574456851
"r[30,1]",0.0810359122,0.0811690315,0.00957947633380408,0.0103546763271,0.06699962255,0.095241686,1.07082071337468,12.2849938269313,49.768741973122
"r[31,1]",0.07604600314,0.0740367705,0.010399885113786,0.0110180501298,0.0631946814,0.0951118318,1.17885299569616,7.02483921446861,51.5338182396663
"r[32,1]",0.07787876015,0.0772602875,0.0120607864181737,0.0110397338961,0.0617957815,0.09999254475,1.0036734859474,16.7553431439638,31.7839996054474
"r[33,1]",0.07591517257,0.074051418,0.0104130595681191,0.00811212003000001,0.06203199265,0.09725375935,1.0194180300808,15.3485129241167,45.7499253062444
"r[34,1]",0.07602363504,0.073298525,0.0110276051902137,0.0092037925098,0.061117339,0.09701524085,1.05163666258163,9.00614034434134,16.576678980771
"r[35,1]",0.07249842277,0.0712108185,0.00781941311608626,0.00649762274490001,0.0607612334,0.08522966455,1.00665248586277,19.114106695129,34.3628470914159
"r[36,1]",0.07416393228,0.074516763,0.0105183929910717,0.00965909378069999,0.05748551635,0.0903625705,1.06253013138926,12.6466583717548,30.6204069389592
"r[37,1]",0.07478410088,0.074395912,0.0105871713138211,0.00920099410229998,0.05720351235,0.0905493405,1.18949299273165,4.32766262356312,30.6204069389592
"r[38,1]",0.07166225902,0.070779934,0.0128758904227437,0.0130275298461,0.05241800105,0.09053831445,1.04291865743546,26.0483523741877,30.6204069389592
"r[39,1]",0.07343959823,0.074234407,0.0116996211364962,0.0126186206118,0.05361720835,0.09096012935,1.06755785366396,19.087889356662,34.3628470914159
"r[40,1]",0.07270269133,0.0706516815,0.0123989874518178,0.0134171423001,0.0557076991,0.0944564641,1.0375940850283,20.2021463433564,58.9391161255239
"r[1,2]",0.07443005861,0.073749067,0.0064741408359582,0.0059823895929,0.06542809075,0.0886753644,1.23640821714208,3.5634624705755,35.0070014002799
"r[2,2]",0.07622263913,0.074663127,0.00917224533259917,0.0075857051088,0.06244759285,0.0939759636,1.11504338492991,7.33211998181549,14.0044814340589
"r[3,2]",0.07620601816,0.0758876225,0.00951529077741583,0.0095675039418,0.0627129378,0.09410944105,1.11294342410513,7.11367375969743,48.4074922943175
"r[4,2]",0.07870114034,0.0777856465,0.00941945050616274,0.0089381684112,0.06439515825,0.0973972442,1.17550100566045,4.3939208873834,18.434636047614
"r[5,2]",0.07918943029,0.0803657215,0.0096947121586067,0.0096004487964,0.0619425152,0.09324514355,1.05635858335901,26.5424607533773,51.9994667620882
"r[6,2]",0.08085552319,0.080482792,0.00869335528560451,0.0077588142261,0.06739903885,0.0956089073,1.1504989893258,4.5773093588144,43.0506805768747
"r[7,2]",0.08297706283,0.0820916005,0.0098525192504718,0.0087069895584,0.06933396565,0.1030037585,1.13632518323435,7.00871101912865,37.7806563039724
"r[8,2]",0.0828944265,0.0821643885,0.00894839170950703,0.00808852296839998,0.0699899006,0.09894600055,1.06518641711498,13.5363647863314,39.7404703974047
"r[9,2]",0.08193622212,0.081162432,0.00863740495521656,0.0085513691907,0.0702750059,0.09809832045,1.05243591886431,20.1480096139397,23.5151840902982
"r[10,2]",0.08158002382,0.081442165,0.00940973588530255,0.0102164713203,0.0678013312,0.09790467525,1.03641490136041,14.3962405622601,46.6027543178878
"r[11,2]",0.08181612489,0.080201377,0.00947031486194418,0.00904782743759999,0.06830055645,0.09835053635,1.01830375360795,18.9877995199324,30.6204069389592
"r[12,2]",0.08611698043,0.086228515,0.0104652272294303,0.0096335656326,0.0713840106,0.1011796255,1.04150879706912,14.1998604459812,44.5810103703794
"r[13,2]",0.08520163818,0.082885723,0.00902304472392777,0.0070736721489,0.07285330115,0.09930748385,0.992728612589468,31.5273963919991,54.8564568994389
"r[14,2]",0.08672663944,0.0856424185,0.00865544428518278,0.0093538145799,0.07520070695,0.100726734,0.995709126839262,38.8381183530742,76.6284020089591
"r[15,2]",0.08452235023,0.0851356765,0.00822619603684904,0.0087019435293,0.0710981363,0.0973579826,1.00548609179141,53.696825808298,39.7998635433251
"r[16,2]",0.08632936156,0.085649316,0.0082298607976065,0.0079499769636,0.07520447825,0.09891646145,1.08133731440101,26.0783553566793,56.9496994782622
"r[17,2]",0.08245956957,0.0822843305,0.00757380320656144,0.0071397116007,0.07134103825,0.09387171975,1.09600977093269,8.94172341434055,30.2036589575423
"r[18,2]",0.08327958594,0.082018397,0.00697699358426932,0.00719535209609999,0.073394193,0.09615810565,0.990128899404142,33.6831178394873,68.4184094919837
"r[19,2]",0.08402549621,0.0845775805,0.00869209095149999,0.0088108093647,0.0691549166,0.09676712905,1.05166181674046,21.1258166884214,13.6975579211021
"r[20,2]",0.08418133134,0.0846309535,0.00851871347353065,0.0080862293862,0.0697554895,0.09686890535,1.05392318039445,26.4913364247173,21.8886804252658
"r[21,2]",0.08371526357,0.0841432235,0.00809875024573247,0.0084005465166,0.0715649275,0.09803671315,1.05576435814845,32.3688940925343,35.0070014002799
"r[22,2]",0.08504341949,0.0853935075,0.00729261117115139,0.0089169968832,0.0733002645,0.09553432715,0.992824704990416,30.4176918951638,68.8140521811375
"r[23,2]",0.08378394199,0.0837060085,0.00638434023662392,0.0066416158221,0.0738921056,0.0947603324,0.991466800344287,57.6573391445367,113.437841665597
"r[24,2]",0.08292606606,0.082291981,0.00865422540626529,0.00788887679370001,0.0696870629,0.0991490652,1.01686787332281,55.3847602046658,58.9391161255239
"r[25,2]",0.08611744304,0.086030522,0.00786299398614328,0.0071801591526,0.07328798105,0.09771390905,0.995687473179575,77.5102321112046,101.770467540265
"r[26,2]",0.08603650524,0.085939702,0.00643235745136764,0.0071053619826,0.07712787215,0.09719475735,1.00053776528405,49.5565895999336,42.434529582929
"r[27,2]",0.08513191726,0.0847710805,0.00919548539127716,0.0077027460006,0.06751299555,0.100302684,0.990414400395927,38.9121956949391,43.1269119030573
"r[28,2]",0.08483178376,0.0837658405,0.00850035816816131,0.0078152634798,0.0733561594,0.101206303,1.08845195800561,22.0194598787295,29.535152859485
"r[29,2]",0.0862925296,0.0859273255,0.00832755027428678,0.0072001149486,0.07228103475,0.100413484,1.07270624461835,24.8715021724975,21.9270768074176
"r[30,2]",0.08429931337,0.0841732515,0.00874249551853071,0.00867598542719999,0.0708409698,0.0979033186,1.33731056232486,2.71060203222054,21.0246288509397
"r[31,2]",0.08636182516,0.0854434575,0.00842885410557474,0.0071536776927,0.07349158095,0.101211459,1.0326283888052,25.817211103679,31.5226062118834
"r[32,2]",0.08611403212,0.0865645615,0.00890059709418176,0.0093873228225,0.07089115335,0.09949810065,1.06674743866479,24.1365661644447,46.8971325753225
"r[33,2]",0.08700637703,0.086754391,0.00857049884287798,0.009215330103,0.0736509836,0.101747282,1.24554749731751,3.44608191851823,44.5066124109867
"r[34,2]",0.0875057691,0.0866326255,0.0103314855151926,0.0096192155472,0.0737257733,0.1061416855,1.13855952357358,7.03312120559262,40.0549324788279
"r[35,2]",0.08883496037,0.08817459,0.0098193197728911,0.0108420425295,0.0766088571,0.1056487715,1.14216380982303,6.26147865236811,73.5691550057054
"r[36,2]",0.08922301329,0.087496251,0.0112275429500951,0.00954418931549999,0.07257140015,0.1095462245,1.14956669403297,7.19892334219553,19.0238069355364
"r[37,2]",0.09092986318,0.0904964095,0.0132052957749076,0.0171010022568,0.0730523706,0.111477577,1.13592816392492,6.27367884665632,42.4389398926035
"r[38,2]",0.09117082199,0.089418557,0.0122889771068351,0.0136803771888,0.07268778125,0.1126907895,1.06470364604503,11.571432146753,62.7936335791841
"r[39,2]",0.09147977968,0.0902033645,0.0145289806379893,0.0165665301459,0.07204272815,0.1155273295,1.13504671588082,7.16311550005898,31.7839996054474
"r[40,2]",0.09370859965,0.0923111845,0.0152032839806235,0.0165865459872,0.0717413579,0.1232313365,1.13969995956456,6.9721691885276,50.6923710931221
"r[1,3]",0.07164807337,0.0724282095,0.00589903703610418,0.00542531227980001,0.06194699245,0.08075293555,1.16782640036551,5.77658540841779,13.219519564889
"r[2,3]",0.07418278505,0.0742087315,0.00760269481275383,0.00731643307289999,0.06043723215,0.08676556195,1.10635596897468,9.52175322636653,20.81351094196
"r[3,3]",0.07617407718,0.0765482115,0.00931130945759906,0.0089668485669,0.06283476245,0.09094328095,1.16744215077505,6.16555501431623,29.2691085465796
"r[4,3]",0.07442141296,0.0739338875,0.00966790078052928,0.00733860906240002,0.060282704,0.09159139115,1.17077160892219,5.90830310110815,20.9882465819141
"r[5,3]",0.07834584386,0.0783896995,0.00868457509842072,0.0082027002183,0.0635506192,0.09251096555,1.07199507183878,12.4210169466044,13.7806126466651
"r[6,3]",0.0801805877,0.0808185975,0.00870556717748281,0.00764680601999999,0.06461787645,0.09339567765,1.16089271118485,6.6267938909309,12.9122703460488
"r[7,3]",0.08022765149,0.0803695805,0.00893489190549044,0.0093067613037,0.0651778212,0.09396685965,1.1517882714563,6.9066785534264,16.9705197827773
"r[8,3]",0.08213445341,0.0823859765,0.00833718731599957,0.0072893726577,0.0662546991,0.0933341583,1.0560121568154,12.980432854563,16.913114912535
"r[9,3]",0.08233282385,0.0823118115,0.00867043016787342,0.0100218259554,0.06971267345,0.09673944255,1.04660506348125,12.3929422313936,55.4729091232305
"r[10,3]",0.08387979824,0.082872915,0.0106271566004888,0.00976923391079999,0.06741548415,0.10350301,1.09316762754285,8.30947147589465,45.4180544618317
"r[11,3]",0.0845202356,0.083264817,0.00928144464386537,0.00990857829570002,0.07053849125,0.100499928,1.1380420703487,6.39223933844325,16.576678980771
"r[12,3]",0.08360608845,0.082824942,0.00936756168964995,0.0081833033625,0.06813334145,0.100671537,1.13679234985246,6.50368859712072,31.2899106002555
"r[13,3]",0.08425566241,0.084006761,0.00924318371223002,0.00819931025340001,0.06811439265,0.09991577395,1.27411304410272,3.32573525621186,48.4074922943175
"r[14,3]",0.08378941155,0.0831630355,0.0100869227254469,0.0114372167322,0.07004043265,0.102337438,1.29284215600607,2.92551917430956,32.9939668174962
"r[15,3]",0.0828561516,0.0830559255,0.00982039231879821,0.0113590703688,0.0674563662,0.0972731023,1.488008140563,2.08691515779103,30.8992306722159
"r[16,3]",0.08257551039,0.082689241,0.010185502806388,0.0124176556644,0.0682177735,0.09873344965,1.35392674486483,2.55375587059913,27.3181392444583
"r[17,3]",0.08438194821,0.083687891,0.00983097118778913,0.0102620738724,0.0697585802,0.1013113355,1.5046703187949,2.01164294203017,29.0649393788405
"r[18,3]",0.08478798184,0.0851941415,0.00980277059278932,0.0104874401919,0.0692603877,0.100852833,1.53774979832754,2.0181558683367,41.2444025453687
"r[19,3]",0.08369942979,0.08410186,0.0084363644111916,0.0094043919963,0.0695019347,0.09708687175,1.38155218434898,2.52341122096066,48.4074922943175
"r[20,3]",0.08323443326,0.0828887125,0.00958516107876102,0.0099153137475,0.06998258165,0.0982901147,1.37336337166124,2.42500713055867,48.1563015960371
"r[21,3]",0.08367842379,0.083355082,0.0089584412431103,0.00979025792009999,0.07101010655,0.09784693935,1.22253916618732,3.69081251966851,92.5821824972986
"r[22,3]",0.08230704682,0.0823752525,0.00715872146961565,0.00640557330000001,0.07269609835,0.0948718504,1.15464848165863,5.40327608750973,46.9547890875454
"r[23,3]",0.08324881041,0.082262227,0.00853471671312668,0.00758233071119999,0.0686837542,0.09758490245,1.26660177521655,3.15857259114106,40.5548566509965
"r[24,3]",0.08305412656,0.0831017855,0.00765673554125884,0.0072901925355,0.0715778488,0.0942069142,1.06984374214868,28.3111410593824,54.856456899439
"r[25,3]",0.08239353044,0.0827176615,0.00726019147754601,0.00649945894500002,0.0700587932,0.0945737391,1.03798834365111,19.5452917239395,78.3393298097877
"r[26,3]",0.08357436466,0.084585698,0.00761508534939335,0.0083283327771,0.0700747943,0.0959054325,1.02821340599109,25.1912279383398,78.3393298097876
"r[27,3]",0.08389530141,0.0832408885,0.00862766670037896,0.00987486767819999,0.072142401,0.09559392325,1.02054727247928,42.5161632531249,86.2757747212424
"r[28,3]",0.08462299124,0.0860543145,0.00843716598048149,0.00995238023009998,0.0722683564,0.0990223104,1.03514429276822,42.7701447343209,58.1996870625698
"r[29,3]",0.08408914776,0.083453958,0.00881346823675165,0.0094583215713,0.07003078365,0.0969598197,1.04522698168391,20.9537970968885,44.2325367647058
"r[30,3]",0.08425024647,0.0848921935,0.00830262136670626,0.00895941925829999,0.07260282785,0.09686540735,0.997699439663388,15.9872481214783,30.6204069389591
"r[31,3]",0.08412752705,0.084315194,0.00912067453081723,0.00842793162120001,0.06714744555,0.09874763015,1.08349048247532,14.2753117529879,15.4307380301561
"r[32,3]",0.08544194952,0.08510204,0.00816805254420039,0.008345837094,0.072890267,0.0980005887,1.0439741312876,21.119548088558,38.5717434428037
"r[33,3]",0.08460907323,0.085214194,0.00799589712733097,0.00877196079690001,0.0702068622,0.0959716098,1.09547114480964,12.78413936495,31.2859149533904
"r[34,3]",0.08510212152,0.086381182,0.0077757159347543,0.0088533444174,0.07266723775,0.0962685912,1.06233580095034,32.6760571624995,51.556342412722
"r[35,3]",0.08702021729,0.086197718,0.0073729578133082,0.0083618536218,0.07565997665,0.09977765355,1.06518233260422,29.8517068360968,44.5810103703794
"r[36,3]",0.08655304806,0.086134335,0.007331487854593,0.0065633619702,0.07530490715,0.09975605555,1.01616219242732,43.7179367056096,51.556342412722
"r[37,3]",0.0875254463,0.0879684905,0.00786743562219334,0.00924033711720001,0.0747319356,0.0990872383,1.01882163735806,50.4291864060591,19.4986072423398
"r[38,3]",0.08968766111,0.0889222275,0.00795743700177346,0.00709989934289999,0.07810705965,0.103021378,1.00962623363632,20.1198244787088,51.5338182396663
"r[39,3]",0.09023294187,0.089595673,0.00936523970752955,0.0103766862654,0.0760166257,0.1064989205,1.01456071861343,27.2127292794781,58.9391161255239
"r[40,3]",0.09246762844,0.0906244135,0.0104748123861178,0.0087375763377,0.0771381482,0.111338233,1.00176682914349,18.7554799920176,50.2287038392957
"r[1,4]",0.08039071429,0.079705159,0.00579599206823965,0.00608480834219999,0.07289314245,0.0907520407,1.24422192351875,4.12983451283065,21.0246288509397
"r[2,4]",0.07929885238,0.078936809,0.0093780500549896,0.00795650411010001,0.0661347233,0.09551124515,1.21923906243034,4.42127002515097,34.362847091416
"r[3,4]",0.07688482696,0.07699743,0.00838276434971684,0.00752956645980001,0.0629856931,0.0910599321,1.00978395346061,25.1066535260327,31.7839996054474
"r[4,4]",0.07639621466,0.075661528,0.00798374892264742,0.0074511591588,0.06346777975,0.0892859092,1.00234959320977,29.1612662358039,66.9637815053919
"r[5,4]",0.07565417435,0.07573818,0.00779674783876521,0.0079881768939,0.0641777976,0.08852467035,1.03647602582095,13.9875834967953,33.6527764533867
"r[6,4]",0.07578720583,0.0766769675,0.00767130609802854,0.0068507736171,0.0625274336,0.08693158045,0.998825404804977,21.7316444314243,54.3553240438646
"r[7,4]",0.0765812799,0.0756978635,0.00711976430880388,0.0059836394247,0.06787207695,0.0911680431,1.01246038010604,20.5821909087208,52.4502744151648
"r[8,4]",0.0759327251,0.0758261695,0.00607775652241761,0.0061527699849,0.0662968497,0.0869527921,0.996851106657761,41.3443213744981,61.3835995991276
"r[9,4]",0.07726093208,0.076778081,0.00838999587686656,0.008960404446,0.06456539225,0.09001954615,1.03438826442763,31.699858853026,81.5535881620723
"r[10,4]",0.07891468891,0.078199294,0.00717399812831281,0.0084314031291,0.06746527045,0.09184123285,1.04877015546682,17.319445559918,44.5066124109868
"r[11,4]",0.08023940893,0.079416577,0.00761372941002266,0.00602245315140001,0.0696324557,0.0904077856,0.997824339952004,26.6692739338608,37.3232981986111
"r[12,4]",0.08159784004,0.081741651,0.00687213378647856,0.00593793457319999,0.06943823785,0.09343574115,1.01257847033245,31.1770424117057,65.4003091120768
"r[13,4]",0.08209770733,0.0835338745,0.00829518019371386,0.0093436587699,0.06709689485,0.09334239315,1.0257988602338,16.2546914193296,60.0334542980267
"r[14,4]",0.08253975778,0.083218677,0.0074388899356595,0.00750395899259999,0.06937072345,0.0931119753,0.998333019643404,19.8730973817225,108.127528112428
"r[15,4]",0.08189074758,0.0829123245,0.00718802223507897,0.007252827309,0.067850771,0.0916389555,0.996125567985582,46.3376269446988,13.9420012746973
"r[16,4]",0.08439371058,0.084187794,0.0085501199645126,0.0090060403566,0.07193853135,0.0971150703,1.30492722909519,2.84643551757564,24.3582350718816
"r[17,4]",0.08420551877,0.084082354,0.00752459062576924,0.0059199439635,0.07248471425,0.0964801587,1.09677543445228,9.16609444865516,22.1406882591093
"r[18,4]",0.08392026956,0.08388587,0.00875139517315772,0.0108010071267,0.0699501501,0.0974781572,1.30151697637888,3.1250514859113,59.8640966872305
"r[19,4]",0.08488379567,0.0835589605,0.00992011559070151,0.0100165805166,0.07048064935,0.1007515295,1.14367868367189,8.32786556528451,40.5548566509965
"r[20,4]",0.08402780735,0.0828114285,0.0107313392749635,0.0129480654513,0.06834633445,0.1009554315,1.2816984501655,2.87324753890237,17.566753663923
"r[21,4]",0.08277048849,0.08487777,0.0106068182530222,0.0129879948345,0.06741331235,0.09811147635,1.22271327060821,3.7951525147952,14.0201890722641
"r[22,4]",0.0839678037,0.08393809,0.0103452859973878,0.0099189602022,0.06480950815,0.09990096435,1.29428382297653,2.89096295087548,19.6518809657495
"r[23,4]",0.08591792069,0.0871240965,0.0118515269757469,0.0122322743256,0.0658360197,0.1028313245,1.33038415981501,2.84860906024181,31.6824001034527
"r[24,4]",0.08454126785,0.085301491,0.0104589239582863,0.0119202782055,0.0686060026,0.1006406405,1.49541550507636,2.03864598945411,14.8091732250148
"r[25,4]",0.08444294768,0.0849097065,0.00938527454700518,0.0108738657972,0.06954880795,0.0981937579,1.07839721865209,10.5481946144646,23.3177881412391
"r[26,4]",0.0841730596,0.0839202565,0.00923063850424787,0.0085091017473,0.06917756615,0.0999321256,1.10719266751,9.42911393426106,16.5328294756731
"r[27,4]",0.08596658534,0.0868432525,0.00918314649571822,0.008684648259,0.0715279447,0.1012136095,1.10784536507847,7.554698217618,52.4502744151648
"r[28,4]",0.08636384418,0.085957576,0.00826206840203947,0.00777828076410001,0.07413056105,0.101864825,1.11554865675593,9.42113811751114,73.5691550057054
"r[29,4]",0.08620307861,0.086574222,0.00774711434713521,0.00788366248950001,0.07328647635,0.09750383105,1.09229900616943,13.2340298574116,19.7762459034919
"r[30,4]",0.0837332268,0.084067579,0.00769091759161541,0.0077943706806,0.0709634502,0.09485445825,0.993583674419773,20.2238301134916,40.049715957066
"r[31,4]",0.08374410287,0.085317351,0.00820948986357084,0.0085236186252,0.07009964055,0.0938302764,1.07124130195328,38.6431907163482,51.7769565035141
"r[32,4]",0.08248775091,0.08246184,0.00796436479502637,0.00874782258630001,0.06844970795,0.0943540159,0.992129216038193,40.7112840636819,74.7352313149317
"r[33,4]",0.08205704511,0.0821276395,0.0073428910389998,0.00692130015780002,0.0708559149,0.09246892685,0.998537818248697,19.493049740583,34.3628470914159
"r[34,4]",0.08203133942,0.0811695105,0.00734336975981662,0.0064769819877,0.07251542025,0.09343685875,1.06161542569615,40.1272456499671,52.4502744151649
"r[35,4]",0.08267577533,0.081532851,0.00818501338321001,0.00967237787669999,0.0696996518,0.0961177403,1.03972680024512,23.7835348168188,40.5548566509965
"r[36,4]",0.07946106707,0.0787481355,0.00849160489860534,0.0076359926769,0.0654226702,0.09421767915,1.00156197029698,17.1969522906216,13.7578616352201
"r[37,4]",0.08100837417,0.080762944,0.00825931513456203,0.0099272590557,0.0684548919,0.0929869275,1.04238137623472,17.338974468433,21.0235463719365
"r[38,4]",0.0806216337,0.0791986525,0.00980171319068224,0.0109449001284,0.0660909215,0.09633015105,1.00378375404505,16.5061652955808,42.1527132583187
"r[39,4]",0.08044285905,0.0791753335,0.00709321356093548,0.0064968428973,0.0709455998,0.09213223705,1.03774899768254,19.4968597596756,43.9114926796898
"r[40,4]",0.08116774534,0.0810579605,0.00901891175441652,0.0093800847693,0.0677821209,0.09535952745,1.01247651526443,14.6984104056801,34.362847091416
"r[1,5]",0.06567343747,0.0658780055,0.0045236324272702,0.00475269743130001,0.05908885205,0.0739369007,1.01231582565964,18.9433098282289,34.362847091416
"r[2,5]",0.06568483674,0.066027063,0.00741938093056958,0.007010110863,0.05483630865,0.07687112525,1.08924441972015,30.5409033973548,18.6269292176689
"r[3,5]",0.06670686893,0.0669217405,0.00716896259243384,0.00615799392599999,0.05314025445,0.0778972471,1.06091820446431,10.3734973021271,25.1472912774823
"r[4,5]",0.06765622171,0.0666623955,0.00742165642536838,0.0076368103308,0.0554176883,0.0792368783,1.0745707385627,30.6633352466677,78.3393298097876
"r[5,5]",0.0681744836,0.0662782685,0.010017816776884,0.0096055496817,0.0554106662,0.0864519701,1.11814991583439,18.1334753123734,30.6204069389592
"r[6,5]",0.06818541899,0.0683079265,0.00841308073930965,0.0100083224346,0.0565851704,0.08194550335,1.12023520212924,8.29542187679908,48.4074922943175
"r[7,5]",0.06777030999,0.0673023295,0.00731904089639455,0.00617881926689998,0.05676775145,0.08084844515,1.05823604950809,17.9588569686903,43.7970546868536
"r[8,5]",0.06851324067,0.0685043415,0.00705839168261102,0.0070641012246,0.05829670755,0.08075778975,1.1019534425047,15.4626082332858,21.0246288509397
"r[9,5]",0.06672745974,0.0676213975,0.00699566251172312,0.0067587501177,0.05509068795,0.0792161709,1.03730326314031,31.7304416628052,47.1377098498653
"r[10,5]",0.06650901318,0.0655876315,0.00641127823498406,0.0059395980504,0.05836977055,0.0774078075,0.992866078775577,59.7360987771552,51.5308124388011
"r[11,5]",0.07138514304,0.0691977725,0.00946641034857419,0.0072385884186,0.0597639625,0.0908740797,1.12687248186099,6.67661747651484,46.6027543178878
"r[12,5]",0.06972484701,0.069455796,0.00843460229943621,0.0092761960221,0.05672938495,0.0838206535,1.02686718723096,36.9302364658027,37.7085513759773
"r[13,5]",0.07353048675,0.072614079,0.0088657768476561,0.00853047194369999,0.06080002855,0.0901501984,1.17293365354825,4.14705978804147,21.0246288509397
"r[14,5]",0.0718168412,0.070178876,0.00855809349361464,0.00703254853139999,0.0618107556,0.09230755925,1.09603870049461,13.3486360588519,37.4824062174897
"r[15,5]",0.07423807123,0.074254033,0.00766136174037549,0.00687385251,0.06250255685,0.08745490925,1.08978819543144,13.4263725237419,27.0813989476941
"r[16,5]",0.07414213384,0.0743189355,0.00705857726937523,0.0076270073796,0.0624139982,0.08678975935,1.06128037751464,28.7030344492799,18.0486798679868
"r[17,5]",0.07883154655,0.077409651,0.00831749209378847,0.0079433415873,0.067203773,0.09290012295,1.23188267705078,14.7825361924726,19.7294250281848
"r[18,5]",0.07773864991,0.076479018,0.00887110550698993,0.0103858272357,0.06558384675,0.0952098118,0.990168772532457,36.3748234251869,45.7499253062444
"r[19,5]",0.08005714983,0.080803658,0.00968951733818707,0.00999130959960001,0.06333069595,0.098053093,1.04247070615972,10.7380991245483,39.0537826378039
"r[20,5]",0.08280164545,0.0826658,0.00856991612547103,0.00958310163509999,0.06941796825,0.09656047565,0.998600653051151,25.0034646823088,58.9391161255239
"r[21,5]",0.08465059587,0.0837509065,0.0073131848640275,0.0068694877356,0.07220558945,0.096270452,1.00004178152617,16.367279875308,71.2874531148375
"r[22,5]",0.08280303536,0.081995934,0.00990505789431423,0.00985040329560001,0.0690298897,0.0997178529,1.08676012611732,15.1396005644134,21.0246288509397
"r[23,5]",0.0853981082,0.0848575315,0.00848190505574615,0.00915184072319999,0.0735605176,0.1026624075,1.04241522494165,20.0987156173944,44.5810103703794
"r[24,5]",0.08443791904,0.084133661,0.00997371016133047,0.0096060960198,0.0711605569,0.1021544815,1.10493748477217,8.62744024400696,48.4074922943175
"r[25,5]",0.0861627215,0.086355976,0.00848899119423596,0.00750186333749999,0.07070902315,0.09879247885,1.01350547293785,30.10590346319,42.1527132583187
"r[26,5]",0.08638179391,0.085402837,0.00895001950300316,0.00851239237800001,0.0733941809,0.1018399595,1.01342798841071,21.5060331430312,44.5810103703794
"r[27,5]",0.0855387332,0.0855888105,0.00811312534097875,0.0082332291762,0.0719781987,0.0984662234,1.0342188586941,25.1775469257355,33.9768826539676
"r[28,5]",0.08347932628,0.0838826255,0.00759833119707424,0.00805814523569999,0.07260776225,0.0947201111,1.12565413690968,8.16869577047286,56.8419098881722
"r[29,5]",0.08575493165,0.0848227465,0.00734873171818286,0.00727136573939999,0.0753690448,0.09803949855,1.00416158389994,53.2035918564897,76.6284020089591
"r[30,5]",0.08405995102,0.083100234,0.008730940924063,0.00844253745509999,0.0696871509,0.1004543845,1.04047853775107,16.5671717389641,52.4502744151648
"r[31,5]",0.08511315773,0.0849875575,0.00863955639499973,0.0088963160958,0.0725337409,0.09993737075,0.998721696279004,21.1883275876889,61.3835995991276
"r[32,5]",0.08376300844,0.0836446905,0.00919301199590779,0.0090048031269,0.069133227,0.099492854,1.09190674363023,14.3332695940624,46.6027543178878
"r[33,5]",0.08429859477,0.083812639,0.00816843295898338,0.0070784705838,0.0732951374,0.0986486206,1.01422894600119,26.8497947687173,19.9180514454814
"r[34,5]",0.0807670176,0.08082528,0.0070331867897531,0.0068890966032,0.07000892405,0.0916082333,0.996608779178871,24.3757628749189,62.330970935018
"r[35,5]",0.07843563668,0.0790123295,0.00685430775842937,0.0069552435435,0.06531283795,0.0877905365,1.0051629983328,29.9938330265355,58.1996870625698
"r[36,5]",0.07871506334,0.0782153565,0.00775515073338088,0.0065533833309,0.06553196565,0.0923319813,1.05085861601615,62.0324874755838,73.5691550057053
"r[37,5]",0.07796869172,0.0781208425,0.00646694353715554,0.00631308722939999,0.06569567835,0.087888561,1.03287227048391,60.6784423054873,76.6284020089591
"r[38,5]",0.07894793463,0.078954644,0.00701798649785415,0.0070050010821,0.0699671986,0.0922929508,1.02428288675879,46.632783349179,44.913062299062
"r[39,5]",0.07791400083,0.0775946245,0.00805507594876741,0.00919550032799999,0.06615895095,0.09027807265,0.992853466158148,42.1209140536623,61.3835995991276
"r[40,5]",0.0782600021,0.077834095,0.00764981677844528,0.00804216354899999,0.06645279235,0.09154469615,0.990158434964635,40.7378779760254,43.6009559160014
"r[1,6]",0.08571815564,0.0857096235,0.00611457255453431,0.0057101041725,0.0739087003,0.09428660865,1.06387396557506,12.0033610209189,23.5468245425188
"r[2,6]",0.09101528576,0.090682846,0.0127139212586391,0.0097947761436,0.07045123605,0.117754562,1.04368717238072,19.3170048844416,25.9952465834819
"r[3,6]",0.08790237993,0.0898332115,0.0132460953474002,0.0117497406579,0.0646813288,0.108635366,1.10581477690936,14.6925307308751,21.0246288509397
"r[4,6]",0.08522743294,0.0844190765,0.0117297983319311,0.0131339790435,0.0658514881,0.103200837,1.0769511921325,11.6983459639907,31.6063780380824
"r[5,6]",0.0841956097,0.086089009,0.0100033825219895,0.0095966370318,0.06618074095,0.0972636977,1.17157424717916,5.24993420212688,40.5548566509965
"r[6,6]",0.08717246498,0.0851722115,0.0115186236040554,0.0089826990435,0.0724893253,0.112592516,1.15615054224308,9.92016024672255,40.5548566509965
"r[7,6]",0.086888227,0.0869368705,0.0113053152513218,0.0092040890298,0.0668460477,0.109160898,1.29535598619896,2.98488949421491,15.233286908078
"r[8,6]",0.08589218847,0.085134138,0.0126694123696118,0.0100197896043,0.06622305005,0.112125761,1.0016330429975,16.6193279967576,22.2747522502045
"r[9,6]",0.085362138,0.0843148525,0.0117547824119932,0.0113782085109,0.06753628425,0.107260618,1.14737489062817,21.6575349901763,13.2663338351076
"r[10,6]",0.08497750436,0.0824757095,0.0135792905508286,0.0111687460416,0.0649781718,0.1118855595,1.084649497202,17.217967120079,14.0675241157556
"r[11,6]",0.08410213942,0.0838683955,0.0103378370602215,0.0095132630208,0.06785902415,0.1029179875,1.11451607565809,18.6568109181073,27.9335978474027
"r[12,6]",0.08606035654,0.0852473665,0.0171533033369675,0.0184619386182,0.05847871685,0.110826458,1.11432685883976,10.1215147905999,40.5548566509965
"r[13,6]",0.0834706436,0.085029903,0.0118430062768456,0.0105667162965,0.0594615192,0.1019564415,1.10607553686512,16.7709984594941,19.9339332498006
"r[14,6]",0.08103097353,0.0809022465,0.0120254505727975,0.0145759921272,0.06345333575,0.100710142,1.19107715430142,4.41677881873702,50.7015438102728
"r[15,6]",0.08853654594,0.0882599865,0.0120259164209173,0.0110472143544,0.0700312599,0.1103437735,1.06731500362622,15.3560936903511,30.6204069389592
"r[16,6]",0.08416848201,0.084033301,0.012558807445073,0.0116102213262,0.06195687765,0.10544678,1.25713260362743,3.72048276341199,17.0981924767953
"r[17,6]",0.07537253978,0.07572345,0.0111799854775461,0.0108309971595,0.0600657745,0.09532502295,1.14620725475989,6.14542353307285,31.7839996054474
"r[18,6]",0.07677921372,0.0760094315,0.011006636517638,0.0119348477157,0.06174576705,0.0962490678,1.39460691873602,2.51602842209463,49.8568790552336
"r[19,6]",0.0799563541,0.080723639,0.0098424806897067,0.0104150025798,0.06434996985,0.0958416321,1.04211381974557,31.955469769477,48.4591795368058
"r[20,6]",0.07750096262,0.076832541,0.0104351872841802,0.0113154389334,0.06008038435,0.0950642163,1.22691474799916,3.43977316366935,28.1855413924808
"r[21,6]",0.07815863687,0.076786101,0.0115452315917123,0.0099657584712,0.0600573151,0.0989852839,1.00697833109712,20.8263796093395,31.7007288654679
"r[22,6]",0.08522349873,0.0860904295,0.0108748220094912,0.0109325018859,0.0662324762,0.101281943,1.07919833997221,20.7277876898286,24.1746097527282
"r[23,6]",0.07875242732,0.07799335,0.00918465678773293,0.00904944421289998,0.0645855445,0.09188339935,1.29089249585253,3.45184623543343,56.8419098881722
"r[24,6]",0.07935075747,0.078798926,0.0140901110581855,0.0146913732483,0.05779164555,0.1014892785,1.13805818488357,6.97527432477161,13.0721046622061
"r[25,6]",0.07866644226,0.0772371355,0.0120874829292692,0.0115619752983,0.0624179855,0.09973741885,1.02292819934744,18.6892617136821,44.5810103703794
"r[26,6]",0.07920098868,0.0796412885,0.0102229199521126,0.0115635690933,0.0632114333,0.0941450191,1.01706125399425,18.6731661703665,21.5305118110236
"r[27,6]",0.0787625869,0.077095493,0.00904346913124144,0.0091488006519,0.0663026184,0.09566217685,1.09119936070865,19.7748317263421,42.4389398926035
"r[28,6]",0.07830824436,0.076589638,0.0102008345608744,0.0089617751097,0.06480649445,0.0981744599,1.05364866994169,26.782176486355,40.5548566509965
"r[29,6]",0.07429100865,0.0747615745,0.0117136838130176,0.0115442048547,0.05570145195,0.09410802935,1.10842629566827,7.59054028366226,21.0246288509397
"r[30,6]",0.07902594679,0.078805224,0.0127352988511943,0.0118804185045,0.0581054356,0.1014879725,1.125134157259,13.9498056811724,21.0246288509397
"r[31,6]",0.07815238056,0.0778010425,0.0100780917068804,0.00830540807459999,0.06348448235,0.092957622,1.01794573271528,36.1105922655268,75.8429085384729
"r[32,6]",0.08031945533,0.078446099,0.0117308496103373,0.011582612349,0.06324398495,0.102896533,1.0096967461968,23.8226574144441,66.9637815053919
"r[33,6]",0.07814039231,0.077628352,0.0104743951769119,0.0105369241908,0.06360709185,0.0986290944,1.03858873507572,15.4853369533885,54.3553240438646
"r[34,6]",0.07756977079,0.078108672,0.0106504335520398,0.0125525982099,0.06248856305,0.09445162815,1.01507946701586,17.8017235103392,26.0107015457787
"r[35,6]",0.08041916139,0.080055063,0.0101679175708627,0.0104133976653,0.06529731345,0.1012397095,1.05380920765364,16.6998596369565,21.0246288509397
"r[36,6]",0.08093652478,0.0791498605,0.0114306741935782,0.0114543429861,0.06546454725,0.103667202,0.993587459613423,17.9877811018519,54.856456899439
"r[37,6]",0.08090125661,0.0806212175,0.0110095788307854,0.010597832364,0.0640130452,0.0986312323,0.998388328004276,22.3199177346983,51.3376003546615
"r[38,6]",0.07425880633,0.072393605,0.0131801205671897,0.0092889234018,0.0512658729,0.0938211981,1.42072769825508,2.43906901100561,30.6204069389592
"r[39,6]",0.07842611227,0.0803301605,0.0116530394015092,0.0094655811222,0.0586995312,0.09547079655,1.08219032535084,33.6285405546173,52.4502744151648
"r[40,6]",0.07515265827,0.0784950535,0.0151060631700453,0.0147224715246,0.04721614195,0.0977033507,1.1433011607386,7.14218293715445,21.0246288509397
"r[1,7]",0.09000791607,0.09028655,0.0074965453972638,0.00863585292779999,0.0782571492,0.1028990045,1.05130206614244,13.227011769786,22.5602681449015
"r[2,7]",0.09284983942,0.091175972,0.0124086711074039,0.0101122319382,0.0738979052,0.116169538,1.19533300768022,4.42418358620301,21.0246288509397
"r[3,7]",0.09035988889,0.0895431345,0.010060974352783,0.0118078556127,0.07623395255,0.1064309465,0.991216669727078,55.8724390216536,58.9391161255239
"r[4,7]",0.09395782752,0.093091739,0.0117557680766944,0.0116982358752,0.0776994577,0.1111220185,1.01799240702922,21.992027425624,58.9391161255238
"r[5,7]",0.08906659055,0.0882210585,0.00985592088515304,0.00981710928870001,0.0746222505,0.10736075,0.995199673111506,16.6722100570107,51.556342412722
"r[6,7]",0.09136062366,0.090266595,0.0118470721321848,0.0112793694993,0.07450093365,0.11344644,1.14416367078163,5.15546441614434,46.8971325753225
"r[7,7]",0.08708950187,0.0866038945,0.00945282945245579,0.0093919996842,0.0714400196,0.100571017,0.997420240727068,24.3768247564726,50.8758214643442
"r[8,7]",0.09070494524,0.090319943,0.0125629016822427,0.0114003770874,0.0734118504,0.114994334,1.05857623206004,17.74117393498,24.7000705716301
"r[9,7]",0.08654995464,0.084847797,0.0109878987656975,0.00926196899250001,0.0715914566,0.1047219775,1.14908962502171,5.45740649045479,108.127528112428
"r[10,7]",0.08771910266,0.08689693,0.0102226460740052,0.0112202300679,0.072596753,0.104909309,1.00285098382415,21.2771326136226,56.8419098881722
"r[11,7]",0.08229620292,0.083113901,0.0118015313055895,0.0125993927724,0.06238711795,0.101810385,1.15388640803828,7.18916431363432,40.5548566509965
"r[12,7]",0.08254819459,0.0833925515,0.0087614377090105,0.00835882392869999,0.0682178581,0.09683941015,1.13714171562248,6.73823289413924,29.7944789006445
"r[13,7]",0.08645262608,0.086057587,0.0109600376030419,0.0098995040424,0.0675864012,0.1033768805,1.12015158482682,17.4043540604067,47.7346760337951
"r[14,7]",0.08529348367,0.083185013,0.00948814963291632,0.0094144899849,0.07189684385,0.100965843,1.11239063997987,19.5117335818119,73.5691550057054
"r[15,7]",0.08691137445,0.0850767,0.00922292366126582,0.0106914541062,0.075083148,0.10257419,1.12057889129086,13.1248961180013,48.4074922943175
"r[16,7]",0.08191056293,0.082538086,0.00983879670298531,0.0091403735535,0.0664319706,0.0957597218,1.09229066539251,13.0866115430526,23.5595045772751
"r[17,7]",0.083932135,0.0836601835,0.0118851255603302,0.0100185012249,0.06548928615,0.102157016,1.06355087196733,21.3755849923598,30.6204069389592
"r[18,7]",0.08436177915,0.0849107055,0.011444753587291,0.0110632746189,0.06478808595,0.101202703,1.23246265288236,4.21283096235708,32.9939668174962
"r[19,7]",0.08652227363,0.086483948,0.00951062852745259,0.00917115603599999,0.0693305068,0.102577914,1.0083267818444,36.9214036321927,21.0246288509397
"r[20,7]",0.08767149555,0.0884560895,0.010087804730301,0.00762831799799999,0.06752843025,0.102171343,1.03445223862302,16.194788336416,51.5338182396663
"r[21,7]",0.08614690087,0.0870572325,0.00835905889599636,0.009486238188,0.07259767825,0.09720064535,1.02122740146168,22.4471124591121,21.0246288509397
"r[22,7]",0.08518775831,0.0834279675,0.0118259417517397,0.00919565303579999,0.06929010825,0.1052795595,1.13091088684054,10.3031934875049,21.0246288509397
"r[23,7]",0.08897616927,0.086829905,0.0137588096162592,0.009674639583,0.07127807535,0.1104294745,1.03699026228583,31.5042634980941,30.6204069389592
"r[24,7]",0.08792522762,0.0884943305,0.012898109590373,0.0106613432415,0.06100344055,0.1087775965,1.12243763312417,15.4506730487781,25.9952465834819
"r[25,7]",0.08839855131,0.0880832425,0.00998492465679798,0.0090783912366,0.07148399335,0.104018737,1.01821493610052,19.9235144824503,51.5338182396663
"r[26,7]",0.08814457397,0.0872272485,0.011455139539761,0.0100657079502,0.07066142015,0.108670119,1.0056541299053,25.5165816345112,34.3628470914159
"r[27,7]",0.08550666245,0.084066272,0.0104587965440587,0.0106126020252,0.0692810998,0.1034475635,1.11272641015339,7.79332614712352,60.0313633245123
"r[28,7]",0.08445434612,0.083896628,0.0100215440287231,0.0088670184372,0.0701943679,0.1042334115,1.02373129321774,28.2459290346096,49.8568790552336
"r[29,7]",0.08596678793,0.085350029,0.0084574015916945,0.0080113795839,0.0734878893,0.09974338245,1.07050954993118,15.2987380465607,54.8564568994389
"r[30,7]",0.086540241,0.087858943,0.0103413392334258,0.0093292545696,0.0661371792,0.1010728075,1.02680778696852,37.8918771051243,31.7839996054474
"r[31,7]",0.09129948601,0.088663268,0.0113805257932073,0.00758610244560001,0.0757789775,0.1159471435,1.00632051196705,16.595549291477,21.5942744323791
"r[32,7]",0.08556967716,0.08493959,0.0107488166196416,0.0121286250183,0.06667534845,0.101403844,1.1836649338913,4.51685107185043,42.7977500611395
"r[33,7]",0.08594517559,0.0866489995,0.0107951342732043,0.00863259343170001,0.06797945955,0.102834432,1.14404147964739,6.01561562864714,31.6824001034527
"r[34,7]",0.08829283219,0.088265846,0.00986419294902897,0.0108167338062,0.07302580335,0.1038626875,1.00265125218499,36.4109704028511,52.4502744151648
"r[35,7]",0.08365088153,0.081819765,0.0105404360502599,0.0114806368971,0.06926139595,0.1024878775,1.14843443729205,5.48334370271257,37.5549801362088
"r[36,7]",0.08865180723,0.0893142465,0.00940908758617563,0.0095362418382,0.07378124005,0.102815952,1.02725042972141,29.5961489890876,44.2325367647059
"r[37,7]",0.08790911217,0.0881975315,0.0101778939268366,0.0107063305146,0.0718271947,0.1076775,1.05769529650411,33.9329040403397,40.5548566509965
"r[38,7]",0.08931183607,0.089326311,0.0105706071110665,0.0141306413262,0.0734740602,0.1053169395,0.991872780153906,48.7897108418434,23.8062848592027
"r[39,7]",0.09007180143,0.0877581085,0.0127347975896728,0.0083612146212,0.0718733619,0.115743309,1.05218049743968,18.8845485525549,31.6824001034527
"r[40,7]",0.08511245713,0.0850095845,0.0122785032117787,0.0121732179198,0.06482318045,0.1041404605,1.01078421671765,28.2633373974937,76.8221378450804
"r[1,8]",0.08553971222,0.0871843355,0.00709691922937275,0.0066482274768,0.074334682,0.09467974165,1.4051305667652,2.54466041612197,21.5942744323791
"r[2,8]",0.08695699849,0.087283612,0.00941172371961462,0.0086847060804,0.07186724645,0.1021221765,1.13100615354459,7.70377551342801,66.9637815053919
"r[3,8]",0.08664736584,0.086369843,0.0103427698167433,0.0102602228463,0.0713605406,0.103798479,1.15246315425062,5.53231930993797,58.1996870625698
"r[4,8]",0.08505146193,0.0837804055,0.00949876043814103,0.0094825991463,0.0719288015,0.102408671,1.16389757573679,4.51051161192919,49.8568790552336
"r[5,8]",0.08656477956,0.086114721,0.00949030640626182,0.0102580367526,0.07073628395,0.102635858,1.11175700816285,7.09447196900573,60.0313633245123
"r[6,8]",0.08599532624,0.0860094235,0.00859848176790697,0.0094275546561,0.07119551135,0.09943955155,1.07193805042283,13.2579421089583,34.0997661730316
"r[7,8]",0.0871773875,0.0870517295,0.0072396061790327,0.00554507077740001,0.07467851695,0.100677893,1.02818265424643,19.5723458197338,78.3393298097876
"r[8,8]",0.08570823107,0.0856847365,0.00869877541428255,0.00695052072120001,0.0705658829,0.1008816525,1.02210683632786,54.1798617366402,49.8568790552336
"r[9,8]",0.08675744546,0.085792766,0.00879098276194403,0.0090922201881,0.074524157,0.101756623,1.00096766809935,17.4625723200878,33.9768826539676
"r[10,8]",0.0879714304,0.0890827455,0.00803358917696756,0.0083473819632,0.0755137889,0.09955435135,1.01003658051204,20.4444063510889,42.434529582929
"r[11,8]",0.08794487688,0.088569873,0.00907324729488181,0.0097762829325,0.07220790215,0.100747375,1.01042787124587,41.2173821211223,77.3212964411783
"r[12,8]",0.08410759416,0.082894976,0.00874564336898358,0.0082222156821,0.0712800585,0.0981007152,1.03641732409398,31.1811102758268,30.840886203424
"r[13,8]",0.08437157482,0.083265369,0.00792557895577747,0.00878977423589999,0.072640772,0.0971986044,1.00095570821732,33.73945543957,49.3919814053717
"r[14,8]",0.08659330407,0.087039935,0.00826095133403107,0.0079547924484,0.07086515525,0.1003812435,1.00197225382882,22.9868076535967,30.3331065214388
"r[15,8]",0.08609159505,0.0879232915,0.00928434367220931,0.0093701491254,0.07077260225,0.0996878409,1.01487753277683,23.0340710959396,46.3751656255915
"r[16,8]",0.08791188704,0.087984483,0.00880249745169194,0.0097074287646,0.07513572245,0.1027927805,0.997084013660839,20.0008796529147,31.7007288654679
"r[17,8]",0.08788070421,0.087399588,0.00814376642342608,0.0091820850219,0.07688900695,0.1031456885,1.04099138246012,26.7968429826454,76.6284020089591
"r[18,8]",0.08699074991,0.088223459,0.00971016165513392,0.0097431809223,0.0713814375,0.1018294485,1.01038849380795,36.2201412820906,59.4639916395373
"r[19,8]",0.08908658282,0.088085455,0.00806090461458267,0.00728591671710001,0.0758255613,0.1023742815,1.01396897496484,50.7759613404846,84.7964256497388
"r[20,8]",0.08483801422,0.0841433515,0.00830006522328644,0.00795954047489999,0.07297394325,0.09875518625,1.02280621840945,38.5667683473558,43.6009559160014
"r[21,8]",0.08582212417,0.086383904,0.00934003434436172,0.0085717808862,0.07134214045,0.100852058,1.03959977127174,15.8649371015329,52.4502744151649
"r[22,8]",0.08366666805,0.0840592805,0.00943396713977561,0.008683803177,0.0671689208,0.0986500403,1.04983690343316,20.6566162360854,13.0721046622061
"r[23,8]",0.0841995509,0.083233455,0.00902900277304603,0.0099170246679,0.0696918398,0.0984389414,0.996461095996852,46.9715850148271,78.3393298097877
"r[24,8]",0.08438209916,0.083091942,0.00796190249855833,0.0085627429566,0.07363035275,0.0975775774,1.00341404614424,60.2072368994028,78.3393298097877
"r[25,8]",0.08613950201,0.085793315,0.00741172297071516,0.00791884903530001,0.0753404721,0.1001795405,1.03112023614785,73.2856656972556,92.5821824972986
"r[26,8]",0.08520774213,0.0835478145,0.00856391068159211,0.0065047644291,0.0715124241,0.0983933798,0.999880820204,31.5547977088787,20.8482249225638
"r[27,8]",0.0854332555,0.0850262125,0.00789710208342852,0.0077869072722,0.07213657985,0.098734302,0.995123607384009,31.6767633887857,54.8564568994389
"r[28,8]",0.08343601945,0.0833946425,0.00841715331851983,0.00905070145770001,0.07122462405,0.09686358865,1.02635652912889,28.2376693849803,54.856456899439
"r[29,8]",0.08481749165,0.084071892,0.00759668975629737,0.0088170081153,0.0731923576,0.096394209,1.03765462446992,41.9316611266952,36.6043148269886
"r[30,8]",0.08320952423,0.080883339,0.0104903155762822,0.0080970382815,0.07227725105,0.1020574315,1.00975206823985,36.8012564270778,21.0246288509397
"r[31,8]",0.08356719063,0.0827187655,0.0082165750805888,0.00723644828550001,0.0722544456,0.09900616855,1.0249845069105,32.6416036841859,76.6284020089591
"r[32,8]",0.08203543724,0.0816720395,0.00810673308452942,0.0071075910717,0.06902165285,0.09558759,1.00322890943519,25.7548068336643,35.2200525597951
"r[33,8]",0.08213694751,0.0822864185,0.0085580672488265,0.0098046702747,0.0693566476,0.09597434925,1.03867281240788,25.674566244134,32.8693155044046
"r[34,8]",0.08159114882,0.080703873,0.00740688726387379,0.00719542993259999,0.07076636295,0.09431185475,1.01294047626614,32.5828216368727,58.1996870625698
"r[35,8]",0.08448502759,0.085168406,0.00847142428987048,0.008202106437,0.0696642973,0.09673762645,1.00065747564711,39.992700415502,51.5338182396663
"r[36,8]",0.08203439362,0.08140636,0.00672435561220931,0.0058294364226,0.0695884567,0.093116593,0.991027088438173,29.6369974244311,40.0013061650992
"r[37,8]",0.08083076515,0.0811188245,0.0085464055685467,0.0073317898437,0.0664758851,0.09225597535,1.00187744636353,24.319368891179,48.4074922943175
"r[38,8]",0.08284588831,0.081040481,0.010119140727526,0.00899233816739999,0.06750157155,0.1016845025,1.05615023853594,21.1684110298598,31.7839996054474
"r[39,8]",0.0829439254,0.0823359705,0.00946644458908767,0.00926613509849999,0.0692475524,0.0974572275,1.0347810316707,25.4867380980013,53.3800336154148
"r[40,8]",0.08480604341,0.0832587255,0.0109489820636725,0.0122870727042,0.07014460095,0.1028131225,1.01785028977922,15.4557657082945,58.1996870625698
"r[1,9]",0.08585803829,0.0842290055,0.00674665245756999,0.0067310380998,0.0770879652,0.09829775625,1.31868614083711,3.15494522492766,25.4028160836116
"r[2,9]",0.08083702031,0.07929069,0.00999645330353019,0.0088816969185,0.06802548275,0.0996118813,1.13316946415258,10.1207980033853,26.7338832875037
"r[3,9]",0.0817811257,0.079422964,0.0109212400849502,0.0090119218308,0.067016113,0.102890526,1.18234950718731,5.50665658479696,13.660135820779
"r[4,9]",0.08017958952,0.0775186875,0.012134785525177,0.00961371287729998,0.064237663,0.1056059545,1.23475333068356,4.11661574596133,13.6975579211021
"r[5,9]",0.08094143107,0.0793774065,0.0114232910234408,0.0108167419605,0.06595602845,0.1047651365,1.19183231153822,4.14830522227823,19.4682389587274
"r[6,9]",0.07937838181,0.07886582,0.0115351343744243,0.009628419528,0.06276160345,0.0990630097,1.10956677361254,7.90436405909554,13.389441469013
"r[7,9]",0.07795612301,0.0776204835,0.0102500624222597,0.0120316926303,0.0635209848,0.09654743645,1.15891891543545,7.1401720660597,13.389441469013
"r[8,9]",0.07832893485,0.077387073,0.0112594095210961,0.0121885650537,0.06299884995,0.09741491795,1.03451281175033,9.63388732429748,62.3309709350181
"r[9,9]",0.07879262748,0.079112154,0.0103428245596509,0.0119631698235,0.0629851068,0.0958236575,1.09990345295862,7.9721228842433,16.9820475497332
"r[10,9]",0.07703238214,0.0755680055,0.011611068289969,0.0103618461807,0.060174194,0.09810880365,0.99316092213763,11.847678941934,31.4535141569991
"r[11,9]",0.07721534424,0.0765679885,0.0109071524183532,0.00993219018330001,0.05945158465,0.09599375685,1.00994611649754,13.1909189625802,47.2379069823962
"r[12,9]",0.07664442211,0.07587121,0.0122459597523776,0.013067495553,0.0589440805,0.0986262568,0.992266778912683,12.2408380692936,49.8568790552336
"r[13,9]",0.07814795823,0.0777416735,0.0108819659771199,0.0117147616761,0.063008815,0.09645743695,1.16312102350026,14.7372921411314,14.9777473467991
"r[14,9]",0.07746181483,0.0776314355,0.00941971781651671,0.011412372804,0.0656146193,0.0930196614,1.00940154384634,14.808896109783,16.5766789807711
"r[15,9]",0.07789535611,0.0789037265,0.00846002699331283,0.0100652653941,0.06581186525,0.091059967,1.0194938426799,15.3176445782878,16.0963944076527
"r[16,9]",0.07983497924,0.080071026,0.0101775640656537,0.0107612437947,0.06510285715,0.09799664995,1.05325460779338,14.7737168968409,15.4976974849451
"r[17,9]",0.08043444289,0.080932313,0.0102460057879438,0.0097932238614,0.06464222275,0.09889320195,1.04233598209727,29.0081899713868,43.1269119030573
"r[18,9]",0.08056149863,0.0794190855,0.00903736568882533,0.0103372557771,0.067316663,0.0954456061,1.11992099052017,8.93659051254065,26.3673346391441
"r[19,9]",0.08034719526,0.0800671305,0.00849858115822177,0.0086266444992,0.06729710305,0.0949961418,1.19100592166697,5.1713019622599,22.2986748216106
"r[20,9]",0.08030674144,0.0794607655,0.00911747440708177,0.0086333043384,0.0671596868,0.09819132715,1.16087047103089,5.54322740087001,34.6191889218594
"r[21,9]",0.0824291591,0.081239562,0.0094448960073727,0.0100150089606,0.0690949823,0.0985218616,1.2586079283838,3.62427884654476,19.2582810608561
"r[22,9]",0.08034382939,0.079864736,0.00812947556080905,0.00770672307510002,0.06797914005,0.09310519605,1.27809785528047,3.62028658263225,64.2437591776794
"r[23,9]",0.08074969569,0.080330697,0.00769845830516912,0.00744860834550001,0.07013773035,0.09460421835,1.14214454923044,6.31437571739605,48.4074922943175
"r[24,9]",0.08287678817,0.081928975,0.0102333659641945,0.0096999979734,0.0700432166,0.0977925792,1.20499178666491,5.75198202843875,30.6204069389592
"r[25,9]",0.08262082204,0.0823264915,0.00799740200091395,0.0078790086081,0.0715295815,0.09542891865,1.14865269399065,7.30467146116244,31.5226062118834
"r[26,9]",0.08055204395,0.0799468575,0.00711182322478504,0.0064506176532,0.0697383531,0.09330887365,1.07013151015527,50.7134860664585,76.6284020089591
"r[27,9]",0.08143513734,0.080316437,0.00713734002595274,0.0071947331106,0.0712135807,0.09195865225,1.07843918642655,27.1495023559522,76.6284020089591
"r[28,9]",0.08355579274,0.083291943,0.00888338347197758,0.0082126002798,0.07047253705,0.0984324941,1.09198514125206,12.3676600304654,73.5691550057054
"r[29,9]",0.08310126718,0.0820130905,0.00769556461484327,0.0085757690802,0.0720893148,0.0965168193,1.1157632574245,7.46026813748645,24.6003695075909
"r[30,9]",0.08453539007,0.083238184,0.00984552305381267,0.0092289863316,0.0697056981,0.103063514,1.34978678269852,2.74487046268902,22.2747522502046
"r[31,9]",0.08407037821,0.0825799405,0.0101654252381436,0.00995890218749999,0.0697029598,0.1040169125,1.0557278474015,17.845412795448,59.8640966872305
"r[32,9]",0.08672237047,0.0857891575,0.0105162207877815,0.0115757308611,0.0707117783,0.1036030125,1.03949824068134,15.5744589300319,58.9391161255238
"r[33,9]",0.08553116847,0.084700698,0.00895383258126458,0.00884680689269998,0.0732289002,0.1007609945,1.05648765806301,12.1862606479652,52.4502744151648
"r[34,9]",0.08514881759,0.0847519195,0.00989633974549128,0.0111441860313,0.07098582835,0.1023941325,1.03321702541076,13.1243477750143,44.5810103703794
"r[35,9]",0.08643056396,0.08526482,0.00995134078860611,0.0095613830277,0.0730192178,0.103740333,1.028754536497,11.0545165525138,41.1698943845348
"r[36,9]",0.08539908908,0.0839985625,0.00875474981167437,0.0088925176746,0.07293430925,0.1014772225,1.0645767419916,15.6550119063728,73.5691550057054
"r[37,9]",0.08608862637,0.08572611,0.00943358437877926,0.00921430191990002,0.0709486982,0.1024547785,1.00155664644125,17.7560113004763,71.2874531148375
"r[38,9]",0.085923804,0.0846451805,0.0098678342985147,0.0107359061607,0.07383407825,0.1055369265,1.02643151675356,23.7569447037435,51.7769565035141
"r[39,9]",0.08390586657,0.0834826705,0.0104995478978892,0.00992698551600001,0.0651486428,0.100492688,0.992320773141644,28.4612490954576,44.5810103703794
"r[40,9]",0.08378392197,0.0844835625,0.00932578312550483,0.0100412524632,0.0672131965,0.09870702615,0.996692196969672,20.7072392970309,44.5810103703794
"r[1,10]",0.09941924761,0.100108895,0.00822827521306716,0.00998560752,0.0861306613,0.111973665,0.998400523643794,14.6845683512631,44.5810103703794
"r[2,10]",0.09752520869,0.0969872615,0.0114058715360266,0.0116499765039,0.08013401615,0.116115155,1.01645052200296,17.3242655505502,21.5942744323791
"r[3,10]",0.09948286244,0.098282146,0.0118167951041543,0.0133034031585,0.0809927453,0.1202849445,1.04525837936911,21.5339560916452,21.5942744323791
"r[4,10]",0.10040447405,0.0997354925,0.0137142651640367,0.0137512736382,0.0802418389,0.1253400065,1.00307513553832,39.0254255395327,51.556342412722
"r[5,10]",0.10118204091,0.1000238965,0.0115194796348842,0.0117040573041,0.0849434262,0.118933645,0.99412165603263,31.0619129228978,61.3540182620535
"r[6,10]",0.09837177945,0.0966247915,0.0113545959052851,0.0102992063307,0.08132572025,0.1212240475,1.03235434434089,14.7374896233304,101.770467540265
"r[7,10]",0.09638718022,0.0947590275,0.0103765483725561,0.0114010323966,0.080713754,0.111796078,1.00126487119129,23.7842078870621,65.771366952567
"r[8,10]",0.09897197726,0.0966938925,0.010947274281186,0.00998825470229998,0.0842158038,0.1185394715,0.995588283570883,19.021534280621,31.7839996054474
"r[9,10]",0.09740729241,0.0975149255,0.00936009931649323,0.0095548277118,0.08424798905,0.114175999,1.00688340833152,28.3982836503184,76.6284020089591
"r[10,10]",0.09753622774,0.098598973,0.0109003892906875,0.0126282930942,0.0807570907,0.1125369675,1.08096735006416,9.05734678960303,30.6204069389592
"r[11,10]",0.09751839992,0.0982029135,0.00959108073918714,0.0105305467869,0.08174494835,0.112102932,1.015905317334,24.2779497452683,76.6284020089591
"r[12,10]",0.09584543245,0.096616889,0.00857248601022154,0.00913102872569999,0.08136980195,0.108041656,0.996309149414167,26.5564416821296,36.1211193708869
"r[13,10]",0.09214008729,0.0930830245,0.00839119185589933,0.0095224247475,0.0767701406,0.1037623885,1.00618644871792,23.0072498559751,23.449015141364
"r[14,10]",0.09284967502,0.091704551,0.00922578232238142,0.00814032649500001,0.0785269251,0.1057685705,1.00275506814204,21.9461313543903,52.4502744151649
"r[15,10]",0.09153877291,0.0921182525,0.00980496743312153,0.0100967254248,0.074893474,0.10615049,0.997004434503705,23.8306241590478,49.2481128063367
"r[16,10]",0.09083500715,0.089740864,0.00951370821941672,0.0097635629658,0.0777860487,0.1044922205,1.00355965894424,13.1514594314365,59.8640966872306
"r[17,10]",0.09495203404,0.0947445805,0.0102412088205015,0.0105605501631,0.08092470455,0.113459045,1.00564440669762,30.7876238586202,51.7769565035141
"r[18,10]",0.09311705011,0.0923350435,0.0106531950627549,0.0117990000429,0.07789436955,0.110800418,1.01294375100669,20.4044327887913,30.9196953609506
"r[19,10]",0.08956069372,0.0874663585,0.00957054346511522,0.0087492510714,0.07653389085,0.10837767,1.13278263530415,26.411565644556,37.7806563039723
"r[20,10]",0.08679366459,0.0856992535,0.012606278667358,0.0121959291279,0.0676142708,0.1102585475,1.03040581573485,12.7560877678919,17.641129032258
"r[21,10]",0.08734912955,0.0870581095,0.00799174588365497,0.0064659121548,0.0741350164,0.103070549,1.01752063435302,35.8827672849571,40.5548566509965
"r[22,10]",0.08692454547,0.0873947185,0.0105749761324599,0.0115928437716,0.06913698905,0.102938119,1.04627926119302,30.0107504157992,76.6284020089592
"r[23,10]",0.08670233872,0.0867639775,0.00765520588902776,0.00721589426039999,0.07485743375,0.09956588475,1.01682249268881,44.5049711604934,52.4502744151648
"r[24,10]",0.08775969104,0.087714303,0.00906331883092462,0.00770233828559999,0.07339394535,0.103792727,0.995286525119655,52.1718848763632,31.6824001034527
"r[25,10]",0.08583681533,0.083900445,0.00879388764163344,0.00883355170739999,0.0728751301,0.1002820975,1.03613972090605,31.1576714901473,17.9837632309115
"r[26,10]",0.08772460151,0.086830544,0.00772848190569733,0.0078352200171,0.07536105465,0.101632937,1.02668910497074,70.3990951664134,41.9739137329527
"r[27,10]",0.08832389327,0.087678511,0.0097050981431789,0.0105266045535,0.0747292654,0.102770309,1.01374142644494,41.5846405076875,76.6284020089591
"r[28,10]",0.08810115555,0.0873313525,0.00952279068532293,0.0068623089864,0.07599357585,0.1021152895,1.02905748984835,26.8179635262962,30.6204069389591
"r[29,10]",0.08769409482,0.087933128,0.0102535624154274,0.0097322437821,0.068022457,0.1019010915,1.09584125174449,16.7791935293012,54.1255559531721
"r[30,10]",0.08438999521,0.0847656925,0.00813763323757594,0.0077721665217,0.07217900445,0.0971948948,1.04856944777284,28.1035748845961,76.6284020089591
"r[31,10]",0.08373128231,0.084351965,0.0086838157014037,0.0103516414449,0.06917402,0.09632060185,1.06864147214644,11.8122971475691,41.9739137329527
"r[32,10]",0.08519557551,0.086106158,0.00894165394396107,0.0096059974269,0.06898851515,0.0990790341,1.09020692987731,16.1939106825926,14.2601043024772
"r[33,10]",0.08677947296,0.087047101,0.0096787099081256,0.0090931853607,0.07240711585,0.09822312975,1.00329698692988,17.668029590008,36.0597391097033
"r[34,10]",0.08852164757,0.089204988,0.0136628212575515,0.0134138123805,0.06394240185,0.1117208705,1.08237392324297,9.0081211143901,30.6204069389592
"r[35,10]",0.08687454099,0.087400512,0.0123461286893849,0.0125160447069,0.0684651369,0.104869476,1.08904024140629,8.68790928523391,19.8547764919446
"r[36,10]",0.08574007841,0.085634185,0.012586299452721,0.0112159609212,0.0621376318,0.103586337,1.07195270578939,9.04724397787851,21.0246288509397
"r[37,10]",0.08458993498,0.084805344,0.0133682017794648,0.0139704834612,0.0595064113,0.104095351,1.16340615938827,4.77227105180802,17.2396808196236
"r[38,10]",0.08552743991,0.0848625975,0.0135318835669135,0.0120857274699,0.06255466765,0.1098919305,1.16145978008598,4.2650440751795,14.4246620507748
"r[39,10]",0.08385569478,0.0831451825,0.0137916389543813,0.0129516466716,0.0591383892,0.1056480845,1.0699582312359,8.22551454079771,13.4809450967877
"r[40,10]",0.08500584781,0.0866052465,0.0146230414661382,0.0143247618507,0.0579473246,0.104100434,1.11101808903223,6.09353927909772,13.2804284428833
"r[1,11]",0.08251368427,0.082553374,0.00553155512812011,0.00501808060739999,0.07325887775,0.0923805485,1.05145140659415,23.1947562475507,54.8564568994389
"r[2,11]",0.08106142687,0.080641787,0.00973009133311617,0.00900190390259999,0.06462832585,0.0984392561,1.06422059862256,20.5665490107856,40.5548566509965
"r[3,11]",0.08141580931,0.080751225,0.0116539565568459,0.011757181086,0.0644228008,0.1020344495,1.07188710011481,36.3654858900662,60.0313633245123
"r[4,11]",0.08442133187,0.0827024935,0.00996452695369915,0.0100144559508,0.07046048595,0.101377339,1.04292549090884,30.6869812215642,65.4003091120767
"r[5,11]",0.08422794187,0.084493329,0.00859051046282184,0.0083423722578,0.07100213795,0.0976442534,1.06152327265076,25.8678722312293,32.9939668174962
"r[6,11]",0.08256801028,0.082464853,0.0103164247090624,0.0105720136263,0.06373475265,0.0979852641,1.05424619308542,15.6822098523788,54.3553240438646
"r[7,11]",0.08454949218,0.0840532855,0.00817122505827571,0.00738934363439999,0.07138247235,0.09853636375,1.15234819489372,6.46790665161469,49.8568790552336
"r[8,11]",0.08356838126,0.083109916,0.00961084391221464,0.0091397997873,0.06908252945,0.09959028285,1.07993340458254,11.9819534426978,19.2582810608562
"r[9,11]",0.08372697528,0.082847888,0.0103981890368022,0.0100724078196,0.06871556275,0.102027447,1.0390499395002,27.7561925225778,36.2769485903813
"r[10,11]",0.08182542247,0.080917551,0.0122361578198616,0.0117681864258,0.062592527,0.1031214965,1.58530233400151,1.88780542444226,31.6824001034527
"r[11,11]",0.08321987487,0.082831349,0.0099918713906759,0.0102678545298,0.068338641,0.09970391995,1.17660711292323,12.2456663417345,42.4389398926035
"r[12,11]",0.08432316908,0.0831945965,0.0116260488466258,0.0139204938957,0.06738287175,0.1035637475,1.0473455960438,14.4518808648213,31.7839996054474
"r[13,11]",0.08250340797,0.0809869035,0.0116744313421305,0.0108228480486,0.06267681245,0.103155707,1.35334193026256,2.87114681148221,50.7015438102728
"r[14,11]",0.08263050209,0.0822352785,0.0113643718381605,0.0127855154112,0.06628048135,0.09983722095,1.46374811710358,2.22380664867915,37.7806563039724
"r[15,11]",0.08006650073,0.0797431115,0.0119473738001,0.0120125448513,0.06082802705,0.10014850455,1.39322617370942,2.47279284166056,28.1855413924808
"r[16,11]",0.08259603766,0.0827224905,0.0116954188093025,0.0108653979273,0.06246346825,0.103449859,1.45196884334427,2.47327474243428,40.5548566509965
"r[17,11]",0.08325824994,0.0836875215,0.0150391354314274,0.0146545714098,0.05593806415,0.1061171985,1.27420162410592,3.51171455656439,30.2536366106048
"r[18,11]",0.08344691056,0.083593471,0.0109538595283111,0.00932477785889999,0.06589841975,0.09996769995,1.16007081401337,6.11014272115923,42.4389398926035
"r[19,11]",0.08270574542,0.083247746,0.0112155308522207,0.0109429897983,0.06658820435,0.1003172065,1.18070160537001,5.17201794189554,21.0246288509397
"r[20,11]",0.08313426799,0.084155252,0.0100270365107296,0.00923857430580001,0.0665633814,0.09813698635,1.21352281165436,5.01347844907988,76.1461739405163
"r[21,11]",0.08355449263,0.0837357345,0.0083404113667009,0.0081424288218,0.07241763465,0.09925815045,1.07362989777783,32.761668258536,76.6284020089591
"r[22,11]",0.08220906222,0.080565041,0.0102446360354466,0.00795426167760001,0.06792806825,0.101131176,1.02239576565778,22.5399463629057,43.9114926796898
"r[23,11]",0.07974941162,0.079887051,0.0102495090824044,0.0091971801138,0.06169349835,0.09738153625,1.07732938365182,12.0451265223833,21.0246288509397
"r[24,11]",0.07861704084,0.079392152,0.0116547573877854,0.0117715163454,0.0569181612,0.0972674241,1.34698858694463,3.00622129110122,30.6204069389592
"r[25,11]",0.07705491573,0.07689814,0.00806184040806176,0.00795659529,0.06489122245,0.0896975068,1.06531529459262,16.2321022162744,44.5810103703794
"r[26,11]",0.07575012315,0.074709386,0.00993563791519433,0.0104589179331,0.0611077337,0.0935153446,1.05483059359399,14.6841862834964,54.856456899439
"r[27,11]",0.07513832192,0.0751077025,0.00877822180061218,0.0071333645901,0.05938330055,0.08955822265,1.00305049936179,31.7209888197194,21.0246288509397
"r[28,11]",0.07860806314,0.076953667,0.00987883849378535,0.00851424118020001,0.06251100665,0.09699349175,1.12674814438583,10.7186287327812,22.2747522502045
"r[29,11]",0.07940757056,0.0776123565,0.0100170116004404,0.0102623481534,0.06625635565,0.0955201538,1.02348029086505,17.0096715029861,51.1162111412476
"r[30,11]",0.07902514259,0.0784419245,0.00947572783436509,0.0098007547281,0.0650735154,0.09773025815,1.0674623971769,48.6698521113028,56.8419098881722
"r[31,11]",0.07712795336,0.0772479985,0.00929356765631933,0.00877332627150001,0.06241258,0.0918842527,1.1000165327766,10.839992322689,67.6406173148844
"r[32,11]",0.07693354244,0.0784392215,0.0106262541290098,0.0105107918832,0.0561689912,0.09150391795,1.05514944445474,11.6071100183922,29.494618736908
"r[33,11]",0.08019173994,0.081326158,0.0121236348856422,0.0110947731972,0.05913290585,0.0988869028,1.02208133848908,12.5307538387673,52.4502744151648
"r[34,11]",0.08051064313,0.081891514,0.00999931708153587,0.0083285848191,0.06368788925,0.0957255948,1.07693706994716,13.5587121641496,52.4502744151648
"r[35,11]",0.08018706885,0.08155235,0.00833569064641784,0.0075486193524,0.0656491435,0.09210899295,0.996881854312536,15.7638988737458,68.8140521811376
"r[36,11]",0.08213497204,0.0807448815,0.00996346258241912,0.00982207599869999,0.0675159604,0.0993412054,1.03523811719317,45.0732557128511,78.3393298097876
"r[37,11]",0.079871177,0.079936673,0.0103989654261756,0.00948676970009999,0.06455673735,0.0942658525,0.99301846204843,34.0659476749008,54.8564568994389
"r[38,11]",0.08187812545,0.081503122,0.0112398650637066,0.0109327902516,0.0637699302,0.09801314125,1.02175634778897,31.8849605057064,32.4795842613214
"r[39,11]",0.07936712529,0.07928711,0.0113276016114164,0.0105443883405,0.0614335775,0.0963370498,1.01457553959875,39.8680918087069,30.6204069389592
"r[40,11]",0.07870771085,0.0781088225,0.0127906204308582,0.0111778299318,0.0576527498,0.1009061955,1.08360883024504,13.5432435362583,23.0844608600611
"r[1,12]",0.09107285738,0.09115092,0.00214977290582424,0.00257316720149999,0.0877797971,0.09447239465,1.38154457001151,2.3767594715521,35.9722793210782
"r[2,12]",0.09137544288,0.091511049,0.00360281504831677,0.00413130715409999,0.08515311375,0.0964091295,1.09840347557049,10.3912808464294,29.4472616381001
"r[3,12]",0.09112755225,0.091349358,0.00370786192594031,0.00427683398100002,0.0851313966,0.09646665845,1.06819378916059,13.7896453213898,50.1864066532838
"r[4,12]",0.0904121643,0.0903864275,0.00340915685425066,0.00365455488510001,0.08454357015,0.09567007925,1.02552284327416,10.973020337966,62.9908500685975
"r[5,12]",0.09140947313,0.091311928,0.00353734310945033,0.0035022377502,0.0851247377,0.0969393752,1.0288007597541,17.4895258482052,52.4502744151648
"r[6,12]",0.09126686019,0.0911822205,0.00346524592397982,0.0033632002635,0.0862048822,0.09648264895,1.05315577951647,7.39839635353001,21.5199212985735
"r[7,12]",0.09121790147,0.091197759,0.00329746448356302,0.00352645602120001,0.0854110763,0.09620542895,1.13781162016185,5.33121776263796,35.7664233576642
"r[8,12]",0.089961803,0.0897683615,0.00265315958095658,0.0028505001336,0.0854019858,0.0942367198,0.997516895344135,16.212130645493,77.3212964411783
"r[9,12]",0.08969683144,0.0897619875,0.00312934725640962,0.0035619183306,0.08467253005,0.09435039325,0.999202839240123,14.5235868896698,41.0191625698239
"r[10,12]",0.08965764411,0.0905942125,0.00401263478951581,0.00335976359670001,0.08241297995,0.09515158195,1.10247000457438,11.0986255855474,21.2275594371664
"r[11,12]",0.08905937249,0.0887586685,0.00283908663728749,0.0026903734032,0.08503458045,0.0940380679,1.14173323891415,24.8817694388182,27.4380683599872
"r[12,12]",0.08771999038,0.0879505845,0.00413009271336913,0.0029389824429,0.0810273079,0.09573331835,1.02202956236322,12.3128208527368,39.4893781631798
"r[13,12]",0.08819229128,0.0884184055,0.00334549751836844,0.0036219643719,0.0823299766,0.0933218508,1.04602204296903,11.1147684385039,14.4246620507748
"r[14,12]",0.08762824301,0.088425528,0.00361929202362845,0.0039361406553,0.08210767525,0.0930848054,1.12105042254689,11.2960342836329,41.7960353475036
"r[15,12]",0.08730089662,0.0868945995,0.00321743273248318,0.0039352421997,0.08267870695,0.0922236401,1.26567574523361,3.48816289505603,13.64522417154
"r[16,12]",0.08794653091,0.088037143,0.00304856808684309,0.0031781295294,0.0823621819,0.09243710295,1.04488376445666,16.6824008726204,34.1687749609557
"r[17,12]",0.08791084854,0.0879900485,0.00320401162101432,0.0026846943039,0.0812934961,0.09273644335,1.36800010356594,2.70822658735768,21.0246288509397
"r[18,12]",0.08672485689,0.086480898,0.00268400174189608,0.00211319722319999,0.08176946565,0.0912401657,0.9923065376567,26.7314342516044,51.5338182396663
"r[19,12]",0.08694291576,0.086970647,0.00264458273392389,0.00245854220640001,0.08161389575,0.09040039615,1.06338233256156,17.4591328295252,30.6204069389592
"r[20,12]",0.08631137027,0.086546083,0.00350925270851727,0.003777798234,0.07946188265,0.09079752945,1.03417436081489,10.4280107449077,38.8716126166147
"r[21,12]",0.08596551322,0.085950213,0.00386060395896059,0.0036640887444,0.07923518015,0.0918927534,1.08012963351119,7.85875202074402,14.4246620507748
"r[22,12]",0.08555411965,0.0859559495,0.00328650117395198,0.00330584958900001,0.08007527065,0.09131175805,1.0973512081191,8.35679819495305,21.0246288509397
"r[23,12]",0.08645997382,0.085793592,0.00367500530249161,0.0039997352997,0.08116502615,0.0929899443,1.07633480623866,9.38924422648705,50.6923710931221
"r[24,12]",0.08613851026,0.086432433,0.00320832904947249,0.00272510923859999,0.0803690395,0.09037559255,1.00874129310337,17.3152835124564,31.6824001034527
"r[25,12]",0.08702806785,0.0874466935,0.00319154098162117,0.0027259498728,0.08140821075,0.0925511599,1.05099067550043,14.8754764993965,27.5894687056597
"r[26,12]",0.08704769378,0.086717093,0.00245699948443763,0.0021937224183,0.0832155062,0.09124622195,1.01439229930282,61.383784209903,92.2982923787032
"r[27,12]",0.08692869268,0.0866858175,0.0029645169929345,0.00311452302419998,0.08222363155,0.091918134,1.17468947349036,4.73776531893253,23.1236786469345
"r[28,12]",0.08677377976,0.0863148215,0.00316926930220432,0.0029126499843,0.08261542265,0.0915465433,1.11281494388507,7.2557065595655,31.6824001034527
"r[29,12]",0.08720195779,0.08733375,0.00311596987556516,0.0032055998835,0.0822188488,0.09176039275,1.25179032266923,4.3219385357335,16.5219033232628
"r[30,12]",0.08589511001,0.08582348,0.0034050267909064,0.0031002455862,0.07989348595,0.0911814615,1.30047780114483,2.95707623706742,15.6138472519629
"r[31,12]",0.0866587127,0.0869948165,0.00274067133203908,0.0024521247723,0.08230704415,0.0907267546,1.33929552845361,2.85194335094183,21.0246288509397
"r[32,12]",0.08753844098,0.087846575,0.00365642381488328,0.00377709325769998,0.08145107515,0.09300181225,1.39099105980253,2.67421310200462,21.7742938907552
"r[33,12]",0.0873888404,0.0876526955,0.0036028739936062,0.00326741911439999,0.08133637195,0.09319311915,1.28577645902282,3.15121601542746,35.6270358306189
"r[34,12]",0.08693525733,0.087046134,0.00285948015582772,0.0026559118488,0.0814949189,0.0905504827,1.18949502489195,4.24532434212433,48.4074922943175
"r[35,12]",0.08848774322,0.088950542,0.00323367104305017,0.0034933006374,0.0828351701,0.09299717,1.64706184603806,1.87667510625202,24.5786516853932
"r[36,12]",0.08698701083,0.086956011,0.00344693465299222,0.0034686435168,0.0812351828,0.0923781093,1.32598746880126,2.79558027677197,26.9877288449252
"r[37,12]",0.0875926513,0.087616191,0.00466255926597534,0.00478428793079998,0.07942829805,0.09473018575,1.73642194065802,1.7111088293152,34.5235746695599
"r[38,12]",0.08816378943,0.0875194955,0.00350452325095154,0.0031675563675,0.08298232725,0.09405247175,1.10654832009764,9.15753555882764,30.6204069389592
"r[39,12]",0.08792029469,0.087584749,0.00477214054830943,0.0052042202961,0.0812363193,0.09591625745,1.46953807466561,2.1746289746643,40.5548566509965
"r[40,12]",0.08912469389,0.08883188,0.00413785197318941,0.0045708165111,0.0833453423,0.09585758375,1.41983329010057,2.31542585981619,21.0246288509397
"r_new[1,1]",0.009092542075,0.00910550025,0.000660287647688902,0.00073703040852,0.008047348585,0.0100264185,1.16299714335814,8.76709473502532,51.5338182396663
"r_new[2,1]",0.008601428463,0.00869435165,0.00126896271264659,0.00120759067275,0.006566196785,0.01041973335,1.21881212828228,12.7545605871434,19.7138672975103
"r_new[3,1]",0.008842045522,0.00852683815,0.00131733154336025,0.0008039376261,0.007355159805,0.0114873743,1.07913344047093,29.2157130745483,42.4389398926035
"r_new[4,1]",0.008620194717,0.00860025535,0.0009629296918507,0.00085624738647,0.007124674135,0.01015111735,1.2591761764045,23.1585689115019,47.4879826329663
"r_new[5,1]",0.008400206282,0.00843211585,0.000902636823290217,0.000796246638599999,0.00704000226,0.009911360295,1.05056239482902,22.8174593960698,74.7352313149317
"r_new[6,1]",0.00817525785,0.00809888915,0.000980717127267472,0.00084250790988,0.00668115228,0.009892564955,1.02548598237886,24.382633372764,30.1538461538461
"r_new[7,1]",0.008413647076,0.0083029753,0.00116940353103971,0.00126649229511,0.0066478278,0.01038923845,1.01371479827301,14.5178703996369,17.8808623684479
"r_new[8,1]",0.008020918154,0.0079872802,0.00101803371366372,0.00102848881212,0.006246944075,0.00969270648,1.04764798774854,17.9230802420046,16.4458227610187
"r_new[9,1]",0.008649066919,0.0086554883,0.000922329899375756,0.00094064839449,0.007171999215,0.01002968125,1.06671093547802,10.8023878607787,32.1582648747569
"r_new[10,1]",0.008539977351,0.0084181971,0.000970362158557724,0.000919321860659999,0.00707016091,0.0104251579,1.01517655536673,33.1507263726263,30.6204069389592
"r_new[11,1]",0.008362342373,0.00831364165,0.0010087509652111,0.000681382944900003,0.006764970555,0.01007508065,1.02426041570493,19.4450698670401,34.362847091416
"r_new[12,1]",0.008468288726,0.0082502671,0.00107664439238016,0.00088003095915,0.00710682059,0.0106279328,1.17636251162387,4.99683379724677,27.6504977089587
"r_new[13,1]",0.008253830596,0.0082112684,0.0010354612059643,0.000712704871409999,0.00665477967,0.0105216425,1.08292883190386,33.6600607656879,34.6094081084899
"r_new[14,1]",0.008461476047,0.0083701516,0.000883513074688741,0.000967775674950001,0.00739612795,0.009850705105,1.06433135585746,29.2383301865442,71.2874531148375
"r_new[15,1]",0.008099993196,0.0080793426,0.000777127533740986,0.00076298695389,0.00683561441,0.00919790736,1.0049170147184,29.5166317844344,44.5810103703794
"r_new[16,1]",0.008017508609,0.0079830101,0.000922946855404771,0.00080904770352,0.00660984988,0.00946582124,1.00606806683654,21.2037945617919,31.7839996054474
"r_new[17,1]",0.007916420523,0.00778052915,0.00118604340490001,0.00133592986611,0.006273495285,0.009882313545,0.992342874960739,15.8906338136336,33.2825123384992
"r_new[18,1]",0.008114484413,0.007915812,0.00115383282016153,0.00090796744269,0.00668397711,0.0101906582,1.07673711161146,14.3107240104804,25.9952465834819
"r_new[19,1]",0.007484420076,0.0075079102,0.00106675798094668,0.00105337625463,0.005611358845,0.00917600963,1.08529692048673,11.6179894507281,34.362847091416
"r_new[20,1]",0.008208470567,0.00804390475,0.00104527920940212,0.000780163319670001,0.00695768725,0.0107673885,1.08820793790912,8.74802590116484,31.9226559649762
"r_new[21,1]",0.00785203748,0.0078857299,0.00085959999558603,0.000733297518239999,0.00652520015,0.009268057075,0.992725194598343,38.9881437831869,71.2874531148375
"r_new[22,1]",0.007956712393,0.00787313055,0.000961682322553524,0.00104541076374,0.00653827786,0.00962117114,1.04667174081994,25.6444016280601,54.8564568994389
"r_new[23,1]",0.007883377451,0.0079356173,0.0008944874359051,0.000792739622429999,0.00628450567,0.00938092687,1.19969427231186,4.19962562887504,21.0246288509397
"r_new[24,1]",0.00808329279,0.00797475115,0.00100421739069021,0.00097990104492,0.006579939915,0.00992552545,1.05191773918638,14.9827508200542,45.7499253062444
"r_new[25,1]",0.007787670992,0.00785160665,0.00110245362456536,0.000865350179820002,0.0057615012,0.009245695855,1.18482123681419,5.01747355317833,21.0246288509397
"r_new[26,1]",0.00789839123,0.00784068795,0.000951824322787195,0.00095075720607,0.00637828949,0.00958992496,1.17740706462738,4.98231526816038,31.5354895261113
"r_new[27,1]",0.008077945425,0.00801122,0.00093915241157569,0.000856870523249999,0.00679265351,0.00992715622,1.10225186758458,8.76850192717916,50.6534301172039
"r_new[28,1]",0.008028790973,0.0079319114,0.00125470837509983,0.00150140322276,0.0063098279,0.01025503885,1.0845856166181,16.84298928582,21.5942744323791
"r_new[29,1]",0.007792012937,0.007803223,0.00102852942830898,0.00094159940826,0.006325285395,0.00983211701,1.35630733525059,2.58799964934656,23.9552574456851
"r_new[30,1]",0.008398932618,0.0084127297,0.000992860751960203,0.00107320602963,0.006944147335,0.00987128403,1.07082071337468,12.2849938269313,49.768741973122
"r_new[31,1]",0.007881755614,0.0076735095,0.00107789166147316,0.00114196115985,0.00654978585,0.00985782533,1.17885299569616,7.02483921446861,51.5338182396663
"r_new[32,1]",0.008071710929,0.00800760965,0.00125003505544221,0.00114420863319,0.006404797395,0.01036368455,1.00344481288419,16.7553431439638,31.7839996054474
"r_new[33,1]",0.00786819576,0.0076750277,0.00107925717084021,0.0008407772709,0.006429279495,0.0100798245,1.01979940463495,15.3485129241167,45.7499253062444
"r_new[34,1]",0.007879437279,0.0075969944,0.00114295142178274,0.00095392315011,0.00633448065,0.010055103,1.05163666258163,9.00614034434134,16.576678980771
"r_new[35,1]",0.007514068164,0.00738061495,0.000810439755491823,0.00067344332538,0.00629757215,0.0088335923,1.00665248586277,19.114106695129,34.3628470914159
"r_new[36,1]",0.007686689187,0.00772325815,0.00109017435791436,0.00100111260312,0.0059580618,0.00936559013,1.06253013138926,12.6466583717548,30.6204069389592
"r_new[37,1]",0.007750966298,0.0077107326,0.0010973028636188,0.000953633153550001,0.005928833645,0.009384947875,1.18949299273165,4.32766262356312,30.6204069389592
"r_new[38,1]",0.007427404354,0.00733595615,0.00133451624232601,0.0013502327307,0.00543284138,0.009383805035,1.04291865743546,26.0483523741877,30.6204069389592
"r_new[39,1]",0.007611615888,0.0076939935,0.00121260223559584,0.00130785157188,0.00555713278,0.009427523885,1.06755785366396,19.087889356662,34.3628470914159
"r_new[40,1]",0.007535239476,0.0073226634,0.00128508775726786,0.00139061401038,0.00577380075,0.009789900065,1.0375940850283,20.2021463433564,58.9391161255239
"r_new[1,2]",0.007714271746,0.0076436907,0.000671009569064135,0.000620042297280001,0.00678126665,0.00919072039,1.23640821714208,3.5634624705755,35.0070014002799
"r_new[2,2]",0.00790006298,0.007738428,0.000950653466775359,0.00078621722025,0.006472354255,0.009740098775,1.11504338492991,7.33211998181549,14.0044814340589
"r_new[3,2]",0.007898340301,0.0078653403,0.00098620825483962,0.00099161988597,0.00649985571,0.009753932885,1.11294342410513,7.11367375969743,48.4074922943175
"r_new[4,2]",0.008156946181,0.00806206025,0.000976274927419964,0.00092639267658,0.00667420885,0.0100946955,1.17550100566045,4.3939208873834,18.434636047614
"r_new[5,2]",0.008207554792,0.008329471,0.00100480432487186,0.0009950343879,0.00642000562,0.009664353125,1.05635858335901,26.5424607533773,51.9994667620882
"r_new[6,2]",0.008380236285,0.0083416047,0.000901019117587278,0.00080415897828,0.006985544645,0.00990934447,1.1504989893258,4.5773093588144,43.0506805768747
"r_new[7,2]",0.00860012235,0.00850834895,0.00102116016163147,0.000902432229720002,0.007186089335,0.0106757808,1.13632518323435,7.00871101912865,37.7806563039724
"r_new[8,2]",0.008591557553,0.0085158931,0.000927452250127212,0.000838331573940002,0.00725407342,0.0102552164,1.06518641711498,13.5363647863314,39.7404703974047
"r_new[9,2]",0.008492244856,0.0084120457,0.000895220158900094,0.000886303098449999,0.00728362305,0.0101673591,1.05243591886431,20.1480096139397,23.5151840902982
"r_new[10,2]",0.008455326829,0.00844103855,0.000975268062821174,0.0010588818156,0.007027240125,0.0101472884,1.03628361078669,14.3962405622601,46.6027543178878
"r_new[11,2]",0.008479797423,0.0083124376,0.000981546719125417,0.00093775828818,0.007078982135,0.01019349975,1.01830375360795,18.9877995199324,30.6204069389592
"r_new[12,2]",0.008925557787,0.00893711775,0.00108466404483917,0.000998466903420001,0.00739856539,0.01048671915,1.04150879706912,14.1998604459812,44.5810103703794
"r_new[13,2]",0.008830687511,0.0085906555,0.000935189624228422,0.000733147775639998,0.00755084941,0.01029268175,0.992728612589468,31.5273963919991,54.8564568994389
"r_new[14,2]",0.008988745618,0.00887637205,0.000897089806839442,0.00096947206587,0.007794145315,0.01043977955,0.995709126839262,38.8381183530742,76.6284020089591
"r_new[15,2]",0.008760283006,0.0088238509,0.000852600605902974,0.000901909242569999,0.007368936115,0.01009062675,1.00548609179141,53.696825808298,39.7998635433251
"r_new[16,2]",0.0089475699,0.0088770869,0.000852980377198723,0.00082397192577,0.00779453616,0.0102521544,1.0833174711972,26.0783553566793,56.9496994782622
"r_new[17,2]",0.008546486984,0.0085283244,0.000784983607888187,0.00073999227267,0.007394111515,0.00972929446,1.09600977093269,8.94172341434055,30.2036589575423
"r_new[18,2]",0.008631477239,0.00850076185,0.000723127550040257,0.000745759216020001,0.00760690986,0.00996626594,0.990128899404142,33.6831178394873,68.4184094919837
"r_new[19,2]",0.008708786778,0.00876600735,0.00090088806507291,0.00091319256987,0.007167531925,0.0100293882,1.05166181674046,21.1258166884214,13.6975579211021
"r_new[20,2]",0.008724938252,0.0087715391,0.000882918450573787,0.000838093764899999,0.007229778025,0.01003993685,1.05380604125216,26.4913364247173,21.8886804252658
"r_new[21,2]",0.008676632857,0.00872098855,0.0008393915418486,0.000870671008829999,0.007417316475,0.0101609731,1.05587941212767,32.3688940925343,35.0070014002799
"r_new[22,2]",0.008814289018,0.0088505737,0.00075583958909846,0.00092419835445,0.0075971747,0.00990161463,0.992824704990416,30.4176918951638,68.8140521811375
"r_new[23,2]",0.008683750996,0.0086756736,0.000661702221182425,0.000688367473499999,0.00765851586,0.00982139429,0.991191062238969,57.6573391445367,113.437841665597
"r_new[24,2]",0.008594836806,0.0085291173,0.000896963499519819,0.00081763929639,0.007222685965,0.01027626245,1.01686787332281,55.3847602046658,58.9391161255239
"r_new[25,2]",0.008925605706,0.0089165968,0.000814956646266834,0.00074418447243,0.007595901625,0.01012751655,0.995687473179575,77.5102321112046,101.770467540265
"r_new[26,2]",0.008917216951,0.00890718385,0.000666678932982017,0.00073643217942,0.00799388554,0.01007370885,1.00135213715564,49.5565895999336,42.434529582929
"r_new[27,2]",0.008823461315,0.00878606255,0.000953062159923477,0.00079834785345,0.00699735565,0.01039582885,0.990414400395927,38.9121956949391,43.1269119030573
"r_new[28,2]",0.008792354138,0.00868187485,0.000881016045864453,0.000810009614400001,0.007602967935,0.01048948465,1.08845195800561,22.0194598787295,29.535152859485
"r_new[29,2]",0.008943752484,0.00890590105,0.000863105399270581,0.000746252847690001,0.007491537095,0.0104073132,1.07270624461835,24.8715021724975,21.9270768074176
"r_new[30,2]",0.008737166441,0.0087241008,0.000906112220224004,0.000899218694219998,0.00734228213,0.0101471473,1.33731056232486,2.71060203222054,21.0246288509397
"r_new[31,2]",0.008950934616,0.00885575075,0.000873605016221337,0.00074143988331,0.00761700364,0.0104900192,1.03276137934546,25.817211103679,31.5226062118834
"r_new[32,2]",0.0089252522,0.0089719471,0.000922498611333099,0.000972945056369999,0.00734748342,0.0103124379,1.06674743866479,24.1365661644447,46.8971325753225
"r_new[33,2]",0.009017738885,0.0089916219,0.000888285669423344,0.000955118867009999,0.007633524875,0.01054555315,1.24554749731751,3.44608191851823,44.5066124109867
"r_new[34,2]",0.009069498173,0.00897900155,0.00107080239504162,0.000996979559099999,0.007641276425,0.0110010098,1.13855952357358,7.03312120559262,40.0549324788279
"r_new[35,2]",0.009207261652,0.0091388179,0.00101771922405296,0.0011237188788,0.007940092465,0.0109499219,1.14216380982303,6.26147865236811,73.5691550057054
"r_new[36,2]",0.009247481224,0.0090685117,0.00116367390330739,0.00098920339623,0.00752163184,0.0113538726,1.14956669403297,7.19892334219553,19.0238069355364
"r_new[37,2]",0.009424386982,0.0093794619,0.00136865728586827,0.00177242591274,0.007571481805,0.0115540467,1.13592816392492,6.27367884665632,42.4389398926035
"r_new[38,2]",0.009449360992,0.0092677483,0.00127368576171059,0.00141789688971,0.007533694155,0.01167978885,1.06470364604503,11.571432146753,62.7936335791841
"r_new[39,2]",0.009481382836,0.0093490893,0.00150585003306678,0.00171703115829,0.00746683789,0.01197378065,1.13504671588082,7.16311550005898,31.7839996054474
"r_new[40,2]",0.009712387875,0.0095675534,0.00157573783226784,0.00171910553808,0.00743560253,0.012772259,1.13969995956456,6.9721691885276,50.6923710931221
"r_new[1,3]",0.007425934056,0.0075067909,0.000611403177269534,0.00056230407114,0.00642046971,0.008369603585,1.16782640036551,5.77658540841779,13.219519564889
"r_new[2,3]",0.007688643178,0.0076913324,0.000787978068599284,0.00075830853546,0.00626399124,0.00899277978,1.10635596897468,9.52175322636653,20.81351094196
"r_new[3,3]",0.007895029793,0.0079338068,0.000965066685313348,0.000929365215449999,0.0065124822,0.009425777675,1.16744215077505,6.16555501431623,29.2691085465796
"r_new[4,3]",0.007713375659,0.00766284625,0.00100202545718058,0.00076060701024,0.006247975145,0.00949295074,1.17077160892219,5.90830310110815,20.9882465819141
"r_new[5,3]",0.008120121632,0.008124667,0.00090010908522695,0.000850165316489999,0.006586676845,0.00958825965,1.07199507183878,12.4210169466044,13.7806126466651
"r_new[6,3]",0.008310282872,0.0083764091,0.000902284798207497,0.00079254992376,0.00669729225,0.009679955255,1.16089271118485,6.6267938909309,12.9122703460488
"r_new[7,3]",0.008315160781,0.00832987095,0.000926053078550982,0.000964595275560001,0.00675532754,0.00973915515,1.1517882714563,6.9066785534264,16.9705197827773
"r_new[8,3]",0.008512790453,0.00853885945,0.000864104231931212,0.00075550382691,0.00686694013,0.00967357909,1.0560121568154,12.980432854563,16.913114912535
"r_new[9,3]",0.008533350486,0.00853117265,0.00089864305327888,0.00103870785501,0.007225340345,0.0100265186,1.04660506348125,12.3929422313936,55.4729091232305
"r_new[10,3]",0.008693685997,0.008589328,0.001101447143418,0.00101252810421,0.006987249125,0.0107275262,1.09316762754285,8.30947147589465,45.4180544618317
"r_new[11,3]",0.008760063857,0.00862994655,0.000961971430205137,0.00102697025907,0.007310931955,0.0104162729,1.1380420703487,6.39223933844325,16.576678980771
"r_new[12,3]",0.008665317433,0.00858435585,0.000970896927213572,0.000848155059149999,0.00706165116,0.0104340581,1.13679234985246,6.50368859712072,31.2899106002555
"r_new[13,3]",0.008732642246,0.00870684495,0.000958005818546354,0.000849814014420001,0.007059687255,0.01035572825,1.27411304410272,3.32573525621186,48.4074922943175
"r_new[14,3]",0.008684317885,0.0086193974,0.00104545480269196,0.00118540556526,0.00725931084,0.01060672095,1.29284215600607,2.92551917430956,32.9939668174962
"r_new[15,3]",0.008587590558,0.008608296,0.00101783039076773,0.00117730604733,0.006991486315,0.01008182905,1.488008140563,2.08691515779103,30.8992306722159
"r_new[16,3]",0.008558503618,0.0085702912,0.00105567211105603,0.00128702252448,0.007070402115,0.01023318655,1.35392674486483,2.55375587059913,27.3181392444583
"r_new[17,3]",0.008745731099,0.00867379585,0.00101892680950074,0.00106360827027,0.00723009831,0.0105003709,1.5046703187949,2.01164294203017,29.0649393788405
"r_new[18,3]",0.008787814287,0.0088299105,0.00101600399636795,0.00108696618849,0.00717846342,0.01045284945,1.53774979832754,2.0181558683367,41.2444025453687
"r_new[19,3]",0.008674991761,0.0087167015,0.000874383380030572,0.00097471424295,0.00720349851,0.01006252785,1.38155218434898,2.52341122096066,48.4074922943175
"r_new[20,3]",0.008626797401,0.0085909653,0.000993449939340791,0.00102766841541,0.00725331491,0.0101872374,1.37336337166124,2.42500713055867,48.1563015960371
"r_new[21,3]",0.008672814597,0.00863930195,0.000928493804311532,0.00101470708143,0.007359812265,0.0101413041,1.22253916618732,3.69081251966851,92.5821824972986
"r_new[22,3]",0.008530678829,0.00853774795,0.000741962645586413,0.000663902942640001,0.00753455614,0.009832952555,1.15464848165863,5.40327608750973,46.9547890875454
"r_new[23,3]",0.008628287515,0.0085260335,0.000884577079645129,0.00078586747491,0.00711869849,0.0101141461,1.26660177521655,3.15857259114106,40.5548566509965
"r_new[24,3]",0.008608109591,0.0086130492,0.000793579097439749,0.00075558892815,0.00741865567,0.009764035445,1.06984374214868,28.3111410593824,54.856456899439
"r_new[25,3]",0.008539642388,0.00857323675,0.000752479465882399,0.000673633617090002,0.00726121378,0.009802054925,1.03798834365111,19.5452917239395,78.3393298097877
"r_new[26,3]",0.008662029443,0.00876684865,0.000789262279439699,0.000863186621640001,0.007262872225,0.009940077725,1.02821340599109,25.1912279383398,78.3393298097876
"r_new[27,3]",0.008695292786,0.00862746645,0.000894210826343095,0.00102347651217,0.00747716847,0.009907791445,1.02054727247928,42.5161632531249,86.2757747212424
"r_new[28,3]",0.008770713891,0.00891906285,0.00087446646056877,0.00103151012853,0.007490223015,0.0102631256,1.03514429276822,42.7701447343209,58.1996870625698
"r_new[29,3]",0.008715383932,0.00864955,0.000913468184678248,0.00098030364495,0.0072583107,0.0100493596,1.04522698168391,20.9537970968885,44.2325367647058
"r_new[30,3]",0.008732080932,0.0087986153,0.000860521651903479,0.00092859515301,0.007524889255,0.01003957425,0.997699439663388,15.9872481214783,30.6204069389591
"r_new[31,3]",0.008719361723,0.0087388124,0.000945308430408506,0.00087350944653,0.00695946841,0.0102346558,1.08349048247532,14.2753117529879,15.4307380301561
"r_new[32,3]",0.008855594461,0.0088203647,0.000846574313007988,0.000865000730999999,0.007554680675,0.01015722955,1.0439741312876,21.119548088558,38.5717434428037
"r_new[33,3]",0.00876927137,0.0088319888,0.000828731338101095,0.00090916612479,0.007276560375,0.009946936625,1.09547114480964,12.78413936495,31.2859149533904
"r_new[34,3]",0.008820373147,0.0089529408,0.000805910777048353,0.000917601155099999,0.007531564985,0.009977717125,1.06233580095034,32.6760571624995,51.556342412722
"r_new[35,3]",0.009019173351,0.0089339258,0.000764167041597667,0.00086666072409,0.007841746095,0.01034141215,1.06518233260422,29.8517068360968,44.5810103703794
"r_new[36,3]",0.008970753813,0.0089273565,0.000759868945672987,0.0006802569102,0.007804944995,0.010339174,1.01616219242732,43.7179367056096,51.556342412722
"r_new[37,3]",0.009071537579,0.0091174568,0.00081541695651629,0.00095771082246,0.007745559595,0.0102698543,1.01882163735806,50.4291864060591,19.4986072423398
"r_new[38,3]",0.009295639472,0.00921630645,0.00082474520164779,0.000735866048609999,0.0080953729,0.0106776074,1.00962623363632,20.1198244787088,51.5338182396663
"r_new[39,3]",0.009352154856,0.0092861054,0.000970656308423798,0.00107548723212,0.007878710805,0.0110380355,1.01469217091458,27.2127292794781,58.9391161255239
"r_new[40,3]",0.009583767939,0.0093927288,0.00108565741462428,0.00090560202852,0.00799495058,0.01153960335,1.00176682914349,18.7554799920176,50.2287038392957
"r_new[1,4]",0.008332061357,0.00826100725,0.000600723145518746,0.000630657416760001,0.007554978765,0.009405956575,1.24422192351875,4.12983451283065,21.0246288509397
"r_new[2,4]",0.008218895797,0.00818137195,0.000971983993065901,0.00082464858441,0.00685450523,0.009899222365,1.21923906243034,4.42127002515097,34.362847091416
"r_new[3,4]",0.007968695152,0.00798036585,0.000868828038443173,0.000780398682420001,0.006528125305,0.009437867895,1.00978395346061,25.1066535260327,31.7839996054474
"r_new[4,4]",0.007918053127,0.0078419069,0.000827472243286402,0.00077227218117,0.00657809097,0.009254000015,1.00234959320977,29.1612662358039,66.9637815053919
"r_new[5,4]",0.007841144692,0.00784985145,0.000808090613376548,0.000827931283200001,0.00665168054,0.009175101715,1.03647602582095,13.9875834967953,33.6527764533867
"r_new[6,4]",0.007854932678,0.00794715165,0.000795089256884926,0.000710045457660002,0.00648062916,0.00900998667,0.998927676497225,21.7316444314243,54.3553240438646
"r_new[7,4]",0.007937234155,0.0078456728,0.000737924949703365,0.00062017180239,0.007034572495,0.009449072955,1.01246038010604,20.5821909087208,52.4502744151648
"r_new[8,4]",0.007870014966,0.007858971,0.000629926487114451,0.00063770124936,0.006871308785,0.0090121851,0.996851106657761,41.3443213744981,61.3835995991276
"r_new[9,4]",0.008007676402,0.0079576315,0.000869577528842765,0.00092869737828,0.006691852655,0.00933003756,1.03579888838432,31.699858853026,81.5535881620723
"r_new[10,4]",0.00817907933,0.00810493255,0.000743545979019663,0.000873869199420002,0.006992409235,0.00951884553,1.04877015546682,17.319445559918,44.5066124109868
"r_new[11,4]",0.008316379379,0.00823109735,0.000789121769522083,0.000624194689230001,0.007217026235,0.009370276475,0.997824339952004,26.6692739338608,37.3232981986111
"r_new[12,4]",0.008457173397,0.0084720786,0.00071225939819748,0.000615434672999997,0.007196896555,0.00968410753,1.01138898869135,31.1770424117057,65.4003091120768
"r_new[13,4]",0.008508981922,0.00865783285,0.000859750414909385,0.000968419494000001,0.00695422912,0.0096744326,1.0257988602338,16.2546914193296,60.0334542980267
"r_new[14,4]",0.008554798058,0.00862516435,0.000771000569260646,0.000777744606029999,0.00718989916,0.00965055104,0.998333019643404,19.8730973817225,108.127528112428
"r_new[15,4]",0.008487531668,0.0085934126,0.000744999513195327,0.000751716302819999,0.007032364285,0.009497880515,0.996125567985582,46.3376269446988,13.9420012746973
"r_new[16,4]",0.008746950202,0.0087256081,0.000886173549931791,0.000933427168799999,0.007456038515,0.0100654501,1.30492722909519,2.84643551757564,24.3582350718816
"r_new[17,4]",0.008727445168,0.0087146798,0.000779883048479066,0.000613570081110001,0.00751264737,0.009999645035,1.09677543445228,9.16609444865516,22.1406882591093
"r_new[18,4]",0.008697880584,0.00869431525,0.000907034589052974,0.00111946589244,0.007249953485,0.01010308205,1.30151697637888,3.1250514859113,59.8640966872305
"r_new[19,4]",0.008797744877,0.0086604329,0.00102816618357022,0.00103816425972,0.007304936875,0.0104423502,1.14367868367189,8.32786556528451,40.5548566509965
"r_new[20,4]",0.008709026311,0.0085829552,0.00111224507906185,0.00134199673944,0.007083726745,0.01046348215,1.2816984501655,2.87324753890237,17.566753663923
"r_new[21,4]",0.008578712051,0.00879712035,0.00109933917461796,0.00134613519495,0.00698702404,0.0101687221,1.22271327060821,3.7951525147952,14.0201890722641
"r_new[22,4]",0.008702807261,0.0086997276,0.00107223276132524,0.00102804633015,0.006717153905,0.0103541932,1.29428382297653,2.89096295087548,19.6518809657495
"r_new[23,4]",0.008904926324,0.0090299399,0.00122834648388756,0.00126780884391,0.00682354618,0.01065790875,1.33038415981501,2.84860906024181,31.6824001034527
"r_new[24,4]",0.00876224372,0.00884103675,0.00108401073435111,0.0012354720777,0.00711063993,0.0104308573,1.49541550507636,2.03864598945411,14.8091732250148
"r_new[25,4]",0.008752053387,0.0088004304,0.0009727328256526,0.00112701714489,0.007208356585,0.0101772503,1.07839721865209,10.5481946144646,23.3177881412391
"r_new[26,4]",0.008724080927,0.0086978793,0.00095670558446272,0.000881922237839999,0.007169879385,0.01035742305,1.10719266751,9.42911393426106,16.5328294756731
"r_new[27,4]",0.008909970136,0.00900083195,0.00095178330203835,0.00090011670504,0.007413483385,0.01049024185,1.10784536507847,7.554698217618,52.4502744151648
"r_new[28,4]",0.008951143844,0.00890903635,0.000856318548038161,0.000806176574489999,0.007683230395,0.01055773645,1.11554865675593,9.42113811751114,73.5691550057054
"r_new[29,4]",0.008934481378,0.00897294835,0.000802946362637443,0.00081709881456,0.00759574564,0.01010574325,1.09229900616943,13.2340298574116,19.7762459034919
"r_new[30,4]",0.00867849465,0.0087131484,0.00079712187971534,0.00080784435123,0.007354976595,0.009831149975,0.993583674419773,20.2238301134916,40.049715957066
"r_new[31,4]",0.008679621887,0.0088426805,0.000850869084026829,0.00088342678032,0.00726544735,0.00972499908,1.07382697354892,38.6431907163482,51.7769565035141
"r_new[32,4]",0.008549407814,0.0085467223,0.000825463187804985,0.000906664385550001,0.00709444082,0.009779281835,0.992207335574216,40.7112840636819,74.7352313149317
"r_new[33,4]",0.008504767491,0.00851208425,0.000761050784732235,0.000717355194570001,0.00734383114,0.00958390253,0.998537818248697,19.493049740583,34.3628470914159
"r_new[34,4]",0.008502103241,0.00841277935,0.000761100423082201,0.00067130400771,0.007515829795,0.009684223385,1.06161542569615,40.1272456499671,52.4502744151649
"r_new[35,4]",0.008568895526,0.00845043765,0.000848332212341401,0.00100248949374,0.007223990715,0.00996208231,1.03972680024512,23.7835348168188,40.5548566509965
"r_new[36,4]",0.008235708473,0.0081618169,0.000880108793387309,0.00079142937468,0.006780704785,0.00976515118,1.0016731270501,17.1969522906216,13.7578616352201
"r_new[37,4]",0.008396078445,0.00837064095,0.000856033193389009,0.00102890653467,0.007094978155,0.00963759056,1.04238137623472,17.338974468433,21.0235463719365
"r_new[38,4]",0.008355994894,0.0082085106,0.00101589437947264,0.0011343795141,0.006849965425,0.00998409747,1.00378375404505,16.5061652955808,42.1527132583187
"r_new[39,4]",0.008337465879,0.0082060937,0.000735173100894824,0.000673362375420001,0.00735312652,0.00954900649,1.03774899768254,19.4968597596756,43.9114926796898
"r_new[40,4]",0.008412596412,0.00840121775,0.000934761291073232,0.00097219478664,0.00702524906,0.00988349764,1.01247651526443,14.6984104056801,34.362847091416
"r_new[1,5]",0.006806695462,0.00682789785,0.000468849963992981,0.00049259125545,0.00612423897,0.007663158645,1.01334030786361,18.9433098282289,34.362847091416
"r_new[2,5]",0.006807876931,0.0068433468,0.000768978571022716,0.000726559842540001,0.0056834859,0.00796727504,1.08931279557684,30.5409033973548,18.6269292176689
"r_new[3,5]",0.006913805034,0.00693607525,0.000743024080882208,0.000638242694879999,0.005507699025,0.008073627,1.06091820446431,10.3734973021271,25.1472912774823
"r_new[4,5]",0.007012200295,0.0069091956,0.000769214414526645,0.00079151395701,0.005743742765,0.00821247252,1.0745707385627,30.6633352466677,78.3393298097876
"r_new[5,5]",0.007065915327,0.00686938295,0.00103829234432863,0.00099556315719,0.0057430149,0.00896027761,1.11814991583439,18.1334753123734,30.6204069389592
"r_new[6,5]",0.007067048726,0.00707974595,0.000871970174063523,0.00103730842887,0.00586474589,0.00849320676,1.12023520212924,8.29542187679908,48.4074922943175
"r_new[7,5]",0.007024024922,0.0069755213,0.000758578873546334,0.00064040106396,0.00588366943,0.008379502725,1.05653168306628,17.9588569686903,43.7970546868536
"r_new[8,5]",0.00710102566,0.00710010335,0.000731564008693885,0.00073215576798,0.00604213739,0.0083701067,1.09670824728236,15.4626082332858,21.0246288509397
"r_new[9,5]",0.006915939156,0.00700859095,0.000725062455859807,0.00070050781773,0.005709850905,0.00821032627,1.03730326314031,31.7304416628052,47.1377098498653
"r_new[10,5]",0.006893298354,0.00679780215,0.000664494206012256,0.00061560709938,0.006049709945,0.00802289929,0.992958037436362,59.7360987771552,51.5308124388011
"r_new[11,5]",0.007398682746,0.00717197365,0.000981142036632438,0.00075024037452,0.00619421043,0.0094186053,1.12687248186099,6.67661747651484,46.6027543178878
"r_new[12,5]",0.007226602082,0.00719871645,0.000874200763725368,0.00096142747827,0.00587969299,0.008687555945,1.02686718723096,36.9302364658027,37.7085513759773
"r_new[13,5]",0.007621035993,0.0075260553,0.000918889665692996,0.00088413709398,0.006301593075,0.0093435789,1.17293365354825,4.14705978804147,21.0246288509397
"r_new[14,5]",0.007443425931,0.00727365975,0.000886999950295573,0.00072888537477,0.00640634947,0.009567177635,1.09816602195388,13.3486360588519,37.4824062174897
"r_new[15,5]",0.007694373289,0.00769602765,0.000794058580444959,0.0007124374845,0.006478050905,0.009064226795,1.08978819543144,13.4263725237419,27.0813989476941
"r_new[16,5]",0.007684429897,0.0077027544,0.000731583236901436,0.00079049793123,0.006468872275,0.008995287665,1.05894548083688,28.7030344492799,18.0486798679868
"r_new[17,5]",0.008170462089,0.0080230903,0.000862062939623862,0.00082328429589,0.006965306475,0.009628593665,1.23188267705078,14.7825361924726,19.7294250281848
"r_new[18,5]",0.008057189281,0.00792663525,0.000919441973954728,0.00107643461352,0.00679740986,0.00986798046,0.990074880494428,36.3748234251869,45.7499253062444
"r_new[19,5]",0.008297489212,0.00837486075,0.00100426590331719,0.00103554502443,0.00656388295,0.01016267135,1.04053412155446,10.7380991245483,39.0537826378039
"r_new[20,5]",0.008581941286,0.0085678616,0.000888225302021936,0.00099323651301,0.00719479584,0.0100079695,0.998600653051151,25.0034646823088,58.9391161255239
"r_new[21,5]",0.008773574961,0.008680327,0.00075797193415259,0.00071198514324,0.00748371765,0.00997790995,1.00004178152617,16.367279875308,71.2874531148375
"r_new[22,5]",0.008582085357,0.0084984337,0.00102660552701985,0.00102094074726,0.007154573585,0.01033521455,1.08676012611732,15.1396005644134,21.0246288509397
"r_new[23,5]",0.00885105059,0.0087950227,0.000879103488439146,0.000948538569299998,0.007624148515,0.0106404022,1.04241522494165,20.0987156173944,44.5810103703794
"r_new[24,5]",0.00875153217,0.00871999745,0.00103372094708193,0.00099561979251,0.007375405655,0.0105877571,1.10493748477217,8.62744024400696,48.4074922943175
"r_new[25,5]",0.008930298583,0.00895032835,0.000879837865979363,0.000777527479260001,0.007328606595,0.01023930395,1.01350547293785,30.10590346319,42.1527132583187
"r_new[26,5]",0.008953004246,0.0088515407,0.000927620955356454,0.000882263235840001,0.007606908675,0.0105551588,1.01342798841071,21.5060331430312,44.5810103703794
"r_new[27,5]",0.008865625591,0.00887081585,0.000840881439608137,0.00085332948141,0.007460149685,0.0102054901,1.0342188586941,25.1775469257355,33.9768826539676
"r_new[28,5]",0.008652179233,0.008693979,0.000787525810348336,0.00083518305045,0.00752540057,0.009817225525,1.12565413690968,8.16869577047286,56.8419098881722
"r_new[29,5]",0.008888033379,0.00879141745,0.000761656172898772,0.000753637604159999,0.00781159254,0.01016126165,1.00416158389994,53.2035918564897,76.6284020089591
"r_new[30,5]",0.008712357836,0.00861288835,0.000904914641679224,0.000875023107000001,0.00722269513,0.01041155205,1.04047853775107,16.5671717389641,52.4502744151648
"r_new[31,5]",0.008821517001,0.00880849915,0.000895443147231989,0.000922054885499999,0.007517728705,0.01035796615,0.998721696279004,21.1883275876889,61.3835995991276
"r_new[32,5]",0.00868158134,0.00866931835,0.00095280579088995,0.00093329899803,0.00716528388,0.01031189445,1.09190674363023,14.3332695940624,46.6027543178878
"r_new[33,5]",0.008737091958,0.0086867253,0.000846613730480586,0.000733645039680001,0.00759664329,0.0102243947,1.01422894600119,26.8497947687173,19.9180514454814
"r_new[34,5]",0.008371063153,0.00837710175,0.000728951655695552,0.00071401749132,0.00725604513,0.009494696405,0.996608779178871,24.3757628749189,62.330970935018
"r_new[35,5]",0.008129428173,0.0081891992,0.000710411807456948,0.000720873256109999,0.006769321205,0.009099012735,1.0051629983328,29.9938330265355,58.1996870625698
"r_new[36,5]",0.008158389227,0.0081065973,0.000803779295514773,0.000679222574309999,0.00679203261,0.0095697089,1.04874032160959,62.0324874755838,73.5691550057053
"r_new[37,5]",0.008081031855,0.00809680145,0.000670263614452222,0.00065431726647,0.006809000635,0.009109172485,1.03287227048391,60.6784423054873,76.6284020089591
"r_new[38,5]",0.008182525076,0.0081832205,0.00072737622332285,0.000726030331950001,0.00725172053,0.009565663595,1.02414820942486,46.632783349179,44.913062299062
"r_new[39,5]",0.008075363457,0.00804226185,0.000834864928388451,0.000953063761019999,0.00685701632,0.009356832405,0.99278675553206,42.1209140536623,61.3835995991276
"r_new[40,5]",0.00811122459,0.00806708165,0.000792861985433691,0.0008335266156,0.00688747143,0.00948811106,0.990158434964635,40.7378779760254,43.6009559160014
"r_new[1,6]",0.008884221748,0.00888333745,0.000633742263791162,0.00059182137693,0.007660235785,0.009772295415,1.06387396557506,12.0033610209189,23.5468245425188
"r_new[2,6]",0.009433240546,0.00939878495,0.00131772896815097,0.0010151755089,0.007301888355,0.01220462185,1.04368717238072,19.3170048844416,25.9952465834819
"r_new[3,6]",0.009110604766,0.00931072495,0.00137288595006014,0.00121779711354,0.006703868715,0.0112594667,1.10581477690936,14.6925307308751,21.0246288509397
"r_new[4,6]",0.008833361019,0.0087495792,0.00121572999018677,0.00136126564686,0.006825149435,0.0106962072,1.0769511921325,11.6983459639907,31.6063780380824
"r_new[5,6]",0.008726418113,0.00892265865,0.00103679630994239,0.00099463942326,0.00685927467,0.01008085485,1.17157424717916,5.24993420212688,40.5548566509965
"r_new[6,6]",0.009034953021,0.00882763755,0.00119384283566726,0.00093100793625,0.00751312532,0.01166960345,1.15615054224308,9.92016024672255,40.5548566509965
"r_new[7,6]",0.00900549331,0.0090105349,0.00117173458631466,0.000953953988190002,0.006928230205,0.0113139342,1.29535598619896,2.98488949421491,15.233286908078
"r_new[8,6]",0.008902259309,0.0088236915,0.00131311584505831,0.0010384968069,0.006863659805,0.01162122755,1.0016330429975,16.6193279967576,22.2747522502045
"r_new[9,6]",0.008847322452,0.00873877695,0.00121831942848653,0.00117928946961,0.00699976942,0.0111169819,1.14737489062817,21.6575349901763,13.2663338351076
"r_new[10,6]",0.008807457251,0.00854815985,0.00140741975727629,0.0011575799802,0.006734634875,0.01159633175,1.0895424830337,17.217967120079,14.0675241157556
"r_new[11,6]",0.00871673044,0.00869250415,0.0010714607273771,0.000985998089160003,0.00703321965,0.0106668909,1.11451607565809,18.6568109181073,27.9335978474027
"r_new[12,6]",0.008919689008,0.008835427,0.0017778468146973,0.00191347951305,0.00606100165,0.0114865602,1.11432685883976,10.1215147905999,40.5548566509965
"r_new[13,6]",0.008651279328,0.0088128881,0.00122746335694091,0.00109518283182,0.006162863845,0.01056723215,1.10611437461975,16.7709984594941,19.9339332498006
"r_new[14,6]",0.008398420767,0.0083850789,0.0012463727209053,0.00151072254984,0.006576593915,0.0104380605,1.19107715430142,4.41677881873702,50.7015438102728
"r_new[15,6]",0.009176332621,0.0091476687,0.00124642102254672,0.0011449838106,0.00725836016,0.0114365335,1.06731500362622,15.3560936903511,30.6204069389592
"r_new[16,6]",0.008723606481,0.00870959575,0.00130165223203245,0.00120333650031,0.006421494185,0.01092898655,1.25713260362743,3.72048276341199,17.0981924767953
"r_new[17,6]",0.007811954792,0.0078483248,0.00115874482486776,0.00112257408921,0.0062254916,0.00987992137,1.14620725475989,6.14542353307285,31.7839996054474
"r_new[18,6]",0.00795774891,0.0078779652,0.00114077813821618,0.00123698225406,0.00639961372,0.0099756936,1.39460691873602,2.51602842209463,49.8568790552336
"r_new[19,6]",0.008287042283,0.00836656715,0.00102011973048908,0.00107945845035,0.006669525205,0.00993346516,1.04211381974557,31.955469769477,48.4591795368058
"r_new[20,6]",0.008032554285,0.00796327595,0.0010815505479185,0.00117278374668,0.00622700587,0.009852890145,1.22691474799916,3.43977316366935,28.1855413924808
"r_new[21,6]",0.008100718648,0.00795846275,0.00119660063100054,0.00103289680431,0.00622461487,0.01025928785,1.00697833109712,20.8263796093395,31.7007288654679
"r_new[22,6]",0.008832953242,0.00892280595,0.00112711630176145,0.00113309447055,0.00686463682,0.010497324,1.07919833997221,20.7277876898286,24.1746097527282
"r_new[23,6]",0.008162261805,0.00808358755,0.000951939842986786,0.00093792574785,0.00669394134,0.009523215795,1.29089249585253,3.45184623543343,56.8419098881722
"r_new[24,6]",0.00822427548,0.0081670811,0.00146036356392695,0.00152268105318,0.005989790495,0.0105188135,1.13805818488357,6.97527432477161,13.0721046622061
"r_new[25,6]",0.008153349928,0.00800521005,0.00125280204302128,0.00119833598703,0.006469285575,0.0103372425,1.02306281258535,18.6892617136821,44.5810103703794
"r_new[26,6]",0.008208752745,0.00825438745,0.00105955015611504,0.0011985012228,0.006551522105,0.00975762046,1.01706125399425,18.6731661703665,21.5305118110236
"r_new[27,6]",0.008163314783,0.00799052955,0.000937306499156664,0.00094822359093,0.006871906715,0.00991486565,1.09119936070865,19.7748317263421,42.4389398926035
"r_new[28,6]",0.008116224658,0.00793810045,0.00105726117390516,0.000928839411359998,0.00671684158,0.01017525,1.05364866994169,26.782176486355,40.5548566509965
"r_new[29,6]",0.00769985997,0.00774863155,0.0012140597824399,0.00119649422718,0.005773153265,0.00975378664,1.10842629566827,7.59054028366226,21.0246288509397
"r_new[30,6]",0.008190610621,0.0081677339,0.00131994464009539,0.00123134088693,0.006022313165,0.0105186777,1.1251324966864,13.9498056811724,21.0246288509397
"r_new[31,6]",0.008100070212,0.00806365595,0.0010445395211008,0.000860810458620003,0.006579822145,0.00963455312,1.01794573271528,36.1105922655268,75.8429085384729
"r_new[32,6]",0.008324675749,0.0081305125,0.00121583890037423,0.00120047493405,0.00655489588,0.0106646667,1.0096967461968,23.8226574144441,66.9637815053919
"r_new[33,6]",0.008098827716,0.0080457575,0.00108561426508424,0.00109209509493,0.00659252995,0.010222371,1.03858873507572,15.4853369533885,54.3553240438646
"r_new[34,6]",0.008039685875,0.00809554005,0.00110385966285729,0.00130100870571,0.00647660054,0.009789398745,1.01507946701586,17.8017235103392,26.0107015457787
"r_new[35,6]",0.008335009765,0.0082972729,0.00105384952997272,0.00107929217676,0.006767712265,0.01049294705,1.05380920765364,16.6998596369565,21.0246288509397
"r_new[36,6]",0.008388631651,0.00820345355,0.00118472734979193,0.00118718053398,0.006785045175,0.0107445428,0.993587459613423,17.9877811018519,54.856456899439
"r_new[37,6]",0.008384976285,0.00835595175,0.00114108309507109,0.00109840778334,0.00663460482,0.0102225916,0.998388328004276,22.3199177346983,51.3376003546615
"r_new[38,6]",0.007696522357,0.00750320435,0.0013660479604732,0.00096274639923,0.00531342959,0.009724058155,1.42072769825508,2.43906901100561,30.6204069389592
"r_new[39,6]",0.008128441022,0.00832578525,0.00120777431426952,0.000981056212709998,0.00608388796,0.00989503004,1.08211051049415,33.6285405546173,52.4502744151648
"r_new[40,6]",0.007789165276,0.0081355864,0.00156566150126613,0.00152590429971,0.004893696895,0.0101264222,1.1433011607386,7.14218293715445,21.0246288509397
"r_new[1,7]",0.009328832114,0.00935771105,0.000776976230013657,0.00089505925992,0.0081109289,0.01066492345,1.05118227359413,13.227011769786,22.5602681449015
"r_new[2,7]",0.009623382066,0.0094498948,0.00128609142840221,0.00104807773875,0.007659117,0.01204034265,1.19533300768022,4.42418358620301,21.0246288509397
"r_new[3,7]",0.009365312236,0.00928066005,0.00104276544964687,0.0012238203243,0.007901235545,0.01103099085,0.991483087613407,55.8724390216536,58.9391161255239
"r_new[4,7]",0.009738219023,0.00964845365,0.00121842153627115,0.00121245901224,0.008053127195,0.0115171947,1.01799240702922,21.992027425624,58.9391161255238
"r_new[5,7]",0.009231268824,0.009143634,0.00102151264869047,0.00101749014402,0.007734191395,0.01112735915,0.994704035837787,16.6722100570107,51.556342412722
"r_new[6,7]",0.009469032919,0.0093556428,0.00122788473396044,0.00116904544491,0.007721617515,0.01175810775,1.14416367078163,5.15546441614434,46.8971325753225
"r_new[7,7]",0.009026354336,0.0089760238,0.000979734483022247,0.000973429792439999,0.007404370435,0.0104236403,0.998098894200835,24.3768247564726,50.8758214643442
"r_new[8,7]",0.009401075412,0.00936117205,0.00130207656343845,0.00118158764787,0.00760874001,0.011918538,1.05857623206004,17.74117393498,24.7000705716301
"r_new[9,7]",0.008970433188,0.0087940138,0.00113883606393799,0.00095995281018,0.00742006604,0.0108538647,1.14908962502171,5.45740649045479,108.127528112428
"r_new[10,7]",0.009091609025,0.0090063953,0.00105952177171935,0.00116291593173,0.007524259525,0.0108732807,1.00197975476476,21.2771326136226,56.8419098881722
"r_new[11,7]",0.008529554913,0.00861430485,0.00122316470383466,0.00130585873509,0.00646608628,0.01055209415,1.15388640803828,7.18916431363432,40.5548566509965
"r_new[12,7]",0.008555672482,0.0086431855,0.000908075471208494,0.00086634678354,0.00707041086,0.01003687905,1.13714171562248,6.73823289413924,29.7944789006445
"r_new[13,7]",0.008960345628,0.00891940195,0.00113594844100525,0.00102602984589,0.00700496369,0.01071445235,1.12015158482682,17.4043540604067,47.7346760337951
"r_new[14,7]",0.008840206779,0.00862167525,0.00098339520985619,0.000975760810290001,0.00745171778,0.0104645619,1.11239063997987,19.5117335818119,73.5691550057054
"r_new[15,7]",0.009007892369,0.00881773835,0.000955905942105059,0.00110811117795,0.007781960885,0.0106312575,1.12057889129086,13.1248961180013,48.4074922943175
"r_new[16,7]",0.008489585413,0.0085546248,0.00101973788822798,0.00094735011714,0.0068853133,0.009924975595,1.09229066539251,13.0866115430526,23.5595045772751
"r_new[17,7]",0.008699110397,0.0086709241,0.00123182877421553,0.00103836329877,0.00678760912,0.01058802115,1.06355087196733,21.3755849923598,30.6204069389592
"r_new[18,7]",0.00874364071,0.0088005339,0.00118618665515527,0.00114664839975,0.00671493356,0.0104891117,1.23246265288236,4.21283096235708,32.9939668174962
"r_new[19,7]",0.008967564218,0.00896359195,0.000985725069949109,0.00095054059821,0.00718573083,0.01063164425,1.00845171610053,36.9214036321927,21.0246288509397
"r_new[20,7]",0.009086674827,0.00916799375,0.00104554621991444,0.00079063373739,0.006998955435,0.0105895061,1.03445223862302,16.194788336416,51.5338182396663
"r_new[21,7]",0.008928658851,0.0090230098,0.000866371060064345,0.000983197087110002,0.007524355485,0.01007432,1.02122740146168,22.4471124591121,21.0246288509397
"r_new[22,7]",0.008829248931,0.00864685615,0.00122569467514098,0.00095307955071,0.007181543785,0.0109116554,1.13091088684054,10.3031934875049,21.0246288509397
"r_new[23,7]",0.009221897186,0.0089994485,0.00142602596856935,0.0010027238928,0.007387585785,0.01144541645,1.03699026228583,31.5042634980941,30.6204069389592
"r_new[24,7]",0.009112972783,0.0091719572,0.00133681905532942,0.00110499037908,0.006322675585,0.01127420695,1.12243763312417,15.4506730487781,25.9952465834819
"r_new[25,7]",0.009162030184,0.00912935015,0.00103488323610935,0.00094092608547,0.007408928125,0.0107809778,1.01709370949331,19.9235144824503,51.5338182396663
"r_new[26,7]",0.009135706832,0.009040631,0.0011872630511059,0.00104325602703,0.00732367284,0.0112630676,1.0056541299053,25.5165816345112,34.3628470914159
"r_new[27,7]",0.008862301622,0.00871301295,0.0010839975217422,0.00109993864197,0.007180610115,0.0107217784,1.11272641015339,7.79332614712352,60.0313633245123
"r_new[28,7]",0.008753234749,0.0086954303,0.00103867865411539,0.000919018372440001,0.007275265375,0.01080322685,1.02373129321774,28.2459290346096,49.8568790552336
"r_new[29,7]",0.008909991149,0.0088460674,0.000876563806739859,0.000830336134530001,0.00761662105,0.0103378606,1.07050954993118,15.2987380465607,54.8564568994389
"r_new[30,7]",0.008969426453,0.0091061028,0.00107182372740974,0.000966926515800001,0.006854759755,0.0104756482,1.02841873837677,37.8918771051243,31.7839996054474
"r_new[31,7]",0.009462696391,0.0091894667,0.0011795297841804,0.000786258436529999,0.007854079855,0.01201729225,1.00632051196705,16.595549291477,21.5942744323791
"r_new[32,7]",0.008868832784,0.00880352765,0.0011140565446952,0.00125706622083,0.006910538045,0.0105099584,1.1836649338913,4.51685107185043,42.7977500611395
"r_new[33,7]",0.008907751134,0.00898069865,0.00111885707984897,0.000894721375380001,0.00704570219,0.01065823085,1.14404147964739,6.01561562864714,31.6824001034527
"r_new[34,7]",0.009151072987,0.00914827605,0.00102237005131994,0.00112109571462,0.007568728265,0.01076480335,1.00243350599544,36.4109704028511,52.4502744151648
"r_new[35,7]",0.008669959981,0.0084801747,0.00109245897586649,0.00118990570104,0.007178567845,0.01062231245,1.14843443729205,5.48334370271257,37.5549801362088
"r_new[36,7]",0.00918827879,0.00925693705,0.000975200836639588,0.00098837981193,0.00764702514,0.0106563156,1.02680538628042,29.5961489890876,44.2325367647059
"r_new[37,7]",0.009111302474,0.00914119565,0.00105488345136826,0.00110965315608,0.007444498985,0.01116018795,1.05769529650411,33.9329040403397,40.5548566509965
"r_new[38,7]",0.009256687209,0.00925818745,0.00109558604732178,0.00146456424513,0.00761518767,0.01091552905,0.991872780153906,48.7897108418434,23.8062848592027
"r_new[39,7]",0.009335453504,0.0090956518,0.00131989265880833,0.000866594526,0.007449284025,0.0119961659,1.05218049743968,18.8845485525549,31.6824001034527
"r_new[40,7]",0.008821444394,0.00881078215,0.00127260025938703,0.00126168800394,0.006718570885,0.01079359355,1.01078421671765,28.2633373974937,76.8221378450804
"r_new[1,8]",0.008865727051,0.0090361833,0.000735557164382691,0.00068905265709,0.007704386455,0.009813041495,1.4051305667652,2.54466041612197,21.5942744323791
"r_new[2,8]",0.009012621096,0.00904647285,0.00097547410764901,0.000900122709569999,0.007448650225,0.01058440965,1.13100615354459,7.70377551342801,66.9637815053919
"r_new[3,8]",0.008980529343,0.00895176555,0.00107197197095188,0.00106341649596,0.00739613284,0.01075814925,1.15246315425062,5.53231930993797,58.1996870625698
"r_new[4,8]",0.008815122563,0.00868338455,0.000984494988520311,0.000982819913669999,0.007455030055,0.01061410265,1.16389757573679,4.51051161192919,49.8568790552336
"r_new[5,8]",0.008971969713,0.0089253236,0.000983618734482794,0.00106318988055,0.00733143206,0.0106376497,1.11175700816285,7.09447196900573,60.0313633245123
"r_new[6,8]",0.008912948961,0.0089144101,0.000891185935792942,0.000977114868870001,0.00737902848,0.01030637025,1.07193805042283,13.2579421089583,34.0997661730316
"r_new[7,8]",0.009035463216,0.00902243945,0.0007503459136493,0.000574716472470001,0.007740023125,0.010434717,1.02810249170485,19.5723458197338,78.3393298097876
"r_new[8,8]",0.008883193113,0.00888075805,0.000901580864827337,0.000720383775720001,0.00731377086,0.01045583525,1.0235974550921,54.1798617366402,49.8568790552336
"r_new[9,8]",0.008991938512,0.0088919547,0.000911137696547743,0.00094235931489,0.00772402457,0.01054652265,1.00096766809935,17.4625723200878,33.9768826539676
"r_new[10,8]",0.009117761436,0.0092329432,0.000832637900748529,0.0008651608518,0.007826594485,0.0103182679,1.01218436854268,20.4444063510889,42.434529582929
"r_new[11,8]",0.009115009321,0.0091797868,0.000940392863972082,0.00101325872949,0.00748395725,0.01044191855,1.01042787124587,41.2173821211223,77.3212964411783
"r_new[12,8]",0.008717295785,0.00859161445,0.000906438484460129,0.0008521881018,0.0073877913,0.010167607,1.03628603481614,31.1811102758268,30.840886203424
"r_new[13,8]",0.008744655954,0.00863000375,0.00082144326933657,0.000911012406569999,0.00752882183,0.01007410755,1.00095570821732,33.73945543957,49.3919814053717
"r_new[14,8]",0.008974926115,0.009021217,0.000856202747368442,0.000824471043059999,0.007344788795,0.0104039704,1.00197225382882,22.9868076535967,30.3331065214388
"r_new[15,8]",0.008922926733,0.0091127721,0.00096227186183097,0.00097116512094,0.007335196195,0.01033210415,1.01487753277683,23.0340710959396,46.3751656255915
"r_new[16,8]",0.009111590113,0.00911911425,0.000912331118945431,0.00100612230852,0.0077874099,0.01065391325,0.997084013660839,20.0008796529147,31.7007288654679
"r_new[17,8]",0.009108358163,0.0090584931,0.000844057186324429,0.00095167330461,0.00796912839,0.0106904914,1.04099138246012,26.7968429826454,76.6284020089591
"r_new[18,8]",0.009016119201,0.00914388285,0.00100640551870369,0.00100982791896,0.00739829872,0.0105540694,1.01154725120921,36.2201412820906,59.4639916395373
"r_new[19,8]",0.009233340962,0.0091295795,0.000835469041143597,0.000755145704880001,0.007858908,0.0106105387,1.01383806194573,50.7759613404846,84.7964256497388
"r_new[20,8]",0.008792999873,0.00872100185,0.000860256749561454,0.00082496319213,0.00756335335,0.010235439,1.02267162988029,38.5667683473558,43.6009559160014
"r_new[21,8]",0.00889499753,0.008953223,0.000968043913683655,0.000888418620389999,0.007394225815,0.01045276875,1.03959977127174,15.8649371015329,52.4502744151649
"r_new[22,8]",0.008671596191,0.00871228835,0.000977779522723867,0.000900029083380001,0.0069616942,0.0102245411,1.04983690343316,20.6566162360854,13.0721046622061
"r_new[23,8]",0.008726826612,0.008626696,0.00093580715284471,0.00102784588263,0.007223181035,0.01020266215,0.996461095996852,46.9715850148271,78.3393298097877
"r_new[24,8]",0.008745746745,0.00861202895,0.00082520800409187,0.000887481839579999,0.00763138652,0.0101133864,1.00329843317269,60.2072368994028,78.3393298097877
"r_new[25,8]",0.008927892003,0.0088920116,0.000768184862690166,0.000820745714039998,0.00780863124,0.0103830659,1.03098665729871,73.2856656972556,92.5821824972986
"r_new[26,8]",0.008831320164,0.0086592777,0.000887602896892485,0.000674183513430001,0.00741187478,0.0101979397,0.999880820204,31.5547977088787,20.8482249225638
"r_new[27,8]",0.008854693401,0.0088125056,0.000818491797874645,0.000807070804679999,0.00747656511,0.0102332744,0.995123607384009,31.6767633887857,54.8564568994389
"r_new[28,8]",0.008647690729,0.00864340225,0.000872392303425716,0.000938056216650002,0.00738204584,0.01003938585,1.02635652912889,28.2376693849803,54.856456899439
"r_new[29,8]",0.00879087281,0.00871359545,0.000787355667479388,0.000913835128709999,0.00758599077,0.009990736765,1.03765462446992,41.9316611266952,36.6043148269886
"r_new[30,8]",0.008624215699,0.00838311925,0.0010872642884537,0.000839214091590002,0.00749114489,0.01057769935,1.00975206823985,36.8012564270778,21.0246288509397
"r_new[31,8]",0.008661285901,0.00857335125,0.000851603425252694,0.00075001857756,0.007488781215,0.0102614524,1.0249845069105,32.6416036841859,76.6284020089591
"r_new[32,8]",0.00850252796,0.0084648638,0.000840218876952765,0.00073666324263,0.00715371984,0.009907135015,1.00322890943519,25.7548068336643,35.2200525597951
"r_new[33,8]",0.008513048957,0.00852854075,0.000886997228576928,0.00101620094919,0.00718844024,0.00994722062,1.03867281240788,25.674566244134,32.8693155044046
"r_new[34,8]",0.008456479883,0.00836451855,0.00076768368841675,0.00074576722206,0.007334549485,0.009774912075,1.01294047626614,32.5828216368727,58.1996870625698
"r_new[35,8]",0.008756414706,0.00882724315,0.00087801713786101,0.000850103862719999,0.00722032642,0.0100263296,1.00147668749621,39.992700415502,51.5338182396663
"r_new[36,8]",0.008502419795,0.00843732755,0.000696942984594636,0.000604189522650001,0.00721246596,0.009651029685,0.991027088438173,29.6369974244311,40.0013061650992
"r_new[37,8]",0.008377670247,0.00840752605,0.000885788563624255,0.000759900254819999,0.006889864845,0.00956183128,1.00198947191982,24.319368891179,48.4074922943175
"r_new[38,8]",0.008586526815,0.00839940615,0.00104879402500757,0.00093200713452,0.006996171645,0.01053904725,1.05615023853594,21.1684110298598,31.7839996054474
"r_new[39,8]",0.008596687807,0.0085336766,0.000981145568307915,0.00096038461743,0.007177133075,0.0101009129,1.0347810316707,25.4867380980013,53.3800336154148
"r_new[40,8]",0.008789686299,0.00862931515,0.00113480262095382,0.00127348838799,0.007270107285,0.01065602295,1.01785028977922,15.4557657082945,58.1996870625698
"r_new[1,9]",0.008898719823,0.0087298795,0.000699253901796831,0.00069763557675,0.007989749295,0.0101880292,1.31868614083711,3.15494522492766,25.4028160836116
"r_new[2,9]",0.008378318541,0.0082180498,0.00103607811595706,0.00092053974243,0.0070504722,0.01032423115,1.13316946415258,10.1207980033853,26.7338832875037
"r_new[3,9]",0.008476169948,0.00823175925,0.00113192726652356,0.000934036739789999,0.006945856485,0.0106640442,1.18234950718731,5.50665658479696,13.660135820779
"r_new[4,9]",0.008310179425,0.00803439135,0.00125770469998427,0.000996409128749999,0.0066578852,0.01094548445,1.23475333068356,4.11661574596133,13.6975579211021
"r_new[5,9]",0.008389140173,0.00822703745,0.00118396216847969,0.00112109660418,0.006835984425,0.01085833765,1.19183231153822,4.14830522227823,19.4682389587274
"r_new[6,9]",0.008227138596,0.0081740143,0.00119555410362205,0.000997933389810001,0.006504899715,0.01026734375,1.10956677361254,7.90436405909554,13.389441469013
"r_new[7,9]",0.008079729177,0.00804494195,0.00106236335030053,0.00124701960432,0.00658360543,0.0100066184,1.15891891543545,7.1401720660597,13.389441469013
"r_new[8,9]",0.008118369099,0.00802075025,0.00116697670933254,0.00126327868548,0.006529489045,0.01009652735,1.03451281175033,9.63388732429748,62.3309709350181
"r_new[9,9]",0.008166428328,0.00819954555,0.00107197765301464,0.0012399176538,0.006528064565,0.00993160214,1.09990345295862,7.9721228842433,16.9820475497332
"r_new[10,9]",0.007983988464,0.0078322137,0.00120342426367339,0.00107394903462,0.00623672868,0.0101684452,0.99316092213763,11.847678941934,31.4535141569991
"r_new[11,9]",0.008002951476,0.0079358565,0.00113046717085421,0.00102941751276,0.006161834145,0.00994923208,1.00994611649754,13.1909189625802,47.2379069823962
"r_new[12,9]",0.007943778502,0.00786363925,0.00126922731235549,0.00135437496684,0.0061092341,0.0102220766,0.992266778912683,12.2408380692936,49.8568790552336
"r_new[13,9]",0.008099611836,0.00805750265,0.00112785667243546,0.0012141715635,0.00653052179,0.009997289985,1.15888748753006,14.7372921411314,14.9777473467991
"r_new[14,9]",0.008028496841,0.0080460771,0.000976302687350791,0.00118283058558,0.00680059928,0.009640983185,1.00940154384634,14.808896109783,16.5766789807711
"r_new[15,9]",0.008073431018,0.00817794315,0.000876835885445515,0.00104321021469,0.0068210428,0.009437871505,1.0194938426799,15.3176445782878,16.0963944076527
"r_new[16,9]",0.008274462438,0.0082989274,0.00105484930311633,0.00111534448683,0.00674755792,0.0101568209,1.05337231817781,14.7737168968409,15.4976974849451
"r_new[17,9]",0.008336593574,0.00838819505,0.0010619428871931,0.0010150146468,0.006699815605,0.01024974405,1.04220846368142,29.0081899713868,43.1269119030573
"r_new[18,9]",0.008349762234,0.0082313573,0.000936673909924765,0.00107140044522,0.00697700687,0.00989241919,1.11992099052017,8.93659051254065,26.3673346391441
"r_new[19,9]",0.008327550858,0.0082985236,0.000880831842147579,0.00089410483617,0.006974979595,0.009845834685,1.19100592166697,5.1713019622599,22.2986748216106
"r_new[20,9]",0.008323358019,0.0082356772,0.000944976745824791,0.00089479513473,0.006960737225,0.01017699845,1.16087047103089,5.54322740087001,34.6191889218594
"r_new[21,9]",0.008543335107,0.00842003985,0.000978912239578027,0.00103800132198,0.007161320015,0.01021125655,1.2586079283838,3.62427884654476,19.2582810608561
"r_new[22,9]",0.008327201991,0.0082775466,0.000842576029627321,0.000798759942119998,0.007045669035,0.009649848385,1.27809785528047,3.62028658263225,64.2437591776794
"r_new[23,9]",0.008369267839,0.0083258409,0.000797903453533771,0.000772007833589998,0.007269395225,0.00980521392,1.14214454923044,6.31437571739605,48.4074922943175
"r_new[24,9]",0.008589729427,0.0084914937,0.00106063285656913,0.00100535209782,0.00725959934,0.0101356703,1.20499178666491,5.75198202843875,30.6204069389592
"r_new[25,9]",0.008563199921,0.00853269415,0.000828887324597962,0.000816616524779999,0.007413653,0.009890689595,1.14865269399065,7.30467146116244,31.5226062118834
"r_new[26,9]",0.008348782308,0.00828605805,0.000737101908718022,0.00066857150178,0.007228001925,0.00967095852,1.07003403651707,50.7134860664585,76.6284020089591
"r_new[27,9]",0.008440310148,0.00832436295,0.000739746597973398,0.00074569501944,0.007380901295,0.009531015375,1.07843918642655,27.1495023559522,76.6284020089591
"r_new[28,9]",0.008660104576,0.00863275795,0.000920714508890498,0.000851191498079999,0.007304096065,0.0102019942,1.09198514125206,12.3676600304654,73.5691550057054
"r_new[29,9]",0.008612995452,0.00850021185,0.00079760351523585,0.00088883189514,0.007471666355,0.0100034442,1.1157632574245,7.46026813748645,24.6003695075909
"r_new[30,9]",0.008761634522,0.0086271861,0.0010204350707957,0.00095653437936,0.007224617415,0.0106819739,1.34978678269852,2.74487046268902,22.2747522502046
"r_new[31,9]",0.008713438557,0.0085589628,0.00105359116778387,0.00103218612,0.007224333595,0.0107807883,1.0557278474015,17.845412795448,59.8640966872305
"r_new[32,9]",0.008988303157,0.0088915807,0.00108994923203972,0.00119976165519,0.007328892145,0.01073789055,1.03949824068134,15.5744589300319,58.9391161255238
"r_new[33,9]",0.008864841545,0.0087787678,0.000928016162382712,0.000916923532770001,0.00758977819,0.01044333045,1.05648765806301,12.1862606479652,52.4502744151648
"r_new[34,9]",0.00882521293,0.0087840766,0.00102570190558362,0.00115503443013,0.007357295925,0.01061259625,1.03321702541076,13.1243477750143,44.5810103703794
"r_new[35,9]",0.008958058979,0.008837236,0.0010314024235337,0.00099098548143,0.00756804571,0.0107521229,1.028754536497,11.0545165525138,41.1698943845348
"r_new[36,9]",0.008851152217,0.0087059952,0.00090738229488984,0.0009216612552,0.00755924544,0.01051756355,1.0645767419916,15.6550119063728,73.5691550057054
"r_new[37,9]",0.008922619025,0.0088850462,0.00097773983026982,0.0009550123422,0.007353447585,0.0106188826,1.00082537646605,17.7560113004763,71.2874531148375
"r_new[38,9]",0.008905536091,0.0087730137,0.00102274752456846,0.00111271843158,0.007652501585,0.0109383298,1.02656608939684,23.7569447037435,51.7769565035141
"r_new[39,9]",0.008696387834,0.0086525258,0.00108822117381215,0.00102887814288,0.00675230337,0.0104155226,0.992320773141644,28.4612490954576,44.5810103703794
"r_new[40,9]",0.008683748952,0.0087562629,0.000966566889839268,0.00104072137407,0.00696628312,0.01023044815,0.996692196969672,20.7072392970309,44.5810103703794
"r_new[1,10]",0.01030426557,0.010375744,0.000852816076356903,0.0010349533929,0.008926975775,0.0116054629,0.999050140069575,14.6845683512631,44.5810103703794
"r_new[2,10]",0.010107958745,0.0100522035,0.00118215669424981,0.00120745657158,0.00830545592,0.0120347058,1.01645052200296,17.3242655505502,21.5942744323791
"r_new[3,10]",0.010310858925,0.0101864115,0.00122474667183327,0.00137882608017,0.00839445867,0.01246688155,1.04538352273906,21.5339560916452,21.5942744323791
"r_new[4,10]",0.010406378981,0.010337043,0.00142140916351683,0.00142524547074,0.00831663123,0.012990812,1.00207852962765,39.0254255395327,51.556342412722
"r_new[5,10]",0.010486969585,0.010366934,0.00119393160290978,0.0012130625787,0.008803925165,0.0123268268,0.993648039894349,31.0619129228978,61.3540182620535
"r_new[6,10]",0.010195701199,0.0100146355,0.00117684226496314,0.00106745621031,0.008428969645,0.0125642148,1.03235434434089,14.7374896233304,101.770467540265
"r_new[7,10]",0.009990008222,0.00982125905,0.00107547290412271,0.00118165503204,0.008365542735,0.0115870575,1.00126487119129,23.7842078870621,65.771366952567
"r_new[8,10]",0.010257908447,0.010021797,0.00113462559548767,0.00103522797042,0.00872851116,0.0122859735,0.995501481075581,19.021534280621,31.7839996054474
"r_new[9,10]",0.010095737331,0.010106893,0.000970123484047113,0.000990305857590001,0.008731847005,0.0118337223,1.00688340833152,28.3982836503184,76.6284020089591
"r_new[10,10]",0.010109100798,0.0102192485,0.00112976618011106,0.001308854106,0.00837003427,0.01166384615,1.08096735006416,9.05734678960303,30.6204069389592
"r_new[11,10]",0.01010725305,0.010178199,0.000994063495960647,0.0010914345225,0.00847242032,0.01161886095,1.015905317334,24.2779497452683,76.6284020089591
"r_new[12,10]",0.009933859036,0.0100138165,0.000888491640095146,0.00094638183108,0.008433538525,0.0111979322,0.996309149414167,26.5564416821296,36.1211193708869
"r_new[13,10]",0.009549820156,0.00964755045,0.000869701552540867,0.000986947916850001,0.00795680853,0.01075440875,1.00618644871792,23.0072498559751,23.449015141364
"r_new[14,10]",0.009623365052,0.00950467915,0.000956202284141274,0.00084370088397,0.008138889795,0.0109623385,1.00275506814204,21.9461313543903,52.4502744151649
"r_new[15,10]",0.009487497167,0.00954755705,0.0010162317073342,0.00104647089687,0.007762302275,0.01100192185,0.997601199096041,23.8306241590478,49.2481128063367
"r_new[16,10]",0.009414555633,0.0093011536,0.00098604422578614,0.00101194003092,0.00806210186,0.01083005155,1.00355965894424,13.1514594314365,59.8640966872306
"r_new[17,10]",0.009841263121,0.00981976165,0.00106144570728848,0.00109454360883,0.0083874066,0.0117594137,1.00564440669762,30.7876238586202,51.7769565035141
"r_new[18,10]",0.00965107701,0.0095700263,0.0011041458522854,0.00122290215012,0.008073328735,0.0114838625,1.01294375100669,20.4044327887913,30.9196953609506
"r_new[19,10]",0.009282479966,0.0090654135,0.000991934901517785,0.000906812423160001,0.007932322515,0.01123275745,1.13034165264418,26.411565644556,37.7806563039723
"r_new[20,10]",0.008995692429,0.0088822627,0.00130657243667261,0.00126404185383,0.007007852235,0.01142770015,1.03040581573485,12.7560877678919,17.641129032258
"r_new[21,10]",0.009053263332,0.00902310065,0.000828301088004889,0.00067015677183,0.007683692205,0.0106827035,1.01752063435302,35.8827672849571,40.5548566509965
"r_new[22,10]",0.009009257501,0.0090579884,0.0010960388972745,0.0012015353637,0.0071656738,0.01066897765,1.04627926119302,30.0107504157992,76.6284020089592
"r_new[23,10]",0.008986226968,0.0089926155,0.000793420516664399,0.00074788830375,0.00775856688,0.0103194636,1.01444772940384,44.5049711604934,52.4502744151648
"r_new[24,10]",0.009095815808,0.0090911116,0.000939363803390004,0.000798305673479999,0.00760688422,0.0107575537,0.995286525119655,52.1718848763632,31.6824001034527
"r_new[25,10]",0.008896520195,0.00869582595,0.00091143876889852,0.00091554968148,0.007553111925,0.01039369605,1.03613972090605,31.1576714901473,17.9837632309115
"r_new[26,10]",0.009092178984,0.00899951475,0.000801015242447908,0.000812078063789999,0.007810764435,0.01053370305,1.02668910497074,70.3990951664134,41.9739137329527
"r_new[27,10]",0.009154292264,0.00908740195,0.00100588069528595,0.00109102547316,0.00774528286,0.0106515842,1.01374142644494,41.5846405076875,76.6284020089591
"r_new[28,10]",0.009131206756,0.00905142085,0.000986985611793005,0.000711241100430002,0.007876321895,0.0105836955,1.02919160923774,26.8179635262962,30.6204069389591
"r_new[29,10]",0.009089017117,0.0091137916,0.00106272611782754,0.00100869424887,0.007050158535,0.01056149495,1.09584125174449,16.7791935293012,54.1255559531721
"r_new[30,10]",0.008746565121,0.0087855041,0.000843421510282353,0.00080554291125,0.007480962225,0.01007372305,1.04856944777284,28.1035748845961,76.6284020089591
"r_new[31,10]",0.008678293111,0.0087426235,0.000900030374807945,0.00107289157017,0.00716951177,0.009983107795,1.06864147214644,11.8122971475691,41.9739137329527
"r_new[32,10]",0.008830059169,0.00892443605,0.000926753936065852,0.000995609488440001,0.007150285195,0.01026900475,1.09020692987731,16.1939106825926,14.2601043024772
"r_new[33,10]",0.008994221548,0.0090219597,0.00100314579470607,0.00094245924213,0.007504604745,0.0101802949,1.00329698692988,17.668029590008,36.0597391097033
"r_new[34,10]",0.009174788483,0.00924561295,0.00141607732035886,0.0013902688611,0.006627283025,0.0115792619,1.08719914715677,9.0081211143901,30.6204069389592
"r_new[35,10]",0.00900407481,0.00905858885,0.00127960924304988,0.00129722006967,0.007096039995,0.0108691522,1.08904024140629,8.68790928523391,19.8547764919446
"r_new[36,10]",0.008886493949,0.0088755186,0.00130450168273822,0.00116247352389,0.006440228465,0.01073616235,1.07195270578939,9.04724397787851,21.0246288509397
"r_new[37,10]",0.008767287789,0.00878961375,0.00138554158103807,0.00144796490727,0.006167516635,0.0107889181,1.16340615938827,4.77227105180802,17.2396808196236
"r_new[38,10]",0.008864455102,0.00879554775,0.00140250631112577,0.00125262012582,0.006483451865,0.01138970245,1.16145978008598,4.2650440751795,14.4246620507748
"r_new[39,10]",0.008691187793,0.008617547,0.00142942856625863,0.00134236790835,0.006129373155,0.01094985075,1.0699582312359,8.22551454079771,13.4809450967877
"r_new[40,10]",0.008810394881,0.00897616385,0.0015155988990973,0.00148468386843,0.00600592576,0.0107894455,1.11101808903223,6.09353927909772,13.2804284428833
"r_new[1,11]",0.008552095676,0.0085562093,0.000573315686584485,0.000520096821300001,0.007592885185,0.00957474255,1.05145140659415,23.1947562475507,54.8564568994389
"r_new[2,11]",0.00840157706,0.0083580837,0.00100847115688372,0.000932998623270001,0.00669837533,0.01020269445,1.06422059862256,20.5665490107856,40.5548566509965
"r_new[3,11]",0.008438306886,0.0083694264,0.00120786935751212,0.00121856799141,0.0066770738,0.0105753172,1.07188710011481,36.3654858900662,60.0313633245123
"r_new[4,11]",0.00874981301,0.00857166475,0.0010327691797077,0.00103794401949,0.007302847075,0.01050721125,1.04292549090884,30.6869812215642,65.4003091120767
"r_new[5,11]",0.00872976918,0.0087572751,0.000890359811305465,0.00086464164528,0.007358986385,0.01012029755,1.06152327265076,25.8678722312293,32.9939668174962
"r_new[6,11]",0.008557726281,0.00854703455,0.00106924146214182,0.00109573176447,0.006605761315,0.0101556412,1.05424619308542,15.6822098523788,54.3553240438646
"r_new[7,11]",0.008763096119,0.00871166705,0.000846903129667023,0.00076586542179,0.007398405985,0.01021275925,1.15234819489372,6.46790665161469,49.8568790552336
"r_new[8,11]",0.008661409309,0.00861389185,0.00099611182947042,0.000947290664880001,0.00716002937,0.0103219925,1.07993340458254,11.9819534426978,19.2582810608562
"r_new[9,11]",0.008677846713,0.0085867341,0.00107771588743402,0.00104395047687,0.007121995315,0.01057459145,1.0390499395002,27.7561925225778,36.2769485903813
"r_new[10,11]",0.008480761074,0.0083866651,0.0012682113705925,0.00121970877798,0.006487375835,0.01068798405,1.58530233400151,1.88780542444226,31.6824001034527
"r_new[11,11]",0.008625288512,0.0085850199,0.00103560327440015,0.0010642073148,0.00708292936,0.0103337704,1.17660711292323,12.2456663417345,42.4389398926035
"r_new[12,11]",0.008739638956,0.0086226685,0.00120497689805319,0.00144278359092,0.006983869015,0.01073382055,1.0473455960438,14.4518808648213,31.7839996054474
"r_new[13,11]",0.008551030599,0.0083938531,0.00120999148311489,0.00112172945199,0.00649611154,0.0106915288,1.35334193026256,2.87114681148221,50.7015438102728
"r_new[14,11]",0.008564203212,0.00852324045,0.00117785547907959,0.00132514928847,0.00686961224,0.01034758605,1.46374811710358,2.22380664867915,37.7806563039724
"r_new[15,11]",0.008298458394,0.00826494085,0.00123828048819048,0.00124503507009,0.006304494985,0.0103798494,1.39322617370942,2.47279284166056,28.1855413924808
"r_new[16,11]",0.008560631153,0.0085737373,0.00121216668902816,0.00112613959395,0.00647399955,0.0107220172,1.45196884334427,2.47327474243428,40.5548566509965
"r_new[17,11]",0.008629265861,0.00867375755,0.00155872477900353,0.00151886684229,0.005797676825,0.0109984716,1.27420162410592,3.51171455656439,30.2536366106048
"r_new[18,11]",0.00864881952,0.0086640097,0.00113530810594873,0.00096646261026,0.00683001363,0.01036111005,1.16007081401337,6.11014272115923,42.4389398926035
"r_new[19,11]",0.008572001762,0.0086281772,0.00116242892171462,0.001134181587,0.0069015061,0.01039733415,1.18070160537001,5.17201794189554,21.0246288509397
"r_new[20,11]",0.008616415821,0.00872223525,0.0010392479405786,0.00095752809201,0.006898933245,0.01017136625,1.21352281165436,5.01347844907988,76.1461739405163
"r_new[21,11]",0.008659969821,0.0086787545,0.000864438419470491,0.00084391852965,0.00750569485,0.01028756905,1.07362989777783,32.761668258536,76.6284020089591
"r_new[22,11]",0.00852052327,0.0083501294,0.00106180097513264,0.00082441611273,0.007040375735,0.01048169765,1.02239576565778,22.5399463629057,43.9114926796898
"r_new[23,11]",0.008265593803,0.00827985935,0.00106230599307485,0.000953237892389999,0.00639419645,0.0100930682,1.07732938365182,12.0451265223833,21.0246288509397
"r_new[24,11]",0.008148229715,0.00822856575,0.00120795233980378,0.00122005385313,0.00589925853,0.01008124065,1.34698858694463,3.00622129110122,30.6204069389592
"r_new[25,11]",0.007986323929,0.00797007495,0.000835566018723053,0.00082465792479,0.006725623125,0.009296659955,1.06531529459262,16.2321022162744,44.5810103703794
"r_new[26,11]",0.007851089265,0.0077432225,0.00102977496346396,0.00108401010648,0.006333484975,0.00969235807,1.05483059359399,14.6841862834964,54.856456899439
"r_new[27,11]",0.007787679389,0.0077845058,0.000909815062977323,0.000739334517179999,0.00615475693,0.009282223925,1.00396211265017,31.7209888197194,21.0246288509397
"r_new[28,11]",0.008147299228,0.00797583005,0.00102388798547223,0.00088245486189,0.006478926615,0.01005284875,1.12674814438583,10.7186287327812,22.2747522502045
"r_new[29,11]",0.008230163856,0.00804409965,0.00103820890181393,0.00106363666206,0.00686711176,0.00990014572,1.02348029086505,17.0096715029861,51.1162111412476
"r_new[30,11]",0.008190527257,0.00813007985,0.0009821077661375,0.00101579508744,0.006744516735,0.0101292109,1.06500277229993,48.6698521113028,56.8419098881722
"r_new[31,11]",0.007993893898,0.00800633595,0.000963227869375878,0.000909307638959999,0.006468725325,0.009523304195,1.1000165327766,10.839992322689,67.6406173148844
"r_new[32,11]",0.007973744261,0.0081297997,0.00110135361165365,0.00108938660712,0.00582161117,0.00948388463,1.05514944445474,11.6071100183922,29.494618736908
"r_new[33,11]",0.008311438734,0.008429015,0.00125654895980332,0.00114991293669,0.00612880478,0.0102490912,1.02062976408941,12.5307538387673,52.4502744151648
"r_new[34,11]",0.008344491329,0.00848761115,0.00103637494920002,0.000863212567140001,0.006600904225,0.009921438475,1.07693706994716,13.5587121641496,52.4502744151648
"r_new[35,11]",0.008310954618,0.0084524586,0.000863949100583869,0.00078237343149,0.00680417758,0.009546597325,0.996881854312536,15.7638988737458,68.8140521811376
"r_new[36,11]",0.008512844223,0.0083687689,0.00103265886040313,0.00101800490274,0.00699766303,0.0102961767,1.03523811719317,45.0732557128511,78.3393298097876
"r_new[37,11]",0.008278214129,0.0082850024,0.00107779634970393,0.000983252165700001,0.00669095551,0.00977014407,0.99301846204843,34.0659476749008,54.8564568994389
"r_new[38,11]",0.008486223466,0.0084473564,0.00116495104558838,0.0011331244932,0.006609407205,0.01015853015,1.02175634778897,31.8849605057064,32.4795842613214
"r_new[39,11]",0.008225971896,0.00821767875,0.00117404441940932,0.00109286871561,0.00636725697,0.00998481252,1.0135255836233,39.8680918087069,30.6204069389592
"r_new[40,11]",0.008157627165,0.0080955557,0.00132567836906865,0.00115852135707,0.005975394725,0.010458379,1.08360883024504,13.5432435362583,23.0844608600611
"r_new[1,12]",0.009439207527,0.00944729835,0.000222812293402254,0.000266694906450002,0.009097899685,0.00979155112,1.38154457001151,2.3767594715521,35.9722793210782
"r_new[2,12]",0.009470568859,0.00948462365,0.000373412216860391,0.000428187482099998,0.008825658245,0.0099922832,1.09840347557049,10.3912808464294,29.4472616381001
"r_new[3,12]",0.009444876369,0.0094678653,0.000384299793801665,0.000443270639070001,0.008823407415,0.00999824583,1.06819378916059,13.7896453213898,50.1864066532838
"r_new[4,12]",0.009370730277,0.0093680628,0.000353340583703604,0.000378774722129999,0.008762482305,0.009915684565,1.02552284327416,10.973020337966,62.9908500685975
"r_new[5,12]",0.009474095934,0.00946398585,0.000366626431763897,0.000362987849069998,0.00882271718,0.01004724,1.0288007597541,17.4895258482052,52.4502744151648
"r_new[6,12]",0.00945931486,0.0094505424,0.000359153920374154,0.000348577495979999,0.008934668295,0.00999990301,1.05315577951647,7.39839635353001,21.5199212985735
"r_new[7,12]",0.009454240554,0.00945215285,0.000341764306763686,0.000365498113260001,0.008852394685,0.009971170715,1.13781162016185,5.33121776263796,35.7664233576642
"r_new[8,12]",0.009324052766,0.00930400355,0.000274985594316781,0.00029543888808,0.008851452485,0.00976712466,0.997516895344135,16.212130645493,77.3212964411783
"r_new[9,12]",0.009296589907,0.009303343,0.000324339853896164,0.00036917347866,0.008775848405,0.009778906365,0.999202839240123,14.5235868896698,41.0191625698239
"r_new[10,12]",0.009292528353,0.0093895986,0.000415887828899501,0.000348221227200001,0.00854165823,0.00986194517,1.10350197859772,11.0986255855474,21.2275594371664
"r_new[11,12]",0.009230520742,0.0091993544,0.000294255923346901,0.00027884258955,0.008813372925,0.00974653551,1.14173323891415,24.8817694388182,27.4380683599872
"r_new[12,12]",0.009091701061,0.00911560085,0.000428061718092007,0.000304609510379998,0.008398040815,0.009922239035,1.02162883378877,12.3128208527368,39.4893781631798
"r_new[13,12]",0.009140652479,0.009164088,0.000346742666587823,0.00037539691455,0.008533055345,0.00967230345,1.04602204296903,11.1147684385039,14.4246620507748
"r_new[14,12]",0.009082191943,0.0091648262,0.000375119982635233,0.000407959629,0.00851001504,0.009647735055,1.1210404756719,11.2960342836329,41.7960353475036
"r_new[15,12]",0.009048264254,0.00900615375,0.00033346944780581,0.000407866521720002,0.008569199385,0.00955847991,1.26567574523361,3.48816289505603,13.64522417154
"r_new[16,12]",0.00911518075,0.0091245722,0.000315967540205528,0.0003293959137,0.00853639324,0.009580604185,1.04488376445666,16.6824008726204,34.1687749609557
"r_new[17,12]",0.009111482472,0.0091196911,0.000332078417166763,0.00027825407148,0.008425629815,0.00961162923,1.36800010356594,2.70822658735768,21.0246288509397
"r_new[18,12]",0.008988560867,0.00896327585,0.000278182217327473,0.000219021384539999,0.00847496143,0.009456548145,0.992226497346824,26.7314342516044,51.5338182396663
"r_new[19,12]",0.00901116149,0.00901403565,0.000274096654776454,0.00025481461026,0.00845883756,0.009369510545,1.06411864453278,17.4591328295252,30.6204069389592
"r_new[20,12]",0.008945705222,0.0089700319,0.000363714995432891,0.000391548284819998,0.008235792985,0.009410671325,1.03417436081489,10.4280107449077,38.8716126166147
"r_new[21,12]",0.008909859014,0.00890827325,0.000400130653613913,0.000379762875029999,0.008212296555,0.00952418534,1.08021249809695,7.85875202074402,14.4246620507748
"r_new[22,12]",0.008867220308,0.0089088678,0.000340628022471003,0.000342633381929999,0.00829936733,0.0094639683,1.0973512081191,8.35679819495305,21.0246288509397
"r_new[23,12]",0.008961107185,0.0088920403,0.000380894362451558,0.00041455082382,0.008412314535,0.009637903235,1.07633480623866,9.38924422648705,50.6923710931221
"r_new[24,12]",0.00892778923,0.00895825275,0.000332525907007168,0.000282442713000001,0.00832981484,0.009366939855,1.00874129310337,17.3152835124564,31.6824001034527
"r_new[25,12]",0.009019987041,0.00906337525,0.000330785898899516,0.000282529964010001,0.008437519415,0.00959242555,1.05099067550043,14.8754764993965,27.5894687056597
"r_new[26,12]",0.009022021161,0.0089877562,0.000254654668373261,0.00022736745885,0.008624835685,0.009457175815,1.01439229930282,61.383784209903,92.2982923787032
"r_new[27,12]",0.009009687343,0.00898451465,0.000307256098001958,0.000322803384539999,0.008522033345,0.009526815925,1.17468947349036,4.73776531893253,23.1236786469345
"r_new[28,12]",0.008993631458,0.00894606295,0.000328477559299441,0.000301880414429999,0.008562640305,0.00948830252,1.11281494388507,7.2557065595655,31.6824001034527
"r_new[29,12]",0.009038009781,0.00905166935,0.000322953370396985,0.00033224317287,0.008521537595,0.00951046688,1.25179032266923,4.3219385357335,16.5219033232628
"r_new[30,12]",0.008902562103,0.008895138,0.000352912552440212,0.00032132360148,0.008280526375,0.00945046372,1.30047780114483,2.95707623706742,15.6138472519629
"r_new[31,12]",0.008981705384,0.00901654075,0.000284055716408943,0.00025414944177,0.00853067852,0.0094033358,1.33929552845361,2.85194335094183,21.0246288509397
"r_new[32,12]",0.009072884449,0.00910482085,0.000378968492239773,0.000391475266769999,0.008441961995,0.009639133205,1.39099105980253,2.67421310200462,21.7742938907552
"r_new[33,12]",0.009057379147,0.0090847263,0.000373418345664829,0.000338650302899999,0.00843007368,0.00965896115,1.28577645902282,3.15121601542746,35.6270358306189
"r_new[34,12]",0.009010367736,0.0090218595,0.000296369601086616,0.000275270932019999,0.008446506145,0.00938506626,1.18949502489195,4.24532434212433,48.4074922943175
"r_new[35,12]",0.009171274476,0.00921924105,0.00033515245997009,0.000362061668849999,0.00858541595,0.009638652105,1.64706184603806,1.87667510625202,24.5786516853932
"r_new[36,12]",0.009015731709,0.00901251875,0.000357256078545696,0.00035950611123,0.008419585975,0.009574489755,1.32598746880126,2.79558027677197,26.9877288449252
"r_new[37,12]",0.009078503048,0.00908094285,0.000483248972448521,0.000495865429290002,0.008232312085,0.009818269855,1.73642194065802,1.7111088293152,34.5235746695599
"r_new[38,12]",0.009137698421,0.0090709209,0.000363224819645164,0.000328299975779999,0.008600667955,0.00974802847,1.10654832009764,9.15753555882764,30.6204069389592
"r_new[39,12]",0.00911246152,0.00907768405,0.000494606497077246,0.0005393891538,0.00841970368,0.00994119967,1.46953807466561,2.1746289746643,40.5548566509965
"r_new[40,12]",0.009237290956,0.0092069424,0.000428865898786677,0.000473740367100001,0.008638292495,0.0099351185,1.41983329010057,2.31542585981619,21.0246288509397
"sum_exp_g[1]",9.986265109,9.97081945,0.258766679852072,0.315710107229999,9.585102735,10.39214855,1.38154457001151,2.3767594715521,35.9722793210782
"sum_exp_g[2]",9.960940664,9.9276422,0.438065172940956,0.49245885927,9.37247967,10.74364515,1.09840347557049,10.3912808464294,29.4472616381002
"sum_exp_g[3]",9.991732001,9.94698445,0.449859767218303,0.509541524730001,9.36628791,10.74656055,1.05948038429787,13.7896453213898,50.1864066532828
"sum_exp_g[4]",10.075985508,10.0636125,0.41642042889508,0.45585116724,9.45259524,10.8282206,1.02552284327416,10.973020337966,62.9908500685975
"sum_exp_g[5]",9.956072202,9.9514718,0.425610587681593,0.431195232719999,9.315731265,10.74746635,1.0288007597541,17.4895258482052,52.4502744151648
"sum_exp_g[6]",9.972281266,9.9670508,0.410339534848688,0.401763324689999,9.36484134,10.60029045,1.05315577951647,7.39839635353001,21.5199212985735
"sum_exp_g[7]",9.977055644,9.96518205,0.399819972304426,0.422381546370001,9.394423815,10.7080861,1.13781162016185,5.33121776263796,35.7664233576642
"sum_exp_g[8]",10.125414237,10.1397845,0.328473600712369,0.35071510866,9.611574985,10.7093321,0.997516895344135,16.212130645493,77.3212964411783
"sum_exp_g[9]",10.162056415,10.1405825,0.387998920111795,0.4415916687,9.598792205,10.81020615,0.999202839240123,14.5235868896698,41.0191625698239
"sum_exp_g[10]",10.176259174,10.038233,0.513428080922055,0.40930241982,9.509548095,11.13402635,1.10746686624492,11.0986255855474,21.2275594371664
"sum_exp_g[11]",10.239639134,10.266519,0.354438390307377,0.342878678099998,9.63408731,10.75992635,1.14736583061364,24.8817694388182,27.4380683599875
"sum_exp_g[12]",10.425045501,10.370021,0.540645921317985,0.3809273832,9.445684115,11.34152285,1.02571219907433,12.3128208527368,39.4893781631798
"sum_exp_g[13]",10.355167392,10.3098705,0.434745590228087,0.469990871700002,9.71560774,11.14626955,1.05243350282705,11.1147684385039,14.4246620507748
"sum_exp_g[14]",10.431391753,10.308954,0.478412265974151,0.509668212899999,9.742891905,11.1791304,1.12150294676638,11.2960342836329,41.7960353475043
"sum_exp_g[15]",10.470054463,10.508202,0.422872321742351,0.5166134526,9.843206915,11.0950134,1.26567574523361,3.48816289505603,13.6452241715399
"sum_exp_g[16]",10.38421585,10.358842,0.398701724892014,0.4202867067,9.81817539,11.14149555,1.04292046738869,16.6824008726204,34.1687749609557
"sum_exp_g[17]",10.390390045,10.3649285,0.422680889134232,0.3466978557,9.78324933,11.3011079,1.36800010356594,2.70822658735769,21.0246288509397
"sum_exp_g[18]",10.541701816,10.563249,0.358814286064694,0.281983107,9.960085565,11.2295038,0.992769293242738,26.7314342516044,51.5338182396663
"sum_exp_g[19]",10.51250504,10.498132,0.355818329307112,0.326521152299999,10.061899,11.25281555,1.06510980736112,17.4591328295252,30.6204069389592
"sum_exp_g[20]",10.605385701,10.554538,0.48320157635618,0.501243338400002,10.01351575,11.58464995,1.03417436081489,10.4280107449077,38.8716126166146
"sum_exp_g[21]",10.656350139,10.634647,0.535920908494939,0.4836723045,9.88226736,11.6207097,1.0933813713102,7.85875202074402,14.4246620507748
"sum_exp_g[22]",10.705724691,10.6338665,0.453220078879691,0.4417391874,9.951496645,11.4882558,1.0973512081191,8.35679819495305,21.0246288509397
"sum_exp_g[23]",10.586498446,10.6558825,0.4865286918528,0.548934132600001,9.75385202,11.32057835,1.07633480623866,9.38924422648705,50.6923710931221
"sum_exp_g[24]",10.625506654,10.5697465,0.442640546775257,0.3637462731,10.064943,11.4426462,1.00874129310337,17.3152835124564,31.6824001034527
"sum_exp_g[25]",10.505953127,10.435541,0.425116158973816,0.3547609758,9.80485538,11.28377375,1.05099067550044,14.8754764993965,27.5894687056597
"sum_exp_g[26]",10.496978541,10.531754,0.323173070501632,0.294793512300001,9.9593579,11.0169961,1.01439229930282,61.383784209903,92.2982923787032
"sum_exp_g[27]",10.516985236,10.535925,0.39443450122633,0.4071575424,9.879251625,11.1619569,1.17468947349036,4.73776531893253,23.1236786469345
"sum_exp_g[28]",10.539219889,10.585496,0.415525308565033,0.389908232699998,9.92345223,11.10428635,1.11281494388507,7.2557065595655,31.6824001034527
"sum_exp_g[29]",10.482249028,10.450327,0.413666992631062,0.424720422000001,9.897951625,11.1626645,1.25179032266923,4.3219385357335,16.5219033232628
"sum_exp_g[30]",10.660478616,10.651823,0.468868918658744,0.423089562,9.96714159,11.5166647,1.30047780114484,2.95707623706742,15.6138472519629
"sum_exp_g[31]",10.551095581,10.4949385,0.370042268599073,0.3239206719,10.022116175,11.1496454,1.33929552845361,2.85194335094183,21.0246288509397
"sum_exp_g[32]",10.443455438,10.3834845,0.482009396710366,0.4841645277,9.75255843,11.2773095,1.39099105980253,2.67421310200462,21.7742938907552
"sum_exp_g[33]",10.462497401,10.4086625,0.475687025098084,0.4300978122,9.730406515,11.2946259,1.28577645902282,3.15121601542746,35.6270358306189
"sum_exp_g[34]",10.515362678,10.488161,0.385868003945719,0.3511545513,10.0435663,11.2707049,1.18949502489195,4.24532434212433,48.4074922943175
"sum_exp_g[35]",10.316155642,10.242206,0.419228195311323,0.445917895500001,9.7530201,11.07217125,1.64706184603806,1.87667510625202,24.5786516853932
"sum_exp_g[36]",10.514008845,10.500082,0.460557221893545,0.460672730700002,9.825079615,11.30994515,1.32598746880126,2.79558027677197,26.9877288449252
"sum_exp_g[37]",10.448873191,10.413417,0.615851240762749,0.619150809900002,9.556297765,11.58997215,1.73642194065802,1.7111088293152,34.5235746695599
"sum_exp_g[38]",10.36037791,10.426026,0.454540402812159,0.413363706,9.632372895,11.050778,1.10654832009764,9.15753555882764,30.6204069389592
"sum_exp_g[39]",10.40717208,10.4175205,0.619918894814192,0.66096724638,9.42577122,11.31001235,1.46953807466561,2.1746289746643,40.5548566509965
"sum_exp_g[40]",10.244010453,10.257236,0.518107123584239,0.586871197919998,9.432143325,10.99827545,1.41983329010057,2.31542585981619,21.0246288509397
