"variable","mean","median","sd","mad","q5","q95","rhat","ess_bulk","ess_tail"
"lp__",-7899.45386,-7904.5394,165.608999190272,246.675358650001,-8122.242955,-7687.028225,2.13126217620617,1.44134498435701,17.3113067563557
"ksi",0.007347048796,0.0068086714,0.00270190350734981,0.00338116159185,0.00423343031,0.0112935172,2.13126217620617,1.45562032928162,16.4026619177055
"sigma[1]",16.31345009,16.0841425,2.13891222208737,2.4013472049,13.1380621,19.4764244,1.02873054821113,15.2017658708825,49.1824296170839
"sigma[2]",17.67926493,17.3556215,2.86471882738605,2.2689443532,13.04123565,21.97299235,1.04756341783007,11.1924342771436,31.5354895261113
"sigma[3]",18.91673922,18.3773,3.16714112734759,2.4712288146,14.5997064,23.5343328,1.04041859368642,22.4379371899461,13.4809450967877
"sigma[4]",19.9454007,19.944475,3.41634507118298,3.7272504696,15.06957695,26.30921645,1.10810408504723,15.9454245411468,58.361007520573
"sigma[5]",17.47181098,17.4760045,3.13834412811164,2.5019067738,12.73740105,23.2813501,1.08554103066998,11.8145343630364,13.4086406374851
"sigma[6]",18.06519685,17.7975345,2.38007329785041,2.128776384,14.8001715,23.2035276,1.24148228979408,3.38056874238048,17.0051501311826
"sigma[7]",17.87058187,17.5744495,2.67291030174533,2.592978444,14.10223385,22.3633854,1.0206003732945,16.9407802758957,30.8127412685973
"sigma[8]",19.29378781,19.129251,2.99953400049527,3.1463655657,14.9694649,24.12194025,1.10408793913103,13.3967793049291,17.323302316373
"sigma[9]",16.50983252,16.111793,2.73950816225475,2.3885775711,13.0688877,22.230313,1.25278955855657,3.61087964558874,30.6204069389592
"sigma[10]",17.20034914,17.0495365,3.21642995406958,3.716485311,12.1214064,22.0747683,1.0339791427886,11.2919170278802,40.5548566509965
"sigma[11]",17.41298422,16.870927,2.20560405477278,1.8303519843,14.295427,21.66760965,1.02183134449194,30.9127469308006,71.2874531148375
"lambda[1]",1.073328800077,1.1411884,0.612450831193294,0.849211092891,0.0355425675,1.884181215,1.09392154012002,8.96906718654706,24.169839985794
"lambda[2]",1.076868998,1.1072567,0.574467345133944,0.78133828017,0.223001588,1.891491485,1.00013632553789,27.42501797816,42.6630649508764
"lambda[3]",1.16077586531,1.17886365,0.486382712624028,0.56669545821,0.344232457,1.89362356,1.0031107919975,31.3794012682657,49.8568790552336
"lambda[4]",1.28386951549,1.46882605,0.624954990491327,0.66662321712,0.11590650835,1.961883635,1.00938117335118,15.9093327881141,41.4519726217027
"lambda[5]",1.0383778229,0.99648106,0.58364988352408,0.812244952659,0.132869188,1.88163767,1.03936635441311,19.3193434434824,12.7390522145153
"lambda[6]",1.17685009549,1.29548065,0.51884919967205,0.634658324055,0.350071108,1.889260865,1.01128923710455,22.7211119351531,42.2090895403111
"lambda[7]",1.12153170021,1.1714507,0.577246239341424,0.69092466198,0.1087905105,1.887698015,1.00845586983331,35.723370054189,43.9228175685244
"lambda[8]",1.031412380758,1.0515942,0.544572946868272,0.649602939468,0.1489791172,1.83203762,1.21017340783165,16.954746636069,13.0721046622061
"lambda[9]",1.060383379318,1.2367895,0.583616773293806,0.68459440476,0.0699634772,1.83830638,1.0005951169577,24.7721501293468,21.0246288509397
"lambda[10]",1.2268219832,1.4005953,0.594664101670806,0.712791729531,0.24816488,1.94780651,1.00638798106389,38.5297768788087,31.7007288654679
"lambda[11]",1.02294459726,1.0404492,0.528853445284757,0.666983525985,0.2864697575,1.850975475,1.03164025084598,43.1461820242902,20.2078521939953
"mu[1]",-1.1701100569,-1.1690373,0.265283247687836,0.296091128298,-1.596295145,-0.795775469,1.02580590523619,9.53686425693418,34.3628470914159
"mu[2]",-0.107445042886,-0.34082949,1.71025635448345,1.556768703273,-2.78156082,2.90020805,1.03004086144922,12.5867625357585,21.5942744323791
"mu[3]",-1.247527615,-1.2429558,0.115706620851665,0.12363082641,-1.42979031,-1.07092883,1.12630383113614,34.5601075366549,17.3473433782712
"mu[4]",0.087966576642149,0.0646763975,0.212620028432018,0.1830524292072,-0.261066599,0.4568115245,1.07145733422552,25.1878675696877,37.5549801362088
"mu[5]",-0.8983548421,-0.842148695,0.555999826179965,0.616824914433,-1.684602525,0.116583194,1.10276511264608,10.9334970472108,21.0246288509397
"mu[6]",2.330365358,2.3115455,0.35035951073005,0.35077937937,1.809491165,2.91577285,1.25332410683503,16.8592916924336,30.8992306722159
"mu[7]",1.49646686627,1.4179999,1.00496088819267,0.894460400715,-0.0278040885,3.46915834,1.04378494381873,15.4739061045791,52.4502744151648
"mu[8]",0.612440144,0.59570806,0.229576069305621,0.203973847035,0.207361272,0.960847735,1.03790906254639,17.2021842511352,43.7970546868537
"mu[9]",0.129931208652,0.13367751,0.19138580850899,0.2082935637384,-0.1744639375,0.425495172,1.02977403065029,13.9683427204599,33.9768826539676
"mu[10]",1.72528807357,1.7021645,0.940667167400653,1.00500427986,0.367407298,3.31224133,1.00916413100362,19.5117872867857,29.7051827001505
"mu[11]",-2.080160751,-2.13699655,0.433797687146068,0.42965362524,-2.728833625,-1.24106002,1.04034811677075,11.0958581835341,13.7351856212228
"mu_t[1,1]",1.154916026,1.15603395,0.0204222995529502,0.0227597632500002,1.12286818,1.18467573,1.31344825131585,3.01147008204176,56.8419098881722
"mu_t[2,1]",-0.09547693907,-0.0952460205,0.0231063961837995,0.0221649285627,-0.1308168875,-0.06077638935,1.13556197269141,6.95714714941424,42.4389398926035
"mu_t[3,1]",1.301803707,1.29736635,0.0583360441243995,0.0556284122099999,1.22359086,1.413907425,1.22280688294058,7.11997925336489,21.0246288509397
"mu_t[4,1]",-0.2860519446,-0.24319608,0.10759435531022,0.06634123503,-0.4868199255,-0.17082064,1.36449309632482,2.4237373069296,15.0137268359643
"mu_t[5,1]",0.760612625,0.75979549,0.0808139184123995,0.088387326531,0.632733718,0.874281235,1.81281991202761,1.59069323122971,21.9656081335508
"mu_t[6,1]",-2.114993026,-2.1235247,0.0502102389248068,0.0531689270699999,-2.18937962,-2.02778877,1.63540010940516,1.87200602069585,19.621033748178
"mu_t[7,1]",-1.399247153,-1.3530369,0.218910095344146,0.27439375173,-1.723803535,-1.122091105,2.11943075205594,1.4101801846995,21.0246288509397
"mu_t[8,1]",-0.4473115238,-0.442637745,0.176056152609009,0.256709877144,-0.679424464,-0.1998904,2.11650231156154,1.41291063771883,24.7734994337485
"mu_t[9,1]",-0.15719481103,-0.15542294,0.0372734074868811,0.043492285977,-0.2238297285,-0.101985594,1.50007401380216,2.00176507217284,31.6063780380824
"mu_t[10,1]",-1.391810059,-1.39729115,0.0474213181605473,0.05114465916,-1.463826855,-1.306125505,1.25698379761989,14.3679269308939,17.8936605316974
"mu_t[11,1]",2.10493318,2.06301385,0.153761399698563,0.13192530624,1.891082075,2.38054267,1.66904934129191,1.74129592292754,13.2663338351076
"mu_t[1,2]",1.154214892,1.15434465,0.0191152498295258,0.0231035040600001,1.123255925,1.185183595,1.27742915194019,3.50407946859507,48.4074922943175
"mu_t[2,2]",-0.09513598984,-0.093632227,0.0225958186584602,0.0242281569768,-0.1300080305,-0.06336662415,1.16978851074805,5.47698559558706,44.2494665173219
"mu_t[3,2]",1.301468119,1.29613525,0.0583710818882777,0.0561501391499997,1.218217115,1.40765973,1.18722177721613,7.38251819158804,25.3298043918779
"mu_t[4,2]",-0.2874881205,-0.244078205,0.106530513267335,0.066456751809,-0.4898451485,-0.1760717535,1.34650290510785,2.50164432506944,15.0137268359643
"mu_t[5,2]",0.7596365859,0.76091757,0.0799859782850021,0.0868525983149999,0.6375743425,0.8812171265,1.80085999792963,1.59914402438894,23.3177881412391
"mu_t[6,2]",-2.114059534,-2.121667,0.0485062454987905,0.0559667415299999,-2.18224966,-2.032664155,1.58834679774775,1.98971708253867,19.621033748178
"mu_t[7,2]",-1.399263314,-1.36090135,0.218669899676343,0.28521080133,-1.723999795,-1.124524235,2.1164940600996,1.41248615596304,21.0246288509397
"mu_t[8,2]",-0.4489366944,-0.44934649,0.17541742901823,0.252017878098,-0.67872843,-0.200867471,2.11358402667624,1.41540047560255,16.4458227610187
"mu_t[9,2]",-0.15725357551,-0.15135218,0.0360328718886953,0.038957234967,-0.2211422275,-0.1102647625,1.49222192121414,2.0132572368344,25.9952465834819
"mu_t[10,2]",-1.390878925,-1.3943841,0.0465232692364167,0.05360703537,-1.461674405,-1.307403365,1.23138038956261,14.1704848388178,24.7489746853344
"mu_t[11,2]",2.104820247,2.06445005,0.154141548877226,0.12745786179,1.89033609,2.380705615,1.63253828330938,1.78483930603295,13.2663338351076
"mu_t[1,3]",1.152770004,1.15283885,0.0177716488698692,0.0172743656400001,1.12423243,1.18333401,1.21317095948915,4.83481654042905,40.5548566509965
"mu_t[2,3]",-0.09531589901,-0.0968887005,0.0231293377824067,0.0231782634237,-0.1287367675,-0.05734370145,1.20328330839429,4.33799181730841,58.625640448173
"mu_t[3,3]",1.302639952,1.29877885,0.0598211020199284,0.0582482405400001,1.20951997,1.420516985,1.28008112801073,7.21949477104345,25.9952465834819
"mu_t[4,3]",-0.289482223,-0.250671295,0.105188656052906,0.06661492299,-0.4867764685,-0.17602963,1.33313707769003,2.57010995354176,15.8013544018059
"mu_t[5,3]",0.7582849223,0.758317385,0.0783974114454274,0.079174761477,0.6376651605,0.878081917,1.80539910729937,1.59413299329738,23.3177881412391
"mu_t[6,3]",-2.112775726,-2.1205158,0.0465482634743629,0.0546222457199996,-2.176487735,-2.03251933,1.57759184368931,2.01558050401,19.621033748178
"mu_t[7,3]",-1.396833505,-1.3561115,0.221088347182546,0.28373339043,-1.73030368,-1.124134605,2.11943075205594,1.41241729234068,21.0246288509397
"mu_t[8,3]",-0.4498397392,-0.457242175,0.174780576573141,0.235071285666,-0.680198645,-0.193572465,2.11358402667624,1.41724653084433,16.4458227610187
"mu_t[9,3]",-0.15852979326,-0.152595685,0.03506520898008,0.037486006509,-0.219809549,-0.114910361,1.40511716980882,2.26775242266762,22.2747522502046
"mu_t[10,3]",-1.388420109,-1.38902525,0.045480224428926,0.0531323809799999,-1.459717345,-1.310431325,1.18723453898138,14.5496732682597,24.7489746853344
"mu_t[11,3]",2.104421417,2.06139785,0.154652537961604,0.12843489519,1.883688785,2.380935215,1.66447560348167,1.74131654660581,13.2663338351076
"mu_t[1,4]",1.151449175,1.15085815,0.0169142406289856,0.0142442277600001,1.12665135,1.179340915,1.18027452001141,5.47810015409965,41.1087620389947
"mu_t[2,4]",-0.09614466546,-0.0981781735,0.0237047022864567,0.0246063459978,-0.1330329945,-0.05542995075,1.15308245639706,6.46675103958389,58.9391161255238
"mu_t[3,4]",1.302337363,1.29677875,0.0592767242526438,0.0591429155100002,1.21161018,1.416409525,1.24748129826484,7.46887947890905,25.9952465834819
"mu_t[4,4]",-0.2913278794,-0.257470455,0.10508870926895,0.068834619819,-0.485356829,-0.1759334785,1.32449232325586,2.62714162304145,15.8013544018059
"mu_t[5,4]",0.7575510955,0.75618365,0.0771527182415326,0.072842132097,0.635979177,0.874859083,1.80867035867824,1.59104040646788,23.3177881412391
"mu_t[6,4]",-2.112521954,-2.12042095,0.0460619167285685,0.0534128147699994,-2.179929285,-2.03391449,1.57202915713337,2.01396087076951,34.0533177661024
"mu_t[7,4]",-1.394834278,-1.3519227,0.222861121916873,0.27959189559,-1.731044245,-1.12574642,2.1164940600996,1.41186141411336,21.5942744323791
"mu_t[8,4]",-0.4515854264,-0.45859047,0.173973559378484,0.238515669399,-0.685118451,-0.203331479,2.11066946374507,1.41957831321668,20.8492894221768
"mu_t[9,4]",-0.15897938046,-0.152848195,0.0343180449536562,0.037279376547,-0.2144852075,-0.11323374,1.42606857723136,2.18815387685176,22.9995118470955
"mu_t[10,4]",-1.38709331,-1.3902822,0.0453323008729276,0.0502640688900002,-1.455584195,-1.311830725,1.23155734429174,14.6790019814488,16.5986910746467
"mu_t[11,4]",2.105070882,2.06088455,0.155735182141911,0.13204658292,1.882107195,2.38271432,1.66337679320476,1.73527735764648,13.0721046622062
"mu_t[1,5]",1.152030848,1.1514355,0.0165289605614178,0.0149376397799998,1.128268655,1.18481897,1.18522504140347,5.46896039446331,56.8419098881722
"mu_t[2,5]",-0.09668718877,-0.098893104,0.0238378335441851,0.0264602149833,-0.13256158,-0.05356433285,1.16659739862908,5.66605849533883,58.9391161255238
"mu_t[3,5]",1.302540499,1.29306635,0.0595559766177691,0.0528752981400001,1.21690686,1.41503734,1.22516501581968,7.67913073294648,22.2747522502046
"mu_t[4,5]",-0.2930854986,-0.258451235,0.104253346266175,0.064538230344,-0.4891745505,-0.1813611055,1.31924051729155,2.65109491941944,13.9109697933227
"mu_t[5,5]",0.7553425761,0.759776355,0.0754989640189099,0.078137208345,0.6301004355,0.869667995,1.79203788516923,1.60918335738054,30.0068587105623
"mu_t[6,5]",-2.111186563,-2.12039255,0.0454080346986997,0.05195630853,-2.17662253,-2.032715905,1.50266727335235,2.20206989250694,23.2311164210806
"mu_t[7,5]",-1.39297521,-1.3575863,0.224350422343381,0.29606973438,-1.730982955,-1.1115391,2.11649865093436,1.40999311818425,21.5942744323791
"mu_t[8,5]",-0.4518331802,-0.455686785,0.173502191609189,0.239866140087,-0.685561194,-0.198600261,2.11066946374507,1.42040644528041,21.0246288509397
"mu_t[9,5]",-0.15964227167,-0.155255795,0.0331340372323729,0.036886695111,-0.2151307,-0.11721748,1.38882471981114,2.32766320927987,26.9877288449252
"mu_t[10,5]",-1.385212793,-1.38554905,0.0462467299443791,0.0563803128000003,-1.453942545,-1.310963805,1.16694386474744,15.178165702404,17.1333463873116
"mu_t[11,5]",2.106010601,2.06214365,0.155771690484223,0.12656592963,1.888217235,2.382031535,1.66912750215327,1.73650713804254,14.564780577122
"mu_t[1,6]",1.151867029,1.15028105,0.0157354118353778,0.0172448619,1.127117605,1.176506975,1.17929250047127,4.98629359813848,41.6567483932395
"mu_t[2,6]",-0.09685131066,-0.096152363,0.0228540428868639,0.0259641318342,-0.1296371045,-0.0565110368,1.19172359591243,5.22980277794808,42.4389398926035
"mu_t[3,6]",1.302859528,1.2904755,0.0596097077269613,0.05160285669,1.21848115,1.41784329,1.23964229169591,7.88868726824573,21.5942744323791
"mu_t[4,6]",-0.2955162053,-0.259528225,0.102137258461589,0.064472921814,-0.487312205,-0.181104313,1.2904123945477,2.83944425040151,13.4542938417775
"mu_t[5,6]",0.7546697111,0.76248362,0.0748307134915855,0.079677318399,0.629110618,0.8642351665,1.7937175615553,1.60826473517923,23.3177881412391
"mu_t[6,6]",-2.110040157,-2.1168849,0.0445003641715169,0.05309123883,-2.173219645,-2.03386219,1.47933263318664,2.29423857322685,23.2311164210806
"mu_t[7,6]",-1.391863105,-1.36092755,0.224686778520038,0.29603089026,-1.73038771,-1.11591274,2.11065854872507,1.41220241839311,21.0246288509397
"mu_t[8,6]",-0.4515562562,-0.452471515,0.173382936751788,0.248224104849,-0.684676102,-0.202969503,2.10775950832551,1.42236213145582,30.6204069389591
"mu_t[9,6]",-0.1605282132,-0.15514064,0.031479746112956,0.032541127794,-0.2142904525,-0.1186698035,1.37564213194312,2.37702579067873,26.9877288449252
"mu_t[10,6]",-1.383644339,-1.38441445,0.0459063029627991,0.05235572097,-1.456079185,-1.31108746,1.17372666410355,15.0769952237059,16.5986910746467
"mu_t[11,6]",2.106934996,2.0630432,0.156438599729444,0.12473121213,1.88793589,2.382590775,1.67843484893607,1.72644501442709,14.564780577122
"mu_t[1,7]",1.151726487,1.1491275,0.0169996783521244,0.0162188285699999,1.12962453,1.184460035,1.15747383172801,5.29901001815635,44.5066124109867
"mu_t[2,7]",-0.09731233487,-0.097046463,0.0219613332373838,0.0230634597753,-0.1316771275,-0.05785065965,1.20692980507628,4.60204693172152,42.4389398926035
"mu_t[3,7]",1.302256853,1.2916364,0.0598902797643677,0.05544456981,1.220635445,1.41382321,1.24116918779429,8.33523759512196,21.0246288509397
"mu_t[4,7]",-0.2975075856,-0.260005575,0.100896641683527,0.061512399417,-0.488044121,-0.1919947395,1.28569712820629,2.93028905612396,13.5711516091508
"mu_t[5,7]",0.7536870651,0.75913278,0.0729316357139743,0.077557904634,0.6310118655,0.8645232095,1.77882198239085,1.62291612049618,23.3177881412391
"mu_t[6,7]",-2.110822972,-2.11792795,0.0442272021808739,0.0495469352700003,-2.17264554,-2.035451895,1.44517549987965,2.40680735967676,23.2311164210806
"mu_t[7,7]",-1.390624638,-1.3547971,0.225648862656125,0.28928224332,-1.728574015,-1.12188453,2.10773399745904,1.41392462495798,21.0246288509397
"mu_t[8,7]",-0.4520441439,-0.455166205,0.173278958718255,0.243495833994,-0.6823761,-0.19124948,2.10194596595547,1.42317206273102,30.6204069389591
"mu_t[9,7]",-0.161274697,-0.156643245,0.0298649134507379,0.028756012929,-0.213560394,-0.1227045495,1.32157190236768,2.63213608014552,26.9877288449252
"mu_t[10,7]",-1.38292472,-1.38444665,0.0450813889129473,0.0517852906199999,-1.45684458,-1.30817619,1.16764529907307,15.2438478072021,24.7489746853344
"mu_t[11,7]",2.106192475,2.06778345,0.157726782257613,0.13502327307,1.88847469,2.38388946,1.69681923893354,1.70100490077872,14.564780577122
"mu_t[1,8]",1.151893271,1.15125545,0.0173065982397168,0.0167622756000001,1.12696513,1.18188594,1.15574291703534,5.20775529896737,30.6204069389592
"mu_t[2,8]",-0.09775819244,-0.0958704635,0.0218241980099844,0.0189035013762,-0.130086535,-0.0603213465,1.25573833486579,3.70523048627069,31.6824001034527
"mu_t[3,8]",1.301217193,1.2895746,0.0587690585344646,0.05594524383,1.224571725,1.40583606,1.15808595893506,7.9693094087627,23.6358725013506
"mu_t[4,8]",-0.298220703,-0.2618492,0.101134496773521,0.061426482747,-0.4879167,-0.1884180325,1.30732444211473,2.72170810388532,13.5859017157053
"mu_t[5,8]",0.7522023851,0.75936617,0.0717295555392796,0.0772455652919999,0.634082941,0.8604748735,1.76259833618274,1.63952284668529,23.3177881412391
"mu_t[6,8]",-2.110410684,-2.1223117,0.0437125873070897,0.04647046614,-2.17030146,-2.036997145,1.45109495081458,2.36650215145396,16.913114912535
"mu_t[7,8]",-1.388603687,-1.3552639,0.227352270590427,0.28726323864,-1.733208665,-1.110079425,2.11943075205594,1.4096084153837,21.0246288509397
"mu_t[8,8]",-0.4539230995,-0.44312099,0.170602299164978,0.250394075274,-0.6827589745,-0.196001069,2.10773761668199,1.42038245209514,20.8492894221768
"mu_t[9,8]",-0.1608455798,-0.157041055,0.0300578375974117,0.034224108597,-0.2135244745,-0.1161951165,1.32706880232839,2.62595373641088,21.0246288509397
"mu_t[10,8]",-1.382479224,-1.3823235,0.0443791839622221,0.0511735698600001,-1.453522305,-1.310461065,1.16058900463986,15.5789842867413,24.0814641530204
"mu_t[11,8]",2.106247613,2.0643117,0.157476472134906,0.1278868521,1.892204545,2.3853204,1.69764675555851,1.70264241140324,14.564780577122
"mu_t[1,9]",1.152749406,1.1535087,0.0179414413216144,0.0185264954699999,1.12658916,1.18159264,1.16587677821019,4.79115639459311,40.5548566509965
"mu_t[2,9]",-0.09868018596,-0.097330575,0.0206186707281295,0.0205993696797,-0.1324559725,-0.06717554825,1.3387662990092,2.92213008497795,31.6824001034527
"mu_t[3,9]",1.300555668,1.29193715,0.0595831858862916,0.0558083998500001,1.22410605,1.41025122,1.20551248225103,7.98378765440646,23.6358725013506
"mu_t[4,9]",-0.2986584979,-0.26231768,0.100702305890028,0.059904697629,-0.484211384,-0.18645873,1.32357082707529,2.83544244898844,13.5859017157053
"mu_t[5,9]",0.7525018416,0.759325905,0.0725764977431865,0.07805659197,0.633601478,0.8664893175,1.76349461293008,1.63277851798778,17.0748365694214
"mu_t[6,9]",-2.109126677,-2.1209417,0.0427899064300153,0.0438540477900003,-2.163545085,-2.041423535,1.43083476028446,2.51580307825625,18.2863113897596
"mu_t[7,9]",-1.386420923,-1.35485825,0.228989610669406,0.30135987357,-1.73271272,-1.11218634,2.11943075205594,1.4106600453072,21.0246288509397
"mu_t[8,9]",-0.4541221088,-0.438283135,0.170368188044284,0.248119018161,-0.6806793675,-0.193454248,2.11066946374507,1.41970103005038,20.8492894221768
"mu_t[9,9]",-0.1605475469,-0.1548274,0.0297256114499535,0.031319369025,-0.2115104405,-0.1158355965,1.32191212161014,2.68061543641422,21.0246288509397
"mu_t[10,9]",-1.381424142,-1.3809616,0.0436267136296637,0.04684630524,-1.44760635,-1.310008635,1.19746724679729,16.177769349681,24.0814641530204
"mu_t[11,9]",2.107290054,2.0655109,0.157739382325959,0.13789944294,1.90478167,2.38132871,1.72006568008736,1.67422992759719,14.564780577122
"mu_t[1,10]",1.152753723,1.15371325,0.0190917281960722,0.0212407654199999,1.123053085,1.1850873,1.18017211846657,4.47059093669891,40.5548566509965
"mu_t[2,10]",-0.09884093458,-0.0975515065,0.0197510964693758,0.0176608950273,-0.1324492365,-0.0643885723,1.43514482707398,2.31902572066256,22.2747522502046
"mu_t[3,10]",1.300379253,1.2941915,0.0597667813792988,0.0572259878399997,1.2237907,1.414252405,1.18117254667921,7.61685681631414,51.0913089574079
"mu_t[4,10]",-0.3001317039,-0.25933383,0.099015215140265,0.0607391568,-0.485557334,-0.1875766505,1.34576299939647,3.11096105783807,13.9420012746973
"mu_t[5,10]",0.7514064597,0.755835975,0.0716598493922418,0.078522625041,0.634332235,0.8598707885,1.74304972952302,1.65604409391901,18.7667560321715
"mu_t[6,10]",-2.107997108,-2.1216507,0.0415192554791188,0.0420101381699999,-2.163078175,-2.04003977,1.37273175903392,2.87840816900524,18.2863113897596
"mu_t[7,10]",-1.385032963,-1.3502849,0.230363390087865,0.30163771281,-1.728259535,-1.11200309,2.12237124974216,1.4090449121707,21.5942744323791
"mu_t[8,10]",-0.4554882138,-0.436890835,0.170142840732753,0.245603120091,-0.683107968,-0.186048426,2.11357671706322,1.41724854377289,20.8492894221768
"mu_t[9,10]",-0.1589279485,-0.152912505,0.0299311873997331,0.033305022618,-0.206760826,-0.116656817,1.33365503338294,2.92833143096206,24.3582350718816
"mu_t[10,10]",-1.380133106,-1.380558,0.0437296013643714,0.0508376868299998,-1.444927315,-1.30532164,1.1977410656895,16.5639423832996,24.0814641530204
"mu_t[11,10]",2.108052843,2.06466675,0.15813854621355,0.13656176709,1.90272952,2.38293822,1.73618064534784,1.65842459831508,14.564780577122
"mu_t[1,11]",1.15456393,1.15461075,0.019516028985196,0.01894866582,1.12435106,1.18753827,1.23065882534558,3.68660233168427,40.5548566509965
"mu_t[2,11]",-0.09934576136,-0.099763753,0.0200105380529857,0.0220276264593,-0.1311532085,-0.066592538,1.4082432907237,2.34447176132209,54.1460396039603
"mu_t[3,11]",1.299454015,1.29227195,0.0589275974836033,0.0590160049499998,1.22318156,1.41004414,1.16966454022234,7.56295834389321,21.5942744323791
"mu_t[4,11]",-0.2992107673,-0.25901437,0.098114993632056,0.055530138069,-0.483084024,-0.1964686995,1.36650408144129,3.11442974696421,14.2114666233555
"mu_t[5,11]",0.7510871822,0.75700164,0.0706739656024244,0.078573885936,0.637947526,0.858891383,1.75672468601874,1.63671422415436,18.7667560321715
"mu_t[6,11]",-2.107645331,-2.11469695,0.040869958661833,0.0405310964100002,-2.170308825,-2.040287945,1.32267891283847,3.43579756249512,16.4566484859884
"mu_t[7,11]",-1.383338402,-1.3491711,0.231519989198095,0.30743260317,-1.728380755,-1.122954985,2.1194233868749,1.40849910748161,21.0246288509397
"mu_t[8,11]",-0.4582021631,-0.44402772,0.169940106462379,0.246082681887,-0.6815562815,-0.1873906155,2.10775950832551,1.41826402324377,20.8492894221768
"mu_t[9,11]",-0.1576715671,-0.15187904,0.030418120966041,0.031925166798,-0.2040991835,-0.1102312,1.354477886582,2.79423117635862,30.6204069389591
"mu_t[10,11]",-1.379246575,-1.3751659,0.0432970233701093,0.04781555499,-1.450674295,-1.31159443,1.07796777647468,17.3014529266656,16.5219033232629
"mu_t[11,11]",2.1099141,2.071397,0.158052432500746,0.14135345616,1.9001513,2.386724435,1.73268794259303,1.65787486620337,14.7364875431569
"mu_t[1,12]",1.155373334,1.1572287,0.0181359847782082,0.01942294956,1.127873615,1.187651455,1.19769184682667,4.11909331104992,60.0313633245124
"mu_t[2,12]",-0.09888879428,-0.0985111835,0.0199671353461462,0.0187149880449,-0.1302702335,-0.06419105555,1.50443325351404,2.07431296120181,40.5548566509965
"mu_t[3,12]",1.299299837,1.289891,0.0592770096564839,0.05974485111,1.21863373,1.406495585,1.19031628985054,7.50898262910811,21.5942744323791
"mu_t[4,12]",-0.2996884089,-0.263240375,0.0974413039692486,0.0562282869959999,-0.479650182,-0.200663048,1.30754577351655,3.01953854295072,13.6750800968977
"mu_t[5,12]",0.7520867934,0.75894487,0.0701273137949347,0.077393291556,0.6354625885,0.8543116685,1.80940892065237,1.59855823715965,18.7667560321715
"mu_t[6,12]",-2.10607471,-2.1035016,0.0417037537654489,0.0507359804699999,-2.169990135,-2.03906334,1.27015071413136,4.21152861346852,19.8705575110707
"mu_t[7,12]",-1.383078731,-1.35070375,0.232213012906735,0.31415515635,-1.726134875,-1.112806365,2.1135730702909,1.41010940243137,21.0246288509397
"mu_t[8,12]",-0.4584329568,-0.437920345,0.168862211782397,0.242837329791,-0.6835092485,-0.1856929115,2.10485229908477,1.42339971595477,20.8492894221768
"mu_t[9,12]",-0.15549950264,-0.14689841,0.0309021439814035,0.030953908125,-0.2063330195,-0.1103174895,1.46942519979779,2.78069364431124,31.5226062118834
"mu_t[10,12]",-1.377776638,-1.37479355,0.0433847042445518,0.0514408085100001,-1.44127286,-1.31094614,1.10244019531945,18.4510991190429,16.5219033232629
"mu_t[11,12]",2.10825343,2.06992425,0.159167550402984,0.14342650161,1.904547375,2.38602206,1.73623364559491,1.64894040921699,14.7364875431569
"mu_t[1,13]",1.156174092,1.1589745,0.0180092773197071,0.0201641754300001,1.12840733,1.1829438,1.1630416515123,5.06668293712083,31.6824001034527
"mu_t[2,13]",-0.09845241571,-0.097323255,0.0206125823052167,0.0213067292592,-0.1324287865,-0.07049483325,1.58695796836778,1.88630346694028,33.4964862869487
"mu_t[3,13]",1.299036392,1.29285045,0.0573963396628572,0.06004218654,1.219958815,1.41056318,1.19095890711046,7.33866305237703,21.0246288509397
"mu_t[4,13]",-0.3009759369,-0.26143035,0.0963548875659621,0.053716421598,-0.481924979,-0.200000411,1.39352937942511,3.1049611163629,13.6750800968977
"mu_t[5,13]",0.7528530556,0.75434726,0.0717593558122773,0.0820845567149999,0.6384994115,0.8574478925,1.76775063639457,1.63496199310356,18.7667560321715
"mu_t[6,13]",-2.106083725,-2.107376,0.0417237124087485,0.0508457669999999,-2.161535705,-2.040199915,1.27583580281466,4.06465456385045,18.4074892184706
"mu_t[7,13]",-1.383835162,-1.34687275,0.230264239750277,0.30126847128,-1.729758685,-1.11385877,2.12237124974216,1.40670649146949,21.0246288509397
"mu_t[8,13]",-0.4592580852,-0.43587757,0.169272777472369,0.244184346021,-0.684348684,-0.195718185,2.10487140338074,1.42179406830117,20.8492894221768
"mu_t[9,13]",-0.15360987806,-0.147359555,0.0316268137128263,0.035722824459,-0.201036906,-0.1053342815,1.36387936369493,2.45536718633876,21.0246288509397
"mu_t[10,13]",-1.377173505,-1.37422455,0.0436631235157055,0.0507695613600001,-1.445888345,-1.30913133,1.08185459769165,19.2354185019688,16.5219033232629
"mu_t[11,13]",2.108331128,2.067565,0.159927693316454,0.14115678927,1.899607565,2.388044365,1.74181932871322,1.64922680790705,14.7364875431569
"mu_t[1,14]",1.158292184,1.15991985,0.0187102900485738,0.0189314676599998,1.129246715,1.189658905,1.2343800176052,3.63837702946905,37.7806563039723
"mu_t[2,14]",-0.09832721456,-0.0980586515,0.0215606886460954,0.0203123042199,-0.132785531,-0.05972112325,1.61757301383774,1.82520898533088,42.1527132583187
"mu_t[3,14]",1.298083817,1.29159725,0.055943401543658,0.05535035058,1.217761285,1.404737105,1.200029691613,7.48548519332621,21.0246288509397
"mu_t[4,14]",-0.3014305148,-0.261487065,0.096046033799004,0.0502489760219999,-0.4814746655,-0.1954450025,1.45323758297614,2.88433870921152,13.337107644068
"mu_t[5,14]",0.7526034234,0.757103095,0.070746621918392,0.083001344664,0.6344263095,0.855982016,1.82426251396396,1.58252449508105,18.7667560321715
"mu_t[6,14]",-2.105693431,-2.10676335,0.0416067689793834,0.0486541135500007,-2.162832675,-2.037734205,1.26662309122599,4.27380417265683,19.7606142728094
"mu_t[7,14]",-1.383421998,-1.34476965,0.229647782971615,0.3006979668,-1.727908485,-1.11344195,2.12532573889021,1.40771519129502,21.0246288509397
"mu_t[8,14]",-0.4612411077,-0.441838685,0.166844724381193,0.239228006808,-0.6843508305,-0.1949230975,2.10198961315682,1.42215395851595,20.8492894221768
"mu_t[9,14]",-0.15199436323,-0.148736325,0.0333659620035451,0.043680494634,-0.2008420775,-0.1018032265,1.45594021651083,2.11851111146006,21.0246288509397
"mu_t[10,14]",-1.37779404,-1.37810125,0.0440211304723979,0.04874054913,-1.448265735,-1.307420445,1.09115845215827,19.0458968167754,22.2986748216106
"mu_t[11,14]",2.108430152,2.0640847,0.160945698354698,0.14115745644,1.89831865,2.38877182,1.74377381504342,1.64373497914784,14.7364875431569
"mu_t[1,15]",1.159105651,1.1606067,0.0201607617213374,0.0155413544999999,1.12908573,1.201251835,1.282322294259,3.22683844533709,21.5942744323791
"mu_t[2,15]",-0.0977136359,-0.0981004675,0.0233934788535086,0.025484663442,-0.132343444,-0.05521452355,1.62190019250543,1.81957052552903,31.6824001034527
"mu_t[3,15]",1.296483404,1.29526415,0.0546814791307482,0.0580509806099999,1.222868955,1.40404324,1.14187940796363,7.62022668204259,26.8716958782109
"mu_t[4,15]",-0.3026554853,-0.263187115,0.0969645982922681,0.05310013443,-0.4833662345,-0.1972587645,1.34877110047292,2.7341059295861,13.337107644068
"mu_t[5,15]",0.7518760413,0.76044467,0.0695706245758778,0.078174302997,0.6364430925,0.851850477,1.81964277546438,1.58882205821337,18.7667560321715
"mu_t[6,15]",-2.103950197,-2.1047686,0.0410565994431251,0.0490266168000001,-2.16780238,-2.03243096,1.24254888630179,4.94170146750443,18.4074892184706
"mu_t[7,15]",-1.383459731,-1.35247355,0.228769411261572,0.31421668425,-1.73083499,-1.12099585,2.1164940600996,1.41347425917845,21.0246288509397
"mu_t[8,15]",-0.4609648381,-0.43750632,0.166695208824401,0.231438819297,-0.6864557835,-0.206374632,2.11066946374507,1.41616276553424,20.8492894221768
"mu_t[9,15]",-0.15073298296,-0.14646,0.0348036618592645,0.043655594367,-0.201010725,-0.09923869345,1.45477341388217,2.12057980765717,21.0246288509397
"mu_t[10,15]",-1.376725123,-1.37244305,0.044652588974113,0.05039839245,-1.44791808,-1.30903526,1.04437169569946,18.5699964312124,23.7384698860553
"mu_t[11,15]",2.107407545,2.06296145,0.161943826345518,0.14533683171,1.89685428,2.3884552,1.75695965398417,1.63406636495729,14.7364875431569
"mu_t[1,16]",1.159955373,1.1614963,0.0193904212624305,0.01715627655,1.129223275,1.197071925,1.27335069342071,3.67629030412763,25.9952465834819
"mu_t[2,16]",-0.09818925887,-0.101300165,0.0243469408313721,0.0273869370936,-0.1354173175,-0.05450473615,1.58778603872329,1.88294005825645,31.6824001034527
"mu_t[3,16]",1.296979023,1.2954127,0.0549057398559997,0.05408791668,1.222134295,1.39476104,1.1743579738866,7.3636498240143,21.0246288509397
"mu_t[4,16]",-0.3029035287,-0.26255698,0.0974385918199833,0.059453535036,-0.482412723,-0.198455474,1.39835919966,2.67972288091743,13.337107644068
"mu_t[5,16]",0.7518487448,0.76222029,0.0681725586304203,0.078873897459,0.6394973975,0.849989334,1.8160484379311,1.58885945659688,22.3185818135441
"mu_t[6,16]",-2.104380077,-2.10867445,0.042812433784454,0.0445149908699997,-2.18267717,-2.036205295,1.25812106752367,4.73197832893762,18.4074892184706
"mu_t[7,16]",-1.38288446,-1.3539386,0.228115837323865,0.31709189043,-1.726474715,-1.113470735,2.1164940600996,1.41199177370394,21.5942744323791
"mu_t[8,16]",-0.4620938148,-0.453825465,0.166834352755194,0.244395327414,-0.690721173,-0.2020629005,2.11066946374507,1.41622899809926,31.2859149533904
"mu_t[9,16]",-0.14809027788,-0.14435182,0.0355665979351312,0.048529886496,-0.2006462115,-0.0964566087,1.45726414719574,2.14000990820024,21.0246288509397
"mu_t[10,16]",-1.375037456,-1.37366035,0.0449819165804658,0.0512717179799998,-1.45209653,-1.30929574,1.04913435845965,19.3266094631053,22.2986748216106
"mu_t[11,16]",2.107763561,2.06204105,0.161620555376943,0.14613891831,1.903121845,2.39375453,1.76555854313588,1.6287889134981,17.6910634856449
"mu_t[1,17]",1.159542716,1.1578552,0.0190592070904143,0.01646990688,1.128135685,1.19036808,1.24858502939312,4.4767808730064,26.9877288449252
"mu_t[2,17]",-0.09825513522,-0.0997879155,0.0241817514294732,0.0245061785766,-0.1361903965,-0.0532080846,1.5836500607502,1.89393084821763,31.6824001034527
"mu_t[3,17]",1.296940895,1.2981745,0.0537904812052992,0.0568869172200001,1.21152397,1.393474975,1.1420214351092,7.29051920012982,25.9952465834819
"mu_t[4,17]",-0.3022133117,-0.263395905,0.0975347292325281,0.061299609252,-0.483997518,-0.199478906,1.36670322779826,2.64722319471208,13.337107644068
"mu_t[5,17]",0.7518432374,0.76081535,0.0696535475221197,0.075272728776,0.636984854,0.851409706,1.78474921914982,1.6171288522937,22.3185818135441
"mu_t[6,17]",-2.103556068,-2.10539245,0.0429585930139919,0.0491427785099997,-2.17420556,-2.033078945,1.26185564979189,4.46441955243281,19.8232895333031
"mu_t[7,17]",-1.383374426,-1.34801105,0.226838539457456,0.30035978574,-1.72544642,-1.116858935,2.11648026749089,1.40991467886685,21.0246288509397
"mu_t[8,17]",-0.4638709826,-0.45479074,0.166221683639428,0.232447061427,-0.6919275165,-0.209911079,2.11357671706322,1.41326650595014,26.3395544852498
"mu_t[9,17]",-0.14621532222,-0.138788175,0.0371415563466721,0.050224001625,-0.200059795,-0.0859699683,1.49469766429076,2.01918427829957,21.5942744323791
"mu_t[10,17]",-1.37203744,-1.3725649,0.0437409618416644,0.05114918109,-1.443486035,-1.304478435,1.03391371071657,18.3299566823592,22.2986748216106
"mu_t[11,17]",2.109774785,2.0684545,0.161346285782047,0.14639325834,1.911069445,2.394587185,1.75041629838953,1.64235159084196,17.5175175175175
"mu_t[1,18]",1.160701926,1.160862,0.0185526027187759,0.0176255194499997,1.131526285,1.19349435,1.28494058911456,4.19909371136606,25.9952465834819
"mu_t[2,18]",-0.09945556108,-0.0993959325,0.0231128018644881,0.0264384163155,-0.139198724,-0.0625675352,1.56324924870463,2.01728238239411,73.5691550057054
"mu_t[3,18]",1.29794351,1.2987197,0.0539422172948925,0.0612280441499999,1.212548935,1.39505393,1.10615844761412,7.04821014154188,42.1527132583187
"mu_t[4,18]",-0.3038911842,-0.263660115,0.0976934681822146,0.058717579809,-0.485608278,-0.1985859395,1.34650378421359,2.65023022255344,13.337107644068
"mu_t[5,18]",0.7512692087,0.75695238,0.0700125098882139,0.072319878834,0.635144364,0.855136698,1.71702840314046,1.68969415594209,22.3185818135441
"mu_t[6,18]",-2.102460245,-2.10471055,0.0423566215334528,0.0479374988399999,-2.166785165,-2.035731165,1.28744188161321,3.90136823272002,19.8232895333031
"mu_t[7,18]",-1.38255146,-1.34802605,0.226992380479165,0.29589708561,-1.725795375,-1.11839107,2.11649865093436,1.40629224272295,15.5555555555555
"mu_t[8,18]",-0.4641855294,-0.46590229,0.16623199178782,0.233386711068,-0.696091022,-0.211039474,2.10773761668199,1.42167568215176,20.8492894221768
"mu_t[9,18]",-0.14475854322,-0.139162075,0.0373951843352549,0.048774300519,-0.1972934275,-0.08352065655,1.51287675804614,2.02051776354629,22.2747522502046
"mu_t[10,18]",-1.370331134,-1.37123085,0.0440387428090019,0.05120055318,-1.44301442,-1.307612825,1.04628285232144,18.2492372497277,62.7936335791842
"mu_t[11,18]",2.109300784,2.06601795,0.162039439405224,0.14016040794,1.908882875,2.39610596,1.77994697370449,1.61510516019465,17.3113067563557
"mu_t[1,19]",1.162251745,1.1608645,0.0192776324261632,0.0200302966499999,1.131748805,1.194879555,1.4022151482063,2.8044100498447,37.3293515358361
"mu_t[2,19]",-0.09832826234,-0.100327505,0.0239543602811248,0.0266200185069,-0.134903661,-0.0607447393,1.55226966172825,2.07921141999335,31.6824001034527
"mu_t[3,19]",1.298008035,1.2941382,0.0547058233372808,0.0592309819499999,1.2144744,1.396220365,1.12091019246261,6.9547024427056,44.5810103703794
"mu_t[4,19]",-0.3039423654,-0.266970655,0.0973266825680508,0.068710296396,-0.4872332375,-0.199813086,1.35084236754629,2.46799222888703,13.4542938417775
"mu_t[5,19]",0.7514485281,0.76014867,0.0696751628911544,0.075839007846,0.6339179575,0.853531604,1.69884640845301,1.71491334652449,23.3177881412391
"mu_t[6,19]",-2.101984499,-2.10435925,0.0423607427133778,0.0485329851300001,-2.17198277,-2.037497915,1.26927734231181,4.18732566511215,18.4618630657242
"mu_t[7,19]",-1.382128652,-1.3497419,0.227152052088244,0.30288280029,-1.729456975,-1.11726716,2.12237124974216,1.40477192333918,14.7133008239448
"mu_t[8,19]",-0.4664113481,-0.463208545,0.164622225591566,0.227062962462,-0.7009473245,-0.222902289,2.10773761668199,1.42796797428526,26.3395544852498
"mu_t[9,19]",-0.14362013695,-0.13937053,0.0387177109639363,0.04976650833,-0.1968987735,-0.07961781125,1.56693631689078,1.93273370589262,21.5942744323791
"mu_t[10,19]",-1.36838786,-1.3688277,0.0433809793389553,0.0517566023100001,-1.438720565,-1.30436614,1.04421588538129,19.7689477234217,44.2325367647059
"mu_t[11,19]",2.108760253,2.06421205,0.1635296797378,0.15221913504,1.907467015,2.40166708,1.7914127951866,1.60229442232653,17.6162673646064
"mu_t[1,20]",1.161809346,1.16200845,0.0182341399352109,0.0171057198900001,1.132034675,1.189033345,1.39981867214152,2.7419402335434,29.9635545336692
"mu_t[2,20]",-0.09924116661,-0.10293823,0.023003897936466,0.0243191604474,-0.1341383885,-0.05406713745,1.48423063841811,2.34288473653679,31.2835180550589
"mu_t[3,20]",1.297445835,1.29510735,0.0553616046873778,0.0579422319000001,1.2154156,1.395578795,1.11760552177813,6.91518783231165,32.9939668174962
"mu_t[4,20]",-0.304445245,-0.266172295,0.0974153168524839,0.066851753514,-0.4816411145,-0.202501622,1.38598378677934,2.3166463616803,13.9109697933227
"mu_t[5,20]",0.7514054055,0.757001015,0.0702638385226887,0.0671713057049999,0.6294489945,0.857672988,1.67682695172156,1.73793798111558,34.0997661730318
"mu_t[6,20]",-2.102580496,-2.10642205,0.0423888534588129,0.0454697852700002,-2.168849955,-2.03902943,1.26627062773592,4.30469885513265,18.4618630657242
"mu_t[7,20]",-1.382717185,-1.34519105,0.22667238443599,0.29678938842,-1.725562175,-1.12170729,2.1194233868749,1.40737774096183,16.6097190584662
"mu_t[8,20]",-0.4679569894,-0.45371367,0.163757325165689,0.23199850821,-0.7036427345,-0.228201666,2.11065577493899,1.43195860938645,16.4458227610187
"mu_t[9,20]",-0.14313522531,-0.1420795,0.039041231481666,0.050056378869,-0.1954989905,-0.0751119444,1.58010419993066,1.89379723045504,21.5942744323791
"mu_t[10,20]",-1.366815142,-1.36791035,0.0439091171042022,0.0485946612899999,-1.437518155,-1.299753095,1.05751823699716,19.4020484976909,44.2325367647059
"mu_t[11,20]",2.109779734,2.0639594,0.162264185920092,0.14410849761,1.911880475,2.399054175,1.80302675168953,1.59177238048217,17.6162673646064
"mu_t[1,21]",1.163298219,1.16357605,0.0182561804106943,0.0194367377400002,1.13358565,1.19136615,1.43172370684523,2.31026811123191,33.6196723111123
"mu_t[2,21]",-0.09965894511,-0.101927495,0.0227263521045347,0.0204181826163,-0.133438564,-0.0590207397,1.4508217046039,2.37334735741492,31.6824001034527
"mu_t[3,21]",1.298042552,1.29943305,0.0561396028912313,0.0589173379200001,1.209733645,1.395123235,1.13813634352165,6.64323384257147,32.9939668174962
"mu_t[4,21]",-0.3054022016,-0.266971895,0.0969532225095852,0.068924339358,-0.4828537015,-0.2035087475,1.40438708288004,2.25419241585414,13.9109697933227
"mu_t[5,21]",0.7512093138,0.75838638,0.0709929186775914,0.0727698331079999,0.6349598835,0.8655601865,1.62356420097459,1.8120450679325,23.3177881412391
"mu_t[6,21]",-2.100826565,-2.10281225,0.0422283249694363,0.0483741245399994,-2.171509435,-2.037608825,1.23262917988903,5.0823380087442,22.2747522502046
"mu_t[7,21]",-1.382935007,-1.34387355,0.225913733479504,0.294029232,-1.728562745,-1.123346155,2.12532573889021,1.40503506628993,15.2705061082024
"mu_t[8,21]",-0.4703963147,-0.45120205,0.163040127915878,0.230642210904,-0.705975171,-0.2245515985,2.09618310707254,1.43619739518275,16.4026619177055
"mu_t[9,21]",-0.14035271167,-0.13992873,0.0396022685197568,0.047678303295,-0.1946983775,-0.0690162589,1.61627575291245,1.8266207637592,21.5942744323791
"mu_t[10,21]",-1.364932577,-1.3650534,0.0441041339820365,0.04812393579,-1.441018485,-1.29810686,1.05078366104294,19.5786837269656,44.2325367647059
"mu_t[11,21]",2.109583924,2.0667961,0.162155903059798,0.14677169199,1.90680791,2.401982795,1.82557551723151,1.57223068942876,17.6162673646064
"mu_t[1,22]",1.164840096,1.16225035,0.0197335515159822,0.0215159359799999,1.13216012,1.196048345,1.54824509888064,1.94396052505095,22.2747522502046
"mu_t[2,22]",-0.10045207244,-0.104667995,0.0221799167815625,0.0198476492256,-0.132744253,-0.0612924849,1.35848801286318,2.8666854404357,27.5894687056597
"mu_t[3,22]",1.297706809,1.29666025,0.0573517621218831,0.0582085068600001,1.20411064,1.40072113,1.17073385296442,6.5000601140925,43.6009559160014
"mu_t[4,22]",-0.3064272664,-0.2686791,0.0973065331238655,0.067647020154,-0.484339114,-0.20070947,1.41369897829804,2.21818114102278,16.4458227610187
"mu_t[5,22]",0.7517132987,0.75652582,0.0714689317458805,0.067240824819,0.631422674,0.866825412,1.58760860932287,1.86754257992834,42.434529582929
"mu_t[6,22]",-2.101202127,-2.10579745,0.0423477443362913,0.0444321135299997,-2.180990275,-2.03824713,1.22214099652521,5.49284967613802,19.4986072423398
"mu_t[7,22]",-1.384509283,-1.3433465,0.224394770514947,0.28436987061,-1.73042857,-1.122137875,2.12532573889021,1.40585216182139,14.374897322162
"mu_t[8,22]",-0.4707670274,-0.44305651,0.162720280393574,0.223253191959,-0.7055010295,-0.2401549615,2.09907961343236,1.43104421438608,16.4458227610187
"mu_t[9,22]",-0.13850712696,-0.140496745,0.0413587560969281,0.051862437711,-0.1961577845,-0.06922451625,1.64811734648072,1.7921226793724,21.0246288509397
"mu_t[10,22]",-1.36527148,-1.3631516,0.0442242327960793,0.0493285482899998,-1.44233324,-1.2953036,1.0285015856856,20.4873279870524,44.2325367647059
"mu_t[11,22]",2.110147323,2.0639155,0.161857672859335,0.14564751054,1.91396325,2.40425305,1.8319236167227,1.57266820623735,17.6162673646064
"mu_t[1,23]",1.165713688,1.16365345,0.0198151511283882,0.0196325150699999,1.132989595,1.196884125,1.50943522612327,2.03473794790742,27.8941615812004
"mu_t[2,23]",-0.09837016457,-0.103640135,0.0242106873366701,0.0212030302848,-0.130520625,-0.0543531099,1.36457962500144,2.80385690359995,27.5287085103035
"mu_t[3,23]",1.298943159,1.30209555,0.0582203477156287,0.0619345771799999,1.203574715,1.39846799,1.12257835352948,6.13403403496342,21.5942744323791
"mu_t[4,23]",-0.3061535772,-0.267962805,0.0965470580904887,0.065112167043,-0.4837607505,-0.2069522835,1.45295504762182,2.11043484308993,16.4458227610187
"mu_t[5,23]",0.7513469291,0.757160755,0.0710431116553301,0.071476175652,0.6328142275,0.863790109,1.61255500572162,1.83004379093823,23.3177881412391
"mu_t[6,23]",-2.102205846,-2.10391495,0.0430132351148145,0.0438158708399999,-2.175027,-2.036893895,1.20232561450207,6.49024263732874,22.2747522502046
"mu_t[7,23]",-1.383797421,-1.3456464,0.223734078065114,0.28872130161,-1.728719945,-1.125656685,2.12532573889021,1.40757321182832,16.2428067570076
"mu_t[8,23]",-0.4721984554,-0.44316291,0.161163468086839,0.219903242433,-0.7044906525,-0.2378018695,2.09618310707254,1.43344333028689,16.4458227610187
"mu_t[9,23]",-0.13810888389,-0.137949585,0.0403396785910407,0.049262357613,-0.1941286575,-0.07480653595,1.65375709299248,1.80036479977286,21.0246288509397
"mu_t[10,23]",-1.364024209,-1.3649975,0.0445726840371768,0.0504599944799999,-1.44255293,-1.294599725,1.02250201162009,19.121992898111,44.2325367647059
"mu_t[11,23]",2.110479923,2.06040405,0.161908610889057,0.1464304716,1.914049485,2.40413936,1.81781718165611,1.58549975707411,17.371451260671
"mu_t[1,24]",1.166966642,1.1626183,0.0213604589481025,0.0210686355599999,1.13504626,1.19990323,1.50033488966602,2.04199988041298,32.9939668174962
"mu_t[2,24]",-0.09879508554,-0.105416455,0.0235137898219022,0.0182388503136,-0.128224216,-0.05229905505,1.3279461678927,2.96895756303418,27.5287085103035
"mu_t[3,24]",1.299335529,1.2982989,0.0589923155599037,0.0638858270400003,1.20629095,1.40174726,1.15872252803951,6.18136492504218,22.2747522502046
"mu_t[4,24]",-0.3067809181,-0.27051014,0.0973189480164804,0.069557676426,-0.484239406,-0.206543184,1.49393263700353,2.01570994844977,14.6186617659343
"mu_t[5,24]",0.7521375753,0.75704297,0.0709044923670348,0.0686370559560001,0.6338373015,0.8583280175,1.6368478629293,1.78864751192521,22.6830848995463
"mu_t[6,24]",-2.102433662,-2.10241835,0.0437621705879639,0.04255699518,-2.18616013,-2.03825154,1.24241644612702,5.20137767404505,19.4986072423398
"mu_t[7,24]",-1.383820692,-1.34136785,0.222885761958781,0.28281491973,-1.723627645,-1.127376365,2.12532573889021,1.41292605352146,21.0246288509397
"mu_t[8,24]",-0.4745496204,-0.447667615,0.159821924938729,0.213031939995,-0.705004558,-0.2376730615,2.09044508205044,1.43910644593754,16.4458227610187
"mu_t[9,24]",-0.13763865049,-0.13947236,0.0397810193790895,0.046008777087,-0.1930619095,-0.0691378112,1.6445171110372,1.82136630914411,21.0246288509397
"mu_t[10,24]",-1.363078322,-1.36217035,0.0457581833265679,0.05036718372,-1.444846865,-1.28421579,0.996840222745796,18.8096907249106,58.9391161255239
"mu_t[11,24]",2.111464168,2.063097,0.160872454627774,0.13703923842,1.91217129,2.40597494,1.82725761809867,1.57445184721252,29.7214673913043
"mu_t[1,25]",1.169046356,1.1661995,0.0224865826808677,0.0263225993099999,1.13501449,1.20638998,1.56399879382218,1.87781375309405,15.233286908078
"mu_t[2,25]",-0.10016968273,-0.10781624,0.0220290383283357,0.016011509199,-0.124438894,-0.05793046035,1.26173713922723,3.48035605556637,16.913114912535
"mu_t[3,25]",1.298096833,1.2987986,0.0581521869208509,0.06629660877,1.20889059,1.392562925,1.13997865155729,5.84594315706437,22.1996701763288
"mu_t[4,25]",-0.3067892051,-0.269418465,0.0969991000212089,0.068699503068,-0.4868672485,-0.203241512,1.53301744800634,1.92711181577135,14.6186617659343
"mu_t[5,25]",0.7515168094,0.75485476,0.0706219823667861,0.066008710089,0.6367630495,0.867235564,1.60768609561955,1.84890928767782,21.6986980781152
"mu_t[6,25]",-2.101792189,-2.1068653,0.0425806078371006,0.0417659539500002,-2.171769305,-2.035303995,1.268198692723,4.58000921619757,19.4986072423398
"mu_t[7,25]",-1.384250137,-1.341341,0.221526255645647,0.27861404676,-1.72541077,-1.13699454,2.12532573889021,1.41904567043189,21.0246288509397
"mu_t[8,25]",-0.476088312,-0.44914002,0.158911474818721,0.209173562451,-0.70838957,-0.2284507585,2.09612835265111,1.43538742539748,16.4458227610187
"mu_t[9,25]",-0.13716968045,-0.140510165,0.0400322033153347,0.046476559626,-0.1966944905,-0.07129087455,1.64355253614006,1.83956282673688,22.2747522502045
"mu_t[10,25]",-1.362215367,-1.3586593,0.0464506074645996,0.0478652962200001,-1.44423311,-1.289979715,0.991933597788799,18.0218761802582,44.2325367647059
"mu_t[11,25]",2.11207498,2.0620737,0.160963460610847,0.14182299558,1.91337916,2.40575863,1.83026611460005,1.57752649489639,29.7214673913043
"mu_t[1,26]",1.1714293,1.1685569,0.0231132204980639,0.02463406617,1.13740338,1.21339179,1.67551084460561,1.75362055163398,21.5942744323791
"mu_t[2,26]",-0.10006222462,-0.10609896,0.0225540051226819,0.0197407211484,-0.1265756285,-0.0593206084,1.23162622070238,3.88182222668826,16.4566484859883
"mu_t[3,26]",1.299124944,1.30095845,0.059699328762447,0.0684692849399998,1.20830882,1.39625023,1.11959555631428,6.22618730368892,40.5548566509965
"mu_t[4,26]",-0.3061385007,-0.26837978,0.0982371263863403,0.0711176236679999,-0.48528619,-0.198476317,1.56211272804015,1.87119551649643,13.4253931722286
"mu_t[5,26]",0.7510522914,0.75712751,0.0704127075851087,0.064817188947,0.6395792755,0.8614749695,1.58215971800476,1.88474004739498,22.6830848995463
"mu_t[6,26]",-2.100967387,-2.10608595,0.0424861204921973,0.0452874254700001,-2.171064655,-2.034286815,1.26699657635224,4.67427637457058,19.4986072423398
"mu_t[7,26]",-1.38466066,-1.3457114,0.220091812473633,0.27363362271,-1.72237061,-1.128163945,2.12828874524841,1.41783907285968,21.0246288509397
"mu_t[8,26]",-0.4769094966,-0.452704295,0.158132764461577,0.208428778341,-0.709805957,-0.2266444505,2.09018028891807,1.43573716132348,20.8492894221768
"mu_t[9,26]",-0.13631420132,-0.138199215,0.0401290452007554,0.048858645633,-0.192925389,-0.0687628167,1.67360463442838,1.78113341381854,24.3582350718816
"mu_t[10,26]",-1.361129083,-1.3629478,0.0474291648633982,0.0533733034800004,-1.44549873,-1.28698368,0.991860579121905,17.5984967451819,44.2325367647059
"mu_t[11,26]",2.113570973,2.0634042,0.161400801162683,0.14266703976,1.91526255,2.409741535,1.80412303931435,1.59764509336027,40.5548566509965
"mu_t[1,27]",1.17300817,1.1673546,0.0266360585286357,0.02906904168,1.13734119,1.219749515,1.60949914361394,1.91284914297106,34.4188137450479
"mu_t[2,27]",-0.09964894797,-0.10533226,0.0221584299382883,0.016666240185,-0.1250084575,-0.06190511275,1.26301626860699,3.32392025203343,26.8487266032525
"mu_t[3,27]",1.298074876,1.2997626,0.0592617948683791,0.0709271392200001,1.211922225,1.39378554,1.13931034735928,5.69476724765829,24.3582350718816
"mu_t[4,27]",-0.3074215297,-0.271060425,0.0981585746664432,0.071420125959,-0.4854876935,-0.198801306,1.53002471243786,1.93624876537278,14.6186617659343
"mu_t[5,27]",0.7518573037,0.75829217,0.0702072024549345,0.0684682990109999,0.639671916,0.872679379,1.61479957834347,1.83796261947561,29.7944789006445
"mu_t[6,27]",-2.099678501,-2.10313265,0.0422359874215154,0.0430634513400001,-2.172200165,-2.03169834,1.26228521552643,4.80764668681863,19.4986072423398
"mu_t[7,27]",-1.386488663,-1.3477397,0.218005437179722,0.27801114747,-1.717841585,-1.139625955,2.12828874524841,1.41553025250445,21.0246288509397
"mu_t[8,27]",-0.4781202182,-0.453400325,0.156397849534003,0.202553597778,-0.7104388325,-0.240738839,2.09907961343236,1.4299293231625,20.8492894221768
"mu_t[9,27]",-0.1376153484,-0.1372558,0.0387835754144576,0.044967191283,-0.195545611,-0.07035630425,1.6404363197583,1.82205201296381,24.3582350718816
"mu_t[10,27]",-1.359374049,-1.3561528,0.0477677082169693,0.04953974466,-1.444666925,-1.28327785,0.990260860180978,17.3997552989258,44.2325367647059
"mu_t[11,27]",2.114577232,2.06403235,0.161482159538608,0.14385134064,1.912549835,2.407874055,1.78313599658963,1.61091568064848,17.5914756735022
"mu_t[1,28]",1.173159814,1.16561645,0.0261606687851489,0.0248727647699999,1.138830815,1.218949525,1.68346464835246,1.7693588792192,25.1953928424516
"mu_t[2,28]",-0.10068932315,-0.105619385,0.0218065521374915,0.020063128827,-0.128480653,-0.0675739242,1.20311413466291,3.95289246107483,36.015641078411
"mu_t[3,28]",1.297069806,1.3031648,0.0590377790564888,0.07177333317,1.21293333,1.3924585,1.15496821829854,5.29092330678547,24.3582350718816
"mu_t[4,28]",-0.3081255808,-0.274657705,0.0975058824985786,0.071898931629,-0.484173056,-0.197729129,1.53377549726264,1.92774398785522,28.1486247386198
"mu_t[5,28]",0.7519344592,0.755079465,0.0697788053668632,0.0686426675969998,0.640423597,0.869516321,1.5428901683212,1.97006895944466,42.434529582929
"mu_t[6,28]",-2.098978548,-2.1030262,0.0417939773031312,0.0418830052200002,-2.17073877,-2.03009893,1.24184926651697,5.53203021841704,17.7538804910216
"mu_t[7,28]",-1.387555924,-1.3454444,0.21675635572332,0.26733116424,-1.71870864,-1.13033485,2.12532573889021,1.41922810351594,21.0246288509397
"mu_t[8,28]",-0.478157314,-0.46150645,0.15614466495393,0.208341201159,-0.706632643,-0.2327860125,2.08755151664462,1.43737581344251,16.5766789807711
"mu_t[9,28]",-0.13830776328,-0.138073235,0.0374005992505753,0.042058211475,-0.1991941035,-0.0773721515,1.64295417545083,1.8139448778367,21.0246288509397
"mu_t[10,28]",-1.360188935,-1.35423665,0.0476465565954085,0.0457215307499999,-1.44644929,-1.28771336,0.990457397819758,16.65206790504,37.5549801362088
"mu_t[11,28]",2.114816153,2.0672574,0.162103958586162,0.14296333737,1.91504168,2.41172731,1.80007961234188,1.60204219161497,29.7214673913043
"mu_t[1,29]",1.176541781,1.1678084,0.0294973736706542,0.0293786826899999,1.13971933,1.230517615,1.69938163267103,1.75108884088544,23.7730210172913
"mu_t[2,29]",-0.10206138649,-0.10602504,0.0217845680961142,0.020873629182,-0.1313411625,-0.06965648085,1.16967000431832,4.89167426357502,54.8564568994389
"mu_t[3,29]",1.296822906,1.3042026,0.0601826464689232,0.0707815479,1.20959503,1.402189405,1.17339037939679,4.73328161157256,36.1805186366589
"mu_t[4,29]",-0.3073081815,-0.277470805,0.0986724066349061,0.080824917516,-0.4793324625,-0.190735391,1.5712373588717,1.86421844024855,28.1486247386198
"mu_t[5,29]",0.7523001599,0.755680465,0.0690182919923088,0.06680766099,0.6431799205,0.86700192,1.510474748219,2.04860242405021,39.4855595667868
"mu_t[6,29]",-2.097851178,-2.102218,0.0423866883738651,0.0470385243299996,-2.16944636,-2.02544784,1.24493235509825,5.11517015289309,17.7538804910216
"mu_t[7,29]",-1.38773109,-1.34711985,0.2160926652119,0.26557969473,-1.715691745,-1.13440372,2.12237401715723,1.41958637470509,21.0246288509397
"mu_t[8,29]",-0.4789595775,-0.46708576,0.155275785208901,0.204745228989,-0.7083990805,-0.2258924435,2.08761080743073,1.43991767028409,16.5766789807711
"mu_t[9,29]",-0.13914670257,-0.14249742,0.0371885199960181,0.03963093582,-0.1972079255,-0.07723949485,1.59827639957466,1.89249148236356,21.0246288509397
"mu_t[10,29]",-1.359551625,-1.3588713,0.0485079946644628,0.0550191377399997,-1.444788835,-1.28253946,0.990692826323698,16.1936354402008,37.5549801362088
"mu_t[11,29]",2.115816792,2.07239005,0.16242810111606,0.14732803764,1.91569673,2.413644025,1.82624628621921,1.57533576495188,29.7214673913043
"mu_t[1,30]",1.177988432,1.16744875,0.0303209665757817,0.0291044016900001,1.141382335,1.228173205,1.73285536287682,1.70798525761561,21.5942744323791
"mu_t[2,30]",-0.10263038963,-0.10485409,0.0210983698082816,0.0238378269444,-0.1316118435,-0.06987991465,1.24771799988755,6.0550910723423,55.5782405516991
"mu_t[3,30]",1.296912235,1.2998833,0.0601110210511113,0.0740235493200001,1.209591975,1.40070246,1.1737946819153,4.90493981502775,30.4787022292993
"mu_t[4,30]",-0.3077918814,-0.276335345,0.0980257665973094,0.075451396902,-0.481657647,-0.1924777075,1.57324061479038,1.86043124077884,18.3265263378364
"mu_t[5,30]",0.7518952512,0.75228764,0.0687239914926589,0.065267602827,0.641971345,0.8638821095,1.49957283553156,2.07825640144054,26.5634486945961
"mu_t[6,30]",-2.096970613,-2.1056823,0.0406845647478072,0.04296233802,-2.156225855,-2.026502525,1.22975780188518,5.36394671585913,18.2996967478824
"mu_t[7,30]",-1.389047183,-1.34553615,0.214678446981083,0.25760923713,-1.715632005,-1.13616059,2.1194233868749,1.42490376157825,21.0246288509397
"mu_t[8,30]",-0.4794398284,-0.474558695,0.154046522523583,0.204820663677,-0.705031571,-0.223105505,2.09048875232224,1.43434196920993,16.4458227610187
"mu_t[9,30]",-0.13865222312,-0.14129357,0.0372067834325048,0.041582615634,-0.192604927,-0.07979597085,1.55259101296807,1.98245916190408,21.0246288509397
"mu_t[10,30]",-1.358687477,-1.3589147,0.0482391792825198,0.0570756522000003,-1.445660105,-1.27549027,0.990734168014416,16.2966659682736,37.5549801362088
"mu_t[11,30]",2.116172148,2.0726249,0.161925996445722,0.14584091571,1.91645755,2.415088865,1.82643576198649,1.57412298663533,17.5914756735022
"mu_t[1,31]",1.181321189,1.17474765,0.0323644259354073,0.03417474543,1.14280173,1.236524345,1.87159643682532,1.56456942691992,31.6824001034527
"mu_t[2,31]",-0.10268427788,-0.10433589,0.0210914728819531,0.0217291946466,-0.132153247,-0.06464143455,1.28615503772916,6.41652422475185,42.4389398926035
"mu_t[3,31]",1.297806503,1.3020015,0.0624076800042755,0.08117983713,1.20945073,1.39822613,1.16941382697392,5.02752988449252,30.4787022292993
"mu_t[4,31]",-0.3086063239,-0.2818835,0.0973518704498988,0.078501675903,-0.4821103955,-0.200167927,1.56507345329663,1.87551935002343,16.9820475497331
"mu_t[5,31]",0.7514913119,0.754052735,0.0691913385027871,0.0674059493940001,0.6434685475,0.8674164085,1.46072883884043,2.20262161109632,21.6986980781152
"mu_t[6,31]",-2.096201974,-2.10401025,0.0397177125762171,0.0444650272499999,-2.15364788,-2.027253085,1.20488878813193,6.35344266477918,19.3327441449403
"mu_t[7,31]",-1.389036124,-1.34646415,0.213677936561118,0.25324023732,-1.719412695,-1.14153655,2.1164940600996,1.42823636805877,21.0246288509397
"mu_t[8,31]",-0.4797276922,-0.477705505,0.152625459971229,0.205456491513,-0.698270575,-0.223597962,2.08761080743073,1.43473955470236,16.5766789807711
"mu_t[9,31]",-0.13796745127,-0.140369895,0.0373490069349546,0.044165445681,-0.193405366,-0.0808611778,1.55614364343306,1.97030135838988,13.0538564821722
"mu_t[10,31]",-1.356131464,-1.35450565,0.0490692091470679,0.05104117368,-1.445496765,-1.271922605,1.00822950648355,15.6000539029945,37.5549801362088
"mu_t[11,31]",2.116511212,2.07617615,0.16107755654443,0.1546885536,1.9169788,2.41299248,1.79786986878058,1.60182278752755,26.6200182537267
"mu_t[1,32]",1.183856943,1.17561185,0.0338132764756036,0.0376338736199998,1.139988155,1.23745299,1.93442171949862,1.52143294863467,60.0313633245124
"mu_t[2,32]",-0.10374219863,-0.108785425,0.0218740669811918,0.018179070399,-0.134052635,-0.05939979205,1.17268340511672,5.41640700011351,48.4074922943175
"mu_t[3,32]",1.296768635,1.298918,0.0645334819312188,0.0818685789599999,1.205289775,1.403122145,1.17037180242296,4.86450219112831,24.8968558827713
"mu_t[4,32]",-0.3094048173,-0.283116055,0.0975916251816399,0.076273127952,-0.484361926,-0.2002590725,1.53968744870517,1.92017112880375,21.8695326168457
"mu_t[5,32]",0.7500995568,0.746258315,0.0686208638293896,0.0624583352820001,0.644262456,0.867232166,1.44600509386306,2.270553310565,15.7416569218314
"mu_t[6,32]",-2.094496174,-2.10042405,0.0385295117597481,0.04560707403,-2.150880105,-2.029355025,1.19319343887832,7.40655369329206,31.0890033753774
"mu_t[7,32]",-1.389662026,-1.3412032,0.213290705596516,0.24896056416,-1.722734405,-1.144070945,2.11648026749089,1.43247780623861,21.0246288509397
"mu_t[8,32]",-0.4808626882,-0.47472867,0.15242211329146,0.203856869895,-0.6992420415,-0.219752807,2.09051053855382,1.43080120416021,16.5766789807711
"mu_t[9,32]",-0.13904135149,-0.138800215,0.0370094078054316,0.039479962662,-0.1965460985,-0.076648196,1.55633820317126,1.95641218764414,13.0538564821722
"mu_t[10,32]",-1.356218747,-1.3552046,0.050043150503394,0.05466531525,-1.442747455,-1.27489127,1.0116450124366,15.1033098662533,37.5549801362088
"mu_t[11,32]",2.117908334,2.07742175,0.161023700513482,0.1436572683,1.915163665,2.41476021,1.7644392234132,1.62568910449479,44.884947970101
"mu_t[1,33]",1.186412584,1.1788991,0.0342069002480279,0.0424623311699999,1.141373965,1.238166205,1.96788533993935,1.50149225118506,32.9939668174962
"mu_t[2,33]",-0.1044982125,-0.109979265,0.0228749416244991,0.0222975389784,-0.136873642,-0.06344615765,1.29650843128339,7.03834006467294,20.6246317030053
"mu_t[3,33]",1.297434664,1.2977636,0.0639977037527895,0.07738934784,1.20385445,1.402767045,1.17224817979592,4.75807070679821,31.6824001034527
"mu_t[4,33]",-0.3094038338,-0.27822819,0.0973878780535706,0.068834419668,-0.4882424115,-0.194571331,1.55587713088085,1.9041235598504,21.0246288509397
"mu_t[5,33]",0.7485647907,0.742452965,0.068769165707406,0.0674079360780001,0.642507516,0.864079786,1.40512613056768,2.41163807600018,15.7416569218314
"mu_t[6,33]",-2.095048142,-2.09930805,0.0384536874554187,0.0453145570500001,-2.14704523,-2.030901765,1.24072450966456,7.64960065379433,24.6756909193457
"mu_t[7,33]",-1.389702386,-1.35596105,0.213221948937492,0.26566627857,-1.73097821,-1.142280535,2.11356206582987,1.42873324129363,21.0246288509397
"mu_t[8,33]",-0.4806739935,-0.473451835,0.151465587313744,0.202296040506,-0.698171494,-0.2320989435,2.08761080743073,1.43276482648497,16.5766789807711
"mu_t[9,33]",-0.14028997645,-0.144301495,0.0368926661245407,0.038856685035,-0.1966169645,-0.079087469,1.4916144187185,2.07274534096321,21.0246288509397
"mu_t[10,33]",-1.354909392,-1.3502625,0.0501218866677934,0.0515665329899999,-1.443374045,-1.28015453,1.00713387629872,15.4880336068095,58.9391161255239
"mu_t[11,33]",2.118668445,2.07409955,0.160726091469908,0.13762353108,1.915314655,2.41479388,1.74585599969555,1.64307433153777,45.7499253062444
"mu_t[1,34]",1.18705942,1.189866,0.0338969995661098,0.0482040703199999,1.1455897,1.238253565,1.99638893640975,1.50786364983221,48.4074922943175
"mu_t[2,34]",-0.10372980294,-0.11014756,0.0233999573170848,0.0216913038384,-0.136180064,-0.0656435569,1.28845046684234,6.84340921818986,30.6204069389592
"mu_t[3,34]",1.296482312,1.2942086,0.0643645195791596,0.0783678638400001,1.20688856,1.407971025,1.17426431527269,4.76398462783569,40.5548566509965
"mu_t[4,34]",-0.3103931369,-0.281560855,0.097341558133513,0.076909793457,-0.4886419385,-0.1920127725,1.53652923212169,1.94341915044678,14.1311369509044
"mu_t[5,34]",0.7480768363,0.74467357,0.0694119603196294,0.0611067674699999,0.641926642,0.8741951215,1.39660193078148,2.46640886719002,15.7416569218314
"mu_t[6,34]",-2.094203585,-2.0994855,0.0387047604790611,0.04484916891,-2.14545072,-2.03114701,1.21757402060212,8.14819412820842,24.6756909193457
"mu_t[7,34]",-1.389023462,-1.357333,0.213340814710996,0.27036308124,-1.72879343,-1.137705015,2.11356206582987,1.4303405793076,21.0246288509397
"mu_t[8,34]",-0.4798080478,-0.47010075,0.152662299755867,0.198140972463,-0.697805265,-0.231235084,2.09333375669303,1.42835185196468,16.5766789807711
"mu_t[9,34]",-0.14006162734,-0.14373812,0.0365145711815523,0.039956322042,-0.1940490385,-0.0751669599,1.47570458115073,2.12439252285292,13.3252112997792
"mu_t[10,34]",-1.353526022,-1.35258725,0.0499321156492251,0.04836337569,-1.44346176,-1.271895595,0.996356659246531,15.3284694939006,58.9391161255239
"mu_t[11,34]",2.118690554,2.0696688,0.16083651330574,0.128028292139999,1.910705755,2.415304645,1.73259621500725,1.66091508024023,36.0760984803864
"mu_t[1,35]",1.187476638,1.18954745,0.0339851392153931,0.05195497419,1.144142455,1.23696721,1.99418882274162,1.53144421755583,30.6204069389591
"mu_t[2,35]",-0.10477990057,-0.111473045,0.0241060192173784,0.021336066948,-0.134313457,-0.05910400085,1.23722480571545,6.97993635349992,15.5265726199982
"mu_t[3,35]",1.29681601,1.29363675,0.0642222302536342,0.07912398984,1.209588035,1.41577739,1.18381585212002,4.47635088557688,40.5548566509965
"mu_t[4,35]",-0.3091669756,-0.282603885,0.0970998650477889,0.080429849094,-0.485683879,-0.194987744,1.56142515430875,1.90626509827748,15.3927346292549
"mu_t[5,35]",0.7481170158,0.74246693,0.0700551904969648,0.0613583498640001,0.6436921585,0.8691728465,1.42143873062576,2.34800506440671,15.7416569218314
"mu_t[6,35]",-2.0950646,-2.10354955,0.0385191243808904,0.0445322631600004,-2.14327326,-2.03356115,1.20531055421976,7.9426410389561,18.2996967478824
"mu_t[7,35]",-1.390917099,-1.35896775,0.211419878970775,0.26235474321,-1.731728425,-1.137675605,2.10770465878933,1.43306038000889,21.0246288509397
"mu_t[8,35]",-0.47964887,-0.467338075,0.152812309219302,0.20498761185,-0.7002592715,-0.2414878285,2.09910413605962,1.42599094240865,16.5766789807711
"mu_t[9,35]",-0.14028896066,-0.145625555,0.0373165470211821,0.035128969029,-0.1943044735,-0.0717086784,1.43851190686821,2.3067244600649,13.3252112997792
"mu_t[10,35]",-1.353130025,-1.3534696,0.0498306029455256,0.05246943639,-1.442235805,-1.269198605,0.994406537007472,15.9736571082418,62.9342719516312
"mu_t[11,35]",2.11816899,2.07337575,0.161427297645396,0.13394883285,1.90077055,2.412061275,1.73264307186249,1.65990656442288,27.9910428662827
"mu_t[1,36]",1.189075084,1.1920701,0.0345163814713844,0.04741050867,1.14386227,1.24121154,2.0276890607182,1.49270216551105,30.4824943389652
"mu_t[2,36]",-0.10431303625,-0.108686285,0.0247318873987905,0.0224011274991,-0.1375871875,-0.05979189215,1.31969279295134,6.6796716204009,21.0058816468611
"mu_t[3,36]",1.297290116,1.2955032,0.0650235604405216,0.0841651263600002,1.208249865,1.41157192,1.17854919074883,4.54523031057512,42.4389398926035
"mu_t[4,36]",-0.3096624819,-0.28036261,0.096502009479363,0.07703278254,-0.484255012,-0.194085049,1.54506839704836,1.93498230638865,14.1311369509044
"mu_t[5,36]",0.747718918,0.74149073,0.0687474633380829,0.060752559504,0.6422965115,0.8710084655,1.42803243269027,2.34249157102446,15.7416569218314
"mu_t[6,36]",-2.094993361,-2.1024503,0.0380348529742539,0.0425355716099999,-2.14463699,-2.029382365,1.17470444278189,8.53585932538957,18.2996967478824
"mu_t[7,36]",-1.392587778,-1.3611579,0.209448994399959,0.25840442964,-1.730795305,-1.1429271,2.10770465878933,1.43373966765965,21.0246288509397
"mu_t[8,36]",-0.4801944516,-0.46383907,0.152998039470566,0.20525344203,-0.701343213,-0.2364785515,2.10775950832551,1.42252765513294,16.5766789807711
"mu_t[9,36]",-0.13887234456,-0.14010567,0.0377571520704287,0.041430500874,-0.193871473,-0.06855764925,1.45510525335708,2.22622669896511,13.3252112997792
"mu_t[10,36]",-1.352719397,-1.35742285,0.0497889548558784,0.0551286277499998,-1.435047105,-1.270623705,0.996022659241844,15.8294521954989,35.7288689260923
"mu_t[11,36]",2.11785566,2.0724788,0.162528035616697,0.13720988568,1.89293885,2.409883225,1.72237002262792,1.67213594771145,27.9910428662827
"mu_t[1,37]",1.191752771,1.1861586,0.0365780306641615,0.04825366329,1.1455222,1.243829935,1.99026631221046,1.53337148442334,45.7499253062444
"mu_t[2,37]",-0.10531380485,-0.10706197,0.0247638666628047,0.0249993091278,-0.138483873,-0.0568445082,1.22502580728825,6.84661538899936,23.5468245425188
"mu_t[3,37]",1.296584103,1.2939028,0.0657553352807706,0.08610095718,1.20410539,1.403353255,1.17167633258119,4.69415219779626,31.6824001034527
"mu_t[4,37]",-0.3102216951,-0.280648615,0.0959689479085066,0.076437674313,-0.4821766965,-0.2004992525,1.53066169734984,1.95534695676711,14.576045310678
"mu_t[5,37]",0.7480314811,0.742651225,0.0687390112736399,0.0625864764,0.644126533,0.8765924545,1.43049512656194,2.31176862774338,21.6986980781152
"mu_t[6,37]",-2.095060522,-2.1023833,0.0383686907390019,0.0443327052000001,-2.146660625,-2.028640745,1.21423602951941,8.82563937510228,18.2729455988305
"mu_t[7,37]",-1.393478417,-1.36024895,0.208594983575244,0.26516760606,-1.720707975,-1.15875975,2.10481675957775,1.42710531908415,21.0246288509397
"mu_t[8,37]",-0.4794876736,-0.45382055,0.153377524171419,0.196344491217,-0.6925400595,-0.2308383465,2.10485229908477,1.42554050397708,16.5766789807711
"mu_t[9,37]",-0.13854936763,-0.140172395,0.0371796746524078,0.039080527983,-0.1959288265,-0.06890254855,1.43427917326144,2.2718617325046,13.6900571070954
"mu_t[10,37]",-1.352160095,-1.3536101,0.051339243536272,0.0526729232400001,-1.438276685,-1.271479685,0.995889772374474,16.1550027817553,51.556342412722
"mu_t[11,37]",2.116940927,2.0741342,0.163320233992597,0.14504594559,1.89787086,2.40804097,1.73347256260964,1.66346840219299,27.9910428662827
"mu_t[1,38]",1.191208476,1.1885186,0.0372503218043346,0.05028816114,1.143917695,1.251815955,1.92719342094006,1.58606782855838,37.1482290150412
"mu_t[2,38]",-0.10622938473,-0.107699105,0.0264865603707093,0.0245927327646,-0.1410656675,-0.05188147055,1.14977642113678,7.58446717619456,21.0058816468611
"mu_t[3,38]",1.295091149,1.29493685,0.0666594038612246,0.08142016659,1.202374595,1.40064994,1.17068586492322,4.60104607998756,31.6824001034527
"mu_t[4,38]",-0.3085067003,-0.28186977,0.0977914643566122,0.086441836572,-0.485607788,-0.1882591475,1.54946838694016,1.9216910557658,14.576045310678
"mu_t[5,38]",0.7476056421,0.74586786,0.068337498316412,0.06641017593,0.639782147,0.873679325,1.41638140574023,2.36346388871449,34.3339219148517
"mu_t[6,38]",-2.096403054,-2.10259765,0.03961703359654,0.0401702315700002,-2.15621311,-2.02756822,1.20401744146906,8.48900364599034,18.2729455988305
"mu_t[7,38]",-1.39515741,-1.36009475,0.20727051846465,0.25657171365,-1.72254858,-1.151123835,2.10770465878933,1.42750627308408,21.0246288509397
"mu_t[8,38]",-0.4805330213,-0.449558485,0.152921574069773,0.19778906994,-0.693458811,-0.229459437,2.11063289352126,1.42234424136352,16.5766789807711
"mu_t[9,38]",-0.13881937733,-0.140697755,0.0374112187704329,0.036705736368,-0.194982067,-0.0680692201,1.39126805352795,2.45406592776106,13.337107644068
"mu_t[10,38]",-1.352031959,-1.3554177,0.0527803182263002,0.0533995455,-1.444771235,-1.27144371,0.996318221240592,16.7391219301619,61.3835995991276
"mu_t[11,38]",2.117341413,2.0785624,0.163027624885384,0.14567775558,1.895554515,2.40890639,1.70409940553295,1.69691995903067,28.3079909414428
"mu_t[1,39]",1.191917472,1.18539705,0.0391317964248871,0.05104495431,1.139826455,1.253059265,1.89347204023586,1.63582985752787,30.3345467152018
"mu_t[2,39]",-0.10518797913,-0.108774225,0.0277976050366888,0.027396787488,-0.141353049,-0.0480999756,1.27658881541513,7.13010870185904,21.0246288509397
"mu_t[3,39]",1.292764558,1.29781515,0.0655720848145805,0.07385245728,1.199471285,1.403568735,1.15144375251952,5.17995002342484,31.6824001034527
"mu_t[4,39]",-0.3076250508,-0.27992569,0.0994018724937346,0.084919829064,-0.4879549585,-0.187732714,1.55257404333446,1.9209823961024,15.4117129018053
"mu_t[5,39]",0.7475184902,0.746216885,0.0688213604434066,0.065376588753,0.6392913475,0.870016789,1.41084933836031,2.36813282897775,34.3339219148517
"mu_t[6,39]",-2.096999521,-2.1026876,0.0410832562576333,0.0346027720499994,-2.16243421,-2.02691342,1.15656736525639,7.12582595547262,19.5138269402319
"mu_t[7,39]",-1.39635688,-1.357948,0.206307620933725,0.25638661104,-1.727096465,-1.15330968,2.11060071857806,1.42654183412625,21.0246288509397
"mu_t[8,39]",-0.4801252315,-0.45040796,0.153870948616745,0.199171394289,-0.6873125735,-0.234190473,2.12532573889021,1.4145439536034,16.5766789807711
"mu_t[9,39]",-0.13935591198,-0.14438719,0.0374176650054644,0.03311075754,-0.198134313,-0.06822309505,1.3832496194914,2.4699606278656,13.9420012746973
"mu_t[10,39]",-1.351438895,-1.3558414,0.052124465771543,0.0584830102500002,-1.44353399,-1.27644017,0.995543311406125,16.7931314839227,61.3835995991276
"mu_t[11,39]",2.117989806,2.08416055,0.163137493976661,0.14483771442,1.90005333,2.40965263,1.72380365460302,1.6781260059651,27.9910428662827
"mu_t[1,40]",1.192221266,1.182149,0.0404700816840238,0.0481383911399997,1.13821128,1.257078765,1.8633772188716,1.65336407282392,55.5782405516991
"mu_t[2,40]",-0.10390212326,-0.10830191,0.0301127880309288,0.026906462016,-0.1454865525,-0.04796601595,1.22064719125701,7.46625408658348,30.6204069389591
"mu_t[3,40]",1.291734114,1.29363145,0.0665763229388571,0.07570163013,1.194464335,1.40950944,1.12920548717949,5.92367619087825,31.6824001034527
"mu_t[4,40]",-0.3069624288,-0.27939774,0.100482091475827,0.086154012021,-0.480595016,-0.1800537375,1.56843847249252,1.88803133529166,21.0246288509397
"mu_t[5,40]",0.7474391172,0.74499487,0.0676813243825937,0.062496504819,0.6440121965,0.8574481655,1.42429515119088,2.29900502545107,31.7201377560267
"mu_t[6,40]",-2.095528339,-2.09532355,0.0411280363938582,0.0433972587299999,-2.16227056,-2.028255135,1.14330833922283,8.23832215585059,18.2729455988305
"mu_t[7,40]",-1.396261543,-1.3570047,0.206808437555927,0.24981053874,-1.72110431,-1.156137555,2.11060071857806,1.42043057082082,21.0246288509397
"mu_t[8,40]",-0.4818123002,-0.458309935,0.154541826760222,0.197231086017,-0.7022577005,-0.2341450405,2.11650231156154,1.41623189782848,16.5766789807711
"mu_t[9,40]",-0.14006209719,-0.14540797,0.037146310891313,0.034413977766,-0.196586662,-0.07051296355,1.34130131004815,2.66898064729563,13.9420012746973
"mu_t[10,40]",-1.351081258,-1.3537643,0.0523589753507384,0.0534918373499999,-1.43692814,-1.272495105,1.00188910359313,17.6238961232834,70.0289195057743
"mu_t[11,40]",2.118078306,2.0777801,0.163931025832184,0.14970961215,1.9004832,2.407073775,1.72561467705035,1.67455855484621,27.9910428662827
"alpha_s[1,1]",-0.00700622591200003,-0.0229268815,0.267009816598907,0.294398666268,-0.381403338,0.4242219275,1.0246824326979,9.31847209180828,34.362847091416
"alpha_s[2,1]",0.215949585952,0.455303385,1.70435229201309,1.520230589661,-2.78248598,2.817759815,1.02722236840192,12.7718006244033,21.5942744323791
"alpha_s[3,1]",-0.0369701208583,-0.0304261455,0.115611077339809,0.1145918508357,-0.253169145,0.1551198685,1.03399512594571,32.4318908804822,13.0721046622061
"alpha_s[4,1]",0.180720456522,0.18776285,0.205962064840139,0.2144585992731,-0.1615323,0.502007877,1.0279670108721,29.5633501031914,51.5338182396663
"alpha_s[5,1]",0.140353517606,0.11491832,0.587142585380362,0.679120171128,-0.9973686895,0.9787552545,1.13517482190904,9.41036273091952,21.0246288509397
"alpha_s[6,1]",-0.176613163863,-0.22002139,0.34719590684482,0.349667844498,-0.6968402035,0.375970151,1.27752248429544,17.095040390016,37.1482290150412
"alpha_s[7,1]",-0.0453851393200001,0.059811895,0.955542842485093,0.839140450848,-1.94059975,1.339547145,1.02153321139468,19.1942320751531,44.5810103703794
"alpha_s[8,1]",-0.139963158561,-0.14727348,0.256848058012445,0.2662378386612,-0.52230881,0.2726602635,1.22676753810378,4.03474452767373,52.4502744151648
"alpha_s[9,1]",0.051621634769,0.02472105,0.212093865326161,0.222963521571,-0.244452,0.4267832915,1.12769044624375,6.78038233622115,14.7480195516602
"alpha_s[10,1]",-0.282754602427,-0.23732779,0.9505856867074,1.012308078957,-1.90290408,1.127656565,1.01198058251368,18.7400167413015,29.7051827001505
"alpha_s[11,1]",0.018683179601,-0.0411417585,0.451603655381217,0.5031924733311,-0.7466511545,0.7198674245,1.04585614472906,10.5227574067923,36.5576493597941
"alpha_t[1,1]",0.044835974605,0.046436074,0.0385562476577017,0.0439514983467,-0.021070669,0.1044145965,0.998411646737315,19.8860447554499,44.5810103703794
"alpha_t[2,1]",0.0554786272847,0.050872154,0.0340635827399401,0.0313725661956,0.009963238408,0.1149861225,0.993656816437421,33.4990409226369,66.9637815053919
"alpha_t[3,1]",0.062860545329,0.0684794235,0.0345476455454503,0.030472670991,-0.00326515869,0.115516277,0.996193063069523,34.6636521392509,58.0761852780705
"alpha_t[4,1]",0.060945335907,0.0554776845,0.0490386357911392,0.0527696273076,-0.0222846412,0.139622694,1.13632064253638,26.095621966178,25.5586388199211
"alpha_t[5,1]",0.04640122132447,0.0384102535,0.0492943327129538,0.050908518045,-0.0187105364,0.1353049205,1.04832781639291,34.6917294307741,71.2874531148375
"alpha_t[6,1]",0.0378286907095,0.0329572025,0.0430831892285571,0.03916431059856,-0.0279241967,0.104918664,1.09993004430933,11.7649811114293,58.1996870625698
"alpha_t[7,1]",0.0386213115291,0.034966838,0.0466684516160548,0.04691789591685,-0.0349752702,0.1108199055,1.01976479965945,23.0951346949032,61.3835995991276
"alpha_t[8,1]",0.04097063672921,0.0414841115,0.0478635841487893,0.0481123737339,-0.0524011847,0.109084881,1.09461594378853,8.17894754184493,71.2874531148375
"alpha_t[9,1]",0.02721634828767,0.0208266195,0.0441755113642283,0.04256108545101,-0.04111285405,0.0997246337,1.06057530259292,12.9962581094408,52.4502744151648
"alpha_t[10,1]",0.02879202849515,0.018256274,0.0514019806325062,0.0408725547573,-0.0569772927,0.123469729,1.04223116040227,19.3096555566408,14.7364875431569
"alpha_t[11,1]",0.0265318319882,0.0237476985,0.0469592986224498,0.04213322918175,-0.04560199575,0.108234581,0.991816088316177,31.7695523447066,30.8127412685973
"alpha_t[12,1]",0.0285208649052,0.0340108525,0.049105603727724,0.0362404979706,-0.0492175198,0.1084661805,1.00895628879257,26.7594441045212,46.2742551554156
"alpha_t[13,1]",0.0339956846069,0.0363916045,0.0494610179281966,0.05154688950369,-0.04677944345,0.1098540675,1.0717316179608,23.2325822529407,16.676195921479
"alpha_t[14,1]",0.02779957928,0.0233305945,0.0406391986115168,0.04203434947278,-0.03472044315,0.1002321235,1.01487671243554,30.8523625742154,77.3212964411783
"alpha_t[15,1]",0.02883785323457,0.0327540355,0.0469443082485187,0.04378335060204,-0.0591160311,0.0946551279,1.01527982092604,24.440227486381,73.0496702679949
"alpha_t[16,1]",0.0352974809724,0.0401875975,0.0489605289309028,0.05503344749868,-0.0471658067,0.1032839055,1.03201202769995,21.3680450180179,46.6027543178879
"alpha_t[17,1]",0.0215108728725,0.0249905515,0.0456279487167159,0.04249225871121,-0.0560511611,0.09556431185,1.18574279171754,5.79799337939141,43.7844020301665
"alpha_t[18,1]",0.016633426159,0.0231705645,0.04221443926462,0.03950672025615,-0.05250674425,0.08048468825,1.00843296627596,26.4755271347102,48.2658799548031
"alpha_t[19,1]",0.0202119161437,0.0132547495,0.0441298741840668,0.0433866885333,-0.0410389249,0.09089259185,1.12272682343405,7.35463773036977,21.0246288509397
"alpha_t[20,1]",0.0153342546533,0.0169097235,0.0492303723321398,0.0581720601042,-0.06030338235,0.0874288284,1.07465880710532,15.4063267315579,52.4502744151649
"alpha_t[21,1]",0.008465583686,0.00201833385,0.0422604304326944,0.03509167296579,-0.06274111995,0.0761855641,0.998514448718289,38.144517087794,59.8640966872305
"alpha_t[22,1]",0.007014180289,0.0093148766,0.0336901922930589,0.0343084589001,-0.042366084,0.05776093785,1.03669544028155,36.9253284484336,31.7839996054474
"alpha_t[23,1]",0.0107640576611,0.017826669,0.0439727291390497,0.0420358382997,-0.06329039375,0.07753541995,1.05581251691301,33.1004119073237,49.8568790552336
"alpha_t[24,1]",0.012595996403,0.016564773,0.0401843466190697,0.0405594414981,-0.05654728235,0.07082928695,1.05823570240284,22.0263693640197,27.9597379773126
"alpha_t[25,1]",0.0073626562923,0.010801563,0.0465128019392564,0.0379039521903,-0.0771980041,0.07670829375,1.07628881074915,13.2133321682244,30.8587550696525
"alpha_t[26,1]",0.0082025452858,0.0072540325,0.0503285703597432,0.0540522697869,-0.06177967945,0.08807031315,1.13676757465823,10.6465792854886,40.3823965716169
"alpha_t[27,1]",-0.004429113063,0.00081071895,0.0507795710341421,0.05297311571433,-0.0841454796,0.0751853478,1.24620803412725,3.59826125210382,51.3086296345833
"alpha_t[28,1]",-0.0062312418942,-0.00457942915,0.0489157744088332,0.04981747618911,-0.0751249885,0.0739105204,1.22843318337227,3.48376779506236,16.7656639202913
"alpha_t[29,1]",-0.00620577899243999,-0.00513078725,0.0557638260722024,0.0527253390804,-0.0978831242,0.0880021581,1.37921905206377,2.69771005152004,16.8447396284532
"alpha_t[30,1]",-0.00910462197899999,-0.0122496756,0.0587501811299301,0.06773141804856,-0.109286758,0.08006535525,1.32043217458318,3.01966819603805,24.3868450390189
"alpha_t[31,1]",-0.0135298483034,-0.00992598785,0.0524100721772523,0.0589984205727,-0.09040366195,0.07457956405,1.2719919064589,3.93360370928981,37.5549801362089
"alpha_t[32,1]",-0.0120291686991,-0.00813615915,0.0499621672166954,0.04442929977759,-0.0963551747,0.0594965578,1.20625529754723,4.34374803731625,33.1502178442885
"alpha_t[33,1]",-0.0081069944812,-0.014828981,0.0470418053135265,0.0496723098564,-0.06892161415,0.0802409404,1.23171379918842,3.81855396830586,29.615840243696
"alpha_t[34,1]",-0.017075011248,-0.0235312745,0.0487690015823112,0.0455017745889,-0.0885555365,0.07252835275,1.45105884801062,2.27712455374556,17.4441786283892
"alpha_t[35,1]",-0.0165291702151,-0.0037917311,0.0550682068593029,0.03332849973726,-0.1333014965,0.05942476265,1.13803087644669,6.61926378510854,16.4566484859884
"alpha_t[36,1]",-0.0266169082129,-0.022106954,0.0482395581201452,0.0487426870392,-0.109158388,0.0465692061,1.08874656972701,9.58191667050237,74.7352313149317
"alpha_t[37,1]",-0.0325838420422,-0.027450183,0.0613444532107775,0.0675152007054,-0.134745529,0.07017615535,1.10481349823682,8.7647437742338,31.1643558402812
"alpha_t[38,1]",-0.0589440372757,-0.0743861325,0.0743383114728099,0.0710813459286,-0.158636089,0.0628349629499999,1.19665982409631,3.84159599399074,13.1499849714458
"alpha_t[39,1]",-0.0882935122071,-0.0940268055,0.103141818354824,0.0953238137019,-0.25612495,0.08030941375,1.07758382200156,8.37081637939382,12.8702156943088
"alpha_t[40,1]",0.008533319612231,0.0088292138,0.0345805465385772,0.03914973753012,-0.0492353356,0.0605326989,1.05481246627301,12.3897058808684,48.4074922943176
"alpha_t[41,1]",-0.013033744398,-0.01822181,0.0442694470838214,0.03835559996415,-0.0806940996,0.06807521675,1.24507840535992,4.00668294448231,28.1855413924808
"alpha_t[42,1]",-0.0145674225391,-0.0142551965,0.0490866848026924,0.0510938289603,-0.09764271685,0.0697487476,1.32024324841303,2.79380979088337,37.7806563039723
"alpha_t[43,1]",-0.01769822413821,-0.0098486778,0.0579866177753117,0.0605100217113,-0.106193676,0.07900412455,1.31094104551581,3.05868442433082,48.4074922943175
"alpha_t[44,1]",-0.00760763327200001,-0.0100646805,0.0598363900265705,0.0587512874613,-0.09887905605,0.09942522185,1.27851922907981,3.4013932732596,21.5942744323791
"alpha_t[45,1]",-0.0064801135527,-0.014763143,0.0651729204982625,0.068091674133,-0.10624348,0.1015935875,1.10864878947133,6.6919464522547,23.5817275299824
"alpha_t[46,1]",-0.007735839248,-0.011906608,0.0745306561700879,0.0886174838724,-0.1447955035,0.108596411,1.07408945786585,9.32208609990167,52.4502744151648
"alpha_t[47,1]",-0.0031134855223,0.000393636515,0.0688621607018825,0.0809171923161,-0.1091100505,0.1014678055,1.10872969527948,8.18491258003353,44.2325367647059
"alpha_t[48,1]",-0.010517659621,-0.0085925293,0.0593259994690364,0.06458674664988,-0.1125084915,0.0902214015,1.11601195349708,6.91964671497546,60.5290292283033
"alpha_t[49,1]",-0.008895169031,-0.0193702265,0.0647585977773126,0.0662048743776,-0.107357792,0.1069514075,1.44693537253167,2.23088658322922,37.7806563039723
"alpha_t[50,1]",-0.00636461301,-0.012515466,0.0647594907474903,0.0730990436967,-0.09626327295,0.0945229968,1.579315116262,1.88395933680199,56.8419098881722
"alpha_t[51,1]",-0.00859042064909999,-0.00057872819,0.064285490160211,0.0733449151155,-0.1074758055,0.0887627723,1.65620730562396,1.75647821792149,31.6063780380824
"alpha_t[52,1]",-0.00278364854904001,0.002511204948,0.0654385820677983,0.0774366013442952,-0.1226021975,0.0967434988,1.91675528850719,1.51901950083625,28.9481768556372
"alpha_t[53,1]",0.00221279492900001,0.0037055962,0.0704216849578824,0.0869663760042,-0.109793124,0.1017586195,1.80793688428297,1.5969914189224,34.6094081084899
"alpha_t[54,1]",0.005804367967,-0.00382696355,0.0770734401239144,0.08681285581353,-0.121140045,0.121246287,1.45060928841671,2.10725219817614,30.5730258560447
"alpha_t[55,1]",0.005710567419,0.004520493,0.0745794376930597,0.0865408631325,-0.0982605184,0.112095684,1.48621248200638,2.10581767052688,31.6824001034527
"alpha_t[56,1]",-0.002088985629,-0.011855628,0.0781136651885513,0.091753414158,-0.119374915,0.134084787,1.86279430899064,1.55201415843994,30.6204069389592
"alpha_t[57,1]",-0.0014031269924,-0.00630462955,0.0713210184851826,0.0765018301215,-0.1024346625,0.1139113225,1.89644368922231,1.54655356750508,46.6027543178878
"alpha_t[58,1]",0.00318860750199999,0.0044191542,0.0622960666734692,0.0644027748189,-0.08512580585,0.10140662,1.61441363437695,1.8519143892827,31.6824001034527
"alpha_t[59,1]",-0.000219082230799996,0.00360117775,0.0625128318892348,0.0610081352811,-0.1258670175,0.0971778788,1.38463765298052,2.40309916591966,36.0760984803863
"alpha_t[60,1]",0.0023948917598,0.00954022255,0.0558459565499363,0.0545825535528,-0.09986288135,0.07534310815,1.12629184174749,5.19907391962582,37.1482290150412
"alpha_t[61,1]",-0.00653146295073,-0.00641918655,0.0560775238972979,0.0637282941183,-0.1028586455,0.07358363975,1.25278899784771,3.24783650908235,56.8419098881722
"alpha_t[62,1]",-0.0087922809485,-0.01208707,0.0650453847391011,0.0608825071701,-0.1033900365,0.09944608645,1.21444716164094,3.91690251743048,23.0809812714324
"alpha_t[63,1]",-0.019042282525,-0.0201827085,0.0646153423089472,0.0620976980211,-0.137355278,0.0879749592,1.11999953149898,6.1606778556835,40.5548566509965
"alpha_t[64,1]",-0.029138510137,-0.0331254825,0.0713589359646964,0.0768511017708,-0.134587777,0.0897245166,1.23167421284394,3.89350078293666,31.4535141569991
"alpha_t[65,1]",-0.026846114434,-0.035739229,0.0728203601127028,0.0810093388713,-0.135166676,0.0873782944,1.30101528106385,2.70767110430355,40.5548566509965
"alpha_t[66,1]",-0.0252461397806,-0.030122534,0.0696207433954642,0.0720410751627,-0.1338058245,0.09527574205,1.43629593718494,2.13808564862536,41.7305399420882
"alpha_t[67,1]",-0.01662800605,-0.024103276,0.0719963260427919,0.0862333318623,-0.1256314885,0.09224709855,1.28956225265776,2.82633450908457,22.9749245109623
"alpha_t[68,1]",-0.00874628976700001,0.00176610105,0.0718753855569135,0.0780590597577,-0.1083150635,0.1120862795,1.32508206622321,2.6118535876328,31.6824001034527
"alpha_t[69,1]",0.005006943056,0.012665619,0.0657068593002368,0.0789482520729,-0.105705249,0.100914893,1.26816670078797,3.00588840965943,47.0846284451828
"alpha_t[70,1]",0.007643316998,0.023975011,0.0742203305408673,0.0822169225017,-0.120363454,0.116671276,1.10091583346013,6.63894335866931,30.5730258560447
"alpha_t[71,1]",0.0043210899762,0.00158920936,0.0656124400943413,0.082100324166,-0.101319539,0.0971974877,1.033610796632,8.23502861841647,16.2322604582135
"alpha_t[72,1]",0.00825332458199999,0.011855307,0.0709287583959641,0.0811876022475,-0.1090476835,0.122108054,1.10217073439311,6.84232402959155,36.865388666526
"alpha_t[73,1]",-0.002171811473,0.00220298295,0.0800408002032885,0.0934386996627,-0.1308475055,0.111558345,1.08486938564891,6.41585582586161,18.544028822719
"alpha_t[74,1]",-0.00484198079579999,-0.00594881415,0.0737636526492565,0.08189759173701,-0.136309555,0.10465571,1.0896499595479,6.25243679442322,26.092142537647
"alpha_t[75,1]",-0.00799871146010001,-0.00757806385,0.0698549984680907,0.05779557926079,-0.121830333,0.115886588,1.09265081852669,6.57436886226061,41.0191625698239
"alpha_t[76,1]",-0.005014297295,-0.0112862385,0.0650966260820412,0.0673515780042,-0.115325308,0.09555755815,1.16747247455306,4.37234045728669,29.0630416539219
"alpha_t[77,1]",-0.00361728739135001,-0.0031959357,0.0618859096382629,0.06597577160958,-0.1074360435,0.09717224195,1.05360780110358,11.1262960533068,51.3376003546615
"alpha_t[78,1]",0.0058794661439,0.00136030384,0.0880516046657979,0.0850255517874,-0.157617043,0.1509849215,0.990145749891187,16.3537471392613,31.7839996054474
"alpha_t[79,1]",-0.00206725896836,-0.0047629222,0.0443692609412562,0.043619974902,-0.06863238855,0.0601093697,1.11653668887713,6.42166999825156,54.3553240438646
"alpha_t[80,1]",0.010405856878,0.00731819215,0.0379599013316372,0.03713074567461,-0.0466393137,0.06962654475,1.10607088452786,7.30596268359664,60.4412856082663
"alpha_t[81,1]",0.0181888234818,0.016035443,0.0505335411538482,0.0518940815841,-0.0637244215,0.09891319995,1.11537336084719,7.48024049201692,30.6204069389592
"alpha_t[82,1]",0.0105201445188,0.007808278,0.0487491253077109,0.0546697608261,-0.07112464835,0.08595588995,1.04709104769313,9.64778898072758,52.4502744151648
"alpha_t[83,1]",-0.001325736212,0.0018996898,0.047382380327282,0.04997331205272,-0.0907414143,0.069735077,1.02784380096865,14.4213733556614,49.3947428610154
"alpha_t[84,1]",-0.013051205072,-0.00518012305,0.0527509839863631,0.05465146546797,-0.1006320505,0.05787389185,1.18792997277144,5.55751909540589,45.7499253062444
"alpha_t[85,1]",-0.0065131988463,-0.0017090341,0.0454264745022829,0.0404220978819,-0.08267610115,0.06996945195,1.09494062076936,26.7150797750644,84.2063104314135
"alpha_t[86,1]",0.0041585222666,-0.00140763385,0.0488298080200016,0.04662899218131,-0.07145101225,0.0865195581,1.04209621656523,34.1866568217054,22.9960578186596
"alpha_t[87,1]",-0.0007960218941,0.00026575846,0.0309680742334584,0.035480699511096,-0.05325104255,0.0489438682,1.08956263835056,35.4368490431545,55.1291802498247
"alpha_t[88,1]",-0.0054742078994,-0.00540037105,0.0338303567618444,0.0300829755114,-0.0525375156,0.0513748435,0.995410627166728,38.9343144518621,34.362847091416
"alpha_t[89,1]",-0.01332074486525,-0.013725965,0.0466252457139948,0.0574040481,-0.0786301374,0.0562607842499999,1.00228587240658,25.4132356079087,58.9391161255238
"alpha_t[90,1]",-0.006309342079,-0.0063609617,0.0567545504006932,0.0618191686308,-0.0863878951,0.0989041034,1.02137553745267,20.6263596269968,33.9768826539676
"alpha_t[91,1]",0.0027092341643,0.0023649414,0.0517155875723692,0.04758098973054,-0.0760614205,0.08383315865,0.993087104069354,21.2951990495561,34.362847091416
"alpha_t[92,1]",0.0072409408958,0.0118900985,0.0482094389137585,0.0380728181064,-0.07643854785,0.0909601539,0.992376387287301,24.9126221234489,44.5810103703794
"alpha_t[93,1]",0.00693557081859,0.0082054379,0.0418372777897466,0.0371159236035,-0.06115288565,0.0774542513,0.990827275066573,30.586935149437,58.9391161255238
"alpha_t[94,1]",-0.004663581295,-0.0069066523,0.0420534863251117,0.043826234214,-0.0724896805,0.06721494175,1.01348244520213,21.466768992035,33.9768826539676
"alpha_t[95,1]",-0.0140557919666,-0.0091925731,0.0397192628078112,0.0402459316434,-0.08015562585,0.0437614387,1.1435873782078,5.81703169047669,25.0465149563473
"alpha_t[96,1]",-0.0257871445273,-0.0279394105,0.0398620216854174,0.039806105247216,-0.0881811754,0.03154196195,1.07206589789003,11.7298856255524,48.4074922943175
"alpha_t[97,1]",-0.0247938598195,-0.0202869405,0.0456932539425842,0.0499775957289,-0.1042321255,0.04618471795,1.05183513858259,10.0584532790045,31.1643558402812
"alpha_t[98,1]",-0.0338419064355,-0.035169351,0.046912344040332,0.052584749667324,-0.11650299,0.02958485905,0.994460731358384,11.191720824172,78.3393298097876
"alpha_t[99,1]",-0.03827215999129,-0.0396403165,0.0445721006746102,0.0384904517004,-0.113980453,0.0406534441,0.994748462119164,10.842147272348,43.2837770829808
"alpha_t[100,1]",-0.0352720409121,-0.038301201,0.0445691960508873,0.0445203423147,-0.1065486945,0.04190098855,0.99758225553446,19.2538659530649,34.362847091416
"alpha_t[101,1]",-0.0347198672877,-0.036381238,0.041108309038255,0.0361667786508,-0.102441874,0.042449115,0.996627939548046,29.5542044035301,44.5810103703794
"alpha_t[102,1]",-0.0408951581277,-0.046837438,0.0367936813525933,0.0372530396406,-0.09460409995,0.02420990005,0.996721438303333,28.7997161509118,49.8568790552336
"alpha_t[103,1]",-0.0311667301169,-0.027886083,0.0393512175143353,0.040152568348032,-0.09535015265,0.03742313225,1.00292267809692,31.5875123713621,71.2874531148375
"alpha_t[104,1]",-0.0289360282538,-0.032149354,0.0395572628137842,0.0318192520779,-0.0950246336,0.05305084585,1.06911348361067,22.1422723683521,71.2874531148375
"alpha_t[105,1]",-0.0327302299317,-0.0368298955,0.0360637427666651,0.0310218734742,-0.09313527885,0.0310699072,1.02957322273569,52.982745990177,33.8817424896137
"alpha_t[106,1]",-0.0243032148265,-0.022116693,0.0331317846690815,0.033116400456447,-0.08088588865,0.0289407411,1.04010971673029,80.828295890003,74.7352313149317
"alpha_t[107,1]",-0.0134197122841,-0.013881012,0.0412812262804757,0.0498532115193,-0.07515610895,0.0536080888,1.09613443937155,11.520188879267,47.4879826329663
"alpha_t[108,1]",-0.000179021703500005,0.0069396917,0.0549395355443192,0.04722232343808,-0.114085185,0.07673292655,1.12010183316686,7.3499778914201,17.4563591022443
"alpha_t[109,1]",0.0127849947497,0.019431319,0.0471419641425634,0.0479533144755,-0.0802106937,0.07036403785,1.28571257500652,3.06935711916535,21.5942744323791
"alpha_t[110,1]",0.017439183351,0.020304881,0.0535023646001652,0.0544804454082,-0.0697740284,0.1004714983,1.34292667055149,2.63838007398728,17.6038627904637
"alpha_t[111,1]",0.0134723183332,0.0200454215,0.0528729476339742,0.0591278011443,-0.0826534895,0.08272761335,1.3777773330958,2.54824645704504,40.5548566509965
"alpha_t[112,1]",0.004846420077036,0.0065678186,0.0412188721286229,0.03713184435534,-0.06481398945,0.0796848321,1.26280375871606,3.33529115076987,31.3227134419186
"alpha_t[113,1]",-0.0035946815316,0.002652398,0.0477111540973649,0.0404572228998,-0.08344804205,0.0738146845,1.03971453695127,21.8153534454019,19.2286561916273
"alpha_t[114,1]",-0.0080247888973,-0.0038734857,0.0372725706233861,0.03710862061242,-0.0709757589,0.05362002835,1.04464031839388,34.1823299909648,44.236602628918
"alpha_t[115,1]",-0.0225026225375,-0.018808928,0.0374561152819725,0.03515359390305,-0.09098781435,0.033106899,0.995994286864159,32.1927622765216,34.3628470914159
"alpha_t[116,1]",-0.03992726176341,-0.031312508,0.0450845589735308,0.03940769436282,-0.1217894285,0.01419797855,1.11633977019343,24.5549646428147,42.4389398926035
"alpha_t[117,1]",-0.04577775035,-0.0383221665,0.0659115051801916,0.05934825405327,-0.153545807,0.06191226795,1.01817273632795,28.6358106551342,31.6824001034527
"alpha_t[118,1]",0.0358515263878,0.038544165,0.0330703288207214,0.0332229473646,-0.01902813955,0.07830221515,1.09194377689431,10.226417083907,40.5548566509965
"alpha_t[119,1]",0.0433205470038,0.042505038,0.0440880602120504,0.0425231444568,-0.0432097274,0.1086874255,1.01343139527475,19.1546982910198,44.0714300580682
"alpha_t[120,1]",0.05153250294,0.0495515225,0.0459960680310172,0.0528642979893,-0.0186205138,0.123603009,1.31294348878259,2.75679717916892,31.7839996054474
"alpha_t[121,1]",0.0457059212533,0.054367689,0.0440527047473634,0.0431694483444,-0.03897740095,0.106308261,1.15942013470208,4.78903656176317,19.3776990366515
"alpha_t[122,1]",0.0470366604578,0.0444034185,0.0377789857574507,0.0406109811219,-0.01630448195,0.104053532,1.03344052456467,20.5113999186673,51.5563424127221
"alpha_t[123,1]",0.058337215997,0.0620414545,0.0349088944569186,0.0314637260805,0.00449102186,0.1145621945,1.00045866567849,25.7111625364497,42.6630649508764
"alpha_t[124,1]",0.055664179158,0.052811932,0.0329295088989238,0.0374142545994,0.01285225146,0.107265134,1.00840100555236,34.4496290202156,31.7839996054474
"alpha_t[125,1]",0.0524904498841,0.053356152,0.0368754544473188,0.0415407403383,-0.009729653075,0.1131239495,1.02762665768099,11.9454520785423,52.4502744151648
"alpha_t[126,1]",0.0422051081392,0.035293395,0.0389152928194785,0.04303033435554,-0.0175431932,0.107903716,1.04365984489591,18.2005858115632,50.4387330717543
"alpha_t[127,1]",0.0288870354906,0.0356155155,0.0361015898667168,0.0363730016391,-0.0317609641,0.0866581454,1.01021320113373,38.2168726796052,58.9391161255239
"alpha_t[128,1]",0.02966307940728,0.0245097785,0.0346672840658656,0.0347710145328,-0.02773605895,0.08625297735,1.01756828302833,31.9640402909241,78.3393298097876
"alpha_t[129,1]",0.031296186417,0.0259150355,0.0430660587405374,0.04215137694705,-0.02889771,0.110368154,1.28485465135584,3.12937469687345,40.5548566509965
"alpha_t[130,1]",0.0275693818656,0.027053886,0.0418669694596998,0.042380618034237,-0.035330969,0.0959429371,1.17966532428131,4.29193872890783,22.7864583333333
"alpha_t[131,1]",0.033723166757,0.0226708845,0.0433935182912006,0.04620213155208,-0.03265185695,0.106842589,1.18776730417501,4.15230292169542,35.9722793210783
"alpha_t[132,1]",0.03081768427456,0.0237637065,0.0424623730351425,0.04004276622108,-0.0277201695,0.106850538,1.11588186866352,7.4130823958431,17.7538804910216
"alpha_t[133,1]",0.0290693149019,0.025270366,0.0466207059729795,0.0441788194743,-0.0519506772,0.1062065815,1.19065099109413,5.43325911901427,42.434529582929
"alpha_t[134,1]",0.035497920057,0.0354863835,0.049841017691399,0.04916183503497,-0.03827917595,0.1192622425,1.37997821486199,2.73091126255701,52.4502744151648
"alpha_t[135,1]",0.0449012102546,0.045184015,0.0444002855129924,0.0447557169255,-0.02316733475,0.115195841,1.1813547944697,5.6809275870682,56.8419098881722
"alpha_t[136,1]",0.0480797103174,0.0453233615,0.0399732655973706,0.0391792313367,-0.01490872075,0.109271758,1.07817681718411,14.0092457800579,19.9180514454814
"alpha_t[137,1]",0.039597793709,0.041927282,0.043918847495556,0.0369696643722,-0.03632899255,0.1119977115,1.09083029451954,15.260393642165,15.9119839970904
"alpha_t[138,1]",0.032491986253,0.02751034,0.0422388828110687,0.04602941050533,-0.03776460065,0.1001042546,1.14493503941737,5.80029493825234,34.0027206764528
"alpha_t[139,1]",0.0242886162503,0.0284213245,0.0436003671507873,0.041710520106801,-0.05313034065,0.09622058545,1.11244690296662,7.27299288525134,15.421219598167
"alpha_t[140,1]",0.016964978883,0.019636979,0.0494184759135491,0.0464587202415,-0.0850530126,0.0866052463,1.12866899023369,7.9639668186562,29.7944789006445
"alpha_t[141,1]",0.027867365835,0.029483047,0.0513001186137736,0.04909775921274,-0.0640585998,0.09548096125,1.09631323926947,8.81974356355318,25.929767372944
"alpha_t[142,1]",0.0300895782643,0.0343513995,0.0510819710794709,0.05643512541156,-0.04827037885,0.113393983,1.06703010585419,9.85564424660385,40.5548566509965
"alpha_t[143,1]",0.028032660793,0.0279520775,0.049128306922065,0.05298094184082,-0.06353802405,0.1053648765,1.05721625366776,9.63739820750298,90.8977536672436
"alpha_t[144,1]",0.0105415503891,0.00479965505,0.0438408336597836,0.0449510946948,-0.0621560428,0.0853958908,1.05563924588371,12.7027786031373,30.6204069389592
"alpha_t[145,1]",0.0224342724011,0.0244913755,0.048162116668958,0.0520877892045,-0.0471121708,0.0906014514,1.07525986443399,9.88189202838483,66.9637815053919
"alpha_t[146,1]",0.0381566849711,0.0415004955,0.0404822281289822,0.0368429969586,-0.02840988875,0.1042409305,1.14774224410055,5.70496959568713,56.8419098881722
"alpha_t[147,1]",0.0477707962462,0.0477152595,0.0491668528799068,0.0600520651038,-0.02916150355,0.1270221655,1.2570064645916,3.68205586785741,44.8258196721311
"alpha_t[148,1]",0.054579857318,0.059980917,0.0512824440421015,0.0529350951045,-0.0386033748,0.129236439,1.1936401731387,5.04370597812575,56.8419098881722
"alpha_t[149,1]",0.057250376372,0.057244106,0.0514761077750778,0.0554136879933,-0.0293198864,0.1387673095,1.04558919149192,15.5174506762018,31.6063780380824
"alpha_t[150,1]",0.051155845767,0.052866813,0.0455010322826715,0.0436943183964,-0.02912581335,0.1197434635,1.16163166573966,15.3917279636201,25.9952465834819
"alpha_t[151,1]",0.0472416019702,0.0463443955,0.0412915431228725,0.035742009303,-0.03277433595,0.108512017,1.26252810497564,3.59369792202952,56.8419098881722
"alpha_t[152,1]",0.0427999058149,0.0397398245,0.0417724417144819,0.0432377947218,-0.0138770901,0.109980178,1.09342602828907,12.1724926550425,31.7839996054474
"alpha_t[153,1]",0.0400803166713,0.035176278,0.0382336659133833,0.0421349167512,-0.0125841517,0.1054879115,1.05528134462257,18.1601527328705,75.3818866285383
"alpha_t[154,1]",0.031972667378,0.032998924,0.043873471383536,0.05676045210717,-0.04444132595,0.09753796875,1.0338703532569,33.2535356068426,18.434636047614
"alpha_t[155,1]",0.0195010621802,0.022260304,0.0441941951788236,0.0418578136221,-0.05155941495,0.083963055,1.01758544121645,32.6959657898693,17.3473433782712
"alpha_t[156,1]",0.0076855459141,0.011973949,0.0581638385268735,0.0538475901852,-0.0970703416,0.101633917,1.04816225318777,24.8621739629739,76.6284020089591
"alpha_t[157,1]",0.0142881807471,0.02041785,0.0444176131916755,0.0495366393543,-0.05727311465,0.0785637983,1.09752677239019,7.76538068326188,56.8419098881722
"alpha_t[158,1]",0.0375571595069,0.0410131595,0.04685996738358,0.04797222889326,-0.04224639855,0.1108155615,1.27466448488123,3.0909356598504,51.1098130841113
"alpha_t[159,1]",0.0508579239635,0.051211154,0.0411636038198715,0.0414155940723,-0.01747263675,0.117672655,1.23065333594088,3.9183247989006,42.4389398926035
"alpha_t[160,1]",0.0355292146753,0.0332681675,0.0441772389275925,0.04399425808743,-0.035745404,0.1035248365,1.01997114013012,14.6024184024582,43.7970546868536
"alpha_t[161,1]",0.0121657536841,0.0101915208,0.0410676391854605,0.0456999670743,-0.05181782335,0.0774588306,1.00392395483928,24.5495321317856,91.5879218918852
"alpha_t[162,1]",0.0106163385279,0.012172698,0.0576115568705062,0.0595046269146,-0.09897802235,0.0948223679,1.09578888358488,9.72211267508601,21.005881646861
"alpha_t[163,1]",0.0204779340095,0.02132223,0.0512638296645472,0.04387333367319,-0.06996540135,0.0994297568,1.02298105888361,9.36705879063983,44.5810103703794
"alpha_t[164,1]",0.0272289624702,0.0163958325,0.0469224414819507,0.0417293322474,-0.03606809555,0.1207019865,1.02900425526304,14.3776233393159,52.4502744151648
"alpha_t[165,1]",0.0086652320387,0.0055556407,0.046253797199276,0.0355309248693,-0.0475010347,0.0971949565499999,1.04582842708625,11.5875278966373,21.0246288509397
"alpha_t[166,1]",0.007735685819,0.0087263502,0.0433359245617012,0.04357632537888,-0.0541189729,0.0908457396,1.00624730908734,23.5632640145366,21.0246288509397
"alpha_t[167,1]",0.0103083097703,0.0112012855,0.0471925776203459,0.0469072986627,-0.06911657885,0.09117022295,1.04000019253596,25.7732302270309,34.3628470914159
"alpha_t[168,1]",0.01445121387167,0.0113174571,0.04199929156864,0.0485865277464,-0.0479217046,0.080548913,1.06175973549504,29.2840356450415,44.2494665173219
"alpha_t[169,1]",0.02357346604345,0.022156265,0.0543900470755333,0.0485103510171,-0.0799453033,0.1178167435,1.23169095026663,3.93448026332812,34.2306391066432
"alpha_t[170,1]",0.0178117980736,0.015907064,0.0474822566366748,0.0510793528539,-0.0517598496,0.09596849555,1.12673861294279,8.58718472055725,14.3090760425184
"alpha_t[171,1]",0.017787567535,0.0218991395,0.0418579188613977,0.0465363499188,-0.03949662005,0.08660362795,1.07357933456554,13.6159698506278,14.4246620507748
"alpha_t[172,1]",0.0231942157929,0.0227030155,0.0371081889475333,0.0315463721349,-0.0302040945,0.0888360192,1.08987042976976,17.0194458358287,20.1265094882116
"alpha_t[173,1]",0.0049442834187,0.00497688935,0.0359932649138691,0.0332755744755,-0.0516115421,0.05820427165,0.997742206388595,30.5290154042797,44.2325367647059
"alpha_t[174,1]",0.01178813073,0.0111901615,0.0381583591659472,0.036708560721,-0.0413061515,0.0752214057,0.993556181395983,26.9744210085511,78.3393298097876
"alpha_t[175,1]",0.0216115233292,0.0213738335,0.0373593768163053,0.03835569203361,-0.0413988832,0.080378085,1.02033409798889,38.8487710872089,37.7806563039723
"alpha_t[176,1]",0.0264429009406,0.019276887,0.0414695620115181,0.03582585967338,-0.04136098225,0.101354273,1.01261809537044,31.4643383259317,76.6284020089592
"alpha_t[177,1]",0.0114617090989,0.0197926605,0.0467980312445051,0.0454157904606,-0.07443838165,0.07337256735,1.08702249879021,14.0703686359831,27.6504977089587
"alpha_t[178,1]",0.0054523791877,0.00993255955,0.0436475384593423,0.03776427281193,-0.0674145676,0.07823362815,1.25395388299982,10.1023546532214,14.8443464246331
"alpha_t[179,1]",-0.0044881874496,-0.00348153195,0.0426491827311056,0.0441980295225,-0.0820711894,0.0603135707,1.00077671154916,23.7628336925943,41.7646738616602
"alpha_t[180,1]",0.0025111082084,-0.000999311925,0.0410431530344129,0.0404140859115,-0.05952197905,0.07328853995,1.01547852235373,16.6094730410962,74.7352313149317
"alpha_t[181,1]",-0.001329401176,0.00209753145,0.0471826181961042,0.0471502938375,-0.08680049795,0.07582953855,1.01858921412198,16.1972081014574,24.058289799285
"alpha_t[182,1]",-0.0093025402912,-0.00532911505,0.0462893120690167,0.04993333856217,-0.08798161165,0.05666608865,1.04448466678304,19.2855593823771,21.5942744323791
"alpha_t[183,1]",-0.0074827066814,-0.008591247,0.031886261830731,0.0323991495702,-0.0577301286,0.0493680626,1.01548554020877,36.2307247350763,34.5713156854996
"alpha_t[184,1]",-0.021902190608,-0.019037438,0.0380378059295401,0.0428119267674,-0.09124020595,0.02622849425,1.27010597924616,3.2196933760523,27.1992539633197
"alpha_t[185,1]",-0.014811340063,-0.00924738085,0.0374895605005891,0.040202833944,-0.07488037415,0.04366020945,1.09147488504452,14.6764442504842,30.6204069389591
"alpha_t[186,1]",-0.005043821143,-0.0061456947,0.0442425016566934,0.04937056250532,-0.0694123382,0.06911911125,1.01559194712382,28.6295172931397,90.8977536672436
"alpha_t[187,1]",0.0042392320798,0.00886974265,0.0427345809803836,0.04109138110581,-0.0686774656,0.06386327025,1.21128868658337,4.24673581343511,71.4660754915116
"alpha_t[188,1]",0.0166852802616,0.0155995505,0.0397553430430118,0.039579919554,-0.0520199307,0.07381464075,1.2089094506518,4.39414731800476,73.5691550057054
"alpha_t[189,1]",0.025026133797,0.0242510995,0.0468606043218715,0.0368648504826,-0.04666357255,0.1061705585,1.21388702933449,5.22838625424733,22.7243215166861
"alpha_t[190,1]",0.0271360892049,0.023337644,0.0411107429407472,0.0446312963922,-0.0362057063,0.0994481898,1.1299980108036,7.63487238270999,31.9551323855484
"alpha_t[191,1]",0.0187511084695,0.02048225,0.0446462764572078,0.04287465653709,-0.0563967778,0.0917852666,1.25969196625345,3.75682671362229,26.4790437282494
"alpha_t[192,1]",0.00368660937900001,-0.00125817025,0.0529608733795366,0.05625298303485,-0.07962217825,0.08467819575,1.43414113698266,2.26862899237533,14.0675241157556
"alpha_t[193,1]",0.006526560497,-0.0062765514,0.0614741221272327,0.0613757148165,-0.08708674895,0.123622325,1.28536488128332,2.96619268573135,21.0246288509397
"alpha_t[194,1]",-0.0031369382613,-0.0143428875,0.0736938978252833,0.0776133857499,-0.1093439465,0.13826088,1.48885154673088,2.08039201895617,21.5942744323791
"alpha_t[195,1]",-0.00536110564700001,-0.015718395,0.109016914152744,0.1136369274495,-0.1597421245,0.2069281985,1.70263900145621,1.72577623564564,19.2286561916272
"alpha_t[196,1]",-0.0294421283648,-0.026096927,0.0338899956046739,0.03339343339185,-0.08329048665,0.02860242915,1.05512615508376,14.787415461372,29.6344679101047
"alpha_t[197,1]",-0.0193104773323,-0.020514959,0.0575208870375889,0.0606386053854,-0.10909696,0.07906217395,1.40847203230427,2.39038416662741,31.6824001034527
"alpha_t[198,1]",-0.020779182425,-0.022762512,0.0651469158819008,0.0760075987398,-0.110564846,0.09868302245,1.80444902988702,1.68704827620484,25.3298043918779
"alpha_t[199,1]",-0.0387567275881,-0.036114046,0.0714139309917844,0.0930738510765,-0.148745096,0.0697843337,1.91485362646382,1.53653435113319,40.5548566509965
"alpha_t[200,1]",-0.040420073022,-0.0459537285,0.0745311967311271,0.097872816006,-0.1564532035,0.058942748,2.01816377352901,1.48403884556115,31.9293124120315
"alpha_t[201,1]",-0.033528323866,-0.034485615,0.0686941113491372,0.0910523178222,-0.1430083455,0.07475599565,2.05105592310022,1.48894272659477,42.4389398926035
"alpha_t[202,1]",-0.02834993422739,-0.0236512065,0.0607703350047546,0.0648156092367,-0.12835796,0.0697252165,1.65059160204634,1.79841255408534,56.8419098881722
"alpha_t[203,1]",-0.02608391112356,-0.0203363015,0.0649897877543476,0.0656772733764,-0.128062064,0.0877462353,1.6491681122491,1.77850260192046,40.5548566509965
"alpha_t[204,1]",-0.04080348773509,-0.0475451925,0.0711534054849942,0.07648987584357,-0.1551362965,0.0695494706,1.5934151726262,1.83646503642012,40.5548566509965
"alpha_t[205,1]",-0.042805343446,-0.0532286215,0.0717788415997318,0.09230699987397,-0.146927005,0.0620834319,1.82922998332744,1.56702251170513,25.7163850110212
"alpha_t[206,1]",-0.0490528602629,-0.0612762935,0.0681873340434769,0.07647735135768,-0.1557836475,0.0545781095,1.82248686398035,1.56475856055708,39.2376681614348
"alpha_t[207,1]",-0.047087654674,-0.0625443785,0.0733208651323848,0.07992873778113,-0.1463689405,0.07969605845,1.52349981715105,1.945418808611,15.8514492753623
"alpha_t[208,1]",-0.046587087246,-0.0556565585,0.0792617603924939,0.08804778437007,-0.16310491,0.09495185565,1.46569011590686,2.10701182795285,23.6934741402654
"alpha_t[209,1]",-0.047206541574,-0.054270766,0.0820540792059214,0.09050563605552,-0.1582460095,0.0790037581,1.66224817981557,1.74537643825426,21.0246288509397
"alpha_t[210,1]",-0.036778189301,-0.0383021335,0.084430507659863,0.1019048378859,-0.182239785,0.0891399187,1.79750528968077,1.61149666544981,16.2428067570076
"alpha_t[211,1]",-0.0376339257421,-0.042431908,0.078706230188322,0.0948500644392,-0.1678305075,0.08786109125,1.82155368541043,1.58014364682261,28.3807891017769
"alpha_t[212,1]",-0.048149078689,-0.053469615,0.0756378488402992,0.094069791333,-0.1661534325,0.0600511775,1.72036237019251,1.6693085545693,40.5548566509965
"alpha_t[213,1]",-0.04954205387,-0.051102936,0.0849868255665788,0.1030144112781,-0.166712994,0.08726812115,1.63972129485057,1.74687940643679,20.5399061032863
"alpha_t[214,1]",-0.0473518053879,-0.05488635,0.0852958724591176,0.1035369380808,-0.1710571265,0.1044266435,1.67421580157981,1.71995379279322,16.3170163170163
"alpha_t[215,1]",-0.0526241237005,-0.049312993,0.0807344552336124,0.1016234485602,-0.1672656025,0.08539407505,1.79209933224609,1.60123619292863,24.5063716566306
"alpha_t[216,1]",-0.063437693687,-0.0669281635,0.0700051659824072,0.0749480030523,-0.170963892,0.0582748638,1.70314381455958,1.70543259253192,21.0246288509397
"alpha_t[217,1]",-0.0672922381396,-0.072831065,0.0726460914488965,0.0804324999828,-0.1836737585,0.050016491,1.44245654938097,2.17980268202712,45.7499253062444
"alpha_t[218,1]",-0.0622115906826,-0.05489623,0.0658698919972724,0.080654565767832,-0.1733808275,0.0310525915,1.63215216364543,1.76574978710164,17.842577487765
"alpha_t[219,1]",-0.056979743746,-0.055544738,0.0736707236708751,0.07930918600206,-0.185948581,0.06126507685,1.40625885601044,2.28374031086465,44.9256517970261
"alpha_t[220,1]",-0.0577129981361,-0.070436203,0.0715159035149897,0.0677325172482,-0.160731425,0.0701259635,1.52466891538263,1.94312903851458,23.3613669737018
"alpha_t[221,1]",-0.056500124577,-0.0690005915,0.073157320941986,0.0808332252651,-0.152349006,0.063148107,1.46726100143195,2.07663213832009,20.4224530283579
"alpha_t[222,1]",-0.062247179939,-0.072294223,0.0718553968546495,0.0796857921993,-0.168203751,0.06214040235,1.46999069787685,2.06976537681739,25.1472912774823
"alpha_t[223,1]",-0.0702319950995,-0.0714728535,0.0714940768862125,0.0798314680275,-0.179199655,0.0443452428,1.43463079910047,2.18540850510521,24.3630794932479
"alpha_t[224,1]",-0.0661954297849,-0.0705016845,0.0801790196746769,0.0815739722553,-0.2102441215,0.0505624412,1.56496340714754,1.86867954093634,73.5691550057054
"alpha_t[225,1]",-0.0580525996836,-0.059583628,0.0826610585969354,0.0977819207652,-0.1959712245,0.06184855635,1.87739331344844,1.52973835482351,15.0137268359643
"alpha_t[226,1]",-0.056651823895,-0.068120803,0.0855691426484937,0.09752383998714,-0.189229987,0.0854643351,1.7054588410051,1.67918069400506,27.8352155240974
"alpha_t[227,1]",-0.0467513280698,-0.0476096345,0.0784367821628698,0.0869887558512,-0.165570468,0.0798597926,1.64983561989031,1.74963541563742,26.9936757673916
"alpha_t[228,1]",-0.0438101160322,-0.03922464,0.0728687268698048,0.0886725335517,-0.173508939,0.0682462184,1.77943263916144,1.61600521646689,21.9463255580636
"alpha_t[229,1]",-0.0467211410871,-0.0502620055,0.071258745490061,0.08595681917865,-0.1590409235,0.0623145803,1.79758083869324,1.60691723194406,56.8419098881722
"alpha_t[230,1]",-0.0563099905889,-0.0566990355,0.0685559955435983,0.07775833651257,-0.154442324,0.04861626875,1.60156707795296,1.82197840315919,26.493933429937
"alpha_t[231,1]",-0.0618596934673,-0.066610731,0.0635965055822521,0.068782120953,-0.1487452875,0.03539192895,1.48469675938205,2.02186705086581,22.9749245109623
"alpha_t[232,1]",-0.065818394692,-0.06827282,0.0716777264357264,0.07707355404,-0.1733959985,0.0543976561,1.60423341220081,1.80131966547709,21.0246288509397
"alpha_t[233,1]",-0.079312962112,-0.0830789425,0.0757758649093314,0.0890176731948,-0.2194609665,0.03341983635,1.48626121102497,2.05546493912751,21.5942744323791
"alpha_t[234,1]",-0.092953495605,-0.0920911655,0.0831132000547585,0.0833621880063,-0.220866118,0.05579307795,1.33478913456229,2.73457701703639,21.5942744323791
"alpha_t[235,1]",-0.0122689108536,-0.0098811184,0.0467861906067689,0.04620623805756,-0.0884647353,0.05483850935,1.29483664522476,3.46192472545417,37.3293515358361
"alpha_t[236,1]",-0.0142206709666,-0.0244976265,0.0576846078577264,0.0515089754928,-0.097377259,0.0806471926,1.56977859593576,1.85719726894958,21.5942744323791
"alpha_t[237,1]",-0.0223116189549,-0.0267680815,0.0582217360945362,0.0708296931111,-0.107286988,0.065188901,1.50611401404517,1.97165800917574,13.7806126466651
"alpha_t[238,1]",-0.0312712911221,-0.02772425,0.0536404631162436,0.0559078912056,-0.114825582,0.06560799205,1.49581135895393,2.09065439427418,40.5548566509965
"alpha_t[239,1]",-0.0474719734584,-0.0475293635,0.0430615020078807,0.0375893504007,-0.128570154,0.02027371645,1.47570453831699,2.39150271289103,32.4795842613215
"alpha_t[240,1]",-0.058303917735,-0.0504075695,0.0470384122000214,0.0435528635304,-0.14237591,0.0113689499,1.53393637059793,2.09363014968543,56.8419098881722
"alpha_t[241,1]",-0.0646864984184,-0.061198795,0.0451481400256539,0.0462299602506,-0.1357993235,0.00742534476999999,1.25086607777956,3.31148509632647,41.0302900285807
"alpha_t[242,1]",-0.07777369954061,-0.0839935645,0.0532606566136057,0.0560353718253,-0.1574732985,0.01504361535,1.30533121200135,2.73079591189795,44.5810103703794
"alpha_t[243,1]",-0.086217939565,-0.0933581115,0.0628093752570823,0.0642477652824,-0.178060302,0.0238289582,1.50614525951343,2.09813307769754,56.8419098881722
"alpha_t[244,1]",-0.103835780015,-0.10929147,0.0684372632630738,0.090364521891,-0.197875781,-0.00577153771500003,1.99353935871744,1.48627627252429,26.4510278113663
"alpha_t[245,1]",-0.110374036629,-0.113064495,0.0812604453840748,0.0996918735435,-0.224317651,0.02916854435,1.99627855372954,1.49488813550198,19.3776990366516
"alpha_t[246,1]",-0.08691267412795,-0.1021345955,0.078068930032396,0.0940738751547,-0.192861511,0.0442563446,1.98144103821325,1.48595284782224,34.5235746695602
"alpha_t[247,1]",-0.0769575423294,-0.0944799565,0.0740058923410052,0.0811628554296,-0.1769456165,0.0481128326,1.92743296205718,1.5209028888563,23.9660367022735
"alpha_t[248,1]",-0.063713571124,-0.078549794,0.0593064444668259,0.0690250538586,-0.147937158,0.0361064057,1.71388231495894,1.66030547984282,34.0438540421865
"alpha_t[249,1]",-0.0482042095999,-0.057653971,0.0589138226076427,0.0643726439391,-0.1404219995,0.0426834313,1.61878129218108,1.84855718158433,40.5548566509965
"alpha_t[250,1]",-0.049757821829,-0.05364214,0.0562972419433164,0.07229360041617,-0.133024523,0.05027225145,1.56564507174517,1.97298739250882,29.9635545336692
"alpha_t[251,1]",-0.0624592297986,-0.083133124,0.0627755535758327,0.067393680879,-0.147784069,0.04541735545,1.78546549493472,1.62947757703858,41.6567483932395
"alpha_t[252,1]",-0.0604321903846,-0.071601809,0.063714595121603,0.0726443473266,-0.157805187,0.0429864836,1.73168813805244,1.66110007663094,22.6830848995463
"alpha_t[253,1]",-0.06281698343486,-0.0676448965,0.0633908227716539,0.0722541655542,-0.1560450515,0.05665503345,1.5608079693686,1.86763512914376,14.2195498496791
"alpha_t[254,1]",-0.0704569423787,-0.074627463,0.0626808364032662,0.0713930492352,-0.1590172515,0.0340365954,1.75794873594751,1.65793172899258,40.5548566509965
"alpha_t[255,1]",-0.062852185076,-0.080631456,0.0565883659286455,0.0527059007118,-0.131965295,0.05526922085,1.46494373682449,2.09538684446766,34.4188137450478
"alpha_t[256,1]",-0.060801280647,-0.073761955,0.0591664789101034,0.0543020767674,-0.1339897975,0.05402225075,1.47257585658346,2.064500275266,19.3028899183764
"alpha_t[257,1]",-0.0707508747541,-0.0799796285,0.0561337515979631,0.0611682857331,-0.153597948,0.03037081365,1.43835760593974,2.12653889745443,18.5440288227191
"alpha_t[258,1]",-0.070753232249,-0.080892418,0.0600146084544858,0.0562940039823,-0.1607907495,0.03466142915,1.36847877279438,2.3785661170148,33.595699750432
"alpha_t[259,1]",-0.071531632405,-0.070854044,0.0613233250133921,0.0640553467827,-0.1559226615,0.04188255595,1.46466455085529,2.1089792983374,21.4093467090776
"alpha_t[260,1]",-0.0768102276153,-0.0705945025,0.05645643770419,0.0545876359056,-0.169878221,0.0125039004,1.60400523702429,1.917223914038,34.639746634996
"alpha_t[261,1]",-0.0766653844075,-0.0761689305,0.0501400956390505,0.0629226722586,-0.151916972,0.000512925207499982,1.94744312317145,1.49805415676685,31.6824001034527
"alpha_t[262,1]",-0.0803665455847,-0.074565976,0.0496047797035267,0.0544871897556,-0.16405674,-0.00745068369000001,1.36995326940997,2.46226481647401,29.494618736908
"alpha_t[263,1]",-0.077893023569,-0.0857414095,0.0518602243571994,0.0561637872243,-0.150901193,0.01105138395,1.45930499886771,2.16271435070581,40.5548566509965
"alpha_t[264,1]",-0.066822914468,-0.070555146,0.0519774257532711,0.0559738031538,-0.1466787985,0.01310621725,1.60758798813119,2.02458480361574,56.8419098881722
"alpha_t[265,1]",-0.05960136187,-0.06199796,0.0484963156655727,0.0504923544489,-0.1332128905,0.02396816475,1.31490947114521,2.88594038486811,26.9877288449252
"alpha_t[266,1]",-0.06118872361818,-0.066848094,0.0415315658280107,0.0408058392399,-0.11784046,0.00385902333499995,1.09878890927134,11.2355322885626,52.4502744151648
"alpha_t[267,1]",-0.0520073114009,-0.049119407,0.0417204530426798,0.0528288208539,-0.119499071,0.00709526895499998,1.04050981043422,24.732372705334,52.4502744151648
"alpha_t[268,1]",-0.0642345420712,-0.059930061,0.0419611661332464,0.0418183223472,-0.1282392385,-0.00405793150100001,1.06052815262084,40.2027971973527,55.4729091232305
"alpha_t[269,1]",-0.0672120961416,-0.0624852245,0.0411888087924911,0.0399454063995,-0.1379893875,-0.010443416245,1.0459708748482,16.1985938121121,59.5693803940481
"alpha_t[270,1]",-0.0564628065255,-0.0557558945,0.044702991797442,0.0483713127891,-0.130183896,0.0127715489,1.01430846660614,14.4978236724983,40.5548566509965
"alpha_t[271,1]",-0.05468930193,-0.055357043,0.0551337508956985,0.0618616340013,-0.158340018,0.0271797456,0.990025271279858,13.9091342446343,43.9228175685244
"alpha_t[272,1]",-0.060168719029,-0.0613674665,0.0646978662790382,0.0747531790341,-0.160434185,0.02818029665,1.03083638363622,10.7874520990229,34.3628470914159
"alpha_t[273,1]",-0.072346383569,-0.074238252,0.0845293315334055,0.0769070180298,-0.205896795,0.07825786665,1.05365938521044,9.45876508210132,18.1403545143568
"alpha_t[274,1]",0.0021641738525,0.0051557487,0.0313952427191198,0.03472416481758,-0.0524761233,0.05201644145,1.0149123911283,34.3486374104528,52.4502744151648
"alpha_t[275,1]",-0.0085093490808,-0.0120602205,0.0457030051637807,0.043399934823,-0.0832925038,0.07294473485,1.08721124810065,8.51927127155664,29.4472616381002
"alpha_t[276,1]",-0.003937422116,-0.00881590385,0.0593631457447656,0.06661379495379,-0.09248830335,0.110032185,1.12656992086042,5.79259370074127,17.8808623684479
"alpha_t[277,1]",-0.00109978488741001,-0.0029242665855,0.051615057705212,0.0543353211072,-0.085396454,0.0851095684,1.092865401932,6.75745639255969,18.1009515928837
"alpha_t[278,1]",-0.00729927325619,-0.00940302695,0.0454683619012892,0.04323355752513,-0.08112884055,0.07190327685,1.01711816853733,11.992175228646,55.5782405516991
"alpha_t[279,1]",-0.0058658621222,-0.0019364647,0.0565410289753473,0.04910357441472,-0.09980372395,0.0718522708,1.02037563501296,14.0977343967531,12.8702156943088
"alpha_t[280,1]",-0.0039163817888,0.00035908685,0.052411792698769,0.0513209810715,-0.0970520656,0.0765160081,1.09792046577917,13.6233961985331,76.6284020089591
"alpha_t[281,1]",-0.002399349753,-0.0072478467,0.0416913721133665,0.04347156115638,-0.0565681219,0.07512856055,1.03324879372709,19.1478110293355,51.9810012159507
"alpha_t[282,1]",-0.0154801308945,-0.0213974565,0.0502506996047296,0.04005637433931,-0.09784195175,0.07180435935,1.14738314480568,7.00865704416428,21.7553455992043
"alpha_t[283,1]",-0.0137579379926,-0.0075483335,0.0412016811061934,0.0407027451663,-0.0831262606,0.0493194793,1.18841179620721,5.22686547659066,21.0246288509397
"alpha_t[284,1]",-0.013170627971,-0.0145879785,0.0437362113189204,0.0403285710261,-0.08318485485,0.0613255623,1.16571630312798,4.63871695040245,30.1538461538462
"alpha_t[285,1]",-0.00388982558577,0.0004867740515,0.0492067411772893,0.0485689952601,-0.07933522845,0.08057172595,1.04038965856242,20.4483506876407,25.2744078567301
"alpha_t[286,1]",-0.002922698683,-0.0018062078,0.0454252060471248,0.0434676718518,-0.0671544448,0.07987102095,1.03638914838548,18.3769837414657,75.8429085384729
"alpha_t[287,1]",-0.003808245457,-0.00122179995,0.0547968256245947,0.0600778467765,-0.08879655615,0.085353924,1.10841439120714,7.70505418135818,30.6204069389591
"alpha_t[288,1]",-0.0096045407246,0.0036610243,0.0538496875352762,0.06297756670968,-0.09350503945,0.0718148844,1.08091503911571,8.50087352096381,74.7352313149317
"alpha_t[289,1]",0.0040014511884,0.0080467365,0.0508871853578437,0.0517549899825,-0.07847564655,0.082184735,1.008535226151,18.6040945230956,55.9314295201728
"alpha_t[290,1]",0.0039214660981,0.00183501191,0.0519550187770401,0.0451023955074,-0.07006514315,0.08584515525,1.01303753987646,21.3417016521015,18.0486798679868
"alpha_t[291,1]",0.008075796919,0.013224975,0.0439773221101052,0.0459465872061,-0.06944828795,0.07085550855,1.01845430787503,19.3402895982651,17.8425774877651
"alpha_t[292,1]",0.008954388101,0.0090345754,0.0473238021738601,0.04037032385904,-0.0752224651,0.09344024345,1.06409168539306,11.686278639316,30.8207115181401
"alpha_t[293,1]",0.002195944694,0.0103446706,0.0494860626750674,0.04350993692304,-0.09827754955,0.06914137855,1.10695522998022,7.19839492075769,31.1585908686252
"alpha_t[294,1]",-0.00227076375890001,0.00786143815,0.0567031267673277,0.0481661350338,-0.1020446285,0.06548862645,1.22908996257948,3.79079808842235,38.0529324055666
"alpha_t[295,1]",-0.00514348277620001,0.00890954515,0.0556351918283942,0.0544295366307,-0.09878998255,0.06802880835,1.46348924262357,2.13117736978325,22.2747522502046
"alpha_t[296,1]",-0.007660649527,-0.00758572285,0.0591104180907984,0.0746199318417,-0.1078869315,0.08308201125,1.61890864145956,1.82020650313173,32.7076602675353
"alpha_t[297,1]",0.0069933063061,0.00709698545,0.0546226217044872,0.0642225069675,-0.0830342775,0.0873372338,1.540706299499,1.96497065909773,48.4074922943175
"alpha_t[298,1]",0.006040574089,0.005618213,0.0505939291682576,0.040964178696,-0.0790453272,0.08908133515,1.52637467204593,2.04922650186768,60.0313633245124
"alpha_t[299,1]",0.000783366726500005,0.00451094738,0.048714418100179,0.0492515976435,-0.0742396405,0.0842204819,1.31465941880716,2.67498126514887,40.5548566509965
"alpha_t[300,1]",0.0009583202127,0.000247811635,0.0473052292959727,0.0497971499655,-0.061527428,0.07155426365,1.12137314293925,7.48326765215713,40.5548566509965
"alpha_t[301,1]",0.00117624516099999,0.0016066149,0.0466719185561445,0.0459653873154,-0.0632961241,0.0728734694,1.35759936552652,2.50223942079648,35.7340801026808
"alpha_t[302,1]",0.0077191463541,0.01022685135,0.0608277514258307,0.0641798911131,-0.0960068653,0.107980136,1.68584901238374,1.81554507428709,56.8419098881722
"alpha_t[303,1]",0.01295357214183,0.026564341,0.0722288789416871,0.0722208070542,-0.0948882588,0.119809294,1.76419879681474,1.7051982769918,18.9086980010805
"alpha_t[304,1]",0.01046159371404,0.0256980105,0.074438360191701,0.0730983528051,-0.1369689565,0.0968750527,1.83957242769328,1.61720500828415,13.7806126466651
"alpha_t[305,1]",0.00676589275799999,0.0233736585,0.0720990204916727,0.0674078789979,-0.136976469,0.0971341681,1.94216864785721,1.4982502024023,13.6900571070954
"alpha_t[306,1]",0.009118144453,0.026628866,0.071151117449871,0.06545701239,-0.1162993585,0.1049594465,1.62325257535901,1.75827759171783,13.0721046622061
"alpha_t[307,1]",0.0167820502678,0.016165093,0.0647394666666655,0.0762956427156,-0.0788863515,0.112013051,1.53999448639577,1.93082352982006,23.2527238905128
"alpha_t[308,1]",0.0188038489093,0.0203886275,0.063349690230323,0.0635035341822,-0.09484020675,0.1096080465,1.31954377788786,2.74514181971904,13.1963071884864
"alpha_t[309,1]",0.0176365609925,0.01791379,0.0660144071860318,0.0643079640315,-0.09367806185,0.1342275875,1.31343447261561,2.83872599391988,16.6318190458087
"alpha_t[310,1]",0.01358801091396,0.011962351,0.0648630328536784,0.0580049028846,-0.102176404,0.1259635655,1.3847284528186,2.41309399925808,25.3298043918779
"alpha_t[311,1]",0.00720439465970001,-0.00237948699,0.0706389655621955,0.067840598032074,-0.09981854495,0.1285865355,1.37398205294724,2.49118350874645,15.233286908078
"alpha_t[312,1]",0.01087741582137,0.014590023,0.0875061611906622,0.0864921597225,-0.1187319445,0.1365728685,1.16508486736878,5.19629915281759,15.233286908078
"alpha_t[313,1]",0.0038180653926,0.0058809025,0.041782212920046,0.0365302358169,-0.0628349817,0.07314391145,1.07034442703481,8.80715161220685,21.5942744323791
"alpha_t[314,1]",-0.0011608646916,-0.00375654265,0.0593680780253805,0.05345228847609,-0.0930813313,0.1046600185,1.03035378964359,8.19730200913023,22.4589322381931
"alpha_t[315,1]",0.014345476519,0.02041154,0.0526106534995179,0.0603651842934,-0.06703024305,0.09694200515,1.00823779787845,11.2871102597576,12.8042980631539
"alpha_t[316,1]",0.006240016649,0.00712402405,0.0602901373075803,0.0606821367453,-0.08762089125,0.1002421165,1.05290065002991,12.4138086662572,31.5354895261113
"alpha_t[317,1]",-0.009147560035,-0.0132247325,0.0471461012406444,0.0477804974304,-0.079532011,0.063157066,1.02054127026008,21.3556358061382,83.0503821242071
"alpha_t[318,1]",-0.0119480618265,-0.0168981585,0.0434636159736472,0.0488773508559,-0.07246916365,0.04661889985,1.01645732660028,14.9776563917715,58.9885684153973
"alpha_t[319,1]",-0.00362545459599999,-0.00609436805,0.0461211924897421,0.0445307568384,-0.07299824025,0.06388550865,1.33313827625235,2.58121494422279,17.1686451486314
"alpha_t[320,1]",-0.000247414809099996,0.001382150195,0.0593617927610603,0.0593844592194,-0.08928166965,0.0994764629,1.54818953696485,1.91344312308639,71.4660754915116
"alpha_t[321,1]",-0.00994797999439999,-0.00642086265,0.0614650176504619,0.06746401861059,-0.109291634,0.0774189508,1.84252224555451,1.59392546718004,37.6726020235568
"alpha_t[322,1]",-0.01835713607849,-0.00987997775,0.0521253892648994,0.05447215063185,-0.112886235,0.0555160496,1.71224682162371,1.70167594742329,21.0246288509397
"alpha_t[323,1]",-0.027361339412,-0.0336969205,0.0498390864585771,0.05495739441822,-0.1076205295,0.0556771055,1.68438538852333,1.90077603367671,47.4879826329663
"alpha_t[324,1]",-0.0338021132825,-0.033992632,0.0399637677914507,0.0372941632581,-0.0999268768,0.0376498083,1.11774356444826,8.9315391497087,30.7472202002962
"alpha_t[325,1]",-0.0451773882894,-0.04066644,0.0453771949373696,0.0429076530603,-0.1289969755,0.0156461508,1.03203949068451,33.8186961752336,56.832886964957
"alpha_t[326,1]",-0.038709410156,-0.03965633,0.0475371966032508,0.04899640926978,-0.116920706,0.03957496395,1.00986694674336,29.9521994632126,58.0761852780705
"alpha_t[327,1]",-0.028018397356,-0.0280313365,0.04681277490285,0.04799435655,-0.0999695527,0.05004962085,0.995816306060114,15.8537495479186,54.8564568994389
"alpha_t[328,1]",-0.0320801948864,-0.0319111565,0.0501757671558126,0.0527083336584,-0.1125756715,0.0399629761,1.03453196019223,12.5940464907094,30.0319618281558
"alpha_t[329,1]",-0.0355839848405,-0.035778748,0.0481161559579714,0.05490901525284,-0.1145613285,0.0467037465,1.02111389616805,25.3239872791208,25.7959905660376
"alpha_t[330,1]",-0.02987757205027,-0.033279525,0.0462809753305394,0.05145797286672,-0.102555496,0.04183229805,0.992555053098134,24.7873241063141,58.9391161255238
"alpha_t[331,1]",-0.034678109874,-0.0382912795,0.0450977291249995,0.0396117057567,-0.1045896455,0.0593554134,1.0071260978519,24.8250145383565,21.0246288509397
"alpha_t[332,1]",-0.035700457827,-0.0407918155,0.0388321012770431,0.0355075383369,-0.08704665795,0.03610115735,1.06207839015534,26.1384718425306,69.718819965758
"alpha_t[333,1]",-0.05631664562447,-0.0536663315,0.0432567483871732,0.0459449682069,-0.1402717605,0.00238643459499999,1.00063515705611,26.366336309341,37.5549801362089
"alpha_t[334,1]",-0.0543253593123,-0.0527379305,0.0403341909606024,0.0412981313808,-0.1273353045,0.006326782435,1.01184265368796,19.1946034852835,58.0761852780705
"alpha_t[335,1]",-0.04079223746272,-0.0383254945,0.0416601195790731,0.044934818712,-0.1102394015,0.02484877225,1.03769694780063,15.6180225874568,52.4502744151648
"alpha_t[336,1]",-0.0495450414817,-0.051154479,0.048606825781256,0.0560029607067,-0.129591428,0.01629823075,1.06754531833849,12.8171454463353,13.4086406374851
"alpha_t[337,1]",-0.055524623604,-0.059629898,0.0513239967563978,0.0607503630321,-0.1379453795,0.02454253505,1.09824998651572,13.305529051226,20.7444286391654
"alpha_t[338,1]",-0.057878103494,-0.0597136585,0.0465582149307791,0.0419972121219,-0.1264885535,0.02242337645,1.15162983129999,9.89423243764003,40.5548566509965
"alpha_t[339,1]",-0.0548544748998,-0.0584019345,0.0471300034807549,0.0486665851812,-0.123855171,0.00935356023,1.03533449865896,17.1325326731767,20.8492894221768
"alpha_t[340,1]",-0.049221129482,-0.0487037195,0.0454949361227025,0.0527346638931,-0.116725482,0.0225232463,1.00723637504187,12.4263006591691,53.190439536582
"alpha_t[341,1]",-0.0435049123599,-0.03848529,0.0527239252413779,0.05153560232163,-0.120502388,0.04063832715,1.07014377681963,9.29805903843162,30.6204069389592
"alpha_t[342,1]",-0.052473934409,-0.048253494,0.0522273237354555,0.042564030117,-0.1454531765,0.0315948972,1.23268806817252,3.50047804233358,14.4246620507748
"alpha_t[343,1]",-0.0577179246995,-0.053747636,0.0613626993304155,0.0516961559667,-0.1722298055,0.0368345138,1.1200567581303,6.31502409348247,16.4458227610187
"alpha_t[344,1]",-0.04913003909703,-0.0429721095,0.0572991662837855,0.05615732494155,-0.1685662615,0.0252563326,1.31686662962538,2.83365934702043,13.1408159105781
"alpha_t[345,1]",-0.0341404332528,-0.0246023165,0.0564739376863562,0.0525569090487,-0.15262219,0.03083527045,1.18074281380933,4.62000565727112,13.4086406374851
"alpha_t[346,1]",-0.0327142817161,-0.02464793,0.0612711873987807,0.0616656817245,-0.135920693,0.06706257485,1.09568129133645,8.01278566985287,13.4086406374851
"alpha_t[347,1]",-0.0431136232547,-0.0434599025,0.0638420904556356,0.05960943850617,-0.151589882,0.06714004765,1.10470361012432,7.19699707825901,14.5930620413609
"alpha_t[348,1]",-0.0459772712596,-0.0445617325,0.064232669225732,0.0682334825991,-0.148759489,0.05638688035,1.21185803057458,3.87591022703845,42.4389398926035
"alpha_t[349,1]",-0.0503066937204,-0.0524069845,0.0526260577622598,0.0554215769079,-0.122277993,0.0347500123,1.22595354729417,4.17807598357578,51.1162111412476
"alpha_t[350,1]",-0.056238937284,-0.06153213,0.0543357943298096,0.0516115158153,-0.1288598665,0.03802638215,1.09757683043342,10.7536440106796,42.1527132583187
"alpha_t[351,1]",-0.07822614662703,-0.0735072225,0.0758130029614448,0.0784080830715,-0.2072646815,0.0345747091,1.03354319343958,15.9919672027073,44.5810103703794
"alpha_t[352,1]",-0.01591585571,-0.00704827595,0.0445191431335665,0.0518757269961,-0.0853238607,0.04792639065,1.02868672622923,14.7836526440364,27.5287085103035
"alpha_t[353,1]",-0.0154318977265,-0.0057254865,0.0433096407729202,0.0433987628277,-0.08608862815,0.04128234395,1.22082570888325,3.68907440479352,20.9355186027036
"alpha_t[354,1]",-0.0305031163591,-0.0352406255,0.0347943520661432,0.030393070197,-0.08555750185,0.03406084645,1.05585743748991,19.1974641759753,67.6406173148844
"alpha_t[355,1]",-0.050034644081,-0.057980061,0.0457849432652633,0.0512278433982,-0.118650971,0.02258585265,1.03695394212076,25.2424952280152,56.8419098881722
"alpha_t[356,1]",-0.05175924168046,-0.0507023665,0.0449214372844177,0.0435477011172,-0.1211658215,0.0183413881,1.01450550193674,27.6949488254353,21.5942744323791
"alpha_t[357,1]",-0.0503119344868,-0.0395029095,0.0466309045775733,0.04443822199026,-0.137737109,0.00704325605,0.999354742542935,38.5912688144779,28.718150413553
"alpha_t[358,1]",-0.03785711268055,-0.0347930365,0.0428193262382092,0.0411920958288,-0.1180567205,0.0262894635,0.992605695569064,29.8663069815207,43.9185168782378
"alpha_t[359,1]",-0.038548860196,-0.037151943,0.0472167065512892,0.04605037780518,-0.1184599955,0.03564155335,0.996330947898685,33.4025278569999,58.9391161255239
"alpha_t[360,1]",-0.0428360044298,-0.047747517,0.0421074711636374,0.0362787712896,-0.1120535425,0.03168374275,1.02218362503067,37.1613389157396,76.6284020089591
"alpha_t[361,1]",-0.06682390632,-0.0680816585,0.041003755720024,0.0387421504785,-0.1219209235,0.00903966622499999,1.00036344011705,28.14572819422,32.1701998361376
"alpha_t[362,1]",-0.076139846074,-0.0773713255,0.0503613109700275,0.047996617515,-0.1572310495,0.01207467665,1.02086394676363,30.3629102917787,30.953885028427
"alpha_t[363,1]",-0.068187013731,-0.0638855015,0.0538510128086954,0.0515334850947,-0.1538017065,0.02350813485,0.990274161600882,27.5551251645269,34.0725586313509
"alpha_t[364,1]",-0.0626824602779,-0.0661231505,0.0561532326332619,0.0585479340453,-0.1562979235,0.03566041695,1.03995254060744,15.1250513501676,47.1952535059332
"alpha_t[365,1]",-0.0573880929844,-0.052187933,0.0570864673915338,0.0629296560459,-0.1514262055,0.02025208135,1.0106668371411,20.0256263032866,59.5129956949783
"alpha_t[366,1]",-0.058725867214,-0.0538316475,0.0547290660740978,0.0490048396299,-0.160135256,0.02433102555,1.10633301935191,7.2614170994026,29.9635545336692
"alpha_t[367,1]",-0.060397013976,-0.051818906,0.0458975113191638,0.0502400485461,-0.1390858475,0.00816682728,1.06212504205193,16.0130986415919,59.4639916395373
"alpha_t[368,1]",-0.063817887457,-0.062511275,0.0452377925279488,0.0516678301524,-0.140563479,0.006844212305,1.12250917408914,10.4913246556146,35.3933720493484
"alpha_t[369,1]",-0.0651055870403,-0.0664498445,0.0429175172192628,0.0399257256258,-0.1292274705,0.000498257156999949,1.14921402567922,6.16215031521758,34.6094081084899
"alpha_t[370,1]",-0.06755677553232,-0.0722444435,0.045874511657239,0.0458922617769,-0.1356995565,0.00967658791499999,1.09817252625446,7.51139487652228,18.8091143594153
"alpha_t[371,1]",-0.063368810221,-0.072615991,0.0525951196512338,0.0461283828768,-0.1424696415,0.0306910833,1.07104449393792,8.97657448494384,21.0246288509397
"alpha_t[372,1]",-0.076495562596,-0.081103048,0.0575769001005371,0.0593797341732,-0.1643,0.009621248775,1.01678361968461,11.2452422698437,52.4502744151648
"alpha_t[373,1]",-0.084383275968,-0.0803546495,0.0595863963791451,0.0647142164466,-0.1710888795,0.00633205456999999,1.04935064242734,11.8936901971451,61.3835995991276
"alpha_t[374,1]",-0.079463592731,-0.0868635475,0.0612199818629333,0.0600910863945,-0.1665777165,0.02106406355,1.00728388499103,10.897450927704,30.1538461538461
"alpha_t[375,1]",-0.075777370187,-0.0916017695,0.065295946983578,0.0594405541317,-0.1499190035,0.04188421935,1.0139624038711,10.7637172534678,78.3393298097876
"alpha_t[376,1]",-0.080547350103,-0.082878579,0.0633121424927242,0.0713189192352,-0.1756961555,0.02816429245,1.06965467352063,7.66172745493811,16.8560970911192
"alpha_t[377,1]",-0.086924051256,-0.0836053775,0.052196851413544,0.0521201840145,-0.169286088,-0.00715358447000004,1.19400044086862,4.06478861966893,30.1538461538462
"alpha_t[378,1]",-0.0978682488812,-0.101870545,0.0541272169149263,0.0646533201342,-0.179163102,-0.01018309066,1.15249650909022,5.00206957475792,65.2345649672012
"alpha_t[379,1]",-0.1032390814209,-0.10108179,0.0503606356963734,0.0454227557154,-0.188301748,-0.03062493975,1.04397294319086,9.62961667623389,54.1246491319264
"alpha_t[380,1]",-0.097513430528,-0.0990883935,0.0581977726559362,0.062216315658,-0.193365455,-0.01091123755,1.00832160727175,11.819836229717,75.8429085384729
"alpha_t[381,1]",-0.085687250823,-0.082305411,0.0602060036330612,0.0589689746541,-0.17630411,0.00858149283999999,1.0310682696296,8.23553129666246,71.4660754915116
"alpha_t[382,1]",-0.0769877927931,-0.0773137585,0.0593434758421388,0.073979086146,-0.166819774,0.01330239615,1.03631711209551,8.41135243250751,21.0246288509397
"alpha_t[383,1]",-0.079601877963,-0.073506517,0.0621295394086019,0.0671016435201,-0.1806265315,0.01446747695,1.0792828944061,8.40336035282479,15.0227487337969
"alpha_t[384,1]",-0.0787751675455,-0.077085513,0.0648525548097132,0.0655279236654,-0.190691564,0.02171714865,1.16923635265522,4.10079555704094,21.0246288509397
"alpha_t[385,1]",-0.0847084815529,-0.088350916,0.0644195999342665,0.0657020750505,-0.175455072,0.01804510355,1.25720852167362,3.20905753901738,17.2159370388588
"alpha_t[386,1]",-0.09745135877,-0.0963030665,0.0629364378535779,0.0581015105832,-0.1996009535,0.00795848391999997,1.15357811640999,4.78330713586592,40.5548566509965
"alpha_t[387,1]",-0.104687544967,-0.10258936,0.0633172854073713,0.077679892962,-0.2050774725,-0.0127520234,1.07000958278056,9.22049998138815,59.8640966872306
"alpha_t[388,1]",-0.10764232319,-0.10312695,0.0624637067714933,0.0771491362467,-0.2065580555,-0.0233509951,1.03530947442367,9.74716939690203,87.2419820954556
"alpha_t[389,1]",-0.10863691324416,-0.100602955,0.0585258100013498,0.0609355909218,-0.2054648375,-0.01195649354,1.06471119023746,10.5010681591021,21.5490703115379
"alpha_t[390,1]",-0.099496077625,-0.10577685,0.0761160602582527,0.069032910156,-0.2170696225,0.04231491745,1.16539426502264,4.8879704347995,44.5810103703795
"alpha_t[391,1]",-0.0099581656694,-0.0029997809,0.0446194495797114,0.0460757705919,-0.0981261058,0.053155611,1.19307946815119,5.4390628371555,31.7839996054474
"alpha_t[392,1]",0.005780975688,0.00662929935,0.0405529783165782,0.04808824642041,-0.0597690369,0.0729587921,1.03945710162058,14.9072689632086,51.1098130841119
"alpha_t[393,1]",0.0010410362811,-0.00451613875,0.0478262074073987,0.0572389035099,-0.06218813435,0.087299484,0.99874369456354,26.174065548734,43.6060408597943
"alpha_t[394,1]",-0.0240657857364,-0.0241146905,0.053309519751106,0.0522005839299,-0.110710351,0.0642374401,1.19284078403661,3.8923808792075,20.7789123723581
"alpha_t[395,1]",-0.037719729464,-0.0487683635,0.0628129585500329,0.0563607624951,-0.127130885,0.07967397945,1.19338522800506,3.97393390611847,30.3774239944452
"alpha_t[396,1]",-0.0409019848416,-0.0509950205,0.0519937972079604,0.0518523671505,-0.109539432,0.03797427815,1.14510982473135,5.31459836713936,76.6284020089591
"alpha_t[397,1]",-0.033379286622,-0.038612791,0.0633102639259858,0.04981320481851,-0.1077068285,0.106329388,1.08031427674468,8.01254641868704,36.2769485903813
"alpha_t[398,1]",-0.041800475823,-0.0397451415,0.0610120213315904,0.05834853843,-0.124460796,0.0749262388,1.60456916587323,1.80754717159097,16.8107588856868
"alpha_t[399,1]",-0.043717779455,-0.052974382,0.0780836262689518,0.08654270059281,-0.158866641,0.0894805237,1.75839341529084,1.6120124810478,16.4026619177055
"alpha_t[400,1]",-0.0594202612111,-0.0731793535,0.0772492737157749,0.0824242967289,-0.1776394095,0.06618298745,1.6902929754518,1.70755708622066,14.350143501435
"alpha_t[401,1]",-0.06107286158,-0.07648115,0.0744603472778025,0.074046470316,-0.1538379425,0.0646863933,1.41986535271797,2.18963433625307,16.8107588856868
"alpha_t[402,1]",-0.050890300483,-0.0537092855,0.074623157449796,0.08619406490478,-0.158820522,0.0733596364,1.46568703437746,2.08153711094252,16.0550458715596
"alpha_t[403,1]",-0.051119095841,-0.0499707815,0.0676256771548854,0.08426714510382,-0.154113545,0.04826721015,1.40951625761451,2.27059829646561,41.7960353475043
"alpha_t[404,1]",-0.039727841548,-0.0354185505,0.0611584609050795,0.06164136070932,-0.1424025425,0.05463303135,1.54915828435956,1.88544088428134,30.7472202002962
"alpha_t[405,1]",-0.04667407538689,-0.035385765,0.0626099459534794,0.06181571550714,-0.1505672655,0.04237756315,1.26515345642899,3.06035498369206,29.1326785417011
"alpha_t[406,1]",-0.0449350858139,-0.039038918,0.0700102463100078,0.0680956148838,-0.1763474695,0.0525806223,1.2298967035299,3.46187447558716,21.5942744323791
"alpha_t[407,1]",-0.0402309842237,-0.037007944,0.0634117534540169,0.0707427830991,-0.1407065665,0.05377971665,1.38806854122308,2.43326572162306,21.0246288509397
"alpha_t[408,1]",-0.0411772728528,-0.0380432275,0.0576525163548873,0.0679361664429,-0.128227556,0.0505482686,1.2929895757037,2.99269287608537,26.3395544852498
"alpha_t[409,1]",-0.0416214421001,-0.048668086,0.0543432769149299,0.053705717226,-0.128264111,0.0629651704,1.23435142485448,3.31078283898553,42.434529582929
"alpha_t[410,1]",-0.046102772856,-0.053471836,0.0603591729417106,0.061385451792,-0.1276163065,0.0717014683,1.35404483643106,2.70794310766425,28.0590040771451
"alpha_t[411,1]",-0.046365447383,-0.0546822635,0.0566233071706943,0.0634904947152,-0.1323007065,0.0384630979,1.40662004119134,2.27220667868304,28.1855413924808
"alpha_t[412,1]",-0.0545962885036,-0.0660108265,0.063190346610849,0.0583357391442,-0.145869005,0.0539079582,1.50304269795702,2.07941690941536,31.8008359076866
"alpha_t[413,1]",-0.05597194470061,-0.071037791,0.058977680111172,0.0504238472094,-0.1285055925,0.06120664905,1.16233120784382,5.97654208742966,36.7569838269269
"alpha_t[414,1]",-0.0563016104049,-0.0656930755,0.0654266952654501,0.0708445873107,-0.1425237455,0.0726125083,1.14058959152795,5.36071462316449,30.6204069389592
"alpha_t[415,1]",-0.07027110416569,-0.0810425185,0.0607510221791998,0.0488636071539,-0.146574564,0.0437315894999999,1.25550632409111,3.0842196135643,42.4389398926035
"alpha_t[416,1]",-0.071066730263,-0.088603607,0.0648460315121368,0.061508574309,-0.1519561595,0.05104751515,1.30632840717033,2.71047590115186,46.3751656255915
"alpha_t[417,1]",-0.074234753298,-0.084215469,0.0665339919140378,0.0684958620276,-0.1614338135,0.0547606624,1.2447875278286,4.08343257634257,44.5810103703794
"alpha_t[418,1]",-0.075145554478,-0.0898313545,0.0605780356881162,0.0547469983557,-0.164554741,0.03151547165,1.42567544358691,2.25465451824565,60.0313633245124
"alpha_t[419,1]",-0.07172675991708,-0.073496305,0.056685275055897,0.0529416830376,-0.151473227,0.01417496805,1.14614906321882,5.29273427851856,44.8258196721311
"alpha_t[420,1]",-0.060495831544,-0.063618504,0.0604366425962966,0.0611367411942,-0.1506149325,0.03954174985,1.25595777206268,3.40066875021606,29.7944789006445
"alpha_t[421,1]",-0.05530828646748,-0.045015062,0.0704607511377342,0.07821649156608,-0.162205397,0.0519370078,1.20337415999231,4.4799437918922,25.9952465834819
"alpha_t[422,1]",-0.05198536579,-0.0563811695,0.0630828255671469,0.0633750038817,-0.167564036,0.042366696,1.2183668658995,3.6535772266125,21.5942744323791
"alpha_t[423,1]",-0.05372673082,-0.060329828,0.0572853622176188,0.0583143318828,-0.131766844,0.0389575279,1.0776805843122,7.2589328853101,13.3323175377114
"alpha_t[424,1]",-0.068180801637,-0.0737707645,0.0598532733956089,0.0720501182814,-0.1561652695,0.03730436495,1.07275917288495,8.14468698099886,13.1408159105781
"alpha_t[425,1]",-0.06676485014,-0.0691560975,0.0591614510613803,0.0552734814765,-0.1610503625,0.0264429478,1.04602218672697,13.8172191581744,13.0721046622061
"alpha_t[426,1]",-0.065462306968,-0.069561933,0.060555878930766,0.0478271274243,-0.150525144,0.05518591515,1.11725741907936,6.25994682292662,15.5265726199982
"alpha_t[427,1]",-0.051886836869,-0.0591312825,0.0616560432708011,0.0520788031659,-0.138331868,0.0554119308499999,1.30250486220143,2.83560642789908,14.2845482001469
"alpha_t[428,1]",-0.046361124444,-0.032580073,0.0707900050525516,0.0681704632035,-0.163855668,0.0503885324999999,1.11525329600386,6.45581415660869,13.7351856212228
"alpha_t[429,1]",-0.0481183585812,-0.0266986945,0.105786912034949,0.111149832591,-0.2345042185,0.1009686055,1.08270250419115,7.68442814121296,13.6975579211021
"g[1,1]",-0.0221792451023,-0.02061951,0.0237759668521535,0.02398960685919,-0.0606176617,0.01356813575,1.19403255264504,4.42876300109753,16.4026619177055
"g[2,1]",0.0123996912584,0.0141855235,0.0470529856255847,0.0603371075559,-0.0548594848,0.078755986,1.39834612613068,2.31235635651914,38.1322957198443
"g[3,1]",0.0174533214163,0.0151778775,0.0244029121135065,0.03172998132192,-0.01635796815,0.0552949016,1.09087895431283,8.80668086346473,31.6178933065416
"g[4,1]",-0.0179002437054,-0.016539429,0.0279123279705447,0.03242301090525,-0.06000086945,0.0213587453,1.69767653357379,1.72539988966557,40.5548566509965
"g[5,1]",0.0024212364947,0.00450580535,0.0254021631131383,0.02660576308551,-0.040537159,0.04152501745,1.18048720871749,4.20628303838977,33.8817424896137
"g[6,1]",0.038791951919,0.0396708575,0.0450716698588641,0.0551457362127,-0.031126074,0.1030935315,1.83732732745429,1.56290016227011,42.4389398926035
"g[7,1]",0.0515107753162,0.0511027475,0.0405437196212309,0.0564535999419,-0.004783469465,0.11851272,1.7377397361081,1.63892931579059,46.8971325753225
"g[8,1]",0.0252564028396,0.0283801185,0.0316164679204668,0.0357423688335,-0.0328075504,0.0697553946,1.05011952443293,13.2839973624625,51.0883545537063
"g[9,1]",0.0244733628658,0.0289154025,0.03512056862588,0.03724181139189,-0.03220422915,0.08051806525,1.17775444276076,7.26988433292412,30.6204069389592
"g[10,1]",0.050819095277,0.0498003575,0.027364496680945,0.0257549080635,0.004480417415,0.0902116298,0.99157107353729,17.7856520597519,31.5354895261113
"g[11,1]",0.043409792967,0.048794515,0.0354595909126655,0.0360019869195,-0.01385794505,0.0963646628,1.35765604510811,2.4478120191433,13.4809450967877
"g[1,2]",0.018842484996,0.0225413135,0.0396977147327016,0.04830001018143,-0.043050936,0.0790165263,1.10162900576707,12.8775437934116,55.5782405516991
"g[2,2]",0.02073247670694,0.0265472945,0.0374310911222498,0.039766083809382,-0.0425700616,0.0770863891,1.07777857545002,22.5372704920107,31.6824001034527
"g[3,2]",0.01326026853731,0.0066175219,0.0399860526223487,0.03621526174644,-0.03976775895,0.07938626065,1.00515701475086,33.8583825285938,31.6824001034527
"g[4,2]",0.0134816504947,0.0185496665,0.0362940599031132,0.03144371995023,-0.05064023655,0.0712590328,1.00104447948045,27.3795717478963,31.5354895261113
"g[5,2]",0.01755658115892,0.0194910555,0.0466498128773201,0.03863575650795,-0.05898796095,0.0985797838,1.11297385761117,11.4087459669243,14.7741663149008
"g[6,2]",0.0086449082751,0.000783928485,0.0452204290939937,0.0519965507418,-0.0584595208,0.08485675835,1.11319929948459,25.028762660113,39.9074798019286
"g[7,2]",0.02645263503582,0.0293376895,0.0288303768187074,0.0239071940919,-0.03102295065,0.0713895725,1.0916458126382,12.5181762815043,31.6824001034527
"g[8,2]",0.0260060989416,0.028043084,0.0404307575851545,0.03963439146408,-0.05089999525,0.0911884266,1.04843952225528,31.5136544044747,44.5810103703794
"g[9,2]",0.0192444198167,0.0220003925,0.040733809693793,0.03818936633022,-0.05249632885,0.07828771325,1.03140873971732,20.3094185827028,44.5810103703794
"g[10,2]",0.0200781086587,0.027122635,0.0476896227375149,0.04224922135644,-0.06558174845,0.0848189334,1.05768776698428,11.5457034686737,16.2745280386869
"g[11,2]",0.0243511583165,0.0272648505,0.0340049019740325,0.0296212886823,-0.03505095515,0.07260701245,1.01257830692459,29.2033848373972,19.2286561916273
"g[1,3]",0.0386618268728,0.0420123625,0.0336715406882885,0.0331600132185,-0.02097079215,0.08210830255,1.05966501031561,32.6329559694222,58.361007520573
"g[2,3]",0.0062527930492,0.0091091793,0.0384701870137457,0.0452026392825,-0.04930765225,0.0675582331,0.99941159781525,23.2286520287196,38.2860357544693
"g[3,3]",0.0376520831626,0.035398527,0.0339159931115035,0.04295465385246,-0.0139609498,0.08705994215,1.0101703794813,24.5277918942149,54.8564568994389
"g[4,3]",0.0348670566,0.0295950025,0.0341403653809044,0.027272560434,-0.01406380495,0.0975071927,1.00139770377798,23.4678763157123,52.4502744151648
"g[5,3]",0.0525897288884,0.0544840215,0.04707398408453,0.0477224143515,-0.0245299437,0.119655028,1.11389558401188,19.33792071689,30.2499012248123
"g[6,3]",0.0339799158714,0.03651426,0.0367910136612769,0.0390644832858,-0.02629588905,0.0916090027,1.00227240730966,21.7303516736263,30.3702413637667
"g[7,3]",0.037922277464,0.032734333,0.0338338926781004,0.0269369168439,-0.0150265133,0.0990785297,1.00967463596371,32.9403003023569,40.5548566509965
"g[8,3]",0.0342093223207,0.0372928815,0.0360792708294832,0.0383245539495,-0.03130136785,0.0800861792,0.996829727026511,27.3000783743218,44.5810103703794
"g[9,3]",0.0182586956951,0.016491105,0.0448402853111584,0.0493018800225,-0.0575174392,0.087736712,0.999384061510052,17.7740448141723,44.5810103703795
"g[10,3]",0.0467642205376,0.057368134,0.0526637723615879,0.0606424460607,-0.05659253925,0.115906888,1.36084867359129,2.94859768881193,21.5942744323791
"g[11,3]",0.03553347391817,0.032544578,0.0400304986383372,0.03599553605277,-0.0224956694,0.1108115265,1.00305750893303,14.6447000455419,12.7390522145153
"g[1,4]",0.0331672664393,0.030396809,0.030403174509852,0.0249883667985,-0.01709090645,0.08390841825,1.01434667112319,52.9305924296274,67.6406173148845
"g[2,4]",0.0199645866079,0.021341132,0.0329041839556843,0.030693768764253,-0.028289787,0.08228785325,1.02029477907483,28.1800754660317,78.3393298097876
"g[3,4]",0.0356638963583,0.0386050345,0.0439207868394562,0.0484869036981,-0.0319351511,0.09836641445,1.29943097659431,2.76286789315465,16.7320011473372
"g[4,4]",0.0216334102976,0.022000519,0.0341780164282292,0.0371713202112,-0.0318577106,0.07839142945,1.16415089679608,5.61465451180879,30.6204069389592
"g[5,4]",0.044222975942,0.0511565645,0.0414952455519218,0.0398317977267,-0.0198972572,0.1095605435,1.11437166451948,9.76577662184215,21.0246288509397
"g[6,4]",0.0285136412778,0.029131602,0.0417318753826207,0.0504056764638,-0.04256328285,0.0866822941,1.06612006702121,10.1399793787342,52.4502744151649
"g[7,4]",0.0371666140751,0.036315517,0.035939634620376,0.0308185637949,-0.01195101865,0.09813568345,0.995427651620895,40.2113864739998,34.3628470914159
"g[8,4]",0.0205397258676,0.02637454,0.0421493612910432,0.03171549046365,-0.0556597465,0.08699342485,0.993531286282634,24.0806758178543,16.3490284005979
"g[9,4]",0.040855248617,0.0394184885,0.0371383190383297,0.0335633701158,-0.01626410515,0.111699443,1.07622814439961,23.5763522000367,48.4591795368058
"g[10,4]",0.025843403477,0.022933193,0.0340612920343615,0.04301322292764,-0.021106439,0.0792103892,1.01695883962496,20.6515572967754,68.8140521811375
"g[11,4]",0.03884790916384,0.0362515015,0.0395112665002121,0.04198716861885,-0.02384499945,0.1113924055,1.07807974628185,31.6632252855804,52.4502744151648
"g[1,5]",0.025698021911,0.0229916595,0.0351359268147314,0.0397363909341,-0.02991134345,0.07974329045,0.994128851608235,21.0594357525519,31.4535141569991
"g[2,5]",0.0017890258359,-0.001730882055,0.0364215535771099,0.039040253072457,-0.0539705496,0.06096163565,1.02463204420338,27.9942466262828,31.5354895261113
"g[3,5]",0.0147953035065,0.012788486,0.0339256002646705,0.0438386917605,-0.0344329874,0.06096138205,1.09239747658768,36.1088317465971,42.4389398926035
"g[4,5]",0.0068379052064,0.00926349135,0.0330255784878487,0.02691775194087,-0.04992018975,0.05794070955,1.02110885490937,41.6068857757643,58.9391161255239
"g[5,5]",0.031904206464,0.034233234,0.036672135869126,0.03890175926259,-0.0264322863,0.085630194,0.997434188442517,12.1272356044017,49.8568790552336
"g[6,5]",0.01409244822931,0.017206342,0.0310313625889423,0.02768710162092,-0.0395397464,0.05690001455,1.02546182408888,40.1286742059711,14.6357782052354
"g[7,5]",0.0272182270414,0.0290647865,0.0314696159181049,0.03677400112827,-0.0244258784,0.07523250695,1.00697516044632,35.4907809658069,31.4535141569991
"g[8,5]",0.022458644934,0.026419233,0.0344155785613959,0.0200925184068,-0.0495080407,0.0686036679,1.05835670630974,30.7836629783963,42.9711796108349
"g[9,5]",0.0272955295609,0.0325745145,0.0332379719295074,0.0386977073196,-0.0340727868,0.07546443455,1.00906462465926,29.1170667115432,54.8564568994389
"g[10,5]",0.0076541170916,0.0075631214,0.0377564664197128,0.0421806349461,-0.0526239559,0.06751612105,1.17311914566383,5.04740344812791,83.2655042910795
"g[11,5]",0.013980469935,0.0108736995,0.0358506435315392,0.0446331533487,-0.03813189905,0.0709570279,1.0133941947306,26.1375885784979,43.1269119030573
"g[1,6]",0.01129048662929,0.0093726088,0.033614357177093,0.02973893625402,-0.0363570655,0.07066892085,0.990032131225965,38.4725951208027,31.7839996054474
"g[2,6]",0.00144414460209,0.00293821375,0.0361308873322679,0.0312888600822,-0.05106803595,0.0594967126,1.00242339256734,39.1285016109842,54.856456899439
"g[3,6]",0.008467701306473,0.0135397285,0.037958249173131,0.03168062705052,-0.0716003206,0.0586782184,0.996490077987729,24.377365670158,17.3113067563557
"g[4,6]",-0.0033896641876,-0.0037459179,0.0366679722220267,0.0383535195057,-0.05108005915,0.06655556055,0.993786223160684,20.9507265915144,101.770467540265
"g[5,6]",0.0041241691312,0.00717217125,0.0271066094693766,0.02845748067015,-0.0420085509,0.0416733668,0.999426615245608,41.220982615129,54.8564568994389
"g[6,6]",-0.0030478034611,0.0055697802,0.0432869268369516,0.0475633995711,-0.0765647827,0.05929721245,1.16842436489143,5.01136711010653,65.5135225921653
"g[7,6]",0.00616581404859,0.00758766035,0.0293007177395666,0.02531988112521,-0.0374134078,0.0528420451,1.02223767900481,35.5607796136063,20.9530651340996
"g[8,6]",0.0032667915648,0.00648936485,0.0391050290663078,0.037298702238,-0.06825279035,0.0703056575,1.0165005461841,13.2345199223904,42.9711796108349
"g[9,6]",-0.0111492076767,-0.00705518675,0.0365789928803055,0.0394852444245,-0.07324125565,0.04806709105,1.02092445777382,51.9635899227194,58.1996870625698
"g[10,6]",0.0032084932931,0.00782148075,0.0315688639891092,0.03235215967515,-0.056645363,0.0561256913,1.1614931201385,15.749198603474,38.2860357544693
"g[11,6]",0.0057785106525,0.00362413415,0.0413299093866092,0.04061089935651,-0.0635436777,0.076447794,1.03843010118135,16.8817312133853,41.3397740361955
"g[1,7]",0.0083326316598,0.01032947365,0.0401430361348604,0.035553207606,-0.06344626355,0.07431380235,1.09960383009719,13.1561348166363,51.3086296345833
"g[2,7]",0.000108223875599997,0.0041965781,0.0428412517382765,0.0423759667548,-0.0874352254,0.06344058725,1.018111591389,11.1149599353049,33.5994922390783
"g[3,7]",0.0059514295713,0.0070968821,0.0438017972214617,0.0482500398156,-0.065488375,0.07272987485,1.1161700516731,6.47198325147396,34.3628470914159
"g[4,7]",0.0255840875895,0.0260178965,0.040489962605446,0.039740499411438,-0.05341867605,0.0967143849,1.04190444971192,23.6196375847779,40.5548566509965
"g[5,7]",0.002191179311,-0.00268841175,0.0459368136877605,0.0498814202082,-0.0683647617,0.07970980335,1.10113384753096,11.1366455285193,58.1996870625698
"g[6,7]",0.011432906752529,0.00646245105,0.0398273149430212,0.03591733868793,-0.0423623905,0.0947433818,1.11626761059087,9.04041119389207,56.8419098881722
"g[7,7]",0.001960561608,0.0040495144,0.0406841216503696,0.04421110961274,-0.0634212893,0.06686543025,1.00399117021029,15.0218823468927,44.5810103703794
"g[8,7]",0.0113072935646,0.0111910185,0.0390222683854846,0.0503896043385,-0.04825603225,0.0658931159,1.09585891599696,22.5850305861971,40.5548566509965
"g[9,7]",0.0107538847025,0.00866256815,0.0374426706887345,0.03587140892601,-0.04455577115,0.0785183853,1.18772286842143,5.81638715625718,13.9264682476524
"g[10,7]",0.0122393293368,0.016636863,0.0407145412267754,0.040841463894,-0.0575072585,0.07303611265,0.992314856622155,20.8722330857305,31.7839996054474
"g[11,7]",0.00334815242582,-3.2007394e-05,0.0328819563216357,0.0331125455556,-0.0488049619,0.05989325925,1.09538123607648,11.6261236862877,30.2300420028817
"g[1,8]",0.01937701554591,0.0211056525,0.0349280907212113,0.03750449668077,-0.0319659475,0.0643514965,1.01127297779299,21.5417610080272,29.535152859485
"g[2,8]",0.0135603431354,0.015802081,0.0469881412039754,0.0442262426592,-0.05535066705,0.08827601615,1.06179765500627,11.2238572838649,44.5810103703794
"g[3,8]",0.0149091136316,0.015591817,0.0350117370412038,0.03586721761581,-0.039274178,0.07128302085,1.00345538663891,26.7840562294309,49.4493763156753
"g[4,8]",0.02144767697971,0.013387761,0.0402524964807486,0.0378295256703,-0.0322461094,0.0950054259,1.15254919550328,11.7780757931704,34.3628470914159
"g[5,8]",0.00768182405770001,0.00772830585,0.0436693324240551,0.05003953453149,-0.0640307707,0.0762469127,1.03070208096169,10.2587474535841,23.8973098456916
"g[6,8]",0.01956878134184,0.016410648,0.0383435270244835,0.03868845693342,-0.03685567325,0.0742441473,1.04396132710117,15.0244613459785,13.9420012746973
"g[7,8]",0.0096757327239,0.008726461,0.0368437427950021,0.0381253770177,-0.04656811635,0.0710357779,1.07196974000017,15.9920466498643,21.0246288509397
"g[8,8]",0.0178099805749,0.016956694,0.0348875846466287,0.03149586595743,-0.0387871728,0.07415514135,1.03079012314299,21.8602428564812,30.6204069389592
"g[9,8]",0.0191427286543,0.0180890935,0.0355682708929132,0.03279858032031,-0.0361747685,0.07985708875,1.0038844356169,28.3606897968623,31.7839996054474
"g[10,8]",0.0239341512602,0.0228663155,0.0382438826173664,0.0354899354271,-0.0361078308,0.09423059065,1.02302428289623,18.4727922517421,21.0246288509397
"g[11,8]",0.019483592987,0.0255869535,0.0381369713716126,0.03544659339522,-0.04690540535,0.0839752031,1.12001948967029,11.7044310544926,40.5548566509965
"g[1,9]",0.0122918334445,0.0067868605,0.0332682847227092,0.0339249688428,-0.0402626118,0.07394831715,0.997471442375976,40.0693195350562,42.5066796210831
"g[2,9]",0.0071933222199,0.0124134515,0.0294549113339181,0.02479062932304,-0.04447866265,0.0469361446,1.01878316192788,28.7998043606917,50.7818120773179
"g[3,9]",0.015435178644,0.0189645535,0.0320682326763103,0.03248621021436,-0.04045012445,0.063234782,1.04140600639553,16.2976026660872,30.6204069389592
"g[4,9]",0.0205508864011,0.0259657355,0.0366548789548906,0.03778477109127,-0.04094868435,0.07177262435,1.0682827321167,12.7457973389502,19.9657729606389
"g[5,9]",0.0160085090457,0.0190922715,0.0303025883467359,0.02694887964678,-0.03130993315,0.0559164934,1.00750192013783,35.6339469358103,65.7762636916379
"g[6,9]",0.017600103017,0.018550341,0.0247667925972535,0.02380730072931,-0.0206705123,0.0598889881,1.01284010817643,40.7404044254294,28.3079909414428
"g[7,9]",-0.001310296656,-0.011564822,0.0385307118018472,0.0307096564467,-0.0544987716,0.07514233645,1.24466103197238,4.33323505769002,21.0246288509397
"g[8,9]",0.01531208467769,0.01304641,0.0334329873076954,0.0289242324315,-0.03345004625,0.07367892665,1.04786805582517,20.2689200858207,20.8492894221768
"g[9,9]",0.01698421193929,0.0180187295,0.0385187547119954,0.0396341626989,-0.0554991764,0.0762180514,1.21550224015732,6.6372311382629,21.0246288509397
"g[10,9]",0.0206151615717,0.0233754175,0.040921447140723,0.0346964701461,-0.0588312227,0.08408412675,1.07185679416454,27.3381934458348,21.0246288509397
"g[11,9]",0.0079310692429,0.0037675084,0.0392321144341291,0.04329368933484,-0.05024702645,0.06849045385,1.07542596629925,13.1547998674369,40.5548566509965
"g[1,10]",-0.000532333457200001,-0.0021079419,0.0345596861403548,0.0295493477412,-0.05860265565,0.062342537,0.99264776264109,24.8306925918946,21.0246288509397
"g[2,10]",-0.01052482027642,-0.01154344,0.0304998812931055,0.0338215048605,-0.05982278665,0.03387333385,1.12428751518422,8.35510394793999,76.6284020089591
"g[3,10]",0.000965133158750001,0.0036855316,0.0329129899489824,0.04108928730396,-0.0480062899,0.0542975056,1.03275392666925,30.1115192300774,40.5548566509965
"g[4,10]",-0.0026513889259,-0.00028994363,0.0329435352719405,0.0365656966437,-0.05288911275,0.0498042295,1.10624680462168,16.0082883426931,25.9952465834819
"g[5,10]",-0.0062361234887,-0.0061399732,0.0314369389596293,0.0341287144065,-0.0577308119,0.0417027734,1.12464795824122,9.60425347650044,21.5942744323791
"g[6,10]",-0.0034141937528,-0.0042779692,0.0310509954819673,0.03155635714938,-0.0490887512,0.05567216405,1.02336537370283,43.3843511617498,78.3393298097876
"g[7,10]",-0.002961801171,-9.436585e-05,0.039573951485553,0.04011025424721,-0.07680877195,0.05557249115,1.07537480227135,21.3245108994138,37.7806563039724
"g[8,10]",0.0078763904657,0.00725388045,0.0327861016116814,0.03704381075493,-0.03985743245,0.0599385265,1.19944387667087,4.61757908051449,60.290582507291
"g[9,10]",0.00742036357618,0.0053818537,0.0359900345079481,0.0453139454775,-0.0430043423,0.05652792835,1.2344244283612,3.65394202740822,24.3582350718816
"g[10,10]",0.01913943747447,0.014858498,0.032865251316978,0.02763933380565,-0.0308923222,0.0807965089,1.02666336845081,27.4928660001408,53.8632643484494
"g[11,10]",0.0060818559326,0.00475074665,0.0460689900151554,0.0399110486271,-0.0650259695,0.1020879195,1.45660962412074,2.17094171574637,13.788213047589
"g[1,11]",0.0065841116092,0.0044676831,0.0414840019149679,0.04232692442244,-0.0604782761,0.0757284381,1.00246420192828,19.1467965002273,44.5810103703794
"g[2,11]",-0.0040709631392,-0.00642061085,0.0406547935374666,0.04567922053359,-0.06934755175,0.0600683616,1.10445606237063,14.8876477613506,37.5549801362088
"g[3,11]",0.007107034587,0.00749138545,0.0296031603495292,0.0350889551376,-0.0428793017,0.05336326745,1.02971048335954,22.3766379055267,49.8568790552336
"g[4,11]",0.0022967638088,0.0029620172,0.0269613499828587,0.02414304654468,-0.0453109176,0.0434691284,1.01514342451898,37.1915921743684,34.3628470914159
"g[5,11]",-0.002136300531,-0.0041899418,0.0331384955160242,0.0344741572413,-0.0464798594,0.05333999515,1.04927025124326,12.9916181392544,31.6824001034527
"g[6,11]",-0.0032704758971,-0.00355213405,0.0311501034097641,0.03951326697297,-0.05814533925,0.0431481258,1.01443779948917,33.9749278379503,58.9391161255239
"g[7,11]",-0.0151918425727,-0.0187999875,0.0376345337341168,0.0330553238673,-0.06964692195,0.047792943,1.03033906467269,26.0185162484195,54.8564568994389
"g[8,11]",0.00437059693136,0.00540525245,0.0309905795873131,0.03206821241967,-0.04347099705,0.05749878435,1.03673695287162,16.05204415994,18.0617194756941
"g[9,11]",0.0048423587157,0.0087703095,0.0366411239263807,0.0399434641935,-0.06198629105,0.0623834741,1.09186472411999,14.0953633970008,23.5468245425188
"g[10,11]",-0.00385907465082,-0.0050179057,0.0322981084693254,0.02319840209841,-0.04903340795,0.05258228325,1.08658738369321,14.2517308459758,16.6318190458087
"g[11,11]",-0.00765300338573,-0.0070417989,0.0425023815356796,0.04291847989506,-0.0631222238,0.0571620005,1.09577007046068,11.6175189488193,31.4535141569991
"g[1,12]",0.000818291233559997,-0.00166008768,0.0316992356243756,0.0300551493333,-0.0445379661,0.0536987615,1.02530676047022,13.4729230991466,52.4502744151648
"g[2,12]",-0.000840074186599999,-0.00262276405,0.0377005217136218,0.0387541128366,-0.06372976625,0.05889071685,1.02251458195253,16.4224705463885,56.8419098881722
"g[3,12]",-0.000636107553099999,-0.00063775325,0.034148673979678,0.0296767549722,-0.05255994075,0.05848632515,1.01736461645944,31.9534008513965,75.8429085384729
"g[4,12]",-0.0044211534447,-0.0032273479,0.0365198301240154,0.0273764328726,-0.06137680275,0.06075897435,1.02269619335335,22.0376273051196,13.0721046622061
"g[5,12]",-0.000685527931699999,0.000645269215,0.0425839845844215,0.0347633309583,-0.0807083873,0.0631014298,0.99075201194035,17.8211350819684,52.4502744151648
"g[6,12]",-0.0120621084172,-0.01337806,0.0290933775373064,0.02243900948583,-0.0645715477,0.03585336665,1.06188775945959,34.8093838509362,29.535152859485
"g[7,12]",-0.02442851366,-0.022816791,0.0333688330744236,0.0383925912048,-0.08138097895,0.0233157844,1.13338890367945,6.67557225315346,58.1996870625698
"g[8,12]",0.0010887389,0.007494198,0.0371284454302682,0.0383352131022,-0.06531904895,0.05777298145,1.09524160494346,13.0751912891458,32.546029384415
"g[9,12]",-0.013042991539,-0.012223344,0.041317182568623,0.0473186645652,-0.07011277435,0.05708287405,1.35232235253288,2.58393604052446,74.2764652971434
"g[10,12]",-0.01660126910436,-0.0176516365,0.0304662813398491,0.03061004989308,-0.061404452,0.0380057635,1.13899422484501,6.01416581614336,18.2595993322203
"g[11,12]",-0.017574957784,-0.019578262,0.037625199842164,0.0436030591773,-0.0732623715,0.0441967853,1.20053832582797,4.10175920245195,47.4879826329664
"g[1,13]",0.0067285633385,0.00080370819,0.0397472444043026,0.034128513054594,-0.0490581147,0.08069628155,1.02975603532622,19.5803073883632,21.5942744323791
"g[2,13]",0.0033996067424,0.0101671418,0.0398855640879522,0.0415357046874,-0.06990394565,0.0619969823,1.09751580934816,22.438453624921,15.0137268359643
"g[3,13]",-0.0085411305028,-0.00647526055,0.0403170270673225,0.04413386192733,-0.082179136,0.05132915455,1.09492702051262,11.571969684667,24.3582350718817
"g[4,13]",0.0086456749974,0.0110168775,0.0347183393331339,0.0322778980944,-0.0526460116,0.06817637785,1.07048302835534,31.5121693192046,29.535152859485
"g[5,13]",0.0125368367856,0.0096790466,0.0360402226274093,0.0409567375266,-0.04142341485,0.06916092575,0.991584939328585,22.6236868317116,17.2040896578844
"g[6,13]",0.0019811983068,0.00083690504,0.0307059530285867,0.029615627433504,-0.04086221615,0.0507605989,1.07102543797347,32.3732340020419,58.1996870625698
"g[7,13]",-0.000176362811292996,0.00040472451335,0.0302936532267875,0.034363198716,-0.0446414445,0.0414759986,1.15930044346435,8.43160903249904,40.5548566509965
"g[8,13]",0.0059061605961,0.00770866265,0.0402026019885403,0.03766294495971,-0.05532478445,0.06575434515,1.05417761831987,15.7779853721971,21.5942744323791
"g[9,13]",0.0020975105301,-0.0026229747,0.0393980597718218,0.0324102053184,-0.0479645171,0.0837672064999999,1.11040110130302,9.58050618848049,13.4809450967877
"g[10,13]",-0.0056184197714,-0.00333166115,0.0360466746978349,0.03330975604089,-0.07722599755,0.0467666289,1.00163244255272,24.294939825816,33.9768826539676
"g[11,13]",0.0085938508898,0.000411974395,0.0371753874382238,0.036385514627427,-0.0439157717,0.08096331935,1.03208589858625,20.3965550786725,21.5942744323791
"g[1,14]",0.0148146919387,0.0080515464,0.0340480036558648,0.0309725206854,-0.03233396315,0.07105271045,1.14720633153122,19.693582559696,21.0246288509397
"g[2,14]",0.0048494843882,-0.0018733273,0.0370939184335422,0.0314332467897,-0.0433709345,0.0841586677,1.07701948723863,9.38136773660479,18.0617194756941
"g[3,14]",0.01165727439879,0.008885062,0.0355435529203594,0.0337328980128,-0.0407222314,0.07010004705,0.996720395948473,14.9139567095876,51.3027610757127
"g[4,14]",0.002218286835,-0.00375718305,0.0460414050646108,0.0472705816233,-0.0732186267,0.0743323504,1.01137857793209,8.49276601572664,31.7839996054474
"g[5,14]",0.0176243508135,0.011018,0.0463214473441248,0.0557673644472,-0.05051428075,0.0912620009,1.18773715755192,4.38462855979118,16.5766789807711
"g[6,14]",0.013447434224,0.0125094135,0.0356370269806667,0.0383404533519,-0.0472571991,0.06875662665,1.02063141085359,15.0013069963623,42.9711796108348
"g[7,14]",-0.005825322593,-0.0005514882,0.0405742222421682,0.04175077034688,-0.07164197735,0.05853048675,1.22074815597432,3.51396682632377,32.4795842613214
"g[8,14]",0.004450247469,0.0064201767,0.0325265300055653,0.0306612302829,-0.05857682385,0.0492102928,1.04900679595579,25.9613563557274,26.9877288449252
"g[9,14]",-0.0076624609229,-0.010505577,0.0350148728326448,0.0307601708526,-0.0641985303,0.0635722348,1.08450734058302,13.076717483901,27.5640160208812
"g[10,14]",0.00489124574501999,0.0037116719,0.0348710687893166,0.0370692543207,-0.04714821925,0.06403104095,1.10964325021061,10.5478132469593,50.6923710931221
"g[11,14]",0.002995694243,0.0029931841,0.0296089219375049,0.03329867620044,-0.0511009528,0.0456902942,1.03875495187791,27.8810541690343,47.8442258499229
"g[1,15]",0.0076869051186,0.01109224,0.028146360454989,0.0311821195539,-0.0453097035,0.0472875498,1.41466123113704,2.41120913692222,42.4389398926035
"g[2,15]",0.0044955265294,0.0023603122,0.0378262549097934,0.0296046353778,-0.062011659,0.06848499145,1.07877456460099,22.5806284093956,32.4795842613214
"g[3,15]",0.0113989828063,0.0107256555,0.036327195262699,0.0422190950727,-0.051099325,0.0658298044,0.999985194024939,26.104814985623,31.7839996054474
"g[4,15]",-0.0058256264384,-0.0096456798,0.0356880393159341,0.039970777392,-0.06146152855,0.05178651555,1.03355526535305,23.15572876259,27.3779724655819
"g[5,15]",0.0128192135925,0.0158868635,0.037110110263618,0.0434230515222,-0.05646738425,0.060819324,1.0945998418356,10.782066460449,30.1538461538461
"g[6,15]",-0.00195381344057,8.78248915e-05,0.032195758872134,0.0297851583972621,-0.06194764315,0.0410259786,1.03868892039972,39.541948170801,21.0246288509397
"g[7,15]",0.012303370368549,0.0113145525,0.0293464444105016,0.02962212205176,-0.0261807507,0.05892600845,0.991602379460651,37.321171419861,58.0761852780705
"g[8,15]",0.0111230456176,0.0093407084,0.0300991107772132,0.02826211379796,-0.03945626965,0.05125126055,1.0921849505863,15.9409214632496,58.9391161255239
"g[9,15]",-0.010727392077,-0.00904170895,0.0375006879591621,0.02682471968043,-0.0730055782,0.04944324085,0.992049685950975,36.9693513869258,49.8568790552336
"g[10,15]",0.006765544172,0.00867457845,0.0326024059374136,0.03022142803827,-0.04968809165,0.0596882781,1.04782329893025,29.247476112131,32.7483299953493
"g[11,15]",0.0084762441722,0.00890583845,0.0305177899489424,0.0247453100958,-0.0493675468,0.05846870975,1.01554753077522,26.3235541339524,47.3609963942058
"g[1,16]",0.0047796494675,0.00767881745,0.031741770907853,0.0293680717218,-0.05199022825,0.0474602132,1.00370270793767,26.2378229458692,51.5338182396663
"g[2,16]",0.0138618370747,0.0164536905,0.0339794986513529,0.03419224351998,-0.0469826244,0.06717027555,1.03113648584773,15.6617159683299,47.507860551729
"g[3,16]",0.00887641227541,0.0060140046,0.0396602877903744,0.0364159073418,-0.06466958315,0.0725363338,1.11611261072595,15.6759451957618,21.0246288509397
"g[4,16]",0.013968820676,0.0148345365,0.0420517591478404,0.0401562966126,-0.0496810632,0.08826375785,1.03266572054482,14.8607710240333,40.5548566509965
"g[5,16]",0.0114751629266,0.017911913,0.0374063345987882,0.03666041269296,-0.05165688045,0.0626242842,1.12700496576868,7.28301541632363,15.233286908078
"g[6,16]",0.0250709931428,0.029939185,0.0366664801508219,0.03541048993545,-0.0393464421,0.0855797341,1.05339499599286,15.111490991308,21.0246288509397
"g[7,16]",0.025445829478,0.026402285,0.0279908532498255,0.02840144661858,-0.02158129465,0.06407964585,0.993806421984675,41.9401458618882,54.8564568994389
"g[8,16]",0.0082846427052,0.0079723207,0.0362001983376736,0.0349684812855,-0.0465352707,0.0682937372,1.01426776882229,20.6729065154928,24.3582350718817
"g[9,16]",0.0101470715668,0.011312485,0.0307691630639872,0.0321678802788,-0.0396694047,0.0587326796,1.10434110228861,15.5820841970869,31.7839996054474
"g[10,16]",0.0116551002123,0.01164779345,0.0304267501879358,0.03042884555739,-0.0377816496,0.06008494235,1.26166077321501,3.6751954007234,21.0246288509397
"g[11,16]",0.00536517542335,0.0073218982,0.036156214936394,0.02917600711872,-0.0710161683,0.0620662005,0.993281257392247,18.479352651227,25.9952465834819
"g[1,17]",0.0280572433189,0.027127159,0.0300372143846374,0.03431092031262,-0.0172700628,0.07938500935,1.04311440301406,21.4417795729539,76.1461739405163
"g[2,17]",0.012249679143,0.0111642365,0.035903906271975,0.0364751364705,-0.04657028535,0.0732050043,1.01629332090019,18.6175104697337,58.0761852780705
"g[3,17]",0.0234546047089,0.0196569835,0.0290320826254106,0.0309851724525,-0.01737336385,0.072584246,1.04327471790184,22.1327863291698,21.5942744323791
"g[4,17]",0.0056552361298,0.00670275485,0.0326027466842325,0.0318295302024,-0.04724289325,0.05027428005,0.990193603836847,24.3248444406955,44.5810103703795
"g[5,17]",0.0331626175932,0.0342061745,0.0344021692356141,0.0282711864204,-0.0158153175,0.08786313875,1.02844207409883,18.9192828237618,21.0246288509397
"g[6,17]",0.0128554034984,0.0115659225,0.0367994408657729,0.0364628286666,-0.0641952083,0.0700443479,1.17696157212868,4.48375630335443,40.5548566509965
"g[7,17]",0.0290529970354,0.032884846,0.0369161239140091,0.03446775678297,-0.03316716305,0.0859024102,1.00114774033664,21.281355687093,31.7839996054474
"g[8,17]",0.015511899577,0.010177431,0.0361637333995954,0.038927634858,-0.03671521315,0.0844077171,1.14835653559194,5.54386882178086,27.5287085103036
"g[9,17]",0.0011380146852,0.0049486556,0.039264924241253,0.03752440970376,-0.07332269935,0.0694720086,1.10531253639847,11.3002560033234,13.4086406374851
"g[10,17]",0.0236868553638,0.0247260095,0.0311113457799984,0.035202842264919,-0.0238077775,0.0747494159,1.12589243893979,19.8946289551772,42.4389398926035
"g[11,17]",0.0171951574386,0.0172713095,0.0363610710645477,0.0403288267746,-0.037241324,0.07986595625,1.09715498988637,8.65817254878013,33.0188679245282
"g[1,18]",0.00380714941157999,0.00555188645,0.0345271223067564,0.0274135875699,-0.0680339295,0.0560373535,1.58454710078273,2.05188897121917,46.6027543178878
"g[2,18]",0.002991098797,0.00168212415,0.0363250619306359,0.0376831782243,-0.0506734582,0.07795119345,1.3374908906976,2.91370077169177,26.9877288449252
"g[3,18]",-0.0020441612912,0.0039511867,0.0469590967695201,0.0370214130426,-0.0829679329,0.0698849908,1.14349628430291,6.12954739552363,16.576678980771
"g[4,18]",0.0033435442609,0.00102630335,0.0346978129370155,0.03828160651161,-0.04188030775,0.06693743625,1.34028765185305,2.94223087129293,40.5548566509965
"g[5,18]",-0.0089115268922,-0.00987900215,0.0278951833600045,0.02785020415191,-0.04870405285,0.03320404385,1.01964982107481,55.3254518896762,48.779222778249
"g[6,18]",-0.00169896878094,-0.00535907535,0.0324813662645269,0.03674717555691,-0.0519623444,0.05036116425,1.00870702412901,40.5855617826963,52.4502744151648
"g[7,18]",0.003358214272,0.00428492125,0.0325513726205845,0.033394690266,-0.0522022297,0.0504726516,1.47167438704768,2.19518135116579,40.5548566509965
"g[8,18]",0.01360620762263,0.0108274015,0.0319148631055863,0.02716894878474,-0.03440712075,0.064456146,1.02981528277405,18.4590163514566,21.0246288509397
"g[9,18]",0.00317295398676999,0.00247098869,0.0417637717741422,0.049312690682094,-0.07004665955,0.07086449655,1.69867159061206,1.88622269152177,21.0246288509397
"g[10,18]",0.0041970731577,0.00382042305,0.033228492908991,0.0314642353536,-0.0628017343,0.061540451,1.08502689197254,19.7629593332373,30.6204069389592
"g[11,18]",0.0020836975649,0.000925146045,0.0290350068446099,0.0357541058364,-0.0393309775,0.04867750845,1.10738210557328,9.61336139506342,47.7346760337951
"g[1,19]",0.0023771402702,0.00570758175,0.0374015133752139,0.03175399877475,-0.05771157205,0.06655490755,1.0139566616319,28.299504202222,49.8568790552336
"g[2,19]",0.0065635598646,0.00656114975,0.034703723947245,0.03694846764,-0.04952900465,0.06653842205,1.10124575621017,26.8278342849331,52.4502744151648
"g[3,19]",-0.0077790862991,-0.0075346777,0.0355680178400243,0.0332718820602,-0.0726535215,0.0391106849,1.08266517821222,18.3533471154171,31.6824001034527
"g[4,19]",-0.00404966759712,-0.001687793,0.0337831942111254,0.0282100098966,-0.05791782135,0.05451931975,1.03953179479837,19.1048032220187,36.8684054741094
"g[5,19]",0.0074404475912,0.00670143555,0.0355961056371894,0.03897880079247,-0.04293697035,0.06277622985,1.0376672331204,33.7656994229799,44.5810103703794
"g[6,19]",0.0086010890924,0.010222177,0.0292547927180241,0.02871144634365,-0.03475463665,0.0528550306,1.10162512459557,25.5681326990511,47.25168756027
"g[7,19]",0.0046974212576,-0.0018763639,0.0335554616980099,0.03463868714544,-0.04275098115,0.0619468323,1.03890103561991,24.6605982043429,53.3800336154148
"g[8,19]",0.0076736764631,0.003460811,0.0323352050998564,0.0252879780195,-0.0421723927,0.0678408669,1.01620351016225,30.746052487121,64.1247496225411
"g[9,19]",0.0136901352543,0.0094884069,0.0345237359029891,0.0305216501646,-0.04206686955,0.07801647895,1.16258231170305,6.20145725611254,48.4074922943175
"g[10,19]",0.000149627652760002,-0.001140908477,0.0368132435415736,0.0380745557136,-0.0560540169,0.05400919265,1.05227172080522,19.4286002990973,30.6204069389591
"g[11,19]",0.004265107555,-0.000488497955,0.0345088278312418,0.028983925614,-0.03889122365,0.0599682072,1.01150338542211,28.9638613425421,50.7015438102727
"g[1,20]",0.0061993552089,0.0044354906,0.0339984883142047,0.0354113020296,-0.0419195489,0.05625115725,1.0098581967424,15.8301864106607,53.3800336154148
"g[2,20]",0.01346494474,0.015946502,0.0334748671775577,0.0342043329369,-0.03980438375,0.0665020948,1.06398118598656,14.0514940209706,58.9391161255239
"g[3,20]",0.0045913520297,-0.000977213565,0.037333505470265,0.042874393798131,-0.04632294095,0.0718910464,1.00739544896807,14.8368164659739,21.0246288509397
"g[4,20]",0.0129088889267,0.013342241,0.046696916336498,0.0485563931601,-0.06727180365,0.08669128025,1.01329602991622,9.3067065704238,16.4026619177055
"g[5,20]",0.0174375389764,0.0179108135,0.035047057596611,0.03239164694703,-0.0397963089,0.07772140145,0.990816859202764,26.6463737036529,34.362847091416
"g[6,20]",0.0087371787602,0.00317826235,0.0431034090074588,0.0437060591058,-0.05496889095,0.07877944485,1.00985284740564,15.8197871996732,51.556342412722
"g[7,20]",0.0033975746188,0.00305723885,0.0382969549656342,0.04257614318139,-0.0587902476,0.0579327881,1.01453445699537,11.8260401152396,44.5810103703794
"g[8,20]",0.0120666133778,0.013372042,0.0343470144426735,0.0404496853614,-0.0532933044,0.06059535715,0.995680724822243,17.9960465960971,54.856456899439
"g[9,20]",0.0020175100829,-0.00172723395,0.0351333643305096,0.03726246237903,-0.0452892288,0.0642477385,1.08996998114273,16.1697081240587,32.8693155044045
"g[10,20]",0.0057457833161,0.0102947168,0.0368568204108131,0.04168201388232,-0.0555121911,0.0602313887,1.01169465317434,18.0264016877087,21.4093467090775
"g[11,20]",0.01195469568,0.0090004788,0.0441041721094008,0.04565198153922,-0.06281540635,0.0812721247,1.01226767072739,16.0315227153009,21.0246288509397
"g[1,21]",0.0044841809554,0.0076804874,0.0339499312167324,0.03044614964916,-0.0508420057,0.0574175505,1.27264478322444,3.35964339415162,66.9637815053919
"g[2,21]",0.01003933843032,0.0113118555,0.0329537985900372,0.03147773724354,-0.04831468245,0.0556496413,1.0192228900437,31.104764847739,54.856456899439
"g[3,21]",-0.00356583189431,-0.0039754911,0.0302209826379735,0.03149373968664,-0.04957078495,0.0461610009,1.04260730168117,11.9684343246872,30.2300420028818
"g[4,21]",0.000836370963,0.00557193195,0.038753099454654,0.04410544107837,-0.06010756895,0.06046047905,1.13009911514112,6.35511263949433,21.907861792689
"g[5,21]",0.0196607645541,0.021243261,0.0305475379963594,0.02967273260427,-0.0262365337,0.07126490305,0.997460588662852,30.1075234064728,76.6284020089591
"g[6,21]",0.002177933585,0.00278603885,0.0340490111090614,0.03248276176089,-0.0547995594,0.05951726295,1.17127986262593,4.57359211020383,28.2759735013733
"g[7,21]",-0.0032405399641,-0.00415643105,0.0316477911536597,0.0347581062759,-0.05404050685,0.0454896527,1.02069606564818,30.1176178875375,50.6563344308438
"g[8,21]",0.00850774554726,0.0080991576,0.028914546072472,0.02862521291616,-0.03835310615,0.05442612705,1.03692621562217,22.1639232724763,44.5810103703794
"g[9,21]",0.0087927638757,0.0096292913,0.0319873519084147,0.03024820268232,-0.04893930425,0.05723651465,1.09193409182279,20.6259663233482,47.4879826329663
"g[10,21]",0.01738579617207,0.011389144,0.036347752306632,0.03201474445218,-0.0285491155,0.08439720035,1.07755077214407,14.1612680411427,20.3891413258768
"g[11,21]",-0.0021859828775,-0.00391514225,0.0419526184089369,0.0419969912145,-0.07262137535,0.06376876625,1.11352053548654,14.0610810932379,30.6204069389592
"g[1,22]",1.82498270000102e-06,0.00318729555,0.0276623115058503,0.03227989893723,-0.043113059,0.043915104,1.06761017612672,20.7428063189447,52.4502744151649
"g[2,22]",-0.0014501519033,-0.00888689985,0.0406840854322643,0.03749957133531,-0.0688770876,0.07203967945,1.1878527919844,4.75535074811001,16.7881811204911
"g[3,22]",-0.009039931996497,-0.00681671715,0.0299564882452913,0.02597712333909,-0.0529973981,0.04430026775,1.21567207104704,7.99039738058339,30.6204069389592
"g[4,22]",-0.0059228309145,-0.00785072215,0.0264446668712244,0.03058367347539,-0.0444593821,0.03310737525,1.01563403112663,34.7996692580887,76.6284020089591
"g[5,22]",-0.0146449519447,-0.0109823995,0.0344992399092618,0.02847007787757,-0.09687513845,0.03012043425,1.0997330925988,9.0233355902652,23.7384698860553
"g[6,22]",-0.0183685084445,-0.018732901,0.0312040844591829,0.0302287232457,-0.0632173333,0.0349849575,1.00649919391883,32.1645105105805,54.856456899439
"g[7,22]",-0.0021926371648,-0.00285801375,0.0325376145537993,0.032560698114,-0.06089227415,0.0451939611,1.05563805322571,16.5393277273029,54.856456899439
"g[8,22]",-0.0055577044113,-0.00061842914,0.0354861806769788,0.029549939506164,-0.07328230755,0.04604063645,1.05221915828347,18.4676533651799,34.362847091416
"g[9,22]",-0.0142310335696,-0.015199086,0.025261430387065,0.021997483437006,-0.0597100713,0.0269064961,0.998825364613262,41.2725855660992,71.2874531148375
"g[10,22]",-0.0055992279662,-0.00224696975,0.0263878470263353,0.02411197117455,-0.04947907385,0.0275855284,1.01962885602321,25.4991614498843,21.0246288509397
"g[11,22]",0.000151363178600002,-0.00013965648,0.0281252066187861,0.029306516423352,-0.04273392355,0.04203826225,1.01274841853927,44.5965492381719,39.7005444646098
"g[1,23]",-0.0128354826008,-0.0134127245,0.0346469967181603,0.0392961610335,-0.06442661085,0.0415696305,1.11915171689543,10.8832217110777,40.5548566509965
"g[2,23]",-0.0071257735766,-0.0063466167,0.0315349759765628,0.03136712030928,-0.05644243145,0.04066269335,1.03908261238275,15.3041302535874,34.3628470914159
"g[3,23]",-0.0209213319757,-0.018622363,0.0300656663391481,0.0317647761648,-0.0687364722,0.02860318125,1.0477600479477,18.8988938729746,44.5810103703794
"g[4,23]",-0.01191420738549,-0.014801289,0.0303758772445455,0.03194773930887,-0.0708567141,0.0324374019,0.993669211194701,25.5217099676139,33.9768826539676
"g[5,23]",-0.00352716541829,-0.00996456025,0.038817901909503,0.04352178563985,-0.06433558155,0.0605901898,1.11293236736443,6.49973485857247,58.361007520573
"g[6,23]",-0.0140018557445,-0.0077496975,0.0377515305497758,0.0385418341686,-0.0845384329,0.037224012,1.06654992012045,11.9221957295398,31.6824001034527
"g[7,23]",0.0012112943761,-0.00282416975,0.0382721533171395,0.0367305291465,-0.05248067015,0.0685360903,1.00977903633347,17.3049698735152,52.6712289170557
"g[8,23]",-0.0126067451319,-0.0155347145,0.033763988860357,0.0361680329304,-0.06512792245,0.0450537619,1.06859659133174,10.9161897395555,56.832886964957
"g[9,23]",-0.01426533867715,-0.0142762555,0.0307879471585617,0.03050443117407,-0.0630766686,0.03884549165,1.01592138799024,21.5739545216641,44.5810103703794
"g[10,23]",-0.0097654828748,-0.00858479965,0.0510977259191961,0.0407940533112,-0.1211136495,0.07534131545,1.14320723812176,6.07336858050899,19.9339332498006
"g[11,23]",-0.01823397733932,-0.012233476,0.0387444764924538,0.0352046713263,-0.0908953875,0.0399053117,1.12244874715244,7.08776722925356,21.5942744323791
"g[1,24]",-0.0051542306084,-0.00722306165,0.0336391229216218,0.0336963304251,-0.0561030879,0.0517183091,1.11886519423781,27.4742468131729,58.9391161255238
"g[2,24]",-0.0032209066331,0.00341744245,0.0315841713820626,0.02685532187877,-0.06064755825,0.03783389885,1.00547141265648,19.2418402123102,21.0246288509397
"g[3,24]",-0.0082881246796,-0.00878527815,0.0380607762392442,0.03373573593159,-0.073551434,0.0493129408,1.07711899929426,24.8205947206874,48.4074922943175
"g[4,24]",-0.0225560971881,-0.0182389815,0.0420326511511725,0.03894375316629,-0.09094324845,0.03945541145,1.0587636248393,8.69774918744004,27.9335978474027
"g[5,24]",-0.00853190971807,-0.00481955115,0.0321634652949776,0.03428841540831,-0.0619252898,0.04214003485,1.01935019674594,24.5507920189756,33.8817424896137
"g[6,24]",-0.0118239987389,-0.0090993826,0.0388082411387671,0.03764449259424,-0.07682331445,0.0486309941,1.0894789060838,9.90245547456457,21.7553455992043
"g[7,24]",-0.0068489831599,-0.0063762044,0.0346729449678385,0.0318022926165,-0.06384496535,0.04860480095,1.09114467843159,26.7416604576652,30.2499012248123
"g[8,24]",-0.012218393493,-0.0141047375,0.0319207429636961,0.03066991824477,-0.0584226581,0.0447746188,1.00433227399448,32.9040757953038,76.8221378450804
"g[9,24]",0.00511736458253,0.00822844805,0.0277926038770905,0.02901224838897,-0.0422773679,0.03737590335,0.99756419078168,50.4564819221227,58.1996870625698
"g[10,24]",-0.0049976924237,-0.0088223187,0.0258402257794727,0.029126892732,-0.0436770858,0.03551717105,1.00361992579216,55.5775424807734,78.3393298097876
"g[11,24]",-0.0150347139766,-0.0137739955,0.0289124247722665,0.03002213435172,-0.06430649105,0.02815842865,1.1451956159836,5.71120596973388,56.8419098881722
"g[1,25]",-0.0044518511743,-0.0102998545,0.0335822646946623,0.0272573763861,-0.05568372065,0.05404084355,1.13323860974371,10.4614069509906,21.0246288509397
"g[2,25]",-0.0078292259597,-0.014650535,0.0353621795683105,0.037782719247,-0.0554600675,0.0494543395,1.06683730834426,20.4911164566349,78.3393298097876
"g[3,25]",-0.0142954674364,-0.014170543,0.0343956907571398,0.037354559193,-0.0731682135,0.0458998612,1.01879666047153,40.9922076175753,66.9637815053919
"g[4,25]",-0.0010922647041,0.0023092325,0.0382454533264865,0.0325174076766,-0.06568696435,0.06095587875,1.02451309509131,29.2628527762743,45.1962809917357
"g[5,25]",0.0008059243892,0.00401729715,0.0282202890092383,0.0253014274254,-0.05330543105,0.04269120705,1.02848730275549,49.3308101321605,52.4502744151648
"g[6,25]",0.0009955101943,-0.000861267975,0.0327345056113379,0.031734792025335,-0.04403258325,0.05841182765,0.992528154212187,29.1408228347274,49.8568790552336
"g[7,25]",0.004172772640385,0.00175758975,0.0297412347637208,0.0287059514574,-0.0396607805,0.05688012465,1.03618114599148,22.699570312374,30.8992306722159
"g[8,25]",0.00164083666978,6.060034e-06,0.0323680043765336,0.0299330965626084,-0.0487710965,0.0531656672999999,1.00078008663341,25.6860817782025,53.3800336154148
"g[9,25]",0.0015787252586,-0.000440188515,0.0349665325728743,0.037510331549439,-0.05748342795,0.05583116095,0.9908023906002,21.534008004913,54.8564568994389
"g[10,25]",0.0023849854793,-0.000209764485,0.0281009054742137,0.029211313436361,-0.04627309755,0.04727797405,1.06964153153325,39.3385191228349,76.8221378450804
"g[11,25]",0.00273224475604,0.00177650075,0.0295541785353005,0.0277224413193,-0.04170540925,0.05188089685,1.03680016663681,29.6592198324703,31.7839996054474
"g[1,26]",-0.000314166173700001,-0.0038402731,0.0307324214071446,0.0315185252004,-0.04658894695,0.046876799,0.998454003435351,20.5055387176952,30.8127412685973
"g[2,26]",-0.024746549218,-0.027999848,0.0339393614138363,0.03580757928951,-0.0832092736,0.03277878885,1.03664196018542,14.6789042241672,67.6406173148844
"g[3,26]",-0.0119827081817,-0.019068115,0.0327333827699463,0.03567204185076,-0.05622013795,0.0384866522,1.05607851935528,23.7972697873523,50.7015438102728
"g[4,26]",-0.0129860447278,-0.0098782031,0.0312885950558063,0.02699460243774,-0.07194405105,0.0336239933,1.03542661854917,27.9607482858028,34.362847091416
"g[5,26]",-0.01205234627813,-0.0109633525,0.0332202389664358,0.0387766824564,-0.06377281105,0.04148759345,1.02541550864785,28.2997320110886,49.8568790552336
"g[6,26]",-0.0059063475815,-0.00807990935,0.0378213920037938,0.03733923704091,-0.0669645345,0.0582945818,0.991776680501408,23.8020072517018,31.7839996054474
"g[7,26]",-0.0100208594957,-0.00985089875,0.0322998343538187,0.03626384261955,-0.05985174775,0.0434751803,1.0268100078585,32.6580551001197,52.4502744151648
"g[8,26]",-0.0051028529809,-0.00435176085,0.0295457298784488,0.03527274364509,-0.05027404295,0.03884928285,0.993881004235592,32.0334930252812,58.9391161255239
"g[9,26]",-0.011780860071,-0.0137321445,0.0261015815463562,0.02027109868875,-0.05234422445,0.02646897695,0.991876075039789,31.5911593121937,75.8429085384729
"g[10,26]",-0.003342552798,-0.0019975709,0.02950577861683,0.0286095705966,-0.05313601935,0.04532845815,1.0023501289459,25.5933240066631,63.3125802129457
"g[11,26]",-0.0097370856364,-0.00988619235,0.0359631446688509,0.03538325516649,-0.06441572175,0.0510114243,1.01230805079064,29.2967886207003,38.2860357544693
"g[1,27]",0.0101395782605,0.0083408942,0.035664464904907,0.03554957034342,-0.04487868725,0.06497840895,1.03316737889897,23.3245262670241,21.5676608331279
"g[2,27]",-0.0095688031631,-0.0090026417,0.0395676437332344,0.04366489946112,-0.07755359305,0.04690310635,1.03507580640659,14.5291808548681,44.5810103703794
"g[3,27]",-0.00156677226904,0.001093608265,0.0305800021989647,0.022616722350411,-0.0553122523,0.0469329096,1.04680994077879,22.6640658382779,34.362847091416
"g[4,27]",-0.0102266513438,-0.0089305974,0.0335965890520872,0.0335714347185,-0.0678042511,0.0412541831,1.06827461489339,10.9928036985903,34.3628470914159
"g[5,27]",-0.007721246785,-0.010604355,0.0341055700434444,0.0296054752707,-0.0486608182,0.0583565302,1.00696020374757,23.9551444200127,51.5563424127221
"g[6,27]",-0.00441968478881,-0.0040073886,0.0375873155374014,0.03169248444054,-0.077729993,0.05614351595,1.01156985778611,22.6495058966739,31.7839996054474
"g[7,27]",-0.0091020186711,-0.0095552014,0.0383884073702429,0.03406916370186,-0.07920010435,0.05654574525,1.06408771084328,14.7698321547065,21.5942744323791
"g[8,27]",-0.00612670069183,-0.00422563695,0.0353077161947483,0.0319739991942,-0.07248182975,0.0567836982,1.08909892190875,11.5370446866305,15.0589450133379
"g[9,27]",-0.0134168061054,-0.018760551,0.0365849492954554,0.03486195113814,-0.0597671159,0.0522703722,1.26640181242988,3.09011736467406,21.0246288509397
"g[10,27]",-0.0006508687766,-0.006833668,0.0355934848413858,0.0356165539149,-0.05118440375,0.06092338165,0.990452369018113,28.798328563572,44.5810103703794
"g[11,27]",-0.0087619328561,-0.00080454276,0.0379337342136831,0.0363097731969,-0.08474394375,0.04656662395,1.02757405170005,16.2493465587672,44.0855369801369
"g[1,28]",-0.01208074353804,-0.0135682895,0.0316492652454371,0.0280427829948,-0.06758227515,0.03738970385,1.08282705262425,18.3720678030128,21.5676608331279
"g[2,28]",-0.0280092038211,-0.0299465685,0.0433776196670668,0.0444236760534,-0.1042872395,0.04400920645,1.10470842191718,10.7532667579529,48.4074922943175
"g[3,28]",-0.0166312475521,-0.018265053,0.0370372920795884,0.0394783199412,-0.06988824755,0.05444460315,1.04580204299425,15.3814986452589,43.6009559160014
"g[4,28]",-0.02048782323752,-0.0238289735,0.0384134690227396,0.0418397414694,-0.08531959375,0.0392385902,0.999494657359169,14.8479509349503,34.3628470914159
"g[5,28]",-0.0072331848756,-0.00757865495,0.0391014055123261,0.0333817301181,-0.06317251055,0.0690655264,1.07589820920867,9.89303496853808,21.0246288509397
"g[6,28]",-0.0084184667814,-0.0095432015,0.0341679039814745,0.0352956792447,-0.0643633101,0.04874856855,1.06337812726535,14.5310266818525,58.1996870625698
"g[7,28]",-0.0141926638016,-0.0142586055,0.0340913643440285,0.03462584323338,-0.0722059991,0.03314350135,1.06805059591089,16.2793810554266,21.5942744323791
"g[8,28]",-0.0205487690226,-0.0219720815,0.0371370905521855,0.03499772712723,-0.07719576675,0.0375276604,1.05688037420828,10.6581800419446,30.6204069389592
"g[9,28]",-0.01104374328,-0.0063763387,0.0389197890022497,0.04113581751888,-0.07709443755,0.0533023495,1.16023737900122,14.701952862182,30.6204069389591
"g[10,28]",-0.0204889919674,-0.023199387,0.0383859493020179,0.04507320504078,-0.07317329185,0.0427685344,1.03678970269636,20.0562793060727,31.6824001034527
"g[11,28]",-0.0151284876876,-0.0165476825,0.0441728215847895,0.0404789415072,-0.09654484525,0.0618710008,1.13484505507076,5.4356860381285,16.4458227610187
"g[1,29]",-0.01852665513971,-0.0221134685,0.0341133206310733,0.03473375375547,-0.0715954355,0.0344837862,1.00300390835506,33.5432314964997,19.4682389587273
"g[2,29]",-0.022105920746,-0.01507496,0.0377683267380605,0.0428437322439,-0.0886128353,0.03137515735,1.1848385300925,21.5377563380409,58.1996870625698
"g[3,29]",-0.0231229172864,-0.0192844515,0.03346963694914,0.0306861690975,-0.07316510355,0.04329509705,1.1916282267339,4.04851979346565,54.3553240438646
"g[4,29]",-0.0214645344162,-0.0284760215,0.0388288438176942,0.0447225274419,-0.07505647855,0.0463712237,1.04365468522062,13.854091288917,19.9657729606389
"g[5,29]",-0.0317624362978,-0.029139644,0.0291445730779422,0.03353260653645,-0.07603317315,0.0118444938,1.04293421810893,26.7561555485295,21.1301617966675
"g[6,29]",-0.017081876311,-0.013818652,0.0328779817415525,0.03119152005333,-0.0700684559,0.03065409725,1.19413252561359,5.07036071822968,25.9952465834819
"g[7,29]",-0.0248731410824,-0.0226060905,0.0376882823492578,0.034068467361705,-0.0941698611,0.0235591437,1.02349306467928,23.6228282739738,53.129065999949
"g[8,29]",-0.0120358707241,-0.0058575869,0.0384037425431882,0.04428409208034,-0.0662634579,0.04704317815,0.991338432775773,25.6061278676872,58.1996870625698
"g[9,29]",-0.0083800267867,-0.0124108505,0.0352318740134866,0.02936751974982,-0.06314380675,0.0430960051,1.05896871140177,26.1327932264985,56.8419098881722
"g[10,29]",-0.0191852916063,-0.01747407,0.0285398764789676,0.0301266669921,-0.0690232924,0.0296326388,1.12233596064448,21.0822530293151,56.8419098881722
"g[11,29]",-0.031532621269,-0.031747156,0.0319753382975544,0.0324117768744,-0.0711143438,0.0239391124,1.11227776072285,7.27153313327279,34.362847091416
"g[1,30]",-0.0104269748749,-0.01661967,0.0271587669470854,0.0313765610613,-0.04598779585,0.0338680303,1.00995565133327,37.3219699738166,40.9033387674704
"g[2,30]",-9.61177426000012e-05,0.00459977625,0.0352720938555861,0.03036818957445,-0.0619676847,0.05639715005,1.06859558304345,11.9021548409422,29.535152859485
"g[3,30]",-0.0121619547097,-0.0171783575,0.0373778228102145,0.0366648951858,-0.07087932315,0.04766918145,1.03840637755116,21.6319912570763,31.7839996054474
"g[4,30]",-0.0078598245017,-0.00311127515,0.0362332247935635,0.0343313205921,-0.0661271721,0.04355807145,1.00241275402333,18.9124862213465,52.4502744151648
"g[5,30]",-0.0118742881601,-0.0126460435,0.0312567661093623,0.03315256952868,-0.05643114495,0.0386226149,1.09713168808517,15.0635746418862,29.8882545259357
"g[6,30]",-0.0113461711796,-0.012747331,0.0415641151515996,0.038636600478,-0.06914910095,0.0615095563,0.995680132462046,28.1431270292235,40.5548566509965
"g[7,30]",-0.01339819613049,-0.017441687,0.0364219723667762,0.0349544395809,-0.0667162195,0.0489561392,1.04493017031488,12.7738872911131,31.7201377560268
"g[8,30]",-0.0086493194944,-0.00715415515,0.0357977914881286,0.03035477441661,-0.06927830995,0.04745749765,1.01397004559311,30.2134648175531,13.0721046622061
"g[9,30]",-0.0015173003976,-0.00147508405,0.0344472662974056,0.03444460598397,-0.0545173706,0.05651705035,1.00440645845496,19.8633171284884,47.6083168814797
"g[10,30]",-0.0112903468855,-0.0077079407,0.0259440267726656,0.0294312601338,-0.0507046963,0.0298146809,1.05444984248974,29.3897792245099,73.5691550057054
"g[11,30]",-0.0175339063507,-0.0221732565,0.0396573256027604,0.049175810838,-0.0820744922,0.04563064865,1.17184157360112,4.83019510960595,31.6824001034527
"g[1,31]",-0.0064516817522,-0.00230019015,0.0388295169003456,0.04068505722939,-0.0913645523,0.044823908,1.06383501794099,34.2737662713357,16.6539779215835
"g[2,31]",3.94281025999982e-05,0.0025421144,0.0333975295757766,0.0320114496702,-0.05642195075,0.0462088199,0.992716719865014,23.6052291440319,34.0725586313509
"g[3,31]",0.0059838371189,0.000903877245,0.0329742368617397,0.035312875544037,-0.04378674985,0.0598272196,0.993806262050921,22.6685105065992,30.2499012248123
"g[4,31]",0.005552910406,0.00779035375,0.0330451763495511,0.0301260279915,-0.0618249962,0.05311162605,1.08735085069428,31.7093308062325,30.953885028427
"g[5,31]",0.00398621741,0.0074325388,0.0324966905343046,0.03716150436138,-0.0464218456,0.05951377625,0.995986099750908,28.7849909643728,44.8258196721311
"g[6,31]",0.0062904528911,0.00716474365,0.030637742390939,0.0288339198525,-0.0389887855,0.05514303435,1.03249660884945,18.7073566882479,24.3582350718816
"g[7,31]",0.000816039215,-0.001891856,0.0353012665253363,0.0332539967151,-0.05136575635,0.0557216936,1.08324835246033,15.6954912125831,34.362847091416
"g[8,31]",0.0100482646513,0.00547796005,0.0324116247783652,0.03398679778473,-0.0379395776,0.06961390315,1.03559072862306,15.3066809564745,66.9637815053919
"g[9,31]",-0.0044747801815,-0.00797754245,0.02769746125307,0.0280804254675,-0.0418019276,0.04776353075,1.01139287248519,28.6699683355079,59.4639916395373
"g[10,31]",-0.000174408618800002,0.000126116395,0.042206781840032,0.045282951138873,-0.06401210535,0.0692310859,1.02265699601709,17.3852713829677,40.0549324788279
"g[11,31]",0.002845009794,0.001580735405,0.0294684550639318,0.031612045984953,-0.040795778,0.05275536665,1.02407581326366,35.3548181423092,58.1996870625698
"g[1,32]",-0.0054788836437,-0.00726170805,0.0342059627291767,0.0255823097019,-0.05034543625,0.0549743653,1.04074076357713,19.8890380825643,16.4026619177055
"g[2,32]",0.0129032023396,0.0095162793,0.0353174689739104,0.0367437769188,-0.0431480549,0.0703729805,1.04912736900256,12.4369388664957,12.8702156943087
"g[3,32]",0.0138441319341,0.0185405,0.0391833798884633,0.0403965838185,-0.0562515959,0.0662679905,1.17453048736851,11.8789147996981,13.2804284428833
"g[4,32]",0.0021203322051,0.003064359,0.0399581350012442,0.0368868040821,-0.0671890367,0.06809364515,1.04046164992229,15.0351599256461,31.6063780380824
"g[5,32]",0.0042139149391,0.00639645305,0.041175020492592,0.04324882682253,-0.0651650797,0.0702330249,1.06471576600612,12.3631783037927,34.0533177661022
"g[6,32]",0.0038145902172,0.00190613995,0.033452755456017,0.0337648176495,-0.0533638551,0.0569230965,1.05135015428137,11.9275510338049,19.6828253289844
"g[7,32]",0.00831317986803,0.01058231,0.0372730940860888,0.0332473843191,-0.0528088304,0.06922504775,1.03718390902585,21.1292528663757,53.3800336154148
"g[8,32]",0.013748110343,0.013973699,0.0349535136329326,0.0356400716574,-0.04487490055,0.0642889124,1.04648183299008,19.9960625569025,40.1065539615453
"g[9,32]",-0.0032563778198,0.00059858128,0.0354218027355084,0.0337894169487,-0.05499922285,0.05079104585,0.995609118810638,16.7201995885262,30.6204069389592
"g[10,32]",0.0140021914093,0.016497029,0.0344392701123579,0.03365258898078,-0.04407236085,0.0681383774,1.04325720128425,16.0310874408198,14.3008907411947
"g[11,32]",0.000732466997100002,-0.0031006743,0.0402111949247775,0.0409281574464,-0.0644450942,0.0721041665,1.05537123677175,20.5502985613368,62.6459787749279
"g[1,33]",8.04103691999971e-05,0.00328608145,0.0331766963427286,0.0197568043932,-0.0550952582,0.05720954025,1.13148779920217,8.38259752419796,31.7839996054474
"g[2,33]",0.0077815552724,0.00532569945,0.0373189066603736,0.0400287781866,-0.0500362727,0.07243391845,1.40157093875888,2.50942493831384,44.5066124109867
"g[3,33]",0.01476505039511,0.014473223,0.0323921230029601,0.0327716157552,-0.035121064,0.0680587524,1.00581379937363,31.7997679747269,58.9391161255239
"g[4,33]",0.002219132528,0.0059720032,0.0280697168053664,0.0285370803522,-0.04552750725,0.04120426685,1.19334201693613,6.14889611292733,40.5548566509965
"g[5,33]",0.0017095260359,0.0050718378,0.0324701818496474,0.0311273019015,-0.05578646635,0.04863418915,1.09782399324278,15.7088032681724,76.6284020089591
"g[6,33]",0.0056334898135,0.002140765645,0.0258207754595443,0.0257899278168,-0.0296694578,0.0502655573,1.03609879826363,20.893095705481,76.6284020089591
"g[7,33]",0.0033727030417,0.0055024092,0.0360196240986127,0.03689727613068,-0.05394818855,0.0634501152,1.09206683190072,9.68224148662415,24.4823726916619
"g[8,33]",-0.0028663516572,0.001328893935,0.0369202359774901,0.0395719995048,-0.0701492979,0.05033118875,1.0584500489235,16.1145087405426,13.337107644068
"g[9,33]",-0.0069448468371,-0.00800268015,0.0388939602908408,0.04416111700791,-0.0623939029,0.0660117852,1.27967420057895,3.41243857800314,30.6204069389592
"g[10,33]",0.0155012104168,0.016364574,0.030301545287665,0.03540968325279,-0.02504394655,0.0616104631,1.01507154659874,23.7276568162152,44.5810103703794
"g[11,33]",0.005757145554,0.0019669047,0.0362197448818781,0.0386861778807,-0.0540420137,0.062088952,1.1237386011007,9.50714250606875,40.5548566509965
"g[1,34]",0.011773113593,0.018715026,0.0299036082352336,0.0315737868915,-0.0357386762,0.05623739485,1.11190402228308,14.3387808881238,37.4387807422338
"g[2,34]",0.021011807507,0.020026593,0.0240210595632986,0.02046424418136,-0.02117526575,0.0570972586,1.00625558558675,39.3431323294324,52.4502744151648
"g[3,34]",0.02616186305867,0.027663809,0.0345126067587302,0.03722419135806,-0.0276817654,0.0756480991,1.00664253424939,19.0770763662267,52.4502744151649
"g[4,34]",0.0093666640188,0.0061709497,0.0309006894671935,0.03042006804648,-0.0376388946,0.06991235705,1.05859338185721,21.2436243073877,17.906477028548
"g[5,34]",0.020850653365,0.019231262,0.0314031164486116,0.03370628430498,-0.02895502035,0.07792695835,1.0126337305417,21.7115131464489,54.1081755216878
"g[6,34]",0.0202831823284,0.01932613,0.0342072074767819,0.0276491096994,-0.0373684347,0.0821866117,1.0067655972653,32.1890189006911,42.6630649508764
"g[7,34]",0.0215560505021,0.028580275,0.035994056160125,0.0352398890067,-0.041923297,0.07353338935,0.991117987885985,14.6388318613374,44.2325367647058
"g[8,34]",0.0103153364595,0.012516727,0.0365981840477349,0.0347110381737,-0.05593968895,0.05956689355,1.19580487292098,4.98107360047119,42.4389398926035
"g[9,34]",0.0157641764692,0.0119884,0.0336127338372736,0.0334400118654,-0.03200699045,0.07136477015,0.993891373918738,24.9711675036623,27.6504977089587
"g[10,34]",0.0186965469176,0.018447851,0.0289242349896028,0.0253139138826,-0.02805051865,0.0665959513,1.00602403425073,22.598006867766,58.9391161255238
"g[11,34]",0.0095446591594,0.0106080755,0.0354882896663752,0.0345784603752,-0.0482752134,0.06884227105,1.02463804463373,16.0093950740087,59.824149216674
"g[1,35]",0.0035798515471,-0.0015283523,0.0372586467701044,0.03686310946542,-0.05112566875,0.0702963926,1.04134685396865,15.9244292841083,29.8882545259357
"g[2,35]",0.00252301185769,0.0033567538,0.0439185776585382,0.02981800850112,-0.0735458309,0.0698550889,1.12332201099747,9.91960185363189,30.6204069389591
"g[3,35]",0.012822424732,0.0153968305,0.0324007063748545,0.0306839429736,-0.0459946804,0.0652920977,0.996191213766056,32.0870711538673,51.5338182396663
"g[4,35]",0.00272113003845,0.000301268135,0.0323841399831741,0.0369464757669,-0.0491074262,0.04996216195,1.09495834546375,24.5897000136836,37.3293515358362
"g[5,35]",0.012518578927,0.015124584,0.0329770338462021,0.0348185162955,-0.03908335055,0.06270890605,1.06273927919205,9.02398244885965,16.4026619177054
"g[6,35]",0.0162194339148,0.0184528965,0.0334656033043344,0.03216595401075,-0.0428218953,0.06583456575,1.17225819657451,4.60216211908574,15.430738030156
"g[7,35]",0.0054950554977,0.0032127699,0.0371020641674113,0.0398083874727,-0.0529428353,0.06336093505,1.15440604612608,26.2379404634217,43.9114926796898
"g[8,35]",0.0123536155683,0.0119207615,0.0373698774864051,0.0374163865782,-0.04218295165,0.06801844015,1.01750848488233,16.1781938734013,31.7839996054474
"g[9,35]",0.015458642584,0.018094128,0.0354948359203834,0.0343712299602,-0.04614321405,0.0708158555,1.01312266154394,18.5815196571509,49.8082327516251
"g[10,35]",0.0135550260979,0.012253109,0.0321696078884679,0.03325630697655,-0.03680323705,0.0673844327,1.01528564332554,34.2597331659317,30.775028262781
"g[11,35]",-0.00277972012657,-0.00432597705,0.0357663317288774,0.0371674506252,-0.05375129155,0.0589839203,1.18087156613701,4.51589952965935,34.6094081084899
"g[1,36]",0.00521441814437,0.00324914225,0.0314022234381261,0.03179136251865,-0.0438251264,0.060382701,1.15882431000184,12.3690820643987,47.2379069823962
"g[2,36]",-0.0029856368245,-0.00396231895,0.0411390047708626,0.0425442544569,-0.0864279411,0.05285553485,1.24465337933674,11.0552554616375,21.5199212985735
"g[3,36]",-0.000805478219999998,-0.00606111075,0.0426844808736102,0.0287804187489,-0.06647856015,0.0887172077,1.16819290664656,15.2543738380266,13.0721046622061
"g[4,36]",-0.0013587749947,0.000804549465,0.0362072589509897,0.030008374734009,-0.06830578355,0.0586540477,1.02650016942337,14.9021125896089,21.0246288509397
"g[5,36]",0.0040323409535,0.0058327512,0.0364718578359958,0.0401048815272,-0.05021248325,0.06995531825,1.05037231126741,21.6227919552947,37.7806563039724
"g[6,36]",-0.0139209864776,-0.012964133,0.0363586772426439,0.03543213359742,-0.0767757547,0.0412337876,1.16319115926392,5.6014551291013,42.4389398926035
"g[7,36]",-0.0099081674389,-0.0090844208,0.0366293076290596,0.0348814830588,-0.0757661119,0.05432337835,1.01711645058256,11.1062218543037,23.4930863203114
"g[8,36]",-0.001413000653,-0.0018620164,0.0269098228357913,0.028755968451,-0.03779771195,0.04030213205,0.999118225873875,55.984689480098,58.361007520573
"g[9,36]",-0.0023873550131,-0.0042780036,0.0431833440959374,0.0359131465623,-0.0723274966,0.0855372571,1.06859996678995,17.5873457212458,21.0246288509397
"g[10,36]",-0.0049577145658,-0.00065292889,0.0286791574776161,0.028821222703014,-0.05349797985,0.04043156585,0.998882083076545,32.0768335366997,52.4502744151648
"g[11,36]",-0.0160624913568,-0.014881889,0.0359163358591458,0.03648117628638,-0.06791405805,0.0360292038,1.05586785198811,16.9010913865017,21.0246288509397
"g[1,37]",-0.0100674421278,-0.013691057,0.030803312189568,0.02798331257295,-0.05951954205,0.03805884525,1.38482563235918,2.50622006052082,37.7806563039723
"g[2,37]",-0.0056784195163,-0.0093419155,0.0341753979848932,0.0344838245346,-0.0596823129,0.05190078545,1.01239669949109,28.5072638539526,58.9391161255238
"g[3,37]",0.0066841046252,0.0092779337,0.03133859636363,0.0333439883112,-0.05334600805,0.0510511843,1.19735074064484,4.32828733879536,21.5942744323791
"g[4,37]",-0.0068216113773,-0.01007070645,0.034721352840308,0.0310373874006,-0.05191192405,0.0529289947,1.13937177817747,6.9087826378996,40.5548566509965
"g[5,37]",-0.020104740996,-0.0234337995,0.036672678934874,0.04072002279366,-0.07816379245,0.0407738318,1.17795183326266,7.52476852027213,40.5548566509965
"g[6,37]",-0.0037600984227,0.000417051515,0.0369404813987846,0.0266556520566,-0.0676014623,0.0478395539,1.2544950518995,4.25544781952461,31.7839996054474
"g[7,37]",1.2983825839999e-05,0.00292282825,0.0333557511388009,0.0354380407206,-0.05830837685,0.04713815565,1.171977278743,4.84775883791786,45.7499253062444
"g[8,37]",0.001001322121,-0.00204736105,0.0403568919689737,0.0418841831457,-0.0512581235,0.06508007575,1.03026614041346,18.3086847696762,31.7839996054474
"g[9,37]",-0.00831582966173,-0.0014930619,0.0419858833075543,0.04618727337966,-0.0766273738,0.06057515385,1.07389749282301,22.9358928196762,73.5691550057054
"g[10,37]",-0.0105157216016,-0.00846090235,0.0377567963087417,0.0390586752003,-0.07244217595,0.05013706065,1.04483303433001,19.5312588426335,31.7839996054474
"g[11,37]",-0.009507824552,-0.0115604475,0.0350966864440164,0.036217575492,-0.07242562615,0.04210419795,1.00875047922545,30.2037987323929,58.1996870625698
"g[1,38]",-0.011891816977,-0.0130831155,0.0375000882575649,0.0364815457503,-0.0714473975,0.05862543725,1.12276618578535,7.3399543962153,30.2536366106048
"g[2,38]",-0.001481840476922,-0.001210546485,0.0362342676601042,0.0429790573002,-0.06103906835,0.058152712,1.01209577927985,26.8801972814535,30.1516195727084
"g[3,38]",-0.01005365234767,-0.00313961225,0.0424228457374514,0.04969545583695,-0.0827768254,0.0453549605,1.05182625153291,14.6014396321537,30.6204069389591
"g[4,38]",-0.0063954569177,-0.0102833549,0.0404261495314583,0.0549604082475,-0.06686834535,0.0604741491,1.07582656269224,9.66709322592614,91.8791763261966
"g[5,38]",-0.007903169514,-0.0104742275,0.0407311743146719,0.0509542770114,-0.07341323815,0.054530167,1.24035810901842,3.57113956163924,24.4584206848357
"g[6,38]",-0.013627420969,-0.019481883,0.0489891301746118,0.0562415369922,-0.08962794795,0.06425677575,1.17864602946453,9.2521927652672,21.0246288509397
"g[7,38]",-0.0042695197639,-0.0088093666,0.0431641952774085,0.041656804938,-0.06672714755,0.07742567285,1.09287072870284,9.2963702631349,34.1687749609557
"g[8,38]",-0.0022847894923,0.00169818525,0.0353635650664361,0.0351174151272,-0.0584385841,0.0549358257,1.01544334718925,19.8848966255394,40.5548566509965
"g[9,38]",-0.00542556948,-0.0065316789,0.0362655103277606,0.03728771187246,-0.06181028555,0.05313143265,1.20270311526511,5.63819095442031,42.4389398926035
"g[10,38]",-0.0038390666477,-0.0087489664,0.0421332158637823,0.0447590587059,-0.0689851181,0.06717790365,1.06035670712342,13.234351912368,43.1269119030573
"g[11,38]",0.0023687052238,0.00119008808,0.040365562962802,0.040769935738392,-0.06578495285,0.0660172385,0.993925890414331,31.9948841210012,29.8882545259357
"g[1,39]",-0.023117013245,-0.0192119215,0.037028648491286,0.04002794896842,-0.0788017342,0.0331044574,0.993938652129686,25.8420907226469,77.3212964411783
"g[2,39]",-0.0156963735173,-0.01313468,0.0376990876016019,0.0365907340512,-0.0748278584,0.04120615015,1.00777976847109,16.3903078330372,31.7839996054474
"g[3,39]",-0.02667483704264,-0.019777357,0.0373369483460489,0.0416331908265,-0.0917992753,0.0232640569,1.00927043698946,18.3316097014189,56.9642759450736
"g[4,39]",-0.0143896405131,-0.0169964925,0.0429100651061731,0.03843434552034,-0.082848039,0.0657675004,1.10335524082204,10.0819451678571,13.4086406374851
"g[5,39]",-0.0224723839647,-0.0224300215,0.0440211652649928,0.03990224257614,-0.0870332349,0.0579357228,1.30348788167372,3.1294911195253,31.6063780380824
"g[6,39]",-0.0134862558319,-0.015856911,0.0453582944132999,0.0444810452604,-0.0872533668,0.0672275623,0.993544926933889,20.5973044893931,16.576678980771
"g[7,39]",-0.0056006719381,-0.0023837356,0.0313161703370855,0.03530500791216,-0.05336808325,0.0435326356,0.99640315707562,27.3333534833365,13.1963071884864
"g[8,39]",-0.0092654724125,-0.0057133669,0.0385021185876617,0.0454146310674,-0.0641243623,0.04987885495,1.06548517121173,15.2246885632094,17.7412814274128
"g[9,39]",-0.010382248785,-0.00580868615,0.0447614718007745,0.04923637260171,-0.0821987654,0.05669065705,1.04515630734095,13.4026066788019,44.5810103703794
"g[10,39]",-0.0182922396583,-0.0146833905,0.033586866442303,0.03160382992725,-0.07858575215,0.0307671955,1.01993739356124,18.3127114996431,52.4502744151648
"g[11,39]",-0.000186120752999999,-0.003046862,0.0289108092283077,0.0278138688135,-0.04053617635,0.04225455695,1.10996896279995,11.9186218938516,34.4188137450479
"g[1,40]",-0.0864785507526,-0.077731435,0.103567414685163,0.093572253012,-0.2980665415,0.07050303715,1.06916595552536,12.1692313833552,21.0246288509397
"g[2,40]",0.0149767279133,-9.9707735e-05,0.106972607809414,0.094946104302,-0.1574007775,0.1922147685,1.15814996344811,8.16265481586631,31.7839996054474
"g[3,40]",-0.036472785854,-0.0283964435,0.085692290421209,0.0862222353426,-0.1698804615,0.08421232825,1.00055754499647,27.0004317701771,71.2874531148375
"g[4,40]",-0.0495488105287,-0.0344048535,0.0892265119476161,0.0953964892713,-0.1836936895,0.0696084156,1.00937661922669,29.9723383687918,34.5235746695599
"g[5,40]",-0.010153739163,-0.022372396,0.112674199445101,0.0980145221727,-0.188800877,0.192807686,1.61077783528894,1.98575031283705,21.5942744323791
"g[6,40]",-0.0394746729506,-0.032922212,0.0715574807699737,0.0735358361892,-0.1694086205,0.0654027539,1.00683040069466,31.8005365608549,52.4502744151648
"g[7,40]",-0.025378280547,-0.03173912,0.0833379454685442,0.0791445453477,-0.158909514,0.120895552,1.00813770919153,16.8465218714976,34.9290696578376
"g[8,40]",-0.004037267673,-0.00807085935,0.0995248986704305,0.0971665594809,-0.1611145475,0.156573932,1.05561173915104,16.8614326320996,35.4538087520258
"g[9,40]",-0.04738277694655,-0.038440569,0.0846707898397427,0.07014019752726,-0.2113723195,0.076814665,0.990645121959287,19.2832298861982,33.8817424896137
"g[10,40]",-0.0068356640032,-0.00913396265,0.079101753151968,0.08437048402881,-0.13186023,0.10361005,1.00995608469681,21.4590110145499,24.5786516853932
"g[11,40]",0.007760329376,0.023462518,0.113427943675404,0.1073192701056,-0.1922518855,0.1924077775,1.02834069030291,13.498220748972,14.564780577122
"r[1,1]",0.07994401063,0.079790325,0.00185433815617423,0.0019252798971,0.0766475818,0.08302213105,0.999097049881144,28.4082685429604,29.4472616381001
"r[2,1]",0.08346397557,0.083725669,0.00326309175488524,0.0036133919787,0.07858488395,0.088415618,1.01601905527289,19.404462381294,65.4003091120767
"r[3,1]",0.08392360356,0.083416974,0.00257525301733096,0.00252587374409999,0.0803065731,0.088221602,1.07088861908714,34.9064054936989,52.4502744151648
"r[4,1]",0.08367211725,0.083054812,0.00225291639364632,0.00215842022970001,0.08027285495,0.08759037885,1.03091626752006,59.9732961208199,77.3212964411783
"r[5,1]",0.08412543934,0.084198872,0.00248023253671969,0.00243018080970001,0.0798382471,0.0882572128,0.994924182755446,26.9648185530666,43.7970546868537
"r[6,1]",0.08409034796,0.084087523,0.00259213549878893,0.0023766722931,0.08054184905,0.08925261375,0.995540627173782,38.3466076821599,58.9391161255239
"r[7,1]",0.08338379687,0.0833547025,0.00285626812964524,0.0029635721052,0.07855545955,0.08771708705,1.04019389437422,23.5043294271017,48.4074922943175
"r[8,1]",0.08364594922,0.083833683,0.00250331520888842,0.00205016151900001,0.07914911455,0.0873064222,1.0294917161498,33.4255916872368,30.6204069389592
"r[9,1]",0.08333364912,0.0832816395,0.00275733046739144,0.00207205136669999,0.0787858489,0.08776328465,1.02488403037513,34.4804154216573,40.5548566509965
"r[10,1]",0.0831868707,0.082993118,0.0025833161190417,0.0029322870213,0.0795662505,0.08756127265,1.13524684781126,5.78055302616227,12.7390522145152
"r[11,1]",0.08397146217,0.0842970375,0.00287426693802996,0.0029075468751,0.0789110727,0.0886631286,1.01681949657947,20.940151086877,44.5810103703794
"r[12,1]",0.08401043482,0.0838070845,0.00229606308108338,0.0020423830581,0.0809402567,0.0876430999,1.0121912423917,27.5239303515223,78.3393298097876
"r[13,1]",0.08365425435,0.08326971,0.00293940340063895,0.0026174658069,0.0797497673,0.0891900728,1.06001756076588,19.4926295638854,40.5548566509965
"r[14,1]",0.08412391614,0.083924866,0.00232770606093586,0.0023190858852,0.08082402415,0.0880282053,1.02952632375037,40.9906491353668,66.9637815053919
"r[15,1]",0.0835779473,0.083775112,0.00235867561666117,0.002265353496,0.0790153457,0.086775013,1.51216995024742,2.07317674117356,24.0474274160303
"r[16,1]",0.08277092071,0.082838699,0.00261470626823318,0.00298328623740001,0.07804900795,0.086498202,1.02708137028706,26.3575119568102,21.0246288509397
"r[17,1]",0.0842722724,0.0838756245,0.00248711287046805,0.002789927028,0.08078036015,0.08920350775,1.02204329495212,20.6364669405241,52.4502744151648
"r[18,1]",0.08348438729,0.0835442155,0.00239529485541588,0.00199657368329999,0.0790147137,0.0870668213,1.07302148130483,32.8671413347207,40.5548566509965
"r[19,1]",0.08324245961,0.0833622255,0.00292001106419959,0.0027896394036,0.0785265292,0.08801421805,1.1097802772459,9.18609778387141,42.9711796108348
"r[20,1]",0.0831718163,0.083172913,0.00263235175498138,0.0022540553427,0.07928360515,0.0870509494,1.04071040717699,22.7796489854817,43.1289080799234
"r[21,1]",0.08326988604,0.08374901,0.00248696996801326,0.0023763172104,0.07922095075,0.08657703985,1.14070293164892,15.2963449494766,58.0761852780705
"r[22,1]",0.08385850109,0.0838056075,0.00200970584870974,0.0021589413636,0.0806256869,0.0871806966,1.02210125199357,29.6664013998401,24.0474274160303
"r[23,1]",0.08312263785,0.0830133935,0.00247147840180347,0.00245224782810001,0.07910794855,0.0865446401,1.03889794775643,23.2990422001104,58.9391161255238
"r[24,1]",0.08355344949,0.0832477485,0.00255124005474199,0.00301257722429999,0.07996918825,0.08751870485,1.04719442332038,29.7776891055631,52.4502744151649
"r[25,1]",0.08305470301,0.0828098715,0.00242393876096176,0.00228856656420001,0.07942078915,0.0873729715,1.0744893861705,26.9117225746698,59.8640966872305
"r[26,1]",0.08405838103,0.08402944,0.00233427055332186,0.00274099678019998,0.08037612205,0.08756447635,1.02156818773704,32.7759782659616,51.9994667620882
"r[27,1]",0.0846141147,0.0840772125,0.00259396117784376,0.0024430408821,0.08117082335,0.0894555876,1.02656198661909,31.2470476684828,31.7839996054474
"r[28,1]",0.08352801133,0.083600391,0.00219768718537184,0.002303256165,0.08001368445,0.0877252627,1.06335842964713,41.9368763845994,33.4139235013328
"r[29,1]",0.08339139586,0.0833699135,0.00269423432253331,0.00292718687730001,0.07957220305,0.08823453815,0.999622200828101,25.418695151342,26.4510278113663
"r[30,1]",0.08318832052,0.0830710255,0.0020665658784553,0.0024062827803,0.0804561487,0.08664637515,1.00621639549121,35.3815885903507,43.2419075858658
"r[31,1]",0.08263892644,0.0830145835,0.00267177705876079,0.00263509911,0.0773440743,0.08645756335,1.03942756065746,40.0785029731607,16.9475111369359
"r[32,1]",0.08243204549,0.0824148175,0.00247654634334188,0.00290739713250001,0.0788515523,0.08657616775,1.01897988432229,22.3394031647012,38.2179515177985
"r[33,1]",0.08300833827,0.0829181565,0.00214023988700919,0.002106085191,0.07973090405,0.0864903633,1.01287776979982,34.1584030712756,44.5810103703794
"r[34,1]",0.08302070375,0.0829412615,0.00207422839247282,0.0022482783918,0.08013681585,0.08627257145,1.02228651832273,16.8723426682419,34.362847091416
"r[35,1]",0.08297789156,0.083250179,0.00254701783744296,0.00294203066849999,0.07877248305,0.0869368149,1.01708387295309,26.6035140774236,76.3293826888992
"r[36,1]",0.08406442571,0.0840109775,0.0018721140212932,0.00146984519220001,0.0810143218,0.0874428759,1.00379180114895,36.9835853583491,76.8221378450804
"r[37,1]",0.08294304067,0.0827621505,0.00191110164697257,0.0021125604465,0.07996912535,0.08623125855,1.09008884063544,16.3462788500429,46.6027543178878
"r[38,1]",0.08278580557,0.082094302,0.00244485405326697,0.00260130398430002,0.07958666055,0.0872560401,1.00645965868797,34.6840170173996,54.8564568994389
"r[39,1]",0.08251857952,0.082172704,0.00277495676219934,0.0028786858422,0.07858070885,0.08732587895,1.00585641722923,24.5951636386532,49.8568790552336
"r[40,1]",0.07841890503,0.078220283,0.00871853508347791,0.0080068235541,0.0637507411,0.0945380359,1.05050343691895,11.0841863725956,12.8042980631539
"r[1,2]",0.08279642129,0.0826230695,0.00320824848427025,0.0039566776305,0.0780797068,0.08742734385,1.26156266608117,3.03732742329514,41.7305399420882
"r[2,2]",0.08361202837,0.0837690005,0.00298973617800409,0.00348887062859999,0.0786773354,0.08807584545,1.06680335436148,20.0639843921259,23.0384412848867
"r[3,2]",0.08126380064,0.0810964955,0.00298465568599032,0.00291846177630001,0.07644913415,0.0863812063,0.998334234414095,22.1613938723304,58.9391161255239
"r[4,2]",0.08258462482,0.0825644865,0.00256478447564923,0.00272757257849999,0.07864919145,0.0867120187,1.00171472530521,31.3644427628792,52.4502744151648
"r[5,2]",0.08215724,0.0818513375,0.0030223975148816,0.00305309297580001,0.0776310271,0.0874115457,1.04842515179065,23.5920905482503,32.4035108813274
"r[6,2]",0.08327743577,0.083401681,0.00287807313575267,0.0029767724343,0.0783602704,0.08753531845,0.991168907081715,41.3464355373535,44.5810103703794
"r[7,2]",0.08269679813,0.0830144225,0.00267496602429395,0.0017262245385,0.07716431205,0.08625888555,1.00440892658446,33.5483910390376,31.7839996054474
"r[8,2]",0.08317473706,0.0830409855,0.00293469758723934,0.0025257380862,0.07878871395,0.08720497925,1.04661047579841,15.2997054810071,31.7839996054474
"r[9,2]",0.08289574451,0.083434191,0.0022694200560008,0.00209633783730001,0.07881965355,0.08574446595,1.06628850009599,29.9848307964949,76.6284020089591
"r[10,2]",0.08234833283,0.0824070315,0.00213965717651113,0.0022249481982,0.07893226315,0.08561925955,0.995077045527006,40.1031321049475,78.3393298097876
"r[11,2]",0.08308589044,0.083078478,0.00298430974364337,0.0033813472875,0.0787312861,0.08815849045,1.17244010373039,7.54096853342638,23.5468245425188
"r[12,2]",0.08387900508,0.083778357,0.00255767206224944,0.002810201583,0.080240042,0.088526323,1.09395006366522,21.8458757585534,73.5691550057053
"r[13,2]",0.08337107621,0.083391714,0.00274869921491898,0.0030495799551,0.07909396035,0.08727977445,1.03059782653981,28.2111988072623,30.6204069389592
"r[14,2]",0.08328276679,0.0832063615,0.00204092637593622,0.00199725123149998,0.0805575805,0.08643683415,1.05340121568096,23.6020478708278,34.8719167261687
"r[15,2]",0.08332376908,0.0832799265,0.00275780718894963,0.0027173456037,0.07931373675,0.0879997533,1.00964932632234,24.569752063724,34.1663412729403
"r[16,2]",0.08352301534,0.083826208,0.00254671514748856,0.00266656803629999,0.0788839735,0.0875650989,0.991556421826678,37.6768855227946,76.6284020089592
"r[17,2]",0.0829490221,0.0828157325,0.00238237639614981,0.00275465449140002,0.079281008,0.08675827615,1.03215061507217,25.375985898343,49.8568790552336
"r[18,2]",0.08342148732,0.083335001,0.00258547793122151,0.0026895683514,0.0791406002,0.0882617216,1.03002899900196,17.2009816409806,31.7839996054474
"r[19,2]",0.08357938597,0.083547951,0.00256207234673051,0.0028008730638,0.0795702204,0.0879288346,1.02867376222884,34.1197641903526,56.8419098881722
"r[20,2]",0.08376396912,0.083939624,0.00216136542537871,0.0018499015479,0.080366353,0.08740374595,0.999801884085715,43.7131680465102,51.556342412722
"r[21,2]",0.08373371105,0.083894576,0.00250308231740764,0.0024788071245,0.07958609775,0.08729618305,1.01373906169655,40.8547544246919,40.5548566509965
"r[22,2]",0.08376874316,0.0831774855,0.00308385658468315,0.0025580676618,0.0791516141,0.08912503745,1.15987221401365,5.10513789971083,21.0235463719365
"r[23,2]",0.08358941866,0.083497068,0.00215183832055584,0.00197245548780001,0.08016042595,0.0872650416,1.01111301044559,42.3891939239822,42.4389398926035
"r[24,2]",0.08371393995,0.0839507625,0.00250907753125655,0.0024954544986,0.07916736015,0.0876487757,1.03843733055219,22.7972538672769,21.0246288509397
"r[25,2]",0.08278378005,0.082698698,0.00271226993259834,0.0031157647017,0.07894318915,0.08741540095,1.01956858025083,28.7072388276704,76.8221378450804
"r[26,2]",0.0820379012,0.0818209925,0.00257078436613948,0.0026098808253,0.0780694316,0.086550829,1.02457844137285,19.0970619240878,42.9711796108348
"r[27,2]",0.0829693323,0.0832173875,0.00272957708123975,0.0029234358993,0.0785251355,0.0871881957,1.05075587933712,22.5621089216949,44.5810103703794
"r[28,2]",0.08223134092,0.0824370705,0.00290750021502666,0.0027921650127,0.076793869,0.08656415325,1.00929950267086,33.7260762085028,56.8419098881722
"r[29,2]",0.08309277449,0.083497738,0.00264052415008154,0.0029423813034,0.0788445319,0.08714064665,1.18829273104203,4.852323750766,47.4879826329664
"r[30,2]",0.08406385087,0.084064994,0.00251908588798566,0.0023799740433,0.07986229485,0.0882562431,1.09505054416698,12.2717212928071,30.6204069389592
"r[31,2]",0.08317141769,0.083231899,0.00251447469863298,0.0021588079296,0.07884180925,0.08748342245,0.99302523168463,36.155792008758,44.5810103703794
"r[32,2]",0.08394861447,0.083834206,0.00205182771821414,0.00218099503859999,0.08062098965,0.0873841459,1.03945669283445,27.2461778906956,44.5810103703794
"r[33,2]",0.08366376914,0.0836409095,0.0026414157720209,0.0030873010056,0.0800752021,0.0881765248,1.13859296106866,8.49409903015345,65.7762636916378
"r[34,2]",0.08378923309,0.083976386,0.00200781386477695,0.0016400602743,0.08055562585,0.08719279935,1.00508489653706,40.7754124718185,47.8838705092214
"r[35,2]",0.08290550271,0.0831037955,0.00300403709053884,0.0030043665855,0.0777929285,0.0877091657,1.06336128814149,13.1119192810108,24.3582350718816
"r[36,2]",0.08339321532,0.0836247215,0.00244905092227252,0.00202296322200001,0.07886155925,0.08733803125,1.05991724992489,26.3722161538243,21.0246288509397
"r[37,2]",0.08332309728,0.0831416375,0.00249442776337327,0.0024910000269,0.07937329375,0.0870827384,1.01709191244105,33.5002299783205,21.0246288509397
"r[38,2]",0.08365744029,0.083463361,0.00264248886236139,0.0026748928353,0.07925595645,0.0884009664,1.16129316044051,5.67884147464702,21.7553455992043
"r[39,2]",0.08313101288,0.08294639,0.00272662119882485,0.0029653875489,0.0789543115,0.0871474333,0.991551997184217,25.7873693712219,30.6204069389592
"r[40,2]",0.08662816399,0.0853492275,0.00805748392065319,0.0077545954878,0.07427503375,0.1004802445,1.09386862135088,23.8743805417955,58.9391161255239
"r[1,3]",0.08317571917,0.082845795,0.00191524306585337,0.0022392612186,0.0804073239,0.0861985364,0.998741065335817,14.5071484647517,28.9304017192924
"r[2,3]",0.08299383762,0.0821356955,0.00312478742665034,0.0029296872822,0.07911001195,0.0891606997,1.02861712343729,30.6913714493345,40.5548566509965
"r[3,3]",0.08383771384,0.084078005,0.0025198557108615,0.0027718037256,0.07963265655,0.0875712302,1.03061956508652,19.689839983342,47.507860551729
"r[4,3]",0.08391661259,0.083782026,0.00333285956265331,0.0038421393675,0.07875762065,0.08922842225,1.15458813145234,4.66263116527134,41.7262756318548
"r[5,3]",0.08321911558,0.0831139155,0.00265020768164531,0.00298399714410001,0.0790277253,0.0872439067,0.999183872511227,36.0811456754477,76.6284020089591
"r[6,3]",0.08385991542,0.084256999,0.00276015462356405,0.0024797886057,0.0782034127,0.0876095039,0.991286996199234,28.1745144368663,28.9639192320423
"r[7,3]",0.08317579775,0.083408808,0.00254935090761251,0.0026585123292,0.0788357389,0.0872758611,1.10767677470673,13.2301541903092,52.4502744151648
"r[8,3]",0.08327912738,0.082901021,0.00269742437147642,0.002956489725,0.0792606582,0.0873728052,0.992488264850427,35.8719038000811,51.5338182396663
"r[9,3]",0.0835834223,0.0839070495,0.00234600086220443,0.0023283921654,0.079200251,0.08723844165,1.01949355415464,24.3122483212173,76.8221378450804
"r[10,3]",0.08330198696,0.0832493485,0.00224245560619248,0.0022347177909,0.07964012095,0.08688657325,1.00081808170861,37.0510226707479,48.2658799548031
"r[11,3]",0.08399847257,0.084038393,0.00233373939708262,0.0023301290313,0.08015370045,0.0875863348,1.00219537376319,24.6887893527983,51.556342412722
"r[12,3]",0.08389768491,0.0837214965,0.00260778018518506,0.00261498022800001,0.0796151173,0.0889317393,0.993779190565299,41.8548886451539,57.5148003700832
"r[13,3]",0.08240661681,0.0829695165,0.0033762049689847,0.0030901505628,0.0757662039,0.0872379842,1.10118728979721,12.3220526167395,30.6204069389592
"r[14,3]",0.08386026065,0.0837785315,0.00237904177704639,0.002297422134,0.0800215791,0.08828717995,1.03591938518249,33.0741343283352,58.9391161255238
"r[15,3]",0.08389629739,0.0840586365,0.00263290524591965,0.00300186618060001,0.08002804495,0.08830097775,0.996387342083719,38.5925000275497,31.7839996054474
"r[16,3]",0.08310981768,0.083090473,0.00260883538190268,0.0026499851553,0.07930948955,0.0873101426,1.02508725913453,27.4464254941103,42.1527132583187
"r[17,3]",0.08387749469,0.0837376025,0.00217393599899775,0.0018519178839,0.08014314235,0.0871370909,0.999667116244701,33.8023222288836,58.361007520573
"r[18,3]",0.08302281904,0.0829051805,0.003152622480404,0.00298625069609999,0.07765883825,0.08772760565,0.998877977235733,24.079126451371,33.9768826539676
"r[19,3]",0.08239081801,0.0827369175,0.00256365934561753,0.00256663560720001,0.07822632765,0.0857628049,1.04510021108312,33.8246926934528,59.8640966872305
"r[20,3]",0.08302888041,0.0828305195,0.00233493966528522,0.00245171112690001,0.07943215715,0.08685955065,1.0099797442436,40.9920722970403,37.5549801362088
"r[21,3]",0.08260067359,0.082977401,0.00242321682098052,0.0025173502767,0.0788169377,0.08640052115,1.17667750301056,5.01664461448604,18.5715801761647
"r[22,3]",0.08310637198,0.083243908,0.00210344940094995,0.00198679222980001,0.0799907595,0.0867320692,1.17410767159087,7.836385107135,30.6204069389592
"r[23,3]",0.08244670542,0.082575881,0.00220845499367441,0.0021337542135,0.0781619391,0.08579969695,0.999868361413578,27.2598710866542,51.3027610757127
"r[24,3]",0.08330269617,0.083554001,0.00287427583559448,0.0028553400813,0.07824754085,0.0882881427,1.08115732177602,29.3116883885186,58.1996870625698
"r[25,3]",0.08224614072,0.0823301335,0.00255442879264702,0.00268190627460001,0.07800632555,0.0861476105,1.00567980896727,44.7302663840637,54.8564568994389
"r[26,3]",0.083081733,0.082819674,0.00226361075367362,0.00248479312200001,0.0799388288,0.08693229385,1.05083608483708,30.9392771123721,68.6430238589212
"r[27,3]",0.08363128673,0.084001243,0.00260928168583824,0.00248650923150001,0.0793998051,0.08761928095,1.06425297057457,13.2504815925022,56.8419098881722
"r[28,3]",0.08315565813,0.0833074015,0.00243609593899521,0.0023572368897,0.0796137409,0.08701056285,1.15130691575128,5.88152639637056,16.4566484859883
"r[29,3]",0.0829993554,0.082790859,0.00234634471581142,0.0023027468919,0.0790824931,0.08750596645,1.06200291092339,23.4277947540332,44.5810103703794
"r[30,3]",0.08306508858,0.0828654055,0.00279218551010795,0.0026909397564,0.0793017655,0.08823110335,1.08017466831166,19.726195987307,24.3582350718816
"r[31,3]",0.08365907241,0.083328738,0.00225210604246642,0.0018965960349,0.07973922195,0.08685432435,1.00200592647164,21.2906386836524,51.556342412722
"r[32,3]",0.0840372646,0.0842248125,0.00240550447880247,0.0024025859172,0.07954258335,0.08763470605,1.07992947553785,10.5361828050004,13.2804284428833
"r[33,3]",0.08424558887,0.084162962,0.00250761540366529,0.0020931524712,0.0800288531,0.0888076854,1.18558543050841,10.7943629562264,58.9391161255239
"r[34,3]",0.084234663,0.084016747,0.002510009478965,0.0028900358865,0.0805908153,0.08874350595,1.0021403703271,24.5995199973086,78.3393298097876
"r[35,3]",0.08373972195,0.0834273745,0.00227840053151562,0.0022522888248,0.080311411,0.0880053464,1.01768752481834,37.7893068570142,76.6284020089591
"r[36,3]",0.08358227904,0.0835221305,0.00269124094273155,0.0022901240355,0.0792939698,0.0885154828,1.15494444112511,26.1474167127548,29.147235176549
"r[37,3]",0.08435275223,0.0845469295,0.00228177494127582,0.0025887745317,0.0805677086,0.0877359307,1.0169683280396,26.0840184628604,73.5691550057054
"r[38,3]",0.08294464051,0.0828908775,0.00265438260091565,0.0032398190328,0.0786500881,0.0869594932,0.995698347874717,27.3500784571284,44.5810103703794
"r[39,3]",0.08222320897,0.0823179625,0.00268200655238899,0.0027724078851,0.0777212808,0.0861887787,1.017386103255,21.9050988157538,42.9711796108348
"r[40,3]",0.08225040162,0.0829172815,0.00720356421366768,0.00702299317440001,0.0701317095,0.09258385745,0.996541350518584,26.0292941680581,65.4003091120767
"r[1,4]",0.08028377125,0.0801848485,0.00172432546183758,0.00177530304629999,0.07769393795,0.0823787368,1.33216215125754,2.71050547597258,30.70714160379
"r[2,4]",0.08299739935,0.0834189335,0.00265444814246171,0.0024962039529,0.07793765655,0.0875064981,1.00049210170778,31.8445074786255,31.5354895261113
"r[3,4]",0.08360515902,0.083580475,0.00254401716109455,0.00229249841939999,0.0796578284,0.08817284905,1.0108519297982,27.0618394851383,44.5810103703794
"r[4,4]",0.0827215162,0.0826969315,0.0025372275996293,0.00273340809210001,0.0785747642,0.08659239645,1.01972092464188,27.0820603333728,52.4502744151648
"r[5,4]",0.08256314789,0.082545542,0.00274711112671213,0.0023889534102,0.0780295435,0.08752814325,1.03459861178811,33.2352520449524,58.9391161255239
"r[6,4]",0.08287278923,0.082638858,0.00280351152836375,0.00283232790539998,0.0789593031,0.0881772933,1.00475208203374,22.9524163455219,78.3393298097876
"r[7,4]",0.08483669783,0.0847780325,0.00297078073641949,0.002326785027,0.0800089817,0.0901646287,1.14009584017323,6.7800742243166,31.6824001034527
"r[8,4]",0.08382399601,0.0835231415,0.00268478270209098,0.00240788176440001,0.08018270105,0.0889172788,1.02798050706447,45.1468603123247,58.1996870625698
"r[9,4]",0.08401367015,0.084561983,0.00241280211752135,0.00240225159090001,0.07990542655,0.08749397915,1.08291821044278,15.5118083610006,19.9657729606389
"r[10,4]",0.0830068426,0.0835279525,0.00240949741513065,0.0020395186749,0.07769465695,0.0858136776,1.00379294809895,23.2530412537598,32.8693155044045
"r[11,4]",0.08359410585,0.083406843,0.00228634066901878,0.0024815914473,0.08038163645,0.0874707408,1.00405793250343,29.7319267834642,42.4389398926035
"r[12,4]",0.08357962392,0.0835224785,0.0025556543751817,0.0022838081595,0.08012885755,0.08770450125,1.06395159171593,23.3496616168315,56.8419098881722
"r[13,4]",0.08381470853,0.0837949315,0.00291612408723733,0.00310297653540001,0.07850982705,0.0885233123,1.01654234844976,29.5486566661279,30.6204069389592
"r[14,4]",0.08307892329,0.083076706,0.00256494223612066,0.0028626826578,0.07853346325,0.08687535735,0.991610391291642,14.1322707453985,52.4502744151648
"r[15,4]",0.08246008115,0.082536022,0.00246747287748168,0.0026217416253,0.0783546062,0.0863245009,1.03243265733834,26.9637821697285,36.6043148269886
"r[16,4]",0.08356230762,0.08311566,0.00341892100996492,0.00415370775750001,0.07878234815,0.0891958695,1.00728643221917,22.7235765912767,52.4502744151648
"r[17,4]",0.08239897612,0.08209001,0.00219586739316457,0.00230348967450002,0.0792933301,0.0858942318,1.03154266041856,24.5937247608049,56.8419098881722
"r[18,4]",0.08343803489,0.0832673415,0.00212654840681716,0.00189779619960001,0.0799244808,0.08732662975,1.0505596158354,28.3228106997923,52.4502744151648
"r[19,4]",0.08269156519,0.0825439555,0.00236125838044452,0.00231843502379999,0.07936193795,0.0872927464,0.998522713166214,28.8551615590477,40.5548566509965
"r[20,4]",0.08373766687,0.083487238,0.00286045693939143,0.0026151781551,0.0794682556,0.0890074072,0.992185249942996,16.6165522391883,41.1864756356321
"r[21,4]",0.08297538675,0.083444743,0.0027571112261302,0.0031464901041,0.07822214015,0.08649889775,1.06301352325234,30.4616637878391,43.2419075858658
"r[22,4]",0.08336629588,0.083373847,0.00212311719434842,0.0022565238717,0.0801676927,0.0866048794,1.05755708403784,31.7489668363528,52.4502744151648
"r[23,4]",0.08319414156,0.083163664,0.00229133483820407,0.0025255527612,0.07971505135,0.08680607235,1.00837650964743,33.8200149146459,75.8429085384729
"r[24,4]",0.08213374788,0.08246816,0.003141281662907,0.0031028193798,0.0766581526,0.08682208615,1.02137863724345,12.6517850400513,34.639746634996
"r[25,4]",0.0833457696,0.0833726275,0.00280532837562347,0.00219462976950001,0.07902097215,0.0878193789,1.03317641896604,30.2378636666353,20.0458190148912
"r[26,4]",0.08300010857,0.08287929,0.00231111845416652,0.00242540683769999,0.07933785485,0.08706070085,1.01090259375024,32.021428952485,41.5944662312425
"r[27,4]",0.0829089368,0.0829550365,0.00255001565432142,0.0024603242916,0.0789838633,0.08781424345,0.990067577143037,18.4959940988772,34.362847091416
"r[28,4]",0.0828362185,0.082662431,0.00245040582106334,0.00186189207540001,0.078631895,0.0873435345,1.01059432992721,21.0654211139068,65.7762636916378
"r[29,4]",0.08314367773,0.083157345,0.00257250390523757,0.0030628877727,0.07951148155,0.0874902832,0.997022124168941,17.9767774954861,58.9391161255239
"r[30,4]",0.08341955865,0.083586353,0.00267890049731935,0.0027791181327,0.07911798735,0.0875089817,1.02106786237868,22.7999612690449,47.507860551729
"r[31,4]",0.08363000173,0.0835209695,0.00249647266670965,0.0027481392057,0.07984999,0.0880106029,0.997924220127821,29.2270165326783,30.953885028427
"r[32,4]",0.08306706866,0.08330325,0.00268073560502347,0.00208373944379999,0.07794601275,0.08691434165,1.13443210709827,13.7456201634537,40.5548566509965
"r[33,4]",0.08318590774,0.08331657,0.00214006061569869,0.00241194112319999,0.0797515632,0.0869252815,1.00761241595726,28.9503993875692,52.4502744151649
"r[34,4]",0.08283008324,0.083037716,0.00240062209819405,0.0023389171428,0.07822060715,0.08610247075,1.0231921637419,27.1510545366188,28.7864722515692
"r[35,4]",0.08290119756,0.0826827115,0.00236075347761504,0.0026107785396,0.07907834055,0.0865110739,1.01704929432945,38.9779039249695,43.9114926796898
"r[36,4]",0.0835466278,0.08382902,0.0029921871670359,0.0022545186552,0.07761568655,0.0887522722,0.992606298042824,14.7191872985758,31.6178933065416
"r[37,4]",0.08323569954,0.08321437,0.002754215874858,0.00267374159639999,0.07898124435,0.0880462028,0.995376777357984,28.4383231966191,40.5548566509965
"r[38,4]",0.08324135814,0.083014696,0.00243019434752205,0.0028452761925,0.07989943135,0.08698937195,1.01099771348252,41.8790472909661,58.9391161255238
"r[39,4]",0.08325670389,0.0830407255,0.0032275340142463,0.0030810807573,0.07909592525,0.08929379705,1.13403078498816,15.3955696910614,30.4007941431939
"r[40,4]",0.08115402458,0.082407467,0.00678326239504537,0.0078509504031,0.06996302245,0.0907281987,1.06865658691217,17.25647283011,53.8632643484494
"r[1,5]",0.08193471699,0.081928419,0.0018798151057674,0.00197648815980001,0.0787652354,0.08473226645,1.00022439869076,12.9442485876369,74.7352313149317
"r[2,5]",0.08335762202,0.0835918775,0.00327283654616476,0.0035736923985,0.07764432965,0.0884154227,1.05410529110473,18.0032898137862,21.0246288509397
"r[3,5]",0.08512314477,0.0849647735,0.00324569576893009,0.00298096448580001,0.0789306246,0.08983364155,1.02112892389535,20.2233997805975,44.5810103703794
"r[4,5]",0.08462102566,0.084928487,0.00288530601230357,0.0020371413258,0.0795708683,0.09018190395,1.01828359271298,13.4013429014881,34.362847091416
"r[5,5]",0.08466016032,0.0847913015,0.00284576291980249,0.0034134077712,0.08015702225,0.0890728776,1.01424387224741,10.8168475161135,78.3393298097876
"r[6,5]",0.08347714849,0.0837671995,0.00209878591248826,0.002149302981,0.07966355785,0.0865735924,1.00192949947909,51.0078563831037,30.2499012248123
"r[7,5]",0.08286715036,0.082683902,0.00266444487368073,0.00251054884920001,0.0788911439,0.0877568002,1.01061460331186,15.4838196354769,30.2245250431777
"r[8,5]",0.08268702393,0.08307062,0.00289795174387166,0.0029077329414,0.0780477073,0.0870999614,1.04197120303608,25.7467606914161,51.556342412722
"r[9,5]",0.08363151952,0.083718565,0.0023572332614555,0.0018613813197,0.07998712475,0.08742535525,1.02837361814153,39.6252155656688,58.9391161255238
"r[10,5]",0.08270552331,0.08268178,0.00227309666947811,0.0024442944204,0.07890206555,0.0866071049,0.995897372445818,29.7297101037937,31.7839996054474
"r[11,5]",0.08323254152,0.083259141,0.00255942204698759,0.00319202964569999,0.0795563534,0.0869740539,1.07673573938138,16.2272815530884,34.0438540421866
"r[12,5]",0.08390079358,0.083879491,0.00282195684232918,0.0027165212781,0.07861807365,0.0881877044,1.00010195351352,29.9787174250472,52.4502744151648
"r[13,5]",0.08412583347,0.0842853895,0.00242716833972814,0.0024989660367,0.08021967845,0.0878186719,0.991851900039254,30.5445755943929,44.5810103703794
"r[14,5]",0.08437586856,0.08393979,0.0028428313479759,0.0028123772985,0.0800048004,0.08911974705,1.18803355768849,5.5211661046866,40.5548566509965
"r[15,5]",0.08401532076,0.084657285,0.00261434107763672,0.00238572134220001,0.07882839195,0.0875965635,1.11199545850714,9.99284495269736,17.3233023163729
"r[16,5]",0.08333286373,0.0835305525,0.00280924387990666,0.00285928305599999,0.07871137705,0.08698694475,1.07860197339508,38.7884592228211,15.233286908078
"r[17,5]",0.08469349066,0.084487582,0.00211136409609142,0.00229879057380002,0.08125187425,0.08793875615,1.01089371336967,42.190380351611,59.4639916395372
"r[18,5]",0.08242806853,0.082302928,0.00233156947385009,0.0024065296332,0.0785732024,0.08637191505,1.08563720871467,27.0877435515229,40.5548566509965
"r[19,5]",0.0836567584,0.083536401,0.00269904169727182,0.00251200846889999,0.07974361655,0.0881325564,1.04049180875513,38.2378540147081,78.3393298097876
"r[20,5]",0.08410178202,0.083832234,0.00234617069571353,0.00192287289599999,0.08043301665,0.08867245185,0.998783538149102,51.0128988661857,34.362847091416
"r[21,5]",0.08454339309,0.084427925,0.00254950116389754,0.0025375380996,0.0803764028,0.08888576155,1.06543574910703,25.4807186864025,48.4074922943175
"r[22,5]",0.08266868981,0.0831725935,0.00294429289908858,0.002680273932,0.07599791905,0.08667464605,1.15562528581895,5.15486335853264,16.4026619177055
"r[23,5]",0.08391630403,0.0838461955,0.0029910589069765,0.0039359256783,0.079302379,0.0884051678,1.2491553874412,3.90775544009468,51.1162111412476
"r[24,5]",0.08327106971,0.083428216,0.00251908150906825,0.0024455790933,0.07926761295,0.08748294145,1.02379423365099,24.195477991141,73.452533614832
"r[25,5]",0.08348142251,0.0835366245,0.00199822237268225,0.0018160004163,0.0800564012,0.08642856345,1.02973716084154,63.1619605815242,48.4074922943175
"r[26,5]",0.08307998587,0.0829206925,0.00240098729545651,0.00208989519899999,0.0796289339,0.0871326136,1.0064418856889,32.4357632497144,78.3393298097876
"r[27,5]",0.08310697223,0.0829639235,0.00220757987252303,0.0021427684215,0.07999611705,0.08735809325,1.00070393751704,34.5764757873039,78.3393298097876
"r[28,5]",0.08394015355,0.0839312615,0.0024214118510121,0.0021129103401,0.07851232605,0.0878273378,1.00312230408971,18.3467546143517,35.4855274828796
"r[29,5]",0.08228098028,0.082487466,0.00215218176938119,0.0024056645361,0.0784877941,0.085466152,1.02044583596336,55.513075989862,52.4502744151648
"r[30,5]",0.0830796384,0.0828295535,0.00248998715084241,0.00259526683710001,0.0793794002,0.08740734385,1.14967512104628,5.5059060265069,29.8882545259357
"r[31,5]",0.08349428194,0.0836014405,0.0023190364412814,0.0024734453016,0.0796868987,0.08669364345,1.00022717937106,35.3191967706489,44.2325367647059
"r[32,5]",0.0832379142,0.0832477925,0.002599237915093,0.0026064893778,0.07904564365,0.0872805566,1.05236096546161,16.3733388038933,24.3582350718817
"r[33,5]",0.0831505054,0.083127969,0.00238786718714843,0.00225352827839999,0.07897926325,0.086442449,0.994879897245822,36.2560367867685,52.4502744151648
"r[34,5]",0.08377751967,0.0836858165,0.00209032703994149,0.00217217356860002,0.0804278485,0.08726831325,0.993945216206615,37.6128568032245,52.4502744151648
"r[35,5]",0.08372110955,0.083730116,0.00250888087418136,0.0022580124021,0.0792753342,0.08783618625,1.01706450707652,20.9279969243444,63.6000207673538
"r[36,5]",0.0839810706,0.0839206625,0.00249164914843833,0.00262270012620001,0.07963605265,0.08824084965,1.01915084936475,31.9378021779794,34.362847091416
"r[37,5]",0.08213387835,0.081592551,0.00260657565936694,0.00259484577869999,0.0783655904,0.08713220105,1.0139039506516,27.5780592133646,76.6284020089592
"r[38,5]",0.0831334914,0.0830311135,0.00296631888854235,0.00354698928990001,0.0787131682,0.0876478843,1.0935313038468,9.90980269010145,51.3086296345833
"r[39,5]",0.08258314185,0.082286082,0.00309634787831158,0.00313931654399999,0.07805512755,0.0876615527,1.23633646767179,3.88711606597505,62.4019870965025
"r[40,5]",0.08457777958,0.0828357285,0.00906717552773008,0.00689864528849999,0.0717847072,0.1014911835,1.50377329112278,2.26805185449524,21.0246288509397
"r[1,6]",0.08500663532,0.0852959785,0.0031846289133127,0.00343984994220001,0.0796408216,0.0898626801,1.68391924628449,1.70456093991724,18.4755067567567
"r[2,6]",0.08261793892,0.0821859445,0.00325222921830644,0.0038502425178,0.07785407435,0.08816474235,1.0703319279935,35.0484866851818,71.2874531148375
"r[3,6]",0.08354104402,0.083975642,0.0028445066135806,0.0030317035056,0.0789565999,0.08796744615,1.04420029250187,33.5951214337246,78.3393298097876
"r[4,6]",0.08330351456,0.0834212135,0.00288739530757714,0.0032569104456,0.0788000719,0.0877421047,1.08964424667161,13.7894641439671,28.0538634177619
"r[5,6]",0.08315539441,0.083451562,0.00247379992499524,0.0029236456872,0.07896217115,0.0867467597,1.03129860190613,43.4032371737061,58.9391161255238
"r[6,6]",0.08293285749,0.083600107,0.00361252447186669,0.0042456341466,0.0769539912,0.08812117395,1.12290213107342,6.71195538282043,59.4639916395373
"r[7,6]",0.08364440354,0.083991736,0.00290149259509949,0.00264966120719999,0.0787777977,0.0882208729,1.07839979271866,19.1187398701962,13.0721046622061
"r[8,6]",0.08367024307,0.083923391,0.00277866272684706,0.002691912342,0.0784937411,0.08768477485,1.01235563262809,21.9122802919333,40.5548566509965
"r[9,6]",0.08375249239,0.0840910675,0.00187595369558822,0.00181293884730001,0.08075432475,0.08639393965,1.01498594274199,42.5989278798935,47.0827888384964
"r[10,6]",0.082944651,0.082551783,0.00247611673213583,0.00232194433800001,0.07937557455,0.0870937878,1.06630000330035,33.4770232357245,31.6824001034527
"r[11,6]",0.08313127349,0.0828915575,0.00231715933210116,0.00214735410330001,0.0795831328,0.08737059595,1.06042556750061,29.1962731217904,42.9711796108348
"r[12,6]",0.08293288124,0.0827444905,0.00216809895287062,0.00190261539089999,0.07951175565,0.08701733975,1.12435894851908,26.2691538633582,21.0246288509397
"r[13,6]",0.083238775,0.083321596,0.00227304241245019,0.0018740338281,0.07958904465,0.0869474921,1.01995020141631,33.1573264733815,52.4502744151649
"r[14,6]",0.08401201412,0.08378237,0.00243786397020902,0.0022616729415,0.08024407555,0.08831287815,1.17654340700308,6.28674135028482,45.7499253062444
"r[15,6]",0.08277931229,0.0832976725,0.00244360843806853,0.0023802839067,0.07778212855,0.08649929465,1.03523387541377,42.6605271001715,21.0246288509397
"r[16,6]",0.08445581123,0.0844862295,0.00227594921361352,0.0022736923797,0.0808625707,0.0881345066,1.03688168600627,27.9940943097118,29.535152859485
"r[17,6]",0.08300264046,0.083461268,0.00248826707324073,0.0022001242851,0.0781733016,0.08622096245,1.09947816496147,12.1744363391054,40.5548566509965
"r[18,6]",0.0830342829,0.0828337295,0.00267896840418207,0.002990797089,0.0788128668,0.0872926798,1.08445181489523,32.7399650762313,47.4879826329663
"r[19,6]",0.08373874627,0.0837621855,0.0021678436998562,0.0021415304505,0.0798019708,0.08738183995,1.00127379566774,47.0729138402366,29.3034159410581
"r[20,6]",0.08337915322,0.0831928595,0.00252795415438031,0.00297007404749999,0.07986705195,0.0880044577,1.02719934514468,30.8418220868041,44.5810103703794
"r[21,6]",0.08307537416,0.0834252265,0.00239506241333522,0.0023389475361,0.0793414496,0.0862260371,1.08409188148144,14.9377886527582,30.2499012248123
"r[22,6]",0.08234556701,0.082121563,0.00248331984376096,0.0025541817672,0.0789130119,0.086270312,0.997512520040015,34.4505342777188,71.2874531148375
"r[23,6]",0.08302913402,0.0831244785,0.0025760056970632,0.00240693883079999,0.07872729415,0.08735616975,1.04870275570548,32.6419880291917,33.9768826539676
"r[24,6]",0.0830053669,0.083160851,0.00276316809652203,0.00281727803280001,0.07853081145,0.08744278175,1.02339893198111,11.4543888755554,27.6504977089587
"r[25,6]",0.08351616807,0.0836017325,0.00269312802561294,0.00268251636449999,0.07950505285,0.0875401613,0.999805582189362,26.2304290786089,30.6204069389592
"r[26,6]",0.08360442348,0.0836627,0.00279835640382996,0.00305250660749998,0.07833938635,0.08759287105,1.00640014987,25.7367909317549,51.556342412722
"r[27,6]",0.08339962755,0.0832849115,0.00281431960244149,0.00249943972739999,0.0787279241,0.08804580595,1.05390393507324,17.4836023587907,31.7839996054474
"r[28,6]",0.08383139841,0.0834380055,0.00208594235233484,0.00220670554650001,0.0809612413,0.08724288755,1.0091347143777,34.6649736391687,55.1291802498247
"r[29,6]",0.08350526377,0.083807193,0.00244312341841135,0.00211113492660001,0.07907912415,0.08736731755,1.06245743977304,18.2120918128931,31.7839996054474
"r[30,6]",0.08313602271,0.083152562,0.00287799142147286,0.0028425786018,0.078575459,0.08797092885,0.992491153909978,31.3576632947837,58.1996870625698
"r[31,6]",0.08368189262,0.083589002,0.00213245907182766,0.0021535558191,0.0802927423,0.0867307089,1.03258159687079,28.5150191144652,56.8419098881722
"r[32,6]",0.08320253716,0.0828779265,0.0025321792817587,0.002676648975,0.07923019865,0.08763568645,1.05739389419594,11.0566957659392,14.1072148327288
"r[33,6]",0.08346601846,0.083117574,0.00197822738723845,0.00204011764529999,0.0809888402,0.0871705298,1.02235376370237,30.7622229096742,75.8429085384729
"r[34,6]",0.08374240913,0.0840099345,0.00253685898166352,0.00263534966940001,0.07955238345,0.08784604645,0.995743349423545,33.6231356923508,50.0631594590578
"r[35,6]",0.084028115,0.0842970015,0.00238977545241002,0.00240480314549999,0.07996028455,0.0874328902,1.08034634987685,15.6408704122803,15.2705061082024
"r[36,6]",0.08248236026,0.082623918,0.00228286513237233,0.001797237372,0.07828340525,0.08604021065,1.12823122079442,13.8882240537765,70.0289195057743
"r[37,6]",0.08348111947,0.08374179,0.00243012049767392,0.00212988017969999,0.07941767255,0.08740268595,1.04371148696161,23.0450011401935,31.7839996054474
"r[38,6]",0.08267830292,0.083064736,0.003427452114822,0.00303987337290001,0.07569221635,0.0875987713,1.07448370946295,12.6994469626155,21.0246288509397
"r[39,6]",0.08333151424,0.0830886955,0.00319424877413679,0.0032978168622,0.0776798075,0.0878198519,0.997037431293091,24.8869991295904,16.576678980771
"r[40,6]",0.08189932146,0.082038038,0.00594434277458043,0.00616926094469999,0.0725426031,0.0917214047,1.01459859008347,26.088199921877,18.4346360476141
"r[1,7]",0.086078352,0.085920767,0.00276033882348912,0.00315839093429999,0.0819243456,0.09081912775,1.56250655711396,1.85028658563726,30.8968926553671
"r[2,7]",0.08406777959,0.084423372,0.00222984622949484,0.00194363522640001,0.0796475707,0.08683207815,1.01652021371871,36.446280140681,52.4502744151648
"r[3,7]",0.08387480106,0.083703743,0.00298303198282726,0.00264381531540001,0.0794315425,0.0895511948,1.02990280818596,24.8445377270988,53.3800336154148
"r[4,7]",0.08403015779,0.083776435,0.00299877474007323,0.00348634205429999,0.0800305131,0.08866259315,1.04442209528736,31.7801875922479,52.4502744151648
"r[5,7]",0.08425343499,0.084442374,0.00249378077664503,0.00290397899820001,0.0805937572,0.08830097865,1.00378063622146,39.1942626193234,31.290835358169
"r[6,7]",0.08365532985,0.0835089115,0.00240334856242232,0.0019829686044,0.0800268984,0.0884971045,0.996980165454509,35.8805912257796,43.1269119030573
"r[7,7]",0.08285012716,0.082312926,0.0027255990875273,0.0028159822404,0.0787852622,0.087874719,1.00089109632096,37.3804513830767,76.6284020089591
"r[8,7]",0.08284477277,0.082871028,0.00269251299676776,0.00313917717959998,0.0788810129,0.08725376135,1.03365946146527,33.7941245744893,57.1010869334915
"r[9,7]",0.08219930984,0.0821392495,0.00245411005390994,0.00223861480500002,0.0783046791,0.08663064365,1.21706546252444,4.28689388285776,30.6204069389592
"r[10,7]",0.0829839986,0.083511466,0.0025228225756389,0.00265129280849999,0.07877694365,0.08662777625,1.03593491530279,46.5287893433531,65.7762636916379
"r[11,7]",0.08215745898,0.0820579145,0.00267648323859413,0.00253471967699999,0.07869650155,0.0866572518,1.03916515393933,24.5767775512025,30.6204069389591
"r[12,7]",0.08191909562,0.081797959,0.00234281897561708,0.00264247578630001,0.0782736345,0.08566490365,1.42555112969471,2.37311457138069,56.8419098881722
"r[13,7]",0.08305324361,0.0829093975,0.00203936306852125,0.001827741867,0.0800603114,0.0866584433,1.11560329003034,7.42421283878549,58.1996870625698
"r[14,7]",0.08241899866,0.0825630855,0.00273116059338077,0.00309040779390001,0.0774612144,0.0861254963,1.14985054872085,5.22989453226482,30.6204069389592
"r[15,7]",0.08396104,0.083826146,0.00224439623739919,0.0023253639549,0.080322017,0.0875348944,1.01335505504992,45.9179820510781,54.8564568994389
"r[16,7]",0.08448442513,0.084411076,0.00215840909206423,0.00217258424880001,0.0810183685,0.0883779104,1.00582512193384,51.8344936660657,78.3393298097877
"r[17,7]",0.08436005071,0.0845304245,0.00259239300603176,0.0020563624935,0.0797019819,0.08877339395,1.00284815451189,21.2062459001209,31.7839996054474
"r[18,7]",0.0834330934,0.0834095135,0.00186561821753009,0.00184793487899999,0.08054857135,0.08639707005,1.08338245153011,26.1234241798148,56.8419098881722
"r[19,7]",0.08342782186,0.08321628,0.00269996446546235,0.00273171199769999,0.0796840994,0.0881770448,1.01985045853811,23.8657775430414,21.5942744323791
"r[20,7]",0.08292209039,0.0826242195,0.00203543633196179,0.0020693663781,0.0799753778,0.08655152075,1.07134534142795,14.2842010553316,76.6284020089592
"r[21,7]",0.08263159806,0.0823275775,0.00256006014802492,0.00311463125400001,0.07864038545,0.08633105475,1.06878963441993,31.840886309989,55.5782405516991
"r[22,7]",0.08368958465,0.083672028,0.00255845996712461,0.00293195195369999,0.0797354749,0.08743917395,1.01303330114157,25.9138568888776,54.856456899439
"r[23,7]",0.08430806655,0.084400896,0.00281293567977138,0.0030391632075,0.0800306983,0.0891205535,1.03197452631049,19.615638252643,64.1247496225411
"r[24,7]",0.08341468443,0.0833752475,0.00262514763548893,0.0023220192093,0.07903276825,0.08774754665,1.02365087365203,43.5447328155058,52.4502744151648
"r[25,7]",0.08376801267,0.083827663,0.00221746632532779,0.002518396251,0.0804072757,0.087117305,0.999863171968526,26.3432130426371,52.4502744151649
"r[26,7]",0.08324994628,0.0828891525,0.00244636818716848,0.00257583662280001,0.0799075965,0.08738013385,1.08411036598854,30.3406576110203,46.6027543178878
"r[27,7]",0.08301083395,0.0830956735,0.00280882970096484,0.0020371383606,0.07750184485,0.0877281951,1.06333516357461,16.0678044775117,21.5942744323791
"r[28,7]",0.08334772187,0.083109977,0.00203373470603343,0.00227056409370001,0.0803889224,0.08666142455,1.01334723986281,28.0011947322406,78.0018681506623
"r[29,7]",0.08286345913,0.083052339,0.00263789447108714,0.0030321416139,0.07775199285,0.08693799425,0.992616167472181,26.2558635935399,68.8140521811376
"r[30,7]",0.08296715649,0.082696828,0.00292945821838435,0.0030935509059,0.07878769305,0.08807951955,1.04483643036481,14.2983328934711,15.0137268359643
"r[31,7]",0.08322851659,0.0830470305,0.00225864698295744,0.00256339167839999,0.0801495067,0.0867065813,1.12334918606275,9.51587856918969,58.9391161255238
"r[32,7]",0.08357444045,0.083507652,0.00242987005502853,0.00276695488229999,0.07990726815,0.08768646375,1.01118256023986,39.6509270569787,52.4502744151649
"r[33,7]",0.08328280138,0.083373096,0.00217757017751539,0.00218478530549999,0.0799188386,0.08660083275,0.997461166745515,30.1627094327471,58.9391161255239
"r[34,7]",0.08384921117,0.084099903,0.00255284422433717,0.00261700101180001,0.0793827679,0.08772522205,1.00258730359551,16.5841685212762,58.9391161255239
"r[35,7]",0.08313868832,0.0832181405,0.00261495017242837,0.00252773588970002,0.07912424465,0.08738574285,1.0190317172698,39.4415137371946,40.5548566509965
"r[36,7]",0.08281365459,0.0828962895,0.00228212627020498,0.002506824558,0.0787477598,0.0863777641,1.00792992566829,22.409128137924,34.362847091416
"r[37,7]",0.0837926614,0.0838675755,0.00229134818151303,0.0020550674424,0.07929341665,0.08715958975,1.00356661006878,43.4644896503236,100.073523404951
"r[38,7]",0.08342501044,0.08329309,0.00265112089231371,0.002315643288,0.07906462025,0.0877742466,1.01590394534004,39.8690204488426,38.5625013008096
"r[39,7]",0.08396060045,0.0842889635,0.00227258198564138,0.00271227066389999,0.080181197,0.08754243155,1.02379555778979,35.8380367391876,58.1996870625698
"r[40,7]",0.08310490564,0.0826343065,0.00662419284340213,0.0071828419173,0.07332246905,0.0954941142,1.02485371006384,15.0776721424581,13.949780789159
"r[1,8]",0.08384974754,0.0838913935,0.00273365269895298,0.00290239187490001,0.07881977025,0.08781978745,1.30785419104942,2.79432318137995,48.6540336319263
"r[2,8]",0.08406157035,0.083822429,0.00321765479482135,0.0034629392133,0.0784619422,0.0888892193,1.1592910414436,5.99737349773417,48.4074922943175
"r[3,8]",0.08355690062,0.083708981,0.00274893595850148,0.00292757012940001,0.0793354192,0.0872392398,1.00625633214758,33.5364612951579,71.2874531148375
"r[4,8]",0.08264515122,0.082746109,0.00296125697111977,0.0024707299197,0.0782735155,0.0875246453,1.02116066483633,21.7651649536711,34.362847091416
"r[5,8]",0.08385748722,0.0842262335,0.00258386001131438,0.00189618535469999,0.0776617987,0.0874356134,1.03659470032391,42.4167801258204,45.4274197443724
"r[6,8]",0.08342770207,0.0833787045,0.00284514267813723,0.00242507547659998,0.07870233715,0.08825006075,1.02272801545762,16.5540891678492,42.9711796108349
"r[7,8]",0.08362578703,0.083610318,0.00266883436569833,0.00292681622729998,0.07950211335,0.08769365335,1.043595769025,20.4826873762322,30.1538461538461
"r[8,8]",0.08353269496,0.0834134915,0.00306253006413656,0.00288472966109998,0.0792919236,0.0887219685,1.08310199222659,10.8594970391271,30.6204069389592
"r[9,8]",0.08356986333,0.0837242205,0.00223794241433627,0.0022835538936,0.08017426735,0.08772720275,1.08458139155224,12.9013592089298,31.7839996054474
"r[10,8]",0.0838931503,0.0838742715,0.00271411189490136,0.0025914632268,0.07918832735,0.08828431295,1.01690772933596,22.5638483301551,21.0246288509397
"r[11,8]",0.08376090107,0.083653943,0.00201846411248732,0.0020719490673,0.0807371738,0.0873756834,1.01854044148457,26.3401727037769,78.8353273747
"r[12,8]",0.08403976004,0.084192139,0.00251056699280837,0.0023606224068,0.07967752205,0.08759273905,1.03575302456384,25.8446729210307,56.8419098881722
"r[13,8]",0.08359072588,0.0837691265,0.00305060127986891,0.0027128473953,0.0785920268,0.0889240595,1.05437426748775,18.9182287581868,21.5942744323791
"r[14,8]",0.08326889274,0.0835993265,0.00271218611135169,0.0028471212882,0.07866977295,0.08735939645,1.00706358933367,23.6177096307576,52.4502744151648
"r[15,8]",0.08386330235,0.084077602,0.00228486452006013,0.0019299708435,0.0797446189,0.08752666605,1.15025823652964,5.41980387580503,52.4502744151648
"r[16,8]",0.08306666432,0.083296376,0.00278833406531166,0.0030500558697,0.07863686675,0.0874435617,1.08827616022507,13.0982215491014,31.7839996054474
"r[17,8]",0.08322415073,0.0830586325,0.00253999173265265,0.0023576905653,0.0793046275,0.08763653725,1.09060323472047,10.7536542860752,25.27440785673
"r[18,8]",0.08430633156,0.0844832695,0.00241810827009491,0.0025374721239,0.08043763725,0.0878064593,1.05165016483123,19.1081782386585,67.6406173148844
"r[19,8]",0.08366706058,0.0836001425,0.00238676374403648,0.0025187839509,0.07940577465,0.08734001385,0.991976858982151,37.9843190037273,58.1996870625698
"r[20,8]",0.08364672297,0.0836735135,0.00214400806695395,0.00186801076559999,0.0798550049,0.08701678825,1.02589857213745,44.4802214190891,44.5810103703794
"r[21,8]",0.08359209048,0.0835977155,0.0020130788332831,0.0016485207312,0.08023753175,0.0870681995,1.01075500104456,38.7019355441323,49.8568790552336
"r[22,8]",0.08341259869,0.0835804035,0.00267586278659755,0.0023059048299,0.07876688145,0.0875297669,1.04055373334242,17.5060991268141,34.3628470914159
"r[23,8]",0.08313328303,0.08289673,0.00216715273640591,0.0020904274524,0.07965667245,0.0866058823,1.01439300306638,47.0700028890609,58.9391161255238
"r[24,8]",0.08295603838,0.083024239,0.00220516335692573,0.00228667180140001,0.0794716219,0.0866935162,1.02202938465397,38.2207874315709,50.525192718373
"r[25,8]",0.08356165485,0.083734256,0.00241495471738995,0.00222967620960001,0.08002664565,0.0882125769,0.991086394450122,28.2063202585636,67.6406173148844
"r[26,8]",0.08365371923,0.083479204,0.00221086275299013,0.002378698266,0.0797603386,0.08706538755,0.997211398920232,41.2090688733399,40.5548566509965
"r[27,8]",0.0832356703,0.0832704145,0.0020518284527371,0.00197745036720001,0.07997610635,0.08633264785,1.01888873570413,17.4846179734958,42.7900034930615
"r[28,8]",0.0828275824,0.0826125795,0.00232269738434857,0.002427038439,0.07970538645,0.0865062104,0.995022298635023,22.4141375652557,58.1996870625698
"r[29,8]",0.08394633569,0.084149709,0.00303205466627165,0.00325252194959999,0.07885513175,0.08842489025,1.02971835953784,15.2139174218844,13.6750800968977
"r[30,8]",0.08335461341,0.08358837,0.00271350813833772,0.0030545904018,0.07897290345,0.0875432851,1.03090402016072,30.4865652467879,54.1081755216878
"r[31,8]",0.08400475786,0.083790594,0.00244142656421329,0.0027775035813,0.0804114997,0.0885194791,1.04750591515807,14.6928789452402,52.4502744151648
"r[32,8]",0.08403506999,0.084248551,0.00260068773994542,0.002290780086,0.08001898155,0.0880037905,1.0086009872973,28.5878645284876,43.9114926796898
"r[33,8]",0.08278042759,0.0828426165,0.00269884313778615,0.002983636131,0.07841164445,0.0868249724,1.04021213090513,18.7739711322529,44.0855369801369
"r[34,8]",0.08290694685,0.083059637,0.00234042647451326,0.00204815778510002,0.0788512698,0.0863439725,1.18803943399686,7.13070721377591,40.5548566509965
"r[35,8]",0.08370500809,0.083758405,0.002426589128154,0.0024399748653,0.07915642415,0.0876427167,1.01609210143962,33.1641515809181,52.4502744151648
"r[36,8]",0.08352327038,0.083669457,0.00241422861547774,0.0028086767289,0.0799251931,0.0873768258,1.07021729465679,46.6934776239489,48.7251899288015
"r[37,8]",0.08389852662,0.0833804545,0.00303463896154077,0.0033866690802,0.0794094563,0.08881694975,0.992430369293976,43.0967267505706,57.2145976836242
"r[38,8]",0.08358677249,0.083388657,0.00252206191909996,0.0021163433004,0.0794831089,0.0880063713,1.00270236120705,31.460118036652,58.9391161255239
"r[39,8]",0.08366331725,0.0834999655,0.00261330614169361,0.0029064289947,0.07988552665,0.0878051826,1.00367335811718,24.4500256038415,52.4502744151648
"r[40,8]",0.08493990974,0.084780336,0.00723404873686186,0.00749532210630001,0.07333146555,0.0959203489,1.08799513210706,16.9249674752861,41.7960353475043
"r[1,9]",0.08379618602,0.084394753,0.00308114103253824,0.0030455131833,0.07858890645,0.0881806605,1.27319471139472,2.94645207087957,21.5942744323791
"r[2,9]",0.08349184074,0.0840999495,0.0030944652192787,0.0027589488423,0.07853789465,0.0879947754,0.999227325569978,25.0131919211269,44.5810103703794
"r[3,9]",0.08224099982,0.0820697405,0.00289913984153426,0.00300917095079997,0.0779053143,0.0866476388,1.02748993261963,20.5493334592367,44.5810103703794
"r[4,9]",0.08434032742,0.0840846425,0.00299714386976823,0.0024852512454,0.0802616388,0.089723284,0.996223396149434,37.5477743288492,49.8568790552336
"r[5,9]",0.08425892647,0.0841940105,0.00245506839448233,0.00254121272369999,0.08005393835,0.0877575887,1.02920667728472,34.2300069338167,29.9635545336692
"r[6,9]",0.08223804324,0.082152892,0.00294128341360428,0.00313852928339999,0.0774835828,0.0869584781,1.00217068068854,48.3287080198243,74.2764652971434
"r[7,9]",0.08358212246,0.0835080445,0.00274818694727399,0.0028614076218,0.07928610375,0.08820954575,1.10173788380959,15.6490045305427,78.3393298097876
"r[8,9]",0.08363164876,0.0835583205,0.00268071650541307,0.00215584495349999,0.079454547,0.08820311215,1.0314936180116,29.8611789620577,31.7839996054474
"r[9,9]",0.08372021934,0.0836609695,0.00260057702804137,0.0028208748204,0.07888595705,0.0874889764,1.13987715083423,14.964931914022,30.6204069389592
"r[10,9]",0.08383836019,0.0841173715,0.00213565271874284,0.0026228150277,0.0808036341,0.08709687455,1.06161332861256,32.2016407368491,78.3393298097876
"r[11,9]",0.08381287848,0.0841075165,0.00248027514570998,0.0022908705246,0.079707699,0.08788287515,1.08538101979841,14.6517650634161,22.9995118470955
"r[12,9]",0.08287483578,0.08305485,0.0029302295515226,0.00265409937029999,0.0780333512,0.08793835955,1.35137221346009,2.74837973246912,21.6423447934701
"r[13,9]",0.08326859002,0.083238962,0.0029414591191409,0.0023292416952,0.0788537773,0.0887657588,1.1245336964957,10.105159509233,13.4809450967877
"r[14,9]",0.08225673266,0.081775966,0.00237969212795399,0.001952050464,0.07900476745,0.08673300255,0.997049069686398,26.4500276291892,43.1269119030573
"r[15,9]",0.08206318221,0.082038337,0.00266330183799307,0.00256676681730001,0.0774857953,0.0858362993,0.990709179022443,47.292320954011,54.856456899439
"r[16,9]",0.08320649906,0.083413222,0.00229500310759534,0.00203125985159999,0.0786517914,0.0867664865,1.03116182980353,20.1637198576402,38.9990357128292
"r[17,9]",0.08204555147,0.0824159435,0.0027700278509104,0.0023491441176,0.0763704127,0.08628379265,1.08113666876844,8.62214195106677,13.4086406374851
"r[18,9]",0.08343710506,0.0836024155,0.00259362287633364,0.00291516150869999,0.0788702828,0.08755078435,1.29706763021698,3.49834916494754,31.6824001034527
"r[19,9]",0.08417485412,0.0842031475,0.00250578219063059,0.00231710661419998,0.08020745005,0.08830424885,1.076919060463,33.3706057333742,48.4074922943175
"r[20,9]",0.08281469197,0.082536752,0.00230445600478131,0.0020701625343,0.0790045115,0.08613439675,1.01602966118671,24.2260772511293,21.0246288509397
"r[21,9]",0.08363174163,0.083939055,0.00258246696863647,0.0023908541034,0.0787110799,0.087803923,1.26903729519967,3.76688309643028,56.8419098881722
"r[22,9]",0.08268007827,0.082582561,0.00224733504122903,0.00191789803169999,0.07893705595,0.0863496875,1.039494439555,33.9689432548735,71.2874531148375
"r[23,9]",0.08300632423,0.0830459225,0.00254526582354158,0.00211492371089999,0.0783711815,0.0877001786,0.992292196016997,22.1785010256895,52.4502744151648
"r[24,9]",0.08441437974,0.084644182,0.00251514084323019,0.0026568666432,0.08069852715,0.0880279563,1.00213914200157,44.7432148680036,40.5548566509965
"r[25,9]",0.08357457455,0.083751974,0.00297454956334972,0.0031545465525,0.0785959766,0.08818663035,1.01118330897074,28.0543207806792,52.4502744151649
"r[26,9]",0.08309800338,0.083002705,0.00224590244320797,0.00216346329359999,0.0799301947,0.08655665345,0.998774921485032,25.0610251654871,75.8429085384729
"r[27,9]",0.08264975196,0.0828292825,0.00268870578433275,0.00294130197060002,0.0788305707,0.08706812445,1.32920918307505,2.65458662730685,21.0246288509397
"r[28,9]",0.08362871907,0.083702258,0.00268719649974128,0.0032972023245,0.07964656675,0.0882639362,1.05988742730717,25.7839572628471,60.0313633245124
"r[29,9]",0.08423249655,0.0841017655,0.00240465930902175,0.00244263835620001,0.0808969161,0.08745479705,1.06699046370331,50.1329717303031,77.3212964411783
"r[30,9]",0.08394251365,0.083909618,0.00245548473352352,0.0024446057664,0.0803961688,0.0884689017,1.03197721635444,21.7785106504192,58.1996870625698
"r[31,9]",0.08278538018,0.082408645,0.00209846357484888,0.00207574007550001,0.07941850355,0.08634737775,1.00241765843497,21.6583426284007,21.0246288509397
"r[32,9]",0.08260712416,0.082551896,0.00218559867227298,0.00215675897639999,0.07871291155,0.08568727465,1.06391002598662,36.3186931802199,40.5548566509965
"r[33,9]",0.08244330086,0.082302177,0.00268855634886791,0.00240966236699999,0.07783440715,0.08678457865,1.09836874876532,31.232199379187,30.6204069389591
"r[34,9]",0.08335787115,0.08325463,0.00229142348629481,0.00256464966449999,0.07967954645,0.0873799132,0.997521169230685,35.6452270286425,58.9391161255239
"r[35,9]",0.0839655498,0.0838119315,0.00245226910340558,0.00258896059799998,0.0805292727,0.08819488565,1.0022269884779,28.2463797879946,49.8082327516251
"r[36,9]",0.08344818787,0.0834154295,0.00262087364386734,0.0021876489474,0.0795412188,0.08813561225,0.9937282200178,33.3841016373075,54.856456899439
"r[37,9]",0.08312039575,0.083335863,0.00299738210491914,0.00285458469660001,0.0780722758,0.08820997885,0.998362261700184,31.8916478964328,58.9391161255239
"r[38,9]",0.08332694398,0.083235183,0.00259023845499699,0.0028619428404,0.0795187606,0.0876508979,1.05996753841157,17.630283514272,26.1467204542058
"r[39,9]",0.08358255675,0.0836266055,0.00298516356225542,0.00341886596310001,0.0791558802,0.0882019472,1.05599277871384,16.0773862441258,19.9180514454814
"r[40,9]",0.08128270995,0.0817626765,0.00623634029057321,0.0056721718515,0.06965684525,0.09184833945,1.02589239062634,14.7254120992365,21.0246288509397
"r[1,10]",0.08600457119,0.086129665,0.0022562941556759,0.0022728576759,0.0821579964,0.0894356084,1.07410580771557,8.43997200330513,56.8419098881722
"r[2,10]",0.08358016757,0.0841789635,0.00356969908431692,0.00267466896269999,0.07769794995,0.08964624265,1.00953183723615,17.0499590453397,16.2745280386869
"r[3,10]",0.08464960216,0.0850593265,0.0037234762606636,0.00374093190239999,0.0777796115,0.0892624531,1.50711684970079,2.28544748525257,44.8258196721311
"r[4,10]",0.08307437692,0.0831108655,0.0026675376639912,0.00312921040110002,0.0793465526,0.0868177566,1.13880713424895,6.86495402995523,27.5894687056597
"r[5,10]",0.08263147508,0.0827233635,0.00277815589766101,0.00318446764440002,0.07839469885,0.0870061013,1.2254462740965,4.41148089179682,61.2489876200394
"r[6,10]",0.08340865425,0.08359938,0.00238844781897572,0.0023813061594,0.0793219323,0.0866252675,1.1348285473915,27.1092753379801,37.1482290150413
"r[7,10]",0.08371969383,0.0840243645,0.00312794566431778,0.0032603434059,0.0781601781,0.08826814855,1.02394741189876,23.4979752157612,31.5354895261113
"r[8,10]",0.08403450512,0.0838671715,0.00274984267416789,0.0028789927404,0.0803991441,0.08902982965,0.998081374035853,22.8867046618797,65.7762636916379
"r[9,10]",0.08403643386,0.084491054,0.00294372857589635,0.0029770074264,0.07792358985,0.0878433864,1.06148961089047,38.2049061271777,52.4502744151648
"r[10,10]",0.08483237173,0.084457265,0.00238754374446517,0.0021249038328,0.0816228186,0.08918224365,0.998570357362981,42.9964941373877,39.7404703974047
"r[11,10]",0.08308226771,0.083068373,0.00230220795071028,0.0020175050301,0.07963219395,0.08675029975,1.11311085803613,8.18277988661451,16.6318190458087
"r[12,10]",0.08255366651,0.0825282265,0.0020055900225548,0.002214144492,0.0788536537,0.08525580965,1.08638348997163,14.7055831064255,20.1265094882117
"r[13,10]",0.08261579375,0.082424486,0.00251876426072795,0.002342270784,0.0783816662,0.08666482335,1.02386393233513,26.6999776600061,49.8568790552336
"r[14,10]",0.08330395939,0.083155601,0.00267193116500806,0.0028976868438,0.07887865865,0.0883295126,1.0292749543547,29.5650020960738,25.9952465834819
"r[15,10]",0.08350018936,0.083570751,0.00232930315929721,0.00213693809700001,0.0796879921,0.086982857,1.00106351464832,37.267716862557,31.7839996054474
"r[16,10]",0.08333057617,0.0831305635,0.00225607559229435,0.00255532336919999,0.0799377444,0.08711203645,1.14604315271581,5.9046345647984,23.084460860061
"r[17,10]",0.08389418484,0.083638081,0.00207781417114091,0.00235478615190001,0.0812175683,0.08730761655,1.02169885474624,30.9350417409427,34.2306391066433
"r[18,10]",0.08351896735,0.083396352,0.00248064688621439,0.0027079340589,0.0792992907,0.08752724405,1.04412453816279,35.8710711118674,30.6204069389592
"r[19,10]",0.08304333905,0.082821813,0.00248975721293641,0.002237302704,0.0789853939,0.08699961395,1.00806186816525,38.2080477316706,76.6284020089591
"r[20,10]",0.0831452736,0.083249655,0.00296479828627838,0.002989025382,0.07749246375,0.0879713649,1.09530418424056,18.2091708043602,21.0246288509397
"r[21,10]",0.08435083479,0.0844340015,0.0025163294877925,0.00228487785539999,0.0801443691,0.0883395453,1.04160754866253,39.6798615023206,20.061905307807
"r[22,10]",0.08338791237,0.0836410535,0.00189545071516339,0.0017802200892,0.0803903068,0.08604533815,0.995763193875151,30.7703636525615,31.7839996054474
"r[23,10]",0.08340661905,0.08330842,0.00330704471279458,0.00334555139309999,0.07813756905,0.0899817396,1.12680829079337,7.21540930674083,19.9339332498006
"r[24,10]",0.08354961465,0.083342788,0.00191054774559269,0.0018531914373,0.08047043365,0.0869634122,1.00189112260457,57.1243833666923,58.1996870625698
"r[25,10]",0.08362176835,0.0834130885,0.00233889675324684,0.00227299481639999,0.0800591472,0.087561446,1.0395489583442,39.3875561225763,74.7352313149317
"r[26,10]",0.08380171716,0.083627917,0.0022365487465119,0.0026885016207,0.08041933925,0.0873827717,0.991226968334697,31.3568385734296,67.4943422688298
"r[27,10]",0.08370923465,0.083497627,0.0026586623030141,0.0028805857941,0.0799962858,0.0878611444,1.09666850996087,28.7493731866909,31.6824001034527
"r[28,10]",0.08285083921,0.083237337,0.00289880403163627,0.0033116799135,0.07811124235,0.08675454375,0.990495990502877,21.102058122431,71.2874531148375
"r[29,10]",0.08332171478,0.0829709955,0.00216386128657259,0.00218281641269999,0.08019108305,0.08741216025,1.01435714502132,50.9651978473544,53.3800336154148
"r[30,10]",0.08311203644,0.083011901,0.00187380172794658,0.0018138454572,0.08036914465,0.08623830345,1.10679177715468,13.105210937623,48.4074922943175
"r[31,10]",0.08316546351,0.0832594895,0.00288862136498614,0.0027150327477,0.0785737134,0.0876766803,1.02705763047935,20.3079101432184,52.4502744151648
"r[32,10]",0.08404255225,0.0842491705,0.00211495498783617,0.0022478299053,0.0805960111,0.0870566654,1.02610973136981,37.5295472110191,51.556342412722
"r[33,10]",0.08430011872,0.0840676905,0.00224920380817849,0.00203385959069999,0.08081065065,0.08829334435,1.01183950473918,26.4651111334583,44.5810103703794
"r[34,10]",0.08360718542,0.083458259,0.00245913471156579,0.0022381937466,0.0793581801,0.08777198825,1.02237883649123,21.2602913583915,43.1269119030573
"r[35,10]",0.08381233929,0.0834979,0.00265779099356396,0.0024307212174,0.07925608545,0.0880238351,1.06182306134926,17.4544869372878,34.362847091416
"r[36,10]",0.0832277413,0.0835543255,0.00240093706132406,0.00252859431510001,0.0790454993,0.08669492435,1.0061399966082,30.7164051602505,71.2874531148375
"r[37,10]",0.0829384583,0.0828369775,0.00302159495465069,0.00319291031009999,0.07768399975,0.08815553875,0.991477746856771,23.2973964249349,44.5810103703794
"r[38,10]",0.08346453695,0.083467613,0.00275772105378285,0.00274122510060001,0.0793588111,0.0879502027,0.992085821183157,42.0483051580785,58.9391161255238
"r[39,10]",0.08292198282,0.083150202,0.00290248293344833,0.0033836920194,0.0786115518,0.08723075125,0.995406598068471,22.3340957780987,16.5766789807711
"r[40,10]",0.08461985693,0.0847033645,0.00617019286724481,0.0054020206338,0.0746961022,0.0934075742,1.07700988811242,9.00610407852018,21.2275594371664
"r[1,11]",0.0854084962,0.0852485535,0.00341334850001543,0.0038594479812,0.08028949225,0.09086719775,1.64686199904811,1.7344306489636,13.4809450967877
"r[2,11]",0.08390251625,0.0839013915,0.00262372981080581,0.00265120755899999,0.07903389875,0.08775044965,0.994245207146671,36.8391943633756,44.0855369801369
"r[3,11]",0.08366761167,0.083329198,0.00276392850085708,0.0023783669049,0.07928638135,0.0882442227,1.00445503122129,25.09601501375,26.9065190651906
"r[4,11]",0.08416710928,0.0841182075,0.00286994359891048,0.0030693541326,0.0798232828,0.0890199791,1.00435517745979,50.3286981353458,58.9391161255238
"r[5,11]",0.08315710169,0.0827181235,0.00283454010676121,0.003516245355,0.07917056955,0.08794087425,0.998214285897204,35.8707930081191,40.5548566509965
"r[6,11]",0.08364662406,0.0833529655,0.00313593859046801,0.0029313566898,0.0788335045,0.08858423715,1.05645410345075,13.7176846033234,44.5810103703794
"r[7,11]",0.08295519482,0.0823243855,0.00240568944685225,0.0024385745496,0.07966222285,0.08747267995,1.07809590325309,32.1966867467305,58.9391161255239
"r[8,11]",0.08365749384,0.0834158595,0.00259780258855758,0.0025719737085,0.07912168935,0.087891357,1.02453886402471,17.163912056704,54.3553240438646
"r[9,11]",0.08298297395,0.082723501,0.00310870915105431,0.003379342071,0.07847153275,0.08852368765,1.01934163105886,23.9009123999961,31.7839996054474
"r[10,11]",0.08375408125,0.0835119855,0.00306582321735717,0.00187889304959999,0.0793867659,0.09015942785,1.25092261502241,3.41370120386427,13.788213047589
"r[11,11]",0.08279050999,0.082968636,0.0030101849347034,0.00318826235909998,0.07815923135,0.0873378301,1.13278753651382,6.66097512482213,40.5548566509965
"r[12,11]",0.08248768144,0.0825324465,0.00254212893116455,0.0024521410809,0.07860382575,0.0862381423,1.17723607570185,5.2857327110337,21.5942744323791
"r[13,11]",0.08380763671,0.0833534695,0.00285031533142537,0.0027875385594,0.0800860345,0.0890676942,1.05449645135403,18.1639422204963,44.5810103703794
"r[14,11]",0.08314575961,0.0832564385,0.00263434264332571,0.0026202493884,0.07829044425,0.0866743789,1.13308506316747,6.89967493742547,13.4809450967877
"r[15,11]",0.0836464983,0.0836161235,0.00246429130638433,0.0024681383349,0.0797607412,0.0882448932,0.993934795259855,21.8772668567214,21.0246288509397
"r[16,11]",0.08281276482,0.082965228,0.00240036310919687,0.0021163699872,0.07853255815,0.0867011731,1.00773499066565,24.002123727645,51.5338182396663
"r[17,11]",0.08336420433,0.0832507745,0.0025353571051424,0.0027193352529,0.07959558355,0.08758648335,1.06024221775541,11.6803466268466,58.361007520573
"r[18,11]",0.08332984289,0.0829398485,0.00199703751338583,0.002198540127,0.08034570725,0.0869884639,1.01847884969658,47.0290703618047,44.8258196721311
"r[19,11]",0.08338406121,0.0829734765,0.00243170874144167,0.00195289999380001,0.0794914725,0.0871216081,1.0587515547767,33.3409600183369,50.7015438102727
"r[20,11]",0.08365121353,0.083790059,0.00264225791798774,0.0026652470397,0.0791551399,0.08782829835,1.02305066228846,23.6855936968905,24.3582350718816
"r[21,11]",0.08272688819,0.082562285,0.0028215070949184,0.0026880182931,0.07811424205,0.08716359155,1.07857338854557,20.9170825396072,30.6204069389592
"r[22,11]",0.08387712852,0.083912898,0.00224919795810952,0.00218575714980001,0.08031197655,0.08743515815,1.06775395757372,23.5908423444314,52.4502744151648
"r[23,11]",0.08267404989,0.082546271,0.00241176641410892,0.00243299774970001,0.07857357095,0.08673523495,1.09611590368524,14.9845422828792,33.4964862869487
"r[24,11]",0.08273273697,0.0827902785,0.00254845281504123,0.00266853322260001,0.078882112,0.0868162458,1.28066263770215,3.26659181895943,55.5782405516991
"r[25,11]",0.08365008799,0.083592722,0.0023159854415333,0.00213303960030001,0.08009861245,0.0878911458,1.00168021469296,34.1731952397357,30.6204069389592
"r[26,11]",0.08327390905,0.08319864,0.00244114611107195,0.0025641604065,0.07942018485,0.08688932325,0.998666354709469,35.6347033148086,59.8640966872305
"r[27,11]",0.08303029096,0.082907913,0.00253962542454858,0.002507684466,0.07919678045,0.08716029255,1.06774099487885,21.8512903991578,44.2494665173219
"r[28,11]",0.08328860379,0.083307974,0.00269676105162665,0.0029983531599,0.0785360601,0.0875425402,1.05556643618208,18.5680617041243,34.2306391066432
"r[29,11]",0.08230499515,0.0821012565,0.00236009861712222,0.0020435394861,0.07903062905,0.08675565065,1.04240164801654,34.1631805869245,44.5810103703794
"r[30,11]",0.08262795483,0.081896296,0.0030151321451623,0.00318932241809999,0.0781285052,0.0876408082,1.37612582563315,12.2509967116105,40.5548566509965
"r[31,11]",0.08339962858,0.0832121025,0.0023384692190491,0.00243678134490001,0.0797857182,0.08692553275,1.03531508200007,17.1940780374856,51.556342412722
"r[32,11]",0.08294991066,0.0831706495,0.00262085078699495,0.002576632779,0.07775857885,0.0869744462,1.02447659905589,25.5041718274725,21.5942744323791
"r[33,11]",0.08348783115,0.0833004415,0.00241177832082926,0.0026597755044,0.07986921465,0.08739027425,1.00473839197762,36.4744495603857,58.1996870625698
"r[34,11]",0.08285197432,0.082941027,0.00264314051669921,0.00292237509899999,0.07878554365,0.0869276079,1.09261684888502,12.5787016381832,56.8419098881722
"r[35,11]",0.08245017198,0.0822747575,0.0024821374545396,0.00257583439890001,0.07867299175,0.08673918725,1.08076744419464,10.2974689839704,73.5691550057053
"r[36,11]",0.08231538893,0.082467135,0.00260585674073832,0.0024436643154,0.077746707,0.08656115795,1.20745890797665,5.30174327535381,30.6204069389592
"r[37,11]",0.08300929214,0.0831525485,0.00263335719252206,0.0026853347871,0.0790724028,0.08734958635,1.23256278237449,4.99848251616669,40.5548566509965
"r[38,11]",0.08399649819,0.0840766475,0.00311413683572823,0.0034539027663,0.0781236922,0.08824045225,1.04124987261501,31.5450399484472,31.7839996054474
"r[39,11]",0.08441324085,0.0846643425,0.00216929331304558,0.00236178031740001,0.0812973303,0.08761068535,1.38033023872785,2.5319174623959,26.493933429937
"r[40,11]",0.08611848939,0.085653556,0.00915215530201901,0.00876895408409998,0.0716985531,0.1011425735,0.990192986203404,14.3668998806288,54.856456899439
"r[1,12]",0.08172137232,0.081899469,0.00100817455723179,0.0010024318206,0.0799974546,0.08322319215,1.67907062739196,1.81050518530589,31.6824001034527
"r[2,12]",0.08185332357,0.0819644535,0.00122507997933786,0.000963102890399997,0.0793366721,0.08377122645,1.16178063742211,5.83299683127922,15.7218578744048
"r[3,12]",0.08071561895,0.080704296,0.00141014575048122,0.0013783272594,0.0784260031,0.083105338,1.04216999938059,12.7442948680868,12.7390522145152
"r[4,12]",0.08092346628,0.0807869485,0.00127457023932787,0.00102559892820002,0.0791545553,0.083392117,1.25435413226611,3.70102516754488,29.2691085465796
"r[5,12]",0.08196107705,0.081809886,0.000950062296542518,0.000862311294600006,0.08072804,0.08342082115,1.00685140061974,23.1456749964997,21.4750276107498
"r[6,12]",0.08311315213,0.08301938,0.00098453587186488,0.000905093200199997,0.0817545555,0.0847364408,1.03079076184538,15.3395266117519,50.6534301172039
"r[7,12]",0.08266243026,0.082974251,0.00175989093312398,0.00181704639059999,0.07953353055,0.0850234447,1.03669251199403,7.48414361266131,21.0246288509397
"r[8,12]",0.08201780795,0.082349719,0.00150494180674588,0.0013298314134,0.0795284106,0.08384247355,1.25972585463173,8.68990613694158,14.4246620507748
"r[9,12]",0.08228070164,0.0824917745,0.00127712424871482,0.001112580105,0.0797850521,0.0840295515,1.11568010432448,11.8594628292836,16.4458227610187
"r[10,12]",0.08320383043,0.083161847,0.00142306799323674,0.00154563644549998,0.0807245154,0.08559193055,1.40961489059195,2.32283175838493,21.0246288509397
"r[11,12]",0.08338223777,0.0832082925,0.00133578819948463,0.0013231604547,0.0813589392,0.0853742442,1.01301335176007,14.2215458609601,21.5942744323791
"r[12,12]",0.08392453693,0.0841421825,0.0015101421201697,0.0014592772194,0.08108296035,0.08608619215,1.1147722085225,10.8975522720832,12.7390522145152
"r[13,12]",0.08305274561,0.082836569,0.00126090017656439,0.0011052101004,0.08124409985,0.08527702385,1.00232310328806,15.4942332744946,44.5810103703794
"r[14,12]",0.08287190759,0.0834995015,0.00165524679482273,0.00156498215159999,0.07988022665,0.08492602715,1.07412124676898,7.48635963038401,30.6204069389591
"r[15,12]",0.08291305981,0.082869859,0.00116202598374963,0.00131622040409999,0.0813336065,0.08468081175,0.998579773078523,15.7680923173441,29.4163175473866
"r[16,12]",0.08234433432,0.082176627,0.00123606113259883,0.0013110090651,0.0806944531,0.0845707457,1.29130909242651,8.99899997781844,21.0246288509397
"r[17,12]",0.0819179615,0.082120732,0.00142278079207438,0.00124907048489999,0.0789536417,0.0838227963,1.04243117118108,9.49389655574356,43.6009559160014
"r[18,12]",0.08314557986,0.0830880665,0.00146296209697619,0.00173805198,0.08085276055,0.08551464045,1.89702121422975,1.5856187687434,18.1403545143569
"r[19,12]",0.08300312976,0.082882158,0.00123739875304768,0.0013677718887,0.08119096565,0.08504072335,1.12134506943861,13.2808221187029,21.0246288509397
"r[20,12]",0.08263673953,0.0827580785,0.00184369868966048,0.00207387125819999,0.07931519625,0.08552179065,1.130693430828,8.50164533146289,13.2545633568129
"r[21,12]",0.08286842225,0.082876736,0.00116481575727155,0.0011681509182,0.08068852745,0.08447973875,1.13674020445478,6.8457024775925,21.0246288509397
"r[22,12]",0.08383852852,0.0838389015,0.00082673599339015,0.000643670048700012,0.08267708845,0.08548465975,1.08540915405707,20.5758742702353,21.5942744323791
"r[23,12]",0.0841733157,0.0837060045,0.00152797817376668,0.000956672854199997,0.08230137075,0.0874879197,1.1374771711943,7.74479183389358,15.0589450133379
"r[24,12]",0.08395227568,0.0841558365,0.000985860434635048,0.000941662270499997,0.0822324419,0.08541325725,1.12225056605654,6.69526181775403,42.9711796108348
"r[25,12]",0.08339591769,0.083461921,0.000969479072587795,0.000951280638000006,0.08169129255,0.08500873455,1.10194329231301,10.7266556420164,21.5942744323791
"r[26,12]",0.08406017177,0.0842455155,0.00112631280515424,0.000962741877299992,0.08183368095,0.08566429185,1.11263354980298,18.7443283399745,18.0096737676237
"r[27,12]",0.08373394801,0.083600278,0.00141773631005115,0.0012641277705,0.08138960515,0.08636262315,1.1002600345466,12.1417206089879,13.219519564889
"r[28,12]",0.08453375267,0.084431963,0.00181961118033275,0.001719134004,0.0811260118,0.087366422,1.17352073535357,6.38615131173301,19.9339332498007
"r[29,12]",0.08491755122,0.085002851,0.0013164677980754,0.0015779119062,0.08291696765,0.086848333,1.21492171637728,9.08297450908183,18.1667185715768
"r[30,12]",0.08404324518,0.0841018405,0.00120865712890616,0.00113573831699999,0.08183589025,0.08586000505,1.14616996785938,17.9781564214088,13.0041082366429
"r[31,12]",0.0831406604,0.08306683,0.0013202269253533,0.00155879748570001,0.08115140885,0.0851892547,0.99721486027564,16.1607715531953,21.0246288509397
"r[32,12]",0.08286545793,0.082952551,0.00171009563880238,0.00195534183600001,0.0799367529,0.085347195,1.02437071324366,10.8292870013716,29.4472616381001
"r[33,12]",0.08298539254,0.0828036665,0.00136438686042483,0.0016275285978,0.0810394743,0.0853350878,1.31743835495014,2.75915713867942,52.2238977401647
"r[34,12]",0.08203219906,0.0820716815,0.00119656790509667,0.0011484523533,0.0799681307,0.0837932993,1.01941556705601,9.89580549408059,14.3419111621046
"r[35,12]",0.08265470411,0.082783954,0.00141264498659368,0.00115082896110001,0.0800795432,0.084812797,1.14878464793755,5.24967944635722,21.0246288509397
"r[36,12]",0.0836217781,0.0836285425,0.00159039580163168,0.0013554826173,0.0804535792,0.0859772513,1.24733149746658,7.82323485320099,21.0246288509397
"r[37,12]",0.08377107821,0.0834939565,0.00135126814379757,0.00116761199309999,0.0819335929,0.0862554226,1.44441425436253,2.45360393042632,40.5548566509965
"r[38,12]",0.0837591991,0.083736909,0.00179211174410146,0.0020094300492,0.08095712055,0.0867071578,1.14422023936654,5.31652415707335,21.5942744323791
"r[39,12]",0.08441414047,0.084352339,0.00147330266326005,0.00143905084889999,0.08213493435,0.08681390955,1.06755301690796,9.52536035107393,34.3628470914159
"r[40,12]",0.08500553217,0.085094965,0.00229999918032436,0.0020727096411,0.08128745535,0.08884399625,1.14226856089604,7.23365705925668,30.6204069389592
"r_new[1,1]",0.008285762943,0.00826983425,0.000192192091444726,0.00019954469073,0.007944105985,0.008604793435,0.999851216115541,28.4082685429604,29.4472616381001
"r_new[2,1]",0.008650588218,0.0086777113,0.000338201751864396,0.00037450854063,0.00814489687,0.009163799045,1.01601905527289,19.404462381294,65.4003091120767
"r_new[3,1]",0.008698226162,0.00864571675,0.000266910998204775,0.0002617930602,0.008323340575,0.00914369032,1.07098492002421,34.9064054936989,52.4502744151648
"r_new[4,1]",0.008672160966,0.0086081806,0.00023350256896348,0.000223708476179999,0.008319845845,0.00907826745,1.03091626752006,59.9732961208199,77.3212964411783
"r_new[5,1]",0.008719145349,0.00872675625,0.000257062648129411,0.000251875059239997,0.0082748011,0.00914738126,0.994924182755446,26.9648185530666,43.7970546868537
"r_new[6,1]",0.008715508308,0.0087152155,0.00026866077764061,0.000246329171549999,0.008347725635,0.00925054914,0.994986577052008,38.3466076821599,58.9391161255239
"r_new[7,1]",0.008642278128,0.00863926265,0.000296036700243491,0.00030715817391,0.00814184717,0.00909140012,1.03872070605725,23.5043294271017,48.4074922943175
"r_new[8,1]",0.00866944879,0.0086889064,0.000259455045993458,0.00021248808525,0.008203376305,0.009048836985,1.02995929136649,33.4255916872368,30.6204069389592
"r_new[9,1]",0.008637080579,0.00863169005,0.000285782340317342,0.00021475690803,0.008165725715,0.009096188245,1.02488403037513,34.4804154216573,40.5548566509965
"r_new[10,1]",0.008621867792,0.00860178635,0.000267746698442825,0.000303915579449999,0.00824661021,0.00907525088,1.13524684781126,5.78055302616227,12.7390522145152
"r_new[11,1]",0.008703186449,0.00873693055,0.000297902167089969,0.00030135142275,0.008178704465,0.00918945224,1.01681949657947,20.940151086877,44.5810103703794
"r_new[12,1]",0.008707225758,0.0086861496,0.000237974476913942,0.0002116819215,0.008389018395,0.009083731725,1.0121912423917,27.5239303515223,78.3393298097876
"r_new[13,1]",0.008670309582,0.00863045365,0.000304653212263602,0.000271286073869999,0.00826563074,0.009244067115,1.06001756076588,19.4926295638854,40.5548566509965
"r_new[14,1]",0.008718987478,0.008698357,0.000241254098156063,0.0002403605946,0.00837697159,0.009123645905,1.02952632375037,40.9906491353668,66.9637815053919
"r_new[15,1]",0.008662400759,0.0086828358,0.000244463929302806,0.00023479157835,0.00818951191,0.008993759275,1.51216995024742,2.07317674117356,24.0474274160303
"r_new[16,1]",0.008578756844,0.0085857817,0.00027100011950834,0.00030920149323,0.00808935623,0.00896506939,1.02708137028706,26.3575119568102,21.0246288509397
"r_new[17,1]",0.008734363794,0.00869325345,0.000257775750883752,0.00028916089251,0.00837244606,0.009245459595,1.02217780596341,20.6364669405241,52.4502744151648
"r_new[18,1]",0.008652703768,0.00865890465,0.000248259309634137,0.00020693404326,0.008189446345,0.009024003635,1.07302148130483,32.8671413347207,40.5548566509965
"r_new[19,1]",0.00862762929,0.0086400424,0.000302643308213396,0.000289131018119998,0.00813884874,0.00912219608,1.1097802772459,9.18609778387141,42.9711796108348
"r_new[20,1]",0.008620307499,0.00862042115,0.000272828984839648,0.00023362062087,0.00821731549,0.009022358645,1.04071040717699,22.7796489854817,43.1289080799234
"r_new[21,1]",0.008630471888,0.0086801305,0.000257760937596916,0.00024629232894,0.00821082176,0.0089732404,1.14070293164892,15.2963449494766,58.0761852780705
"r_new[22,1]",0.008691478636,0.00868599655,0.000208295101344076,0.00022376266521,0.00835641497,0.009035806205,1.02210125199357,29.6664013998401,24.0474274160303
"r_new[23,1]",0.008615210411,0.0086038878,0.000256155334006157,0.000254162118000002,0.008199109585,0.008969882415,1.03889794775643,23.2990422001104,58.9391161255238
"r_new[24,1]",0.008659861702,0.00862817745,0.000264422188020242,0.00031223726499,0.00828837241,0.00907083891,1.04719442332038,29.7776891055631,52.4502744151649
"r_new[25,1]",0.008608169331,0.00858279385,0.000251228103077728,0.0002371974675,0.008231533865,0.009055734455,1.0744893861705,26.9117225746698,59.8640966872305
"r_new[26,1]",0.008712195117,0.0087091955,0.000241934476312077,0.000284089510950002,0.00833054892,0.009075582865,1.02156818773704,32.7759782659616,51.9994667620882
"r_new[27,1]",0.008769793895,0.00871414685,0.000268850004439888,0.00025320791664,0.008412915435,0.009271586355,1.02656198661909,31.2470476684828,31.7839996054474
"r_new[28,1]",0.008657225177,0.00866472695,0.000227778356292409,0.000238720023569999,0.00829298427,0.0090922475,1.0615942237038,41.9368763845994,33.4139235013328
"r_new[29,1]",0.008643065723,0.0086408392,0.000279242768054897,0.000303387032550001,0.008247227145,0.00914503114,0.999622200828101,25.418695151342,26.4510278113663
"r_new[30,1]",0.008622018063,0.0086098611,0.000214188339284206,0.00024939815355,0.00833884329,0.00898042669,1.00621639549121,35.3815885903507,43.2419075858658
"r_new[31,1]",0.008565076357,0.00860401115,0.000276915194713004,0.000273113674889999,0.0080162937,0.00896085737,1.03942756065746,40.0785029731607,16.9475111369359
"r_new[32,1]",0.008543634257,0.00854184865,0.000256680597398014,0.000301335855449999,0.008172535535,0.008973150065,1.01897988432229,22.3394031647012,38.2179515177985
"r_new[33,1]",0.008603363879,0.00859401705,0.000221824255514273,0.00021828423582,0.008263675645,0.008964256945,1.01257611081701,34.1584030712756,44.5810103703794
"r_new[34,1]",0.008604645496,0.00859641175,0.000214982516634862,0.000233021946989999,0.008305746205,0.00894168395,1.02228651832273,16.8723426682419,34.362847091416
"r_new[35,1]",0.008600208244,0.0086284293,0.000263984578861443,0.000304925600699999,0.00816434046,0.00901052911,1.01843886912385,26.6035140774236,76.3293826888992
"r_new[36,1]",0.008712821615,0.008707282,0.00019403446412695,0.00015234144954,0.008396694915,0.00906297965,1.00390854547285,36.9835853583491,76.8221378450804
"r_new[37,1]",0.008596596136,0.00857784785,0.000198075312994506,0.000218955408839999,0.008288365945,0.00893740206,1.09008884063544,16.3462788500429,46.6027543178878
"r_new[38,1]",0.008580299576,0.008508629,0.000253395859175528,0.00026961110652,0.00824872557,0.00904361521,1.00645965868797,34.6840170173996,54.8564568994389
"r_new[39,1]",0.008552603043,0.00851675495,0.000287609213553977,0.000298360128990001,0.00814446408,0.009050853545,1.00585641722923,24.5951636386532,49.8568790552336
"r_new[40,1]",0.008127694028,0.00810710795,0.000903628861310941,0.00082986377817,0.006607418415,0.009798354495,1.05050343691895,11.0841863725956,12.8042980631539
"r_new[1,2]",0.008581399831,0.00856343285,0.000332517553583928,0.00041008812369,0.00809253799,0.009061369755,1.26156266608117,3.03732742329514,41.7305399420882
"r_new[2,2]",0.008665933089,0.0086822024,0.000309869934608178,0.000361602507629998,0.0081544789,0.00912858353,1.06862702014516,20.0639843921259,23.0384412848867
"r_new[3,2]",0.008422552015,0.00840521175,0.000309343368571835,0.000302482794809999,0.007923538,0.008952943335,0.99843460598208,22.1613938723304,58.9391161255239
"r_new[4,2]",0.008559448282,0.008557361,0.000265825999346272,0.000282698016719999,0.00815156196,0.008987230325,1.00182630623838,31.3644427628792,52.4502744151648
"r_new[5,2]",0.008515152167,0.00848344705,0.000313255105291529,0.000316436507100002,0.00804603475,0.00905973238,1.05002878049559,23.5920905482503,32.4035108813274
"r_new[6,2]",0.008631254377,0.00864413175,0.000298296668023012,0.00030852624306,0.008121616935,0.00907256082,0.991168907081715,41.3464355373535,44.5810103703794
"r_new[7,2]",0.008571074435,0.00860399445,0.000277245706956187,0.000178913792819999,0.00799766226,0.00894026545,1.00440892658446,33.5483910390376,31.7839996054474
"r_new[8,2]",0.008620610216,0.0086067476,0.000304165480732787,0.00026177904963,0.00816602266,0.00903832302,1.04661047579841,15.2997054810071,31.7839996054474
"r_new[9,2]",0.008591694152,0.00864750125,0.000235213073620227,0.00021727414044,0.008169229485,0.00888694866,1.06628850009599,29.9848307964949,76.6284020089591
"r_new[10,2]",0.008534957896,0.0085410417,0.000221763856230055,0.00023060382639,0.008180900795,0.008873971715,0.995636157264679,40.1031321049475,78.3393298097876
"r_new[11,2]",0.008611401743,0.00861063345,0.000309307513311969,0.000350458248210001,0.0081600706,0.009137149145,1.17244010373039,7.54096853342638,23.5468245425188
"r_new[12,2]",0.008693603784,0.00868317215,0.000265088837736759,0.00029126218149,0.00831644507,0.009175273115,1.09395006366522,21.8458757585534,73.5691550057053
"r_new[13,2]",0.008640959703,0.00864309865,0.000284887753258219,0.00031607230641,0.008197659845,0.009046075135,1.03107459978364,28.2111988072623,30.6204069389592
"r_new[14,2]",0.00863180691,0.00862388795,0.00021153094688316,0.000207004392629999,0.00834935615,0.00895870888,1.05340121568096,23.6020478708278,34.8719167261687
"r_new[15,2]",0.008636056578,0.00863151255,0.00028583175121783,0.00028163810598,0.00822043848,0.00912069698,1.00964932632234,24.569752063724,34.1663412729403
"r_new[16,2]",0.008656707355,0.00868813165,0.000263953204370464,0.00027637524663,0.0081758958,0.009075647405,0.991556421826678,37.6768855227946,76.6284020089592
"r_new[17,2]",0.008597216073,0.00858340135,0.000246920392506583,0.000285504875040002,0.00821704627,0.008992024595,1.03215061507217,25.375985898343,49.8568790552336
"r_new[18,2]",0.008646184537,0.00863722075,0.000267970763693989,0.0002787591933,0.00820249384,0.00914784861,1.03002899900196,17.2009816409806,31.7839996054474
"r_new[19,2]",0.008662549874,0.0086592918,0.000265544897782998,0.000290295303900001,0.00824702163,0.009113346595,1.02867376222884,34.1197641903526,56.8419098881722
"r_new[20,2]",0.008681680915,0.00869988655,0.000224013791814148,0.00019173220416,0.00832953651,0.00905892403,1.00130965177238,43.7131680465102,51.556342412722
"r_new[21,2]",0.008678544835,0.00869521765,0.000259430904056955,0.00025691486142,0.008248667255,0.0090477758,1.01373906169655,40.8547544246919,40.5548566509965
"r_new[22,2]",0.008682175717,0.00862089505,0.000319625003326951,0.00026512987389,0.00820363533,0.009237326555,1.15987221401365,5.10513789971083,21.0235463719365
"r_new[23,2]",0.008663589706,0.0086540181,0.000223026370232989,0.00020443430553,0.00830819325,0.00904454813,1.01111301044559,42.3891939239822,42.4389398926035
"r_new[24,2]",0.00867649567,0.00870104105,0.000260052274293813,0.0002586403113,0.00820526731,0.00908432005,1.03856738692116,22.7972538672769,21.0246288509397
"r_new[25,2]",0.008580089638,0.00857127135,0.000281112064980845,0.00032293207422,0.008182033225,0.00906013204,1.01956858025083,28.7072388276704,76.8221378450804
"r_new[26,2]",0.008502783336,0.0084803019,0.000266447857262142,0.00027049992522,0.008091472925,0.00897052377,1.02457844137285,19.0970619240878,42.9711796108348
"r_new[27,2]",0.008599321126,0.00862503075,0.000282905849746961,0.000302998368960001,0.00813870429,0.00903658339,1.05075587933712,22.5621089216949,44.5810103703794
"r_new[28,2]",0.008522832326,0.0085441551,0.000301346614776492,0.00028939277115,0.007959267835,0.00897190474,1.00929950267086,33.7260762085028,56.8419098881722
"r_new[29,2]",0.008612115234,0.00865408755,0.00027367600427668,0.000304961850269997,0.008171807905,0.00903165524,1.18829273104203,4.852323750766,47.4879826329664
"r_new[30,2]",0.008712762034,0.00871288055,0.000261089586560917,0.00024667142976,0.008277293555,0.009147280825,1.09505054416698,12.2717212928071,30.6204069389592
"r_new[31,2]",0.008620266171,0.00862653475,0.000260611666157882,0.00022374872877,0.00817152579,0.009067182075,0.99302523168463,36.155792008758,44.5810103703794
"r_new[32,2]",0.008700818413,0.00868896055,0.00021266081400093,0.000226048315500001,0.00835592819,0.009056892585,1.03945669283445,27.2461778906956,44.5810103703794
"r_new[33,2]",0.008671295733,0.0086689265,0.000273768422814445,0.000319981996740001,0.0082993602,0.009139018395,1.13859296106866,8.49409903015345,65.7762636916378
"r_new[34,2]",0.008684299392,0.0087036968,0.00020809901183313,0.00016998327759,0.00834915352,0.00903706054,1.00508489653706,40.7754124718185,47.8838705092214
"r_new[35,2]",0.00859270553,0.00861325745,0.000311352138426465,0.000311386326720001,0.00806281495,0.00909057911,1.06336128814149,13.1119192810108,24.3582350718816
"r_new[36,2]",0.008643254301,0.00866724865,0.000253830837000518,0.000209669143739999,0.00817357276,0.00905211311,1.06166187063669,26.3722161538243,21.0246288509397
"r_new[37,2]",0.008635986947,0.0086171796,0.000258533896501334,0.00025817862966,0.0082266113,0.009025653365,1.01709191244105,33.5002299783205,21.0246288509397
"r_new[38,2]",0.00867063978,0.0086505245,0.000273879636866849,0.000277238119830001,0.00821444987,0.00916228056,1.16129316044051,5.67884147464702,21.7553455992043
"r_new[39,2]",0.008616078436,0.0085969433,0.000282599497498484,0.00030734631585,0.008183185995,0.00903235868,0.991551997184217,25.7873693712219,30.6204069389592
"r_new[40,2]",0.00897853919,0.0088459843,0.000835114493901481,0.00080372183367,0.007698204245,0.0104142323,1.09386862135088,23.8743805417955,58.9391161255239
"r_new[1,3]",0.008620712002,0.00858651715,0.000198504546719716,0.000232087315950001,0.00833378283,0.008934010605,0.998741065335817,14.5071484647517,28.9304017192924
"r_new[2,3]",0.008601860965,0.00851291915,0.000323867263872352,0.000303646265159999,0.008199323465,0.00924102279,1.02861712343729,30.6913714493345,40.5548566509965
"r_new[3,3]",0.008689324159,0.00871422905,0.000261169370201435,0.00028728243831,0.00825349277,0.00907628282,1.03061956508652,19.689839983342,47.507860551729
"r_new[4,3]",0.008697501585,0.0086835524,0.000345432806625431,0.00039821687136,0.00816280005,0.009248041805,1.15458813145234,4.66263116527134,41.7262756318548
"r_new[5,3]",0.008625209806,0.0086143064,0.000274679645122748,0.00030927510432,0.00819079495,0.009042357555,0.999183872511227,36.0811456754477,76.6284020089591
"r_new[6,3]",0.008691625229,0.0087327808,0.000286075050616424,0.000257016641909998,0.00810535942,0.00908024974,0.9913354153385,28.1745144368663,28.9639192320423
"r_new[7,3]",0.008620720146,0.00864487035,0.000264226393772745,0.00027554032044,0.008170896545,0.00904566951,1.10767677470673,13.2301541903092,52.4502744151648
"r_new[8,3]",0.008631429706,0.008592241,0.000279573398117933,0.00030642413865,0.00821493725,0.00905571719,0.992488264850427,35.8719038000811,51.5338182396663
"r_new[9,3]",0.008662968215,0.0086965104,0.000243150262347478,0.00024132524829,0.00820867631,0.00904179113,1.01949355415464,24.3122483212173,76.8221378450804
"r_new[10,3]",0.008633798977,0.0086283433,0.000232418352385029,0.000231616442190001,0.00825426636,0.00900532183,1.00081808170861,37.0510226707479,48.2658799548031
"r_new[11,3]",0.008705985934,0.00871012345,0.00024187941707798,0.000241505235929998,0.008307496115,0.009077848375,1.00230824707391,24.6887893527983,51.556342412722
"r_new[12,3]",0.008695539836,0.0086772789,0.000270282258529885,0.00027102847212,0.008251675,0.00921729222,0.993779190565299,41.8548886451539,57.5148003700832
"r_new[13,3]",0.008540998713,0.0085993402,0.000349925329073648,0.00032027733066,0.007852755995,0.00904174373,1.10118728979721,12.3220526167395,30.6204069389592
"r_new[14,3]",0.008691661006,0.00868319025,0.000246574768560418,0.00023811534516,0.00829380242,0.00915048721,1.03578783410584,33.0741343283352,58.9391161255238
"r_new[15,3]",0.008695396021,0.0087122216,0.000272886341616441,0.000311127168240001,0.00829447267,0.009151917265,0.996387342083719,38.5925000275497,31.7839996054474
"r_new[16,3]",0.00861388167,0.0086118767,0.000270391630821161,0.00027465654258,0.008219998285,0.009049222485,1.02508725913453,27.4464254941103,42.1527132583187
"r_new[17,3]",0.008693447224,0.0086789482,0.000225316675050074,0.00019194117663,0.008306401825,0.009031286705,0.999667116244701,33.8023222288836,58.361007520573
"r_new[18,3]",0.008604864728,0.0085926721,0.000326752217965975,0.00030950868795,0.00804891718,0.0090924903,0.998877977235733,24.079126451371,33.9768826539676
"r_new[19,3]",0.008539361254,0.00857523255,0.000265709383934476,0.000266017877159999,0.008107734435,0.00888884935,1.04510021108312,33.8246926934528,59.8640966872305
"r_new[20,3]",0.008605492965,0.00858493395,0.000242003822443872,0.00025410659463,0.00823271216,0.00900252117,1.0099797442436,40.9920722970403,37.5549801362088
"r_new[21,3]",0.008561111645,0.0086001574,0.000251153270811433,0.00026090965299,0.008168947965,0.00895494522,1.17667750301056,5.01664461448604,18.5715801761647
"r_new[22,3]",0.008613524534,0.0086277794,0.000218011115397856,0.00020592024138,0.00829060824,0.008989308375,1.17410767159087,7.836385107135,30.6204069389592
"r_new[23,3]",0.008545153677,0.008558542,0.000228894378558445,0.000221151954869999,0.00810106087,0.008892673065,0.999974332793158,27.2598710866542,51.3027610757127
"r_new[24,3]",0.008633872487,0.00865991885,0.000297903095190657,0.000295940451660001,0.00810993304,0.00915058693,1.08115732177602,29.3116883885186,58.1996870625698
"r_new[25,3]",0.008524366238,0.0085330716,0.000264752680658651,0.00027796496448,0.008084932405,0.008928732345,1.00580040971498,44.7302663840637,54.8564568994389
"r_new[26,3]",0.008610970844,0.00858380985,0.000234610970938999,0.00025753525539,0.008285225835,0.00901006055,1.05083608483708,30.9392771123721,68.6430238589212
"r_new[27,3]",0.008667929105,0.00870627305,0.000270437884189919,0.000257713167389999,0.008229359035,0.00908126308,1.06425297057457,13.2504815925022,56.8419098881722
"r_new[28,3]",0.008618632793,0.0086343602,0.000252488125950285,0.000244314837060001,0.00825153233,0.00901817274,1.15130691575128,5.88152639637056,16.4566484859883
"r_new[29,3]",0.008602432849,0.0085808233,0.000243185899432292,0.00023866724301,0.008196471355,0.009069518705,1.06200291092339,23.4277947540332,44.5810103703794
"r_new[30,3]",0.008609245745,0.0085885497,0.000289394875042335,0.00027890130051,0.00821919765,0.009144675115,1.08017466831166,19.726195987307,24.3582350718816
"r_new[31,3]",0.008670808946,0.00863657155,0.000233418577856532,0.00019657185534,0.0082645377,0.00900197945,1.00200592647164,21.2906386836524,51.556342412722
"r_new[32,3]",0.008710006509,0.0087294448,0.000249317482615713,0.000249015049710001,0.00824415724,0.009082861715,1.07992947553785,10.5361828050004,13.2804284428833
"r_new[33,3]",0.008731598185,0.00872303435,0.000259900734418686,0.000216943891289999,0.008294556405,0.009204434755,1.18558543050841,10.7943629562264,58.9391161255239
"r_new[34,3]",0.008730465783,0.00870787995,0.000260148864403975,0.000299536497960001,0.00835280073,0.009197782955,1.0021403703271,24.5995199973086,78.3393298097876
"r_new[35,3]",0.008679167832,0.0086467947,0.000236143854568982,0.000233437445639999,0.008323841985,0.009121276705,1.01768752481834,37.7893068570142,76.6284020089591
"r_new[36,3]",0.008662849731,0.00865661565,0.000278932526139984,0.000237358922640002,0.008218389655,0.009174149485,1.15488127366191,26.1474167127548,29.147235176549
"r_new[37,3]",0.008742705089,0.0087628305,0.000236493590457604,0.00026831249718,0.00835040584,0.009093353215,1.01587092318247,26.0840184628604,73.5691550057054
"r_new[38,3]",0.008596761962,0.00859118975,0.000275112358414606,0.00033578970033,0.00815165487,0.009012879675,0.995698347874717,27.3500784571284,44.5810103703794
"r_new[39,3]",0.008521989488,0.00853181025,0.000277975426508925,0.00028734507816,0.008055389105,0.00893299929,1.017386103255,21.9050988157538,42.9711796108348
"r_new[40,3]",0.00852480786,0.0085939263,0.000746610349027667,0.00072789522036,0.00726877117,0.009595814575,0.9959867474633,26.0292941680581,65.4003091120767
"r_new[1,4]",0.008320977291,0.00831072455,0.000178716976039029,0.000184000593419999,0.00805255514,0.008538109125,1.33216215125754,2.71050547597258,30.70714160379
"r_new[2,4]",0.00860223012,0.0086459198,0.000275119151779383,0.00025871785128,0.008077815265,0.00906957376,1.00049210170778,31.8445074786255,31.5354895261113
"r_new[3,4]",0.008665221111,0.0086626627,0.000263673584210427,0.000237605108369999,0.00825610164,0.009138637435,1.0108519297982,27.0618394851383,44.5810103703794
"r_new[4,4]",0.008573636327,0.00857108825,0.000262969872514327,0.000283302843390001,0.00814384801,0.00897483211,1.01972092464188,27.0820603333728,52.4502744151648
"r_new[5,4]",0.008557222312,0.00855539755,0.000284723165886969,0.000247602057779999,0.008087338835,0.009071817135,1.03601234507345,33.2352520449524,58.9391161255239
"r_new[6,4]",0.008589314962,0.0085650692,0.000290568768025424,0.000293555467169999,0.008183703335,0.009139098025,1.00475208203374,22.9524163455219,78.3393298097876
"r_new[7,4]",0.008792863425,0.0087867831,0.000307905309256253,0.000241158678180001,0.00829249675,0.00934507458,1.14009584017323,6.7800742243166,31.6824001034527
"r_new[8,4]",0.008687902374,0.0086567204,0.000278263156642166,0.000249563908229999,0.00831050196,0.00921579358,1.02798050706447,45.1468603123247,58.1996870625698
"r_new[9,4]",0.008707561073,0.0087643907,0.000250073849114003,0.000248980282739999,0.00828176389,0.009068276265,1.08573447994383,15.5118083610006,19.9657729606389
"r_new[10,4]",0.008603208863,0.00865721905,0.000249731327178661,0.000211385030849999,0.008052629605,0.008894122025,1.00379294809895,23.2530412537598,32.8693155044045
"r_new[11,4]",0.008664075506,0.00864466675,0.000236966797921022,0.00025720352364,0.00833112047,0.009065867675,1.00394085707421,29.7319267834642,42.4389398926035
"r_new[12,4]",0.008662574532,0.00865665175,0.000264879702421166,0.00023670435474,0.00830492129,0.009090095695,1.06405703974548,23.3496616168315,56.8419098881722
"r_new[13,4]",0.008686939788,0.00868488995,0.000302240438385246,0.000321606629819999,0.008137117625,0.009174961055,1.01654234844976,29.5486566661279,30.6204069389592
"r_new[14,4]",0.008610679628,0.0086104498,0.000265842347132625,0.000296701544370001,0.0081395674,0.009004159425,0.991544625282492,14.1322707453985,52.4502744151648
"r_new[15,4]",0.008546540007,0.0085544108,0.000255740177631225,0.00027172929714,0.0081210298,0.00894706619,1.03243265733834,26.9637821697285,36.6043148269886
"r_new[16,4]",0.0086607798,0.00861448715,0.00035435260741351,0.000430509159569999,0.008165363,0.00924466793,1.00728643221917,22.7235765912767,52.4502744151648
"r_new[17,4]",0.008540206796,0.00850818415,0.000227589735277377,0.000238744189949999,0.008218323475,0.00890247112,1.03154266041856,24.5937247608049,56.8419098881722
"r_new[18,4]",0.008647899603,0.0086302081,0.00022040520642919,0.000196696171350001,0.00828373877,0.00905093136,1.0505596158354,28.3228106997923,52.4502744151648
"r_new[19,4]",0.008570532073,0.0085552331,0.000244731621754674,0.0002402931363,0.00822543427,0.009047419505,0.998522713166214,28.8551615590477,40.5548566509965
"r_new[20,4]",0.008678954831,0.00865299925,0.000296470839314916,0.00027104900613,0.008236453545,0.00922513485,0.992185249942996,16.6165522391883,41.1864756356321
"r_new[21,4]",0.008599948631,0.00864859485,0.000285759620248416,0.00032611662489,0.00810730035,0.00896514148,1.06301352325234,30.4616637878391,43.2419075858658
"r_new[22,4]",0.008640464237,0.00864124685,0.000220049571490979,0.00023387651763,0.008308946395,0.008976125815,1.05755708403784,31.7489668363528,52.4502744151648
"r_new[23,4]",0.008622621387,0.00861946255,0.000237484428661251,0.000261759775829999,0.008262032565,0.008996978385,1.00837650964743,33.8200149146459,75.8429085384729
"r_new[24,4]",0.008512717322,0.0085473773,0.00032557680718389,0.000321590395350001,0.007945201605,0.008998638135,1.02137863724345,12.6517850400513,34.639746634996
"r_new[25,4]",0.008638336808,0.0086411205,0.000290757063509374,0.000227461455689997,0.008190095025,0.009102002225,1.03145156480959,30.2378636666353,20.0458190148912
"r_new[26,4]",0.008602510916,0.0085899887,0.000239534887606287,0.000251380315620001,0.00822293819,0.00902336926,1.01090259375024,32.021428952485,41.5944662312425
"r_new[27,4]",0.008593061458,0.00859783945,0.000264295284275634,0.00025499926809,0.008186248935,0.00910146986,0.990067577143037,18.4959940988772,34.362847091416
"r_new[28,4]",0.008585524599,0.00856751245,0.00025397127152027,0.000192974993609999,0.00814976928,0.009052683445,1.01059432992721,21.0654211139068,65.7762636916378
"r_new[29,4]",0.008617391076,0.0086188076,0.000266626074426418,0.00031745171745,0.008240933665,0.00906789321,0.997022124168941,17.9767774954861,58.9391161255239
"r_new[30,4]",0.008645984647,0.008663272,0.000277653504503064,0.000288040565820001,0.00820015015,0.009069831135,1.02106786237868,22.7999612690449,47.507860551729
"r_new[31,4]",0.008667795921,0.0086564953,0.00025874584655206,0.000284829698999999,0.008276018195,0.009121821465,0.997253464782115,29.2270165326783,30.953885028427
"r_new[32,4]",0.008609450964,0.00863392985,0.000277843697488244,0.00021596834049,0.00807868126,0.009008200005,1.13443210709827,13.7456201634537,40.5548566509965
"r_new[33,4]",0.008621767998,0.0086353105,0.00022180566623626,0.00024998459598,0.008265816765,0.00900933384,1.00761241595726,28.9503993875692,52.4502744151649
"r_new[34,4]",0.008584888711,0.00860640875,0.00024881144845608,0.000242416071240001,0.008107141525,0.008924053955,1.0231921637419,27.1510545366188,28.7864722515692
"r_new[35,4]",0.008592259328,0.00856961445,0.000244679291768118,0.0002705930325,0.008196040915,0.008966403415,1.01840332697862,38.9779039249695,43.9114926796898
"r_new[36,4]",0.008659154674,0.0086884231,0.000310123960333756,0.00023366858298,0.00804444478,0.009198691385,0.992606298042824,14.7191872985758,31.6178933065416
"r_new[37,4]",0.008626928638,0.0086247179,0.000285459532878328,0.00027711891879,0.008185977365,0.00912551122,0.995376777357984,28.4383231966191,40.5548566509965
"r_new[38,4]",0.008627515122,0.0086040228,0.000251876457706078,0.000294897442559999,0.008281142555,0.00901597642,1.01099771348252,41.8790472909661,58.9391161255238
"r_new[39,4]",0.008629105635,0.00860672065,0.000334516389444611,0.00031933728813,0.0081978635,0.00925481756,1.13780902025401,15.3955696910614,30.4007941431939
"r_new[40,4]",0.008411174328,0.0085410868,0.000703048341006491,0.000813708404879999,0.007251287605,0.009403485525,1.06865658691217,17.25647283011,53.8632643484494
"r_new[1,5]",0.008492088857,0.0084914361,0.000194832634093612,0.000204852250469999,0.00816358931,0.00878203963,1.00022439869076,12.9442485876369,74.7352313149317
"r_new[2,5]",0.008639565245,0.00866384455,0.000339211748469383,0.00037039380672,0.0080474134,0.00916377879,1.05410529110473,18.0032898137862,21.0246288509397
"r_new[3,5]",0.008822552097,0.00880613775,0.000336398747258562,0.00030896079312,0.00818073096,0.00931076954,1.02259376538326,20.2233997805975,44.5810103703794
"r_new[4,5]",0.008770510182,0.0088023769,0.000299046320387383,0.000211138622729999,0.008247088715,0.009346865085,1.01828359271298,13.4013429014881,34.362847091416
"r_new[5,5]",0.008774566276,0.00878815835,0.000294947894435859,0.00035378119959,0.00830784039,0.00923192054,1.01530862024446,10.8168475161135,78.3393298097876
"r_new[6,5]",0.008651953513,0.00868201575,0.000217527774151489,0.0002227636152,0.00825669551,0.00897288313,1.00171961929306,51.0078563831037,30.2499012248123
"r_new[7,5]",0.008588730517,0.0085697378,0.000276155250194893,0.000260204750820003,0.00817663903,0.009095516165,1.01061460331186,15.4838196354769,30.2245250431777
"r_new[8,5]",0.008570061392,0.00860981905,0.000300356970338436,0.000301370770679999,0.00808922139,0.00902743841,1.04197120303608,25.7467606914161,51.556342412722
"r_new[9,5]",0.008667953239,0.00867697505,0.000244314435767484,0.000192922138920001,0.008290231435,0.009061163705,1.03002347719005,39.6252155656688,58.9391161255238
"r_new[10,5]",0.008571978753,0.0085695179,0.000235594131127101,0.00025333794066,0.008177771005,0.008976356505,0.996036118799159,29.7297101037937,31.7839996054474
"r_new[11,5]",0.008626601325,0.0086293582,0.00026527020186047,0.000330836481990001,0.008245584385,0.00901438874,1.08139101589425,16.2272815530884,34.0438540421866
"r_new[12,5]",0.008695862034,0.00869365415,0.000292480520530059,0.00028155270822,0.008148336785,0.009140177105,1.00010195351352,29.9787174250472,52.4502744151648
"r_new[13,5]",0.0087191862,0.0087357233,0.000251562827495337,0.000259004215470001,0.00831433447,0.009101928875,0.991851900039254,30.5445755943929,44.5810103703794
"r_new[14,5]",0.008745100967,0.00869990375,0.000294644046670405,0.00029148761082,0.008292063535,0.009236778215,1.18803355768849,5.5211661046866,40.5548566509965
"r_new[15,5]",0.008707732159,0.0087742683,0.000270962265269742,0.00024726699018,0.00817013518,0.009078908505,1.11199545850714,9.99284495269736,17.3233023163729
"r_new[16,5]",0.008636999183,0.00865748855,0.000291162887630437,0.000296349130350001,0.008158007125,0.00901572479,1.07667071218101,38.7884592228211,15.233286908078
"r_new[17,5]",0.00877802078,0.00875667945,0.000218831429656461,0.000238257155850002,0.00842131589,0.00911437494,1.01089371336967,42.190380351611,59.4639916395372
"r_new[18,5]",0.008543222071,0.00853025195,0.000241654522682267,0.000249423802529999,0.00814368614,0.008951980375,1.08563720871467,27.0877435515229,40.5548566509965
"r_new[19,5]",0.008670569106,0.0086580947,0.000279741025121151,0.00026035605015,0.008264993245,0.009134461325,1.04049180875513,38.2378540147081,78.3393298097876
"r_new[20,5]",0.008716693386,0.0086887562,0.00024316786512243,0.00019929539154,0.008336445705,0.00919041847,0.998783538149102,51.0128988661857,34.362847091416
"r_new[21,5]",0.008762463983,0.00875049635,0.000264241961772948,0.00026300204637,0.008330578035,0.00921252694,1.06543574910703,25.4807186864025,48.4074922943175
"r_new[22,5]",0.008568161161,0.00862038805,0.000305159982931144,0.00027779587395,0.007876771935,0.008983356735,1.15562528581895,5.15486335853264,16.4026619177055
"r_new[23,5]",0.008697469607,0.0086902032,0.000310007030444574,0.00040793731587,0.00821926133,0.009162715955,1.2491553874412,3.90775544009468,51.1162111412476
"r_new[24,5]",0.008630594573,0.00864688195,0.000261089127198591,0.00025347100401,0.008215657975,0.009067132225,1.02392890132505,24.195477991141,73.452533614832
"r_new[25,5]",0.008652396496,0.00865811785,0.000207104908005629,0.00018821859042,0.008297411655,0.00895785169,1.02987110902876,63.1619605815242,48.4074922943175
"r_new[26,5]",0.008610789759,0.00859427985,0.000248849307388828,0.000216606303270001,0.008253106965,0.009030822625,1.0064418856889,32.4357632497144,78.3393298097876
"r_new[27,5]",0.008613586749,0.00859876055,0.000228803674327908,0.000222086289390001,0.008291163485,0.0090541924,1.00070393751704,34.5764757873039,78.3393298097876
"r_new[28,5]",0.008699941473,0.0086990199,0.000250966203715227,0.000218991658410001,0.00813737656,0.009102827115,1.00312230408971,18.3467546143517,35.4855274828796
"r_new[29,5]",0.008527977176,0.0085493783,0.000223061967355086,0.000249334031099999,0.00813483402,0.008858102965,1.02058003688072,55.513075989862,52.4502744151648
"r_new[30,5]",0.008610753755,0.0085848338,0.000258073655265733,0.000268985301059999,0.0082272442,0.009059296905,1.14967512104628,5.5059060265069,29.8882545259357
"r_new[31,5]",0.008653729308,0.0086648357,0.000240355545590762,0.00025635918294,0.008259114755,0.008985325745,1.00022717937106,35.3191967706489,44.2325367647059
"r_new[32,5]",0.008627158176,0.008628182,0.00026939691129967,0.00027014847489,0.00819265212,0.00904615614,1.05236096546161,16.3733388038933,24.3582350718817
"r_new[33,5]",0.008618098733,0.00861576295,0.000247489479368682,0.00023356591293,0.008185772025,0.008959290915,0.995004173927591,36.2560367867685,52.4502744151648
"r_new[34,5]",0.008683085365,0.0086735808,0.000216651055306689,0.000225133996080001,0.008335910135,0.009044887205,0.993945216206615,37.6128568032245,52.4502744151648
"r_new[35,5]",0.008677238759,0.00867817215,0.000260031895993655,0.00023403070803,0.008216458205,0.0091037442,1.01841896367898,20.9279969243444,63.6000207673538
"r_new[36,5]",0.008704182307,0.00869792135,0.000258245913022939,0.000271828631339999,0.00825384478,0.009145685355,1.01915084936475,31.9378021779794,34.362847091416
"r_new[37,5]",0.008512730849,0.0084566252,0.00027015742240376,0.00026894163849,0.00812216822,0.009030779855,1.0139039506516,27.5780592133646,76.6284020089592
"r_new[38,5]",0.008616335323,0.00860572435,0.000307442858874356,0.00036762608904,0.008158192785,0.00908422766,1.0935313038468,9.90980269010145,51.3086296345833
"r_new[39,5]",0.008559294579,0.008528506,0.000320919664820771,0.00032537324925,0.0080899905,0.009085644275,1.23633646767179,3.88711606597505,62.4019870965025
"r_new[40,5]",0.008766027942,0.0085854738,0.00093976350751,0.00071500712682,0.007440095455,0.01051900985,1.50377329112278,2.26805185449524,21.0246288509397
"r_new[1,6]",0.008810476525,0.0088404654,0.000330069511419907,0.000356521785690001,0.00825433911,0.00931377923,1.68391924628449,1.70456093991724,18.4755067567567
"r_new[2,6]",0.008562901101,0.0085181272,0.000337075923962468,0.00039905683839,0.008069152325,0.00913779721,1.0703319279935,35.0484866851818,71.2874531148375
"r_new[3,6]",0.008658575941,0.00870361965,0.000294817674699,0.000314219575319998,0.008183423145,0.00911734855,1.04574861495827,33.5951214337246,78.3393298097876
"r_new[4,6]",0.008633957299,0.00864615615,0.000299262855461007,0.000337561110810001,0.00816719995,0.009093993015,1.08964424667161,13.7894641439671,28.0538634177619
"r_new[5,6]",0.008618605447,0.0086493016,0.000256395942148253,0.000303020014919999,0.00818400062,0.00899083103,1.03129860190613,43.4032371737061,58.9391161255238
"r_new[6,6]",0.008595540707,0.00866469745,0.000374418557749888,0.00044003694021,0.007975863635,0.009133281575,1.12290213107342,6.71195538282043,59.4639916395373
"r_new[7,6]",0.008669288597,0.00870528775,0.000300723960805993,0.000274623035820001,0.0081648913,0.00914361482,1.07839979271866,19.1187398701962,13.0721046622061
"r_new[8,6]",0.008671966725,0.00869820415,0.000287993312769581,0.000279002117310001,0.00813545044,0.00908805115,1.01248527787309,21.9122802919333,40.5548566509965
"r_new[9,6]",0.008680491414,0.00871558285,0.000194432420392106,0.00018790123989,0.008369747615,0.008954263145,1.01498594274199,42.5989278798935,47.0827888384964
"r_new[10,6]",0.008596763035,0.0085560444,0.000256636066668368,0.000240656966340001,0.008226847645,0.00902679848,1.06630000330035,33.4770232357245,31.6824001034527
"r_new[11,6]",0.008616105446,0.0085912602,0.000240160991706763,0.00022256153682,0.008248359935,0.009055488205,1.06042556750061,29.1962731217904,42.9711796108348
"r_new[12,6]",0.008595543171,0.00857601745,0.000224711695869172,0.000197195733420001,0.00824096202,0.00901887518,1.12436218763243,26.2691538633582,21.0246288509397
"r_new[13,6]",0.0086272474,0.00863583135,0.000235588515872373,0.00019423342449,0.008248972625,0.00901163578,1.01995020141631,33.1573264733815,52.4502744151649
"r_new[14,6]",0.008707389432,0.00868358805,0.000252671370680868,0.000234410031239999,0.0083168631,0.00915315062,1.17654340700308,6.28674135028482,45.7499253062444
"r_new[15,6]",0.008579626578,0.00863335175,0.000253266757024223,0.00024670352805,0.008061695585,0.00896518262,1.03523387541377,42.6605271001715,21.0246288509397
"r_new[16,6]",0.008753386593,0.00875653925,0.000235889796803603,0.00023565593415,0.00838096676,0.00913466339,1.03688168600627,27.9940943097118,29.535152859485
"r_new[17,6]",0.008602773329,0.0086503076,0.000257895376906997,0.00022803092235,0.00810223859,0.008936334895,1.09947816496147,12.1744363391054,40.5548566509965
"r_new[18,6]",0.008606052902,0.00858526665,0.000277660542246143,0.000309980006489998,0.008168525965,0.00904741268,1.08445181489523,32.7399650762313,47.4879826329663
"r_new[19,6]",0.008679066697,0.008681496,0.000224685238246538,0.00022195797036,0.00827104123,0.00905665356,1.00127379566774,47.0729138402366,29.3034159410581
"r_new[20,6]",0.008641796837,0.0086224885,0.000262008739909613,0.000307832089740001,0.008277786615,0.009121184525,1.02719934514468,30.8418220868041,44.5810103703794
"r_new[21,6]",0.008610311788,0.0086465721,0.000248235222608856,0.0002424191847,0.00822331077,0.008936860935,1.08409188148144,14.9377886527582,30.2499012248123
"r_new[22,6]",0.008534671235,0.0085114544,0.000257382624135817,0.00026472719973,0.00817890556,0.00894144973,0.996919158150736,34.4505342777188,71.2874531148375
"r_new[23,6]",0.008605519245,0.0086154012,0.000266989014250608,0.000249466204890001,0.008159656925,0.009053993035,1.04870275570548,32.6419880291917,33.9768826539676
"r_new[24,6]",0.008603055914,0.008619171,0.000286387373238444,0.00029199562371,0.00813929252,0.00906296986,1.02381496072608,11.4543888755554,27.6504977089587
"r_new[25,6]",0.008655997682,0.008664866,0.000279128104657184,0.000278028271499999,0.008240267405,0.00907306268,0.999053305371436,26.2304290786089,30.6204069389592
"r_new[26,6]",0.008665144874,0.00867118495,0.000290034459353239,0.000316375646369998,0.00811945236,0.009078525845,1.00640014987,25.7367909317549,51.556342412722
"r_new[27,6]",0.008643918887,0.0086320292,0.000291688948325997,0.000259053363659998,0.008159722175,0.00912547009,1.05390393507324,17.4836023587907,31.7839996054474
"r_new[28,6]",0.008688669597,0.00864789655,0.000216196602797823,0.000228713066610002,0.008391193365,0.0090422519,1.00926075910525,34.6649736391687,55.1291802498247
"r_new[29,6]",0.008654867518,0.00868616085,0.000253216489904878,0.000218807667749999,0.0081961221,0.00905514844,1.06245743977304,18.2120918128931,31.7839996054474
"r_new[30,6]",0.008616597678,0.00861831185,0.000298288197044958,0.00029461789833,0.00814392008,0.009117709535,0.992491153909978,31.3576632947837,58.1996870625698
"r_new[31,6]",0.00867317413,0.00866354655,0.000221017815735509,0.00022320446631,0.008321907045,0.0089891674,1.03258159687079,28.5150191144652,56.8419098881722
"r_new[32,6]",0.008623491542,0.0085898474,0.000262446641053292,0.00027742018311,0.008211780205,0.00908296337,1.05739389419594,11.0566957659392,14.1072148327288
"r_new[33,6]",0.008650799941,0.0086146856,0.000205032532084285,0.000211447077660001,0.008394053835,0.009034752395,1.02235376370237,30.7622229096742,75.8429085384729
"r_new[34,6]",0.008679446349,0.00870717395,0.000262931673956773,0.00027313969452,0.008245172905,0.00910476612,0.994686016162203,33.6231356923508,50.0631594590578
"r_new[35,6]",0.008709058203,0.00873692685,0.000247687263619375,0.00024924477858,0.0082874496,0.00906194462,1.08034634987685,15.6408704122803,15.2705061082024
"r_new[36,6]",0.008548849109,0.0085635208,0.000236606591002544,0.000186273864000001,0.008113650185,0.008917601015,1.12823122079442,13.8882240537765,70.0289195057743
"r_new[37,6]",0.008652365091,0.00867938215,0.000251868799066872,0.000220750466789999,0.008231210825,0.00905881424,1.04371148696161,23.0450011401935,31.7839996054474
"r_new[38,6]",0.008569157506,0.00860920925,0.000355236815026417,0.00031506621405,0.007845087555,0.00907913731,1.07448370946295,12.6994469626155,21.0246288509397
"r_new[39,6]",0.00863685932,0.00861169245,0.000331066561060912,0.00034180075377,0.0080510906,0.009102051165,0.997037431293091,24.8869991295904,16.576678980771
"r_new[40,6]",0.008488420303,0.0085027975,0.000616098876719382,0.00063941039064,0.007518647185,0.00950642587,1.01567055591201,26.088199921877,18.4346360476141
"r_new[1,7]",0.008921554152,0.00890522135,0.000286094144324091,0.000327350148089999,0.0084910139,0.009412909845,1.56250655711396,1.85028658563726,30.8968926553671
"r_new[2,7]",0.008713169222,0.0087500244,0.000231111460479661,0.00020144731131,0.008255038585,0.008999673765,1.01665288980402,36.446280140681,52.4502744151648
"r_new[3,7]",0.00869316805,0.0086754388,0.000309175086686358,0.000274017171329999,0.00823264839,0.00928149548,1.02990280818596,24.8445377270988,53.3800336154148
"r_new[4,7]",0.008709269931,0.00868297295,0.000310806735487026,0.00036134038395,0.00829472845,0.00918939666,1.04442209528736,31.7801875922479,52.4502744151648
"r_new[5,7]",0.008732411393,0.00875199395,0.000258466844554111,0.00030098166231,0.00835310566,0.00915191741,1.00378063622146,39.1942626193234,31.290835358169
"r_new[6,7]",0.008670421043,0.0086552456,0.000249094035380708,0.000205523942400001,0.008294353805,0.009172244715,0.996980165454509,35.8805912257796,43.1269119030573
"r_new[7,7]",0.008586966153,0.0085312882,0.000282493552000425,0.000291861300150001,0.008165664925,0.00910773778,1.00089109632096,37.3804513830767,76.6284020089591
"r_new[8,7]",0.008586411207,0.00858913245,0.000279064360551536,0.000325358645640001,0.008175589035,0.0090433789,1.03057670399771,33.7941245744893,57.1010869334915
"r_new[9,7]",0.008519512475,0.00851328755,0.000254355193426487,0.00023202030243,0.00811585521,0.00897879614,1.21706546252444,4.28689388285776,30.6204069389592
"r_new[10,7]",0.008600841205,0.0086555103,0.000261476880178109,0.000274792200479999,0.008164802785,0.00897849894,1.03593491530279,46.5287893433531,65.7762636916379
"r_new[11,7]",0.00851517486,0.00850485765,0.000277402964454603,0.00026270997417,0.008156465385,0.008981553975,1.03916515393933,24.5767775512025,30.6204069389591
"r_new[12,7]",0.008490469788,0.00847791465,0.000242820472953538,0.000273878325840002,0.00811263757,0.00887870246,1.42555112969471,2.37311457138069,56.8419098881722
"r_new[13,7]",0.00860801808,0.0085931092,0.000211368914177531,0.000189435582629999,0.00829781691,0.008981677525,1.11560329003034,7.42421283878549,58.1996870625698
"r_new[14,7]",0.008542282021,0.00855721585,0.000283069973964039,0.000320304017459999,0.00802843459,0.008926440415,1.14985054872085,5.22989453226482,30.6204069389592
"r_new[15,7]",0.008702106245,0.0086881252,0.000232619493121114,0.00024101138187,0.008324941255,0.0090725168,1.01335505504992,45.9179820510781,54.8564568994389
"r_new[16,7]",0.008756352271,0.00874875005,0.000223707396967075,0.0002251765467,0.008397114275,0.009159890875,1.00582512193384,51.8344936660657,78.3393298097877
"r_new[17,7]",0.008743461534,0.00876111985,0.000268687470581567,0.00021313086648,0.00826067796,0.009200880625,1.00284815451189,21.2062459001209,31.7839996054474
"r_new[18,7]",0.008647387445,0.0086449435,0.000193361212149301,0.000191528420789999,0.008348422385,0.00895458754,1.08338245153011,26.1234241798148,56.8419098881722
"r_new[19,7]",0.008646841072,0.0086249159,0.000279836662292197,0.00028312715529,0.00825882459,0.009139072265,1.01985045853811,23.8657775430414,21.5942744323791
"r_new[20,7]",0.008594424753,0.0085635521,0.000210961937552001,0.00021447862401,0.008289014025,0.0089705955,1.07134534142795,14.2842010553316,76.6284020089592
"r_new[21,7]",0.008564316797,0.0085328067,0.000265336348294277,0.0003228146523,0.008150649225,0.008947745445,1.06878963441993,31.840886309989,55.5782405516991
"r_new[22,7]",0.008673971373,0.0086721517,0.000265170498129357,0.00030388096074,0.008264149395,0.009062595955,1.01303330114157,25.9138568888776,54.856456899439
"r_new[23,7]",0.008738073668,0.00874769495,0.000291545512344742,0.00031499275122,0.008294747615,0.0092368618,1.03197452631049,19.615638252643,64.1247496225411
"r_new[24,7]",0.008645479457,0.008641392,0.000272082304579047,0.00024066474999,0.008191317605,0.009094557065,1.02365087365203,43.5447328155058,52.4502744151648
"r_new[25,7]",0.008682100003,0.00868828245,0.000229828343757244,0.000261018105180001,0.008333777915,0.00902923602,0.999863171968526,26.3432130426371,52.4502744151649
"r_new[26,7]",0.008628405238,0.00859101095,0.000253552785485717,0.000266971559610001,0.008281988815,0.009056476765,1.08411036598854,30.3406576110203,46.6027543178878
"r_new[27,7]",0.008603622542,0.0086124157,0.00029111995931173,0.000211138326210001,0.00803264575,0.009092551455,1.06757262077005,16.0678044775117,21.5942744323791
"r_new[28,7]",0.008638539144,0.00861389815,0.000210785573349345,0.0002353316154,0.00833187572,0.008981986485,1.01302372449717,28.0011947322406,78.0018681506623
"r_new[29,7]",0.008588347937,0.00860792435,0.000273403451267013,0.000314264942879999,0.00805857218,0.009010651445,0.992262993038658,26.2558635935399,68.8140521811376
"r_new[30,7]",0.008599095614,0.00857107755,0.000303622453583829,0.00032062967055,0.00816591697,0.009128964285,1.04483643036481,14.2983328934711,15.0137268359643
"r_new[31,7]",0.008626184172,0.0086073741,0.000234096506625383,0.000265681623479999,0.00830706152,0.00898666671,1.12334918606275,9.51587856918969,58.9391161255238
"r_new[32,7]",0.008662037301,0.00865511505,0.000251842849432105,0.00028677983691,0.00828195477,0.00908822621,1.01131103662437,39.6509270569787,52.4502744151649
"r_new[33,7]",0.008631810484,0.00864116905,0.000225693333334224,0.0002264412045,0.00828315398,0.00897570642,0.997461166745515,30.1627094327471,58.9391161255239
"r_new[34,7]",0.008690515798,0.00871649865,0.000264588453689545,0.0002712379635,0.008227593245,0.00909224326,1.00258730359551,16.5841685212762,58.9391161255239
"r_new[35,7]",0.008616873959,0.00862510875,0.000271025397080644,0.000261986094719999,0.00820079862,0.0090570581,1.0190317172698,39.4415137371946,40.5548566509965
"r_new[36,7]",0.008583185972,0.0085917506,0.000236530009829755,0.000259818755910001,0.008161778085,0.008952586665,1.00792992566829,22.409128137924,34.362847091416
"r_new[37,7]",0.008684654723,0.00869241915,0.00023748580884619,0.000212996617050001,0.00821833239,0.009033618565,1.00368284484201,43.4644896503236,100.073523404951
"r_new[38,7]",0.008646549685,0.00863287685,0.00027477429878141,0.000240003806909999,0.008194618895,0.009097324415,1.01590394534004,39.8690204488426,38.5625013008096
"r_new[39,7]",0.00870206068,0.0087360937,0.000235540797645142,0.00028111215363,0.00831034598,0.009073298115,1.02110973588708,35.8380367391876,58.1996870625698
"r_new[40,7]",0.008613372553,0.00856459755,0.00068656163389556,0.000744462534060001,0.00759947603,0.00989744675,1.02485371006384,15.0776721424581,13.949780789159
"r_new[1,8]",0.008690571382,0.00869488775,0.000283328268454032,0.000300817241970001,0.008169241555,0.009102044465,1.30785419104942,2.79432318137995,48.6540336319263
"r_new[2,8]",0.00871252567,0.00868774,0.000333492457707787,0.000358914850349999,0.008132154665,0.00921288524,1.1592910414436,5.99737349773417,48.4074922943175
"r_new[3,8]",0.008660219395,0.00867598165,0.000284912297154176,0.000303426692100002,0.008222685815,0.009041873865,1.00625633214758,33.5364612951579,71.2874531148375
"r_new[4,8]",0.008565721514,0.0085761852,0.000306918215282039,0.00025607771133,0.008112625145,0.009071454625,1.02116066483633,21.7651649536711,34.362847091416
"r_new[5,8]",0.008691373566,0.00872959215,0.000267803069158404,0.00019652930472,0.008049224065,0.009062226965,1.03712064524516,42.4167801258204,45.4274197443724
"r_new[6,8]",0.008646828662,0.00864175035,0.000294883606674764,0.000251345845169999,0.008157070185,0.009146639915,1.02272801545762,16.5540891678492,42.9711796108349
"r_new[7,8]",0.008667359094,0.00866575585,0.000276610203770062,0.00030334863321,0.008239962685,0.00908897137,1.043595769025,20.4826873762322,30.1538461538461
"r_new[8,8]",0.008657710603,0.00864535585,0.000317414619959484,0.000298986675750001,0.008218177655,0.00919555057,1.08310199222659,10.8594970391271,30.6204069389592
"r_new[9,8]",0.008661562909,0.00867756125,0.000231950587557624,0.00023667803859,0.00830962777,0.00909244859,1.08458139155224,12.9013592089298,31.7839996054474
"r_new[10,8]",0.008695069844,0.00869311315,0.000281302972397656,0.000268591151849999,0.00820744054,0.00915019008,1.01690772933596,22.5638483301551,21.0246288509397
"r_new[11,8]",0.008681362935,0.00867027725,0.000209202856066929,0.00021474630744,0.008367970035,0.009056015485,1.01854044148457,26.3401727037769,78.8353273747
"r_new[12,8]",0.008710265147,0.0087260584,0.000260206650024241,0.00024466569435,0.008258142825,0.009078512135,1.0352381087085,25.8446729210307,56.8419098881722
"r_new[13,8]",0.008663725191,0.00868221545,0.000316178267364887,0.000281171902409999,0.008145637125,0.00921649629,1.05437426748775,18.9182287581868,21.5942744323791
"r_new[14,8]",0.008630368928,0.0086646166,0.000281103369375582,0.00029508862383,0.008153695125,0.00905432744,1.00706358933367,23.6177096307576,52.4502744151648
"r_new[15,8]",0.008691976264,0.00871418725,0.000236813807694049,0.000200030983530001,0.008265097085,0.00907166402,1.15025823652964,5.41980387580503,52.4502744151648
"r_new[16,8]",0.00860940906,0.0086332174,0.000288995693441109,0.000316121751120001,0.008150284625,0.00906305068,1.08827616022507,13.0982215491014,31.7839996054474
"r_new[17,8]",0.008625731664,0.00860857655,0.000263256361720049,0.000244361835479999,0.008219494345,0.00908305159,1.09060323472047,10.7536542860752,25.27440785673
"r_new[18,8]",0.008737893839,0.00875623245,0.000250623800613258,0.000262995152280001,0.00833692466,0.009100663105,1.05165016483123,19.1081782386585,67.6406173148844
"r_new[19,8]",0.008671636871,0.0086647012,0.000247375117097003,0.00026105828364,0.0082299777,0.009052318605,0.991976858982151,37.9843190037273,58.1996870625698
"r_new[20,8]",0.008669528993,0.00867230565,0.000222214803394847,0.00019360910163,0.008276537985,0.009018817965,1.02589857213745,44.4802214190891,44.5810103703794
"r_new[21,8]",0.008663866631,0.0086644496,0.000208644702505365,0.00017086016136,0.008316184785,0.00902414642,1.00962023328404,38.7019355441323,49.8568790552336
"r_new[22,8]",0.008645263281,0.00866265535,0.000277338665078512,0.00023899452696,0.008163759865,0.009071985485,1.04205251895417,17.5060991268141,34.3628470914159
"r_new[23,8]",0.008616313724,0.0085917963,0.000224613619742512,0.000216661455990001,0.00825598192,0.00897622978,1.01439300306638,47.0700028890609,58.9391161255238
"r_new[24,8]",0.008597943277,0.0086050119,0.000228553216436809,0.00023700109713,0.008236802395,0.00898531258,1.02216389367213,38.2207874315709,50.525192718373
"r_new[25,8]",0.008660712135,0.0086786013,0.000250296951611547,0.000231093825690001,0.008294327625,0.00914275497,0.991086394450122,28.2063202585636,67.6406173148844
"r_new[26,8]",0.008670254119,0.00865216655,0.000229143928720564,0.00024653910771,0.008266726325,0.009023855095,0.997211398920232,41.2090688733399,40.5548566509965
"r_new[27,8]",0.008626925606,0.0086305267,0.000212660881406493,0.000204952029449999,0.008289089455,0.00894791056,1.01888873570413,17.4846179734958,42.7900034930615
"r_new[28,8]",0.008584629523,0.0085623456,0.000240734977014148,0.00025154940615,0.008261030845,0.00896589932,0.994938896895982,22.4141375652557,58.1996870625698
"r_new[29,8]",0.008700582224,0.0087216608,0.000314256017134489,0.000337106323259998,0.0081729066,0.0091647601,1.02971835953784,15.2139174218844,13.6750800968977
"r_new[30,8]",0.008639253423,0.008663481,0.000281240399517754,0.00031659173532,0.008185113005,0.009073386535,1.03090402016072,30.4865652467879,54.1081755216878
"r_new[31,8]",0.008706637375,0.00868444045,0.000253040620463986,0.00028787325441,0.00833421567,0.00917456374,1.04750591515807,14.6928789452402,52.4502744151648
"r_new[32,8]",0.008709779047,0.00873190525,0.000269547175218729,0.00023742689985,0.0082935332,0.009121115425,1.0086009872973,28.5878645284876,43.9114926796898
"r_new[33,8]",0.008579742177,0.0085861877,0.000279720449745299,0.00030923766867,0.00812694146,0.008998937255,1.04021213090513,18.7739711322529,44.0855369801369
"r_new[34,8]",0.008592855202,0.0086086807,0.000242572505824281,0.000212280447120001,0.00817250626,0.008949084305,1.18803943399686,7.13070721377591,40.5548566509965
"r_new[35,8]",0.008675569921,0.0086811042,0.000251502802420317,0.000252890121330001,0.008204133825,0.009083692115,1.01609210143962,33.1641515809181,52.4502744151648
"r_new[36,8]",0.008656733794,0.0086718852,0.000250221692053223,0.00029110413633,0.00828381259,0.0090561339,1.07021729465679,46.6934776239489,48.7251899288015
"r_new[37,8]",0.008695627079,0.0086419317,0.000314523872539441,0.00035100984954,0.008230359305,0.009205394965,0.992430369293976,43.0967267505706,57.2145976836242
"r_new[38,8]",0.008663315448,0.0086427818,0.000261398038724056,0.000219347482409999,0.008237993055,0.00912138296,1.00270236120705,31.460118036652,58.9391161255239
"r_new[39,8]",0.008671248901,0.00865431835,0.000270855006009365,0.00030123555756,0.008279701445,0.00910053073,1.00367335811718,24.4500256038415,52.4502744151648
"r_new[40,8]",0.008803560793,0.0087870219,0.000749769919802184,0.00077684948628,0.007600408495,0.00994162372,1.08799513210706,16.9249674752861,41.7960353475043
"r_new[1,9]",0.008685020027,0.00874705825,0.000319343548924446,0.000315650951490001,0.008145313735,0.00913944705,1.27319471139472,2.94645207087957,21.5942744323791
"r_new[2,9]",0.008653476294,0.0087165035,0.000320724526371142,0.00028595002569,0.008140026675,0.009120181005,0.999987095727375,25.0131919211269,44.5810103703794
"r_new[3,9]",0.008523833407,0.0085060833,0.000300480112674295,0.0003118841838,0.008074463125,0.008980557585,1.02748993261963,20.5493334592367,44.5810103703794
"r_new[4,9]",0.008741417327,0.00871491695,0.000310637704586584,0.00025758284685,0.00831868341,0.00929933157,0.996223396149434,37.5477743288492,49.8568790552336
"r_new[5,9]",0.008732980562,0.0087262524,0.00025445452519954,0.00026338292631,0.0082971564,0.009095597995,1.02920667728472,34.2300069338167,29.9635545336692
"r_new[6,9]",0.008523526977,0.00851470155,0.000304848066401928,0.00032529148386,0.00803075301,0.009012774425,1.00217068068854,48.3287080198243,74.2764652971434
"r_new[7,9]",0.0086628335,0.0086551557,0.000284834669190617,0.000296569370579999,0.0082175745,0.009142440785,1.10173788380959,15.6490045305427,78.3393298097876
"r_new[8,9]",0.00866796663,0.00866036655,0.000277841719331868,0.00022344160818,0.00823503268,0.00914177403,1.03136016292148,29.8611789620577,31.7839996054474
"r_new[9,9]",0.008677146488,0.0086710056,0.000269535698426171,0.00029236842348,0.00817610148,0.009067757725,1.13987715083423,14.964931914022,30.6204069389592
"r_new[10,9]",0.008689391152,0.0087183092,0.000221348815025762,0.00027184049214,0.008374858245,0.009027118485,1.06161332861256,32.2016407368491,78.3393298097876
"r_new[11,9]",0.008686750104,0.0087172877,0.000257067068966869,0.00023743624023,0.00826127054,0.009108583125,1.08538101979841,14.6517650634161,22.9995118470955
"r_new[12,9]",0.008589527072,0.00860818455,0.000303702400932353,0.000275083012469999,0.00808773343,0.009114333855,1.35137221346009,2.74837973246912,21.6423447934701
"r_new[13,9]",0.008630337571,0.0086272668,0.000304866278130132,0.000241413240599999,0.008172766215,0.0092000893,1.1245336964957,10.105159509233,13.4809450967877
"r_new[14,9]",0.008525464044,0.0084756352,0.000246642183210789,0.00020231937663,0.00818841543,0.00898940513,0.997049069686398,26.4500276291892,43.1269119030573
"r_new[15,9]",0.008505403578,0.00850282845,0.000276036790282372,0.000266031368819999,0.00803098219,0.008896466695,0.990519320449807,47.292320954011,54.856456899439
"r_new[16,9]",0.00862390217,0.0086453279,0.00023786462005102,0.000210529051740002,0.00815183135,0.0089928756,1.03116182980353,20.1637198576402,38.9990357128292
"r_new[17,9]",0.008503576253,0.00854196545,0.000287098361803936,0.00024347598198,0.00791537891,0.00894284693,1.08113666876844,8.62214195106677,13.4086406374851
"r_new[18,9]",0.008647803227,0.00866493675,0.000268814937419252,0.000302140684860002,0.008174476805,0.009074163745,1.29706763021698,3.49834916494754,31.6824001034527
"r_new[19,9]",0.008724266917,0.00872719935,0.000259710721232395,0.000240155476889998,0.00831306698,0.00915225629,1.076919060463,33.3706057333742,48.4074922943175
"r_new[20,9]",0.008583293492,0.0085544865,0.000238844359179571,0.0002145611307,0.008188388965,0.0089273629,1.01602966118671,24.2260772511293,21.0246288509397
"r_new[21,9]",0.008667976254,0.0086998276,0.000267658689493727,0.00024779909532,0.008157976335,0.00910040026,1.26903729519967,3.76688309643028,56.8419098881722
"r_new[22,9]",0.008569341523,0.0085592344,0.000232924077467436,0.000198779743259998,0.008181397635,0.008949676645,1.039494439555,33.9689432548735,71.2874531148375
"r_new[23,9]",0.008603155138,0.0086072593,0.000263802987737338,0.00021920033436,0.008122747745,0.009089647675,0.992292196016997,22.1785010256895,52.4502744151648
"r_new[24,9]",0.008749092443,0.0087729102,0.000260680701532757,0.00027536974731,0.00836396449,0.009123620095,1.00225186735287,44.7432148680036,40.5548566509965
"r_new[25,9]",0.008662051206,0.0086804377,0.000308295921138774,0.000326951625209998,0.00814604662,0.009140065815,1.01118330897074,28.0543207806792,52.4502744151649
"r_new[26,9]",0.008612657181,0.00860278,0.000232775598745659,0.00022423116681,0.008284330995,0.00897112743,0.998601254245582,25.0610251654871,75.8429085384729
"r_new[27,9]",0.008566198353,0.00858480575,0.000278669759993966,0.000304849988099999,0.00817036095,0.009024138625,1.32920918307505,2.65458662730685,21.0246288509397
"r_new[28,9]",0.008667662986,0.0086752849,0.000278513340374417,0.000341737076100001,0.00825493453,0.00914807809,1.05988742730717,25.7839572628471,60.0313633245124
"r_new[29,9]",0.008730241244,0.0087166916,0.000249229888756387,0.000253166255580001,0.00838452647,0.009064215245,1.06688878313737,50.1329717303031,77.3212964411783
"r_new[30,9]",0.008700186089,0.0086967767,0.000254497669864821,0.000253370113079999,0.00833262669,0.00916932165,1.03197721635444,21.7785106504192,58.1996870625698
"r_new[31,9]",0.008580255476,0.00854120895,0.000217494365591334,0.00021513919644,0.008231297,0.00894943721,1.00241765843497,21.6583426284007,21.0246288509397
"r_new[32,9]",0.008561780213,0.0085560561,0.000226525444357574,0.00022353634632,0.008158166235,0.00888102109,1.06391002598662,36.3186931802199,40.5548566509965
"r_new[33,9]",0.00854480082,0.0085301741,0.000278654277554733,0.000249748417800001,0.00806711405,0.008994750685,1.09836874876532,31.232199379187,30.6204069389591
"r_new[34,9]",0.008639591062,0.0086288907,0.000237493612824306,0.000265812018150001,0.00825835266,0.009056453965,0.996868933129025,35.6452270286425,58.9391161255239
"r_new[35,9]",0.008702573652,0.00868665195,0.000254164382803288,0.000268331770979999,0.00834642218,0.00914092132,1.0022269884779,28.2463797879946,49.8082327516251
"r_new[36,9]",0.008648951891,0.00864555665,0.000271639332694343,0.00022673794689,0.00824401579,0.00913477798,0.9937282200178,33.3841016373075,54.856456899439
"r_new[37,9]",0.008614978027,0.00863731005,0.000310662402313593,0.000295862170380001,0.008091767785,0.00914248572,0.998362261700184,31.8916478964328,58.9391161255239
"r_new[38,9]",0.008636385632,0.0086268751,0.000268464154028973,0.00029662489395,0.008241688085,0.009084539985,1.05996753841157,17.630283514272,26.1467204542058
"r_new[39,9]",0.008662878502,0.0086674439,0.000309396008602128,0.00035434695975,0.00820407748,0.00914165323,1.0582659122346,16.0773862441258,19.9180514454814
"r_new[40,9]",0.008424511863,0.00847425775,0.00064636283299953,0.00058788989238,0.007219554105,0.00951958199,1.02589239062634,14.7254120992365,21.0246288509397
"r_new[1,10]",0.008913907163,0.0089268725,0.000233852651269386,0.000235569276180002,0.008515230625,0.009269515495,1.07410580771557,8.43997200330513,56.8419098881722
"r_new[2,10]",0.008662630886,0.0087246929,0.000369979938868199,0.0002772150654,0.008052970945,0.00929134667,1.00953183723615,17.0499590453397,16.2745280386869
"r_new[3,10]",0.008773471974,0.00881593765,0.000385918111801954,0.000387727328099998,0.008061434725,0.00925156894,1.50711684970079,2.28544748525257,44.8258196721311
"r_new[4,10]",0.00861020842,0.00861399025,0.000276475806365551,0.000324325718219999,0.008223839685,0.00899818944,1.13880713424895,6.86495402995523,27.5894687056597
"r_new[5,10]",0.008564304051,0.00857382785,0.00028794078879245,0.000330052927889999,0.00812518526,0.00901771036,1.2254462740965,4.41148089179682,61.2489876200394
"r_new[6,10]",0.008644854458,0.00866462215,0.000247549654312046,0.00024680938569,0.008221287905,0.008978238895,1.13356262008228,27.1092753379801,37.1482290150413
"r_new[7,10]",0.008677092025,0.0087086695,0.000324194593254788,0.00033791693481,0.008100878375,0.009148514685,1.02394741189876,23.4979752157612,31.5354895261113
"r_new[8,10]",0.008709720508,0.0086923773,0.000285006273577894,0.00029839200489,0.00833293507,0.00922745879,0.998081374035853,22.8867046618797,65.7762636916379
"r_new[9,10]",0.008709920401,0.0087570393,0.000305101499748666,0.00030855063183,0.00807635724,0.00910449033,1.06148961089047,38.2049061271777,52.4502744151648
"r_new[10,10]",0.008792415053,0.00875353725,0.000247455964201852,0.00022023481851,0.00845976228,0.009243255685,0.998570357362981,42.9964941373877,39.7404703974047
"r_new[11,10]",0.008611026263,0.00860958615,0.000238611362919266,0.000209103457710001,0.00825344483,0.008991197885,1.11311085803613,8.18277988661451,16.6318190458087
"r_new[12,10]",0.00855623962,0.0085536029,0.000207868519102298,0.000229484092740001,0.00817275342,0.00883630212,1.08638348997163,14.7055831064255,20.1265094882117
"r_new[13,10]",0.008562678767,0.00854285075,0.000261056254867502,0.00024276366681,0.00812383441,0.008982338665,1.02386393233513,26.6999776600061,49.8568790552336
"r_new[14,10]",0.008634003398,0.00861862685,0.000276931164284633,0.0003003295407,0.008175345005,0.009154874715,1.0292749543547,29.5650020960738,25.9952465834819
"r_new[15,10]",0.008654341574,0.0086616549,0.000241419634052121,0.00022148205576,0.008259228,0.009015301165,1.00106351464832,37.267716862557,31.7839996054474
"r_new[16,10]",0.008636762093,0.00861603185,0.000233829995697343,0.000264845362949999,0.008285113485,0.00902868993,1.14604315271581,5.9046345647984,23.084460860061
"r_new[17,10]",0.008695177073,0.0086686333,0.000215354164210047,0.000244060867679998,0.008417760295,0.009048960775,1.01910338931737,30.9350417409427,34.2306391066433
"r_new[18,10]",0.008656287808,0.00864357935,0.00025710558961828,0.000280662703440001,0.0082189412,0.009071723975,1.04614158690232,35.8710711118674,30.6204069389592
"r_new[19,10]",0.008606991514,0.00858403155,0.000258049830138831,0.000231884348010002,0.00818640753,0.009017037955,1.00806186816525,38.2080477316706,76.6284020089591
"r_new[20,10]",0.008617556482,0.00862837505,0.000307285254323563,0.000309796312350001,0.008031673405,0.0091177546,1.09530418424056,18.2091708043602,21.0246288509397
"r_new[21,10]",0.008742506355,0.00875112615,0.000260803898621833,0.000236815253220001,0.00830652902,0.009155914545,1.04217383920864,39.6798615023206,20.061905307807
"r_new[22,10]",0.008642704681,0.00866894135,0.00019645317127153,0.00018451016304,0.00833201908,0.0089181324,0.995763193875151,30.7703636525615,31.7839996054474
"r_new[23,10]",0.008644643522,0.0086344657,0.000342757238819295,0.000346748264099999,0.0080985351,0.009326119065,1.12680829079337,7.21540930674083,19.9339332498006
"r_new[24,10]",0.008659464238,0.0086380278,0.000198017905028989,0.000192073202160001,0.00834032381,0.009013285775,1.00189112260457,57.1243833666923,58.1996870625698
"r_new[25,10]",0.008666942574,0.008645314,0.000242413958035808,0.00023558358327,0.008297696215,0.009075268845,1.04103377341087,39.3875561225763,74.7352313149317
"r_new[26,10]",0.008685593296,0.0086675798,0.000231806142199171,0.000278648665470002,0.008335028155,0.00905675021,0.991226968334697,31.3568385734296,67.4943422688298
"r_new[27,10]",0.008676007986,0.00865407595,0.00027555592329285,0.00029855701827,0.00829118099,0.00910633088,1.09364519173229,28.7493731866909,31.6824001034527
"r_new[28,10]",0.008587039952,0.00862709835,0.000300445310645302,0.000343237689690001,0.00809580645,0.00899163777,0.990495990502877,21.102058122431,71.2874531148375
"r_new[29,10]",0.008635843658,0.0085994935,0.000224272482864971,0.00022623705048,0.00831137064,0.009059796155,1.01435714502132,50.9651978473544,53.3800336154148
"r_new[30,10]",0.008614111637,0.00860373315,0.000194209379596705,0.00018799523673,0.00832982578,0.00893813225,1.10679177715468,13.105210937623,48.4074922943175
"r_new[31,10]",0.00861964905,0.0086293943,0.000299389935026079,0.000281398443690001,0.008143739065,0.00908721214,1.02705763047935,20.3079101432184,52.4502744151648
"r_new[32,10]",0.008710554544,0.0087319694,0.000219203603160664,0.000232975319219999,0.00835333927,0.00902295098,1.02610973136981,37.5295472110191,51.556342412722
"r_new[33,10]",0.008737249918,0.00871316,0.00023311776546682,0.00021079844016,0.00837558548,0.009151126055,1.01183950473918,26.4651111334583,44.5810103703794
"r_new[34,10]",0.008665431136,0.0086499957,0.000254875961523794,0.00023197663986,0.008225044795,0.009097090265,1.02237883649123,21.2602913583915,43.1269119030573
"r_new[35,10]",0.008686694224,0.0086541043,0.000275465613186374,0.00025193102739,0.008214463245,0.00912319297,1.06182306134926,17.4544869372878,34.362847091416
"r_new[36,10]",0.008626103812,0.00865995245,0.000248844101155623,0.00026207512485,0.00819263704,0.00898545846,1.0061399966082,30.7164051602505,71.2874531148375
"r_new[37,10]",0.008596121194,0.00858560325,0.000313171921417956,0.000330927810150001,0.00805152504,0.00913684326,0.991477746856771,23.2973964249349,44.5810103703794
"r_new[38,10]",0.008650646388,0.0086509652,0.000285822820223512,0.00028411308429,0.008225110215,0.00911556133,0.992085821183157,42.0483051580785,58.9391161255238
"r_new[39,10]",0.00859441361,0.0086180673,0.000300826604013675,0.000350701246350001,0.008147660765,0.009040994065,0.995406598068471,22.3340957780987,16.5766789807711
"r_new[40,10]",0.008770389039,0.0087790442,0.000639506980076633,0.00055989010182,0.00774184572,0.009681188235,1.07700988811242,9.00610407852018,21.2275594371664
"r_new[1,11]",0.008852127235,0.00883555005,0.000353775050012099,0.00040001081736,0.00832157018,0.00941789202,1.64686199904811,1.7344306489636,13.4809450967877
"r_new[2,11]",0.008696040577,0.008695924,0.000271935361368408,0.000274783304880001,0.00819143478,0.009094858035,0.99379659806758,36.8391943633756,44.0855369801369
"r_new[3,11]",0.008671693988,0.0086366192,0.000286466190115386,0.000246504785520001,0.008217603305,0.00914603485,1.00445503122129,25.09601501375,26.9065190651906
"r_new[4,11]",0.008723464207,0.00871839585,0.000297454088445969,0.000318121926779999,0.00827325011,0.009226437785,1.00435517745979,50.3286981353458,58.9391161255238
"r_new[5,11]",0.008618782397,0.0085732847,0.000293784706841011,0.00036443975925,0.008205600035,0.009114594455,0.998214285897204,35.8707930081191,40.5548566509965
"r_new[6,11]",0.008669518734,0.0086390826,0.000325023014932092,0.000303819136320001,0.008170664995,0.00918127546,1.05645410345075,13.7176846033234,44.5810103703794
"r_new[7,11]",0.008597855842,0.0085324759,0.000249336660217125,0.000252744974790001,0.008256557145,0.009066068645,1.07818183881265,32.1966867467305,58.9391161255239
"r_new[8,11]",0.00867064533,0.00864560125,0.000269248142847139,0.000266571183480001,0.008200533745,0.00910946228,1.02453886402471,17.163912056704,54.3553240438646
"r_new[9,11]",0.008600735007,0.00857384205,0.000322200841138645,0.00035025053595,0.008133148595,0.00917499998,1.01934163105886,23.9009123999961,31.7839996054474
"r_new[10,11]",0.008680656087,0.0086555642,0.000317755938980114,0.00019473713784,0.008228007625,0.009344535485,1.25092261502241,3.41370120386427,13.788213047589
"r_new[11,11]",0.008580787154,0.00859924895,0.000311989334782695,0.000330446039280001,0.008100780175,0.00905209221,1.13278753651382,6.66097512482213,40.5548566509965
"r_new[12,11]",0.008549400619,0.00855404025,0.000263477871598853,0.00025415114676,0.008146859985,0.008938115535,1.17723607570185,5.2857327110337,21.5942744323791
"r_new[13,11]",0.008686206818,0.0086391348,0.000295419712037956,0.00028891315005,0.00830048287,0.009231383145,1.05449645135403,18.1639422204963,44.5810103703794
"r_new[14,11]",0.008617606852,0.00862907815,0.000273035321234873,0.000271574736090001,0.00811437975,0.008983329145,1.13308506316747,6.89967493742547,13.4809450967877
"r_new[15,11]",0.008669505706,0.00866635755,0.000255410418762429,0.000255809064210001,0.00826676803,0.00914610432,0.993934795259855,21.8772668567214,21.0246288509397
"r_new[16,11]",0.00858309375,0.00859889575,0.000248784610698664,0.000219350373479997,0.008139473525,0.008986106175,1.00773499066565,24.002123727645,51.5338182396663
"r_new[17,11]",0.008640247463,0.0086284911,0.00026277600640318,0.00028184433564,0.008249650375,0.009077863775,1.06024221775541,11.6803466268466,58.361007520573
"r_new[18,11]",0.008636686084,0.0085962653,0.000206982102223333,0.0002278667244,0.00832739661,0.00901588227,1.01847884969658,47.0290703618047,44.8258196721311
"r_new[19,11]",0.008642305522,0.00859975065,0.000252033417321064,0.0002024075172,0.00823885984,0.009029681955,1.05704106834928,33.3409600183369,50.7015438102727
"r_new[20,11]",0.008669994413,0.008684385,0.00027385570053374,0.000276238402650001,0.008204000705,0.00910292656,1.02157405278329,23.6855936968905,24.3582350718816
"r_new[21,11]",0.008574193106,0.0085571329,0.000292433902751449,0.000278598479460001,0.008096117355,0.00903403331,1.07857338854557,20.9170825396072,30.6204069389592
"r_new[22,11]",0.008693409281,0.0086971166,0.000233117160701429,0.000226541873039999,0.008323900605,0.009062179765,1.06775395757372,23.5908423444314,52.4502744151648
"r_new[23,11]",0.008568716702,0.0085554731,0.000249966499320727,0.00025216690905,0.008143724285,0.00898963648,1.09611590368524,14.9845422828792,33.4964862869487
"r_new[24,11]",0.008574799301,0.00858076315,0.000264133304773613,0.00027657903,0.008175702855,0.00899803286,1.28066263770215,3.26659181895943,55.5782405516991
"r_new[25,11]",0.008669877761,0.00866393205,0.000240039323403312,0.000221077899,0.00830178662,0.00910944033,1.00253988026883,34.1731952397357,30.6204069389592
"r_new[26,11]",0.008630888854,0.00862308765,0.000253011549386206,0.00026576131323,0.00823147125,0.00900560698,0.998666354709469,35.6347033148086,59.8640966872305
"r_new[27,11]",0.00860563915,0.00859295535,0.000263218398077033,0.00025990778604,0.00820831654,0.00903369142,1.06774099487885,21.8512903991578,44.2494665173219
"r_new[28,11]",0.008632411879,0.00863441955,0.000279504651189582,0.000310763041679999,0.008139836515,0.009073309305,1.05556643618208,18.5680617041243,34.2306391066432
"r_new[29,11]",0.008530466175,0.00850934975,0.000244611418100493,0.00021180171558,0.00819109587,0.00899175248,1.04240164801654,34.1631805869245,44.5810103703794
"r_new[30,11]",0.008563939204,0.0084881067,0.00031250208255087,0.000330555974069999,0.008097595735,0.009083494275,1.37612582563315,12.2509967116105,40.5548566509965
"r_new[31,11]",0.008643918992,0.00862448295,0.000242369648847222,0.00025255913088,0.00826935677,0.00900935991,1.03531508200007,17.1940780374856,51.556342412722
"r_new[32,11]",0.008597308173,0.00862018655,0.000271636963688166,0.000267054066300002,0.008059254805,0.009014429425,1.02447659905589,25.5041718274725,21.5942744323791
"r_new[33,11]",0.008653060711,0.0086336388,0.000249967738234295,0.00027567138228,0.008278010785,0.00905752773,1.00473839197762,36.4744495603857,58.1996870625698
"r_new[34,11]",0.008587157606,0.0085963874,0.000273947175034589,0.000302888434170001,0.0081656941,0.00900957495,1.09261684888502,12.5787016381832,56.8419098881722
"r_new[35,11]",0.008545512966,0.0085273322,0.000257260072660347,0.000266971263090001,0.00815402872,0.00899004608,1.08076744419464,10.2974689839704,73.5691550057053
"r_new[36,11]",0.008531543443,0.0085472711,0.00027008290986729,0.000253272483870001,0.008058024255,0.0089715944,1.20745890797665,5.30174327535381,30.6204069389592
"r_new[37,11]",0.008603462746,0.00861831055,0.00027293318556413,0.000278320417830001,0.00819542553,0.009053310655,1.23256278237449,4.99848251616669,40.5548566509965
"r_new[38,11]",0.008705781286,0.00871408835,0.00032276339327291,0.000357978291930001,0.00809709679,0.009145644075,1.04137807949235,31.5450399484472,31.7839996054474
"r_new[39,11]",0.008748974402,0.00877499975,0.000224835486319535,0.00024478578495,0.0084260272,0.009080372135,1.38033023872785,2.5319174623959,26.493933429937
"r_new[40,11]",0.008925714166,0.00887752635,0.00094857122043708,0.000908854482270002,0.00743116604,0.01048287945,0.990192986203404,14.3668998806288,54.856456899439
"r_new[1,12]",0.008469976842,0.0084884356,0.000104491826461639,0.00010389667911,0.00829130214,0.00862563232,1.67907062739196,1.81050518530589,31.6824001034527
"r_new[2,12]",0.00848365287,0.0084951709,0.00012697289377284,9.98204186700006e-05,0.008222815665,0.00868243314,1.16178063742211,5.83299683127922,15.7218578744048
"r_new[3,12]",0.008365735963,0.0083645624,0.000146153953506096,0.000142856145389999,0.00812842966,0.00861341738,1.04216999938059,12.7442948680868,12.7390522145152
"r_new[4,12]",0.008387278211,0.0083731289,0.000132102288940141,0.000106297749809998,0.008203940185,0.00864314042,1.25435413226611,3.70102516754488,29.2691085465796
"r_new[5,12]",0.00849482093,0.0084791508,9.84687988633219e-05,8.93738708099997e-05,0.00836702334,0.008646115515,1.0077503041135,23.1456749964997,21.4750276107498
"r_new[6,12]",0.008614227272,0.0086045083,0.000102041794675294,9.3807956760001e-05,0.008473416185,0.008782472295,1.03079076184538,15.3395266117519,50.6534301172039
"r_new[7,12]",0.008567512385,0.0085998309,0.000182403148064254,0.00018832696848,0.00824321897,0.008812218755,1.03669251199403,7.48414361266131,21.0246288509397
"r_new[8,12]",0.008500700778,0.0085351016,0.000155979049184035,0.000137829834870002,0.00824268822,0.008689817485,1.26318567280638,8.68990613694158,14.4246620507748
"r_new[9,12]",0.008527948289,0.00854982485,0.00013236699880784,0.0001153129215,0.0082692878,0.008709207025,1.11568010432448,11.8594628292836,16.4458227610187
"r_new[10,12]",0.008623625585,0.00861927425,0.000147493279480805,0.000160196783250001,0.00836665803,0.0088711392,1.40961489059195,2.32283175838493,21.0246288509397
"r_new[11,12]",0.008642116524,0.00862408805,0.000138447205734998,0.00013713842436,0.008432412595,0.008848577195,1.01301335176007,14.2215458609601,21.5942744323791
"r_new[12,12]",0.008698322904,0.0087208807,0.000156518029340726,0.000151246104660001,0.00840380895,0.00892236673,1.11707504955743,10.8975522720832,12.7390522145152
"r_new[13,12]",0.00860796646,0.00858556095,0.000130685460765354,0.000114548937719997,0.00842051017,0.008838500845,1.00232310328806,15.4942332744946,44.5810103703794
"r_new[14,12]",0.008589223579,0.00865427035,0.000171557347551078,0.00016220177736,0.00827915205,0.008802121905,1.07412124676898,7.48635963038401,30.6204069389591
"r_new[15,12]",0.00859348878,0.00858901125,0.000120437691778746,0.000136419140970001,0.008429787045,0.008776706685,0.998579773078523,15.7680923173441,29.4163175473866
"r_new[16,12]",0.00853454347,0.0085171615,0.000128111026557606,0.000135878955660001,0.008363542265,0.00876529885,1.28473677621239,8.99899997781844,21.0246288509397
"r_new[17,12]",0.00849035224,0.0085113683,0.000147463502168429,0.00012945937179,0.00818311661,0.008687778045,1.04243117118108,9.49389655574356,43.6009559160014
"r_new[18,12]",0.008617588216,0.00861162725,0.000151628079691661,0.000180139606500001,0.008379949905,0.00886312855,1.89702121422975,1.5856187687434,18.1403545143569
"r_new[19,12]",0.00860282405,0.008590286,0.00012824966496958,0.00014176206072,0.00841500307,0.00881400957,1.12134506943861,13.2808221187029,21.0246288509397
"r_new[20,12]",0.008564849692,0.00857742585,0.000191089366379471,0.000214945494750001,0.008220589755,0.00886386956,1.12827048663531,8.50164533146289,13.2545633568129
"r_new[21,12]",0.008588862346,0.008589724,0.000120726835948459,0.000121072451850001,0.00836292806,0.008755866525,1.13674020445478,6.8457024775925,21.0246288509397
"r_new[22,12]",0.008689408589,0.00868944725,8.56866949353257e-05,6.67128487199997e-05,0.00856903164,0.008860021165,1.08540915405707,20.5758742702353,21.5942744323791
"r_new[23,12]",0.008724107462,0.0086756732,0.000158366654067539,9.91539899699977e-05,0.008530090465,0.009067648145,1.13745290545826,7.74479183389358,15.0589450133379
"r_new[24,12]",0.008701197872,0.00872229585,0.000102179088412023,9.75982236600005e-05,0.008522946435,0.008852620635,1.12225056605654,6.69526181775403,42.9711796108348
"r_new[25,12]",0.008643534379,0.0086503753,0.00010048125046282,9.85951238999997e-05,0.008466859265,0.00881069407,1.10194329231301,10.7266556420164,21.5942744323791
"r_new[26,12]",0.008712380713,0.00873159065,0.000116736219176417,9.97828347600016e-05,0.008481617005,0.008878639005,1.10709282174189,18.7443283399745,18.0096737676237
"r_new[27,12]",0.008678569391,0.00866471525,0.000146940668103467,0.000131020030680001,0.00843559105,0.008951017335,1.1002600345466,12.1417206089879,13.219519564889
"r_new[28,12]",0.008761464802,0.00875091485,0.00018859282672207,0.00017817894213,0.00840827089,0.009055055615,1.17352073535357,6.38615131173301,19.9339332498007
"r_new[29,12]",0.008801243441,0.0088100843,0.0001364447375973,0.00016354197363,0.00859389375,0.009001358495,1.22018148756572,9.08297450908183,18.1667185715768
"r_new[30,12]",0.00871062637,0.0087166995,0.000125270759345735,0.000117713176770002,0.008481845935,0.0088989236,1.14612665364858,17.9781564214088,13.0041082366429
"r_new[31,12]",0.008617078353,0.00860942625,0.000136834363905215,0.00016156092351,0.00841090322,0.00882940409,0.99711969737667,16.1607715531953,21.0246288509397
"r_new[32,12]",0.008588555107,0.00859758185,0.000177242124160628,0.000202660597020001,0.008285010675,0.00884577362,1.02437071324366,10.8292870013716,29.4472616381001
"r_new[33,12]",0.008600985676,0.00858215075,0.000141411288353707,0.00016868451999,0.008399301795,0.008844518765,1.31743835495014,2.75915713867942,52.2238977401647
"r_new[34,12]",0.008502192348,0.0085062845,0.000124017766430744,0.00011903091165,0.008288262865,0.008684720785,1.01941556705601,9.89580549408059,14.3419111621046
"r_new[35,12]",0.008566711621,0.0085801076,0.000146412985695789,0.000119277319769998,0.008299810155,0.00879038631,1.14878464793755,5.24967944635722,21.0246288509397
"r_new[36,12]",0.008666943592,0.00866764475,0.000164835894489389,0.00014048843319,0.008338576955,0.008911075615,1.24733149746658,7.82323485320099,21.0246288509397
"r_new[37,12]",0.008682417736,0.0086536956,0.000140051613277716,0.00012101663196,0.008491972345,0.00893990654,1.44441425436253,2.45360393042632,40.5548566509965
"r_new[38,12]",0.00868118653,0.00867887625,0.000185742658306346,0.000208266530009999,0.008390766265,0.00898672641,1.14422023936654,5.31652415707335,21.5942744323791
"r_new[39,12]",0.008749067652,0.00874266225,0.000152699821484392,0.000149149782390003,0.0085128403,0.008997790725,1.06755301690796,9.52536035107393,34.3628470914159
"r_new[40,12]",0.008810362194,0.00881963145,0.000238382431440624,0.0002148250335,0.00842500375,0.009208198135,1.14226856089604,7.23365705925668,30.6204069389592
"sum_exp_g[1]",11.23854979,11.2100915,0.15138445253786,0.1505217063,11.01588195,11.5003981,1.67907062739196,1.81050518530589,31.6824001034527
"sum_exp_g[2]",11.21970117,11.200411,0.184032632534496,0.14247786,10.937274,11.6045113,1.16178063742211,5.83299683127922,15.7218578744048
"sum_exp_g[3]",11.392909,11.390914,0.215893413727817,0.2113386996,11.03292195,11.7508734,1.04451854912467,12.7442948680868,12.7390522145152
"sum_exp_g[4]",11.36035857,11.3782425,0.192677692179561,0.158492163900002,10.9915444,11.6335114,1.25435413226611,3.7010251675449,29.2691085465796
"sum_exp_g[5]",11.20252661,11.2234615,0.140594282171614,0.129214520400001,10.9874169,11.38727415,1.00858661302674,23.1456749964997,21.4750276107497
"sum_exp_g[6]",11.03345018,11.04538,0.141579980329882,0.1322953632,10.80129855,11.23173995,1.03079076184538,15.3395266117519,50.6534301172039
"sum_exp_g[7]",11.10286412,11.051932,0.259588715348663,0.263994721200001,10.761463,11.5733136,1.03669251199403,7.4841436126613,21.0246288509397
"sum_exp_g[8]",11.19658537,11.143333,0.226388160124327,0.198256237200001,10.9271684,11.5741231,1.25575831273205,8.68990613694158,14.4246620507748
"sum_exp_g[9]",11.15645248,11.122421,0.190995411627709,0.162022975799999,10.9005752,11.5336768,1.11568010432448,11.8594628292836,16.4458227610187
"sum_exp_g[10]",11.02216017,11.024746,0.205723938281478,0.220725040200001,10.68334575,11.38781045,1.40961489059195,2.32283175838492,21.0246288509397
"sum_exp_g[11]",10.99598327,11.018033,0.190565579337772,0.191184976500001,10.71314015,11.29121255,1.01186790736883,14.2215458609601,21.5942744323791
"sum_exp_g[12]",10.9193191,10.8846455,0.216331805722229,0.206094743400001,10.6162646,11.33304765,1.12034649608606,10.8975522720832,12.7390522145152
"sum_exp_g[13]",11.04326977,11.071964,0.181579725497353,0.159629318099999,10.72648825,11.308591,1.00232310328806,15.4942332744946,44.5810103703794
"sum_exp_g[14]",11.0716374,10.9761195,0.243912879488235,0.221656112999999,10.77495845,11.5187472,1.07594456262357,7.48635963038401,30.6204069389592
"sum_exp_g[15]",11.06317425,11.0671135,0.169255290866163,0.1937372724,10.80905095,11.29504045,0.998579773078523,15.7680923173441,29.4163175473867
"sum_exp_g[16]",11.14681543,11.1689105,0.18098138355985,0.194095320300001,10.8244259,11.3924257,1.29348028155273,8.99899997781844,21.0246288509397
"sum_exp_g[17]",11.2110256,11.1771955,0.214678358322163,0.1839476646,10.9299346,11.6656606,1.04243117118108,9.49389655574356,43.6009559160014
"sum_exp_g[18]",11.03078517,11.0354235,0.211732186289402,0.2516743152,10.69391085,11.36816195,1.89702121422975,1.5856187687434,18.1403545143568
"sum_exp_g[19]",11.05038512,11.065323,0.179351401688027,0.197889293699999,10.7590757,11.31664165,1.12134506943861,13.2808221187029,21.0246288509397
"sum_exp_g[20]",11.10714962,11.083413,0.2714790381837,0.3068025723,10.6929263,11.60792595,1.13038173865732,8.50164533146289,13.2545633568129
"sum_exp_g[21]",11.06969661,11.0661125,0.170611293656278,0.1700645982,10.8371576,11.3933375,1.13674020445478,6.8457024775925,21.0246288509397
"sum_exp_g[22]",10.92883267,10.927638,0.117041924864559,0.0920494448999992,10.6980059,11.0952493,1.08540915405707,20.5758742702353,21.5942744323791
"sum_exp_g[23]",10.88405666,10.9465745,0.211889656653962,0.135492590100001,10.43014955,11.15046665,1.138170151859,7.74479183389358,15.0589450133379
"sum_exp_g[24]",10.91315993,10.882717,0.140264056109857,0.132944742,10.70778595,11.16065175,1.12226594312633,6.69526181775403,42.9711796108348
"sum_exp_g[25]",10.99260156,10.9815125,0.139648244070399,0.1365652512,10.7634967,11.2412065,1.10194329231301,10.7266556420164,21.5942744323791
"sum_exp_g[26]",10.89837679,10.870068,0.161088711714647,0.1349469933,10.67347585,11.2199078,1.11111656090849,18.7443283399745,18.0096737676237
"sum_exp_g[27]",10.94596749,10.961683,0.201693834172695,0.180874234800001,10.5790841,11.28659625,1.09859631707196,12.1417206089879,13.219519564889
"sum_exp_g[28]",10.83505342,10.843856,0.256270789525304,0.239658583500001,10.4460455,11.3265104,1.17352073535357,6.38615131173301,19.9339332498006
"sum_exp_g[29]",10.7789348,10.7643125,0.182864600004617,0.2187146346,10.51433025,11.060258,1.23277809499018,9.08297450908183,18.1667185715769
"sum_exp_g[30]",10.90107328,10.890346,0.171206307446886,0.162047438699998,10.64687745,11.2195795,1.1433019817198,17.9781564214087,13.0041082366429
"sum_exp_g[31]",11.03080754,11.0385005,0.190755737898763,0.224456744400002,10.73857025,11.3226452,0.996951093695691,16.1607715531953,21.0246288509397
"sum_exp_g[32]",11.07288465,11.0550845,0.251172476160533,0.282602092499999,10.71684705,11.50989055,1.02286710685143,10.8292870013716,29.4472616381002
"sum_exp_g[33]",11.05352665,11.076772,0.197428128241589,0.235488771,10.7185101,11.33966545,1.31743835495014,2.75915713867942,52.2238977401647
"sum_exp_g[34]",11.19292187,11.1844705,0.179156224057944,0.170518273799999,10.9341288,11.50498835,1.02126371120645,9.89580549408058,14.3419111621046
"sum_exp_g[35]",11.10205096,11.0796355,0.208445847625617,0.166365511199998,10.79067375,11.4876054,1.14878464793755,5.24967944635722,21.0246288509397
"sum_exp_g[36]",10.9629248,10.95764,0.229388184702242,0.193915184400001,10.6309846,11.4295322,1.2492858740206,7.82323485320099,21.0246288509397
"sum_exp_g[37]",10.94034375,10.9769145,0.190999305501639,0.168535296299999,10.59348185,11.20500675,1.44441425436253,2.45360393042632,40.5548566509965
"sum_exp_g[38]",10.94438255,10.942165,0.254785696845442,0.283741470599998,10.53307995,11.35221855,1.14422023936654,5.31652415707335,21.5942744323791
"sum_exp_g[39]",10.84993399,10.85504,0.207079347519644,0.204595093499999,10.5188913,11.1750878,1.06755301690796,9.52536035107393,34.362847091416
"sum_exp_g[40]",10.77244644,10.751577,0.317740616734459,0.2862033279,10.25568845,11.3020213,1.14226856089604,7.23365705925667,30.6204069389592
