"variable","mean","median","sd","mad","q5","q95","rhat","ess_bulk","ess_tail"
"lp__",1371.6077925,1357.7426,117.878807261238,147.61647747,1199.29664,1544.56461,3.10360515642693,20,20
"ksi",0.0682718209,0.0674124425,0.0175585303575228,0.025646118582,0.04562216815,0.09166800665,2.46000188748376,20,20
"sigma[1]",30.8094463,31.547069,14.7681761687009,18.4114627599,10.57236305,54.6742161,2.48662406796183,20,20
"sigma[2]",55.7022373,55.439033,26.926756613494,40.6601085555,18.6125745,94.5238501,2.6114125549846,20,20
"sigma[3]",38.453014425,32.861281,15.4752046451579,17.3448373245,20.8814697,60.9571925,2.25872753235327,20,20
"sigma[4]",84.629669775,88.158836,11.2159919363852,7.8676437378,60.19805185,95.65140285,1.53205863859731,20,20
"sigma[5]",52.39316165,51.4379765,19.0084139229386,26.1322171614,28.28429705,82.13234505,2.20829665990297,20,20
"sigma[6]",49.64316295,44.443387,18.3691198564136,19.4765655651,28.95792345,78.91975325,2.52877286029575,20,20
"sigma[7]",32.028297205,35.402581,13.4186648514343,11.6960712792,11.98669956,49.28112425,1.96355015476292,20,20
"sigma[8]",47.19038715,48.595861,12.7753377645063,13.0539482955,25.20051835,63.92247645,1.78236703911346,20,20
"sigma[9]",39.839398025,40.83823,19.4042517330197,24.1094489013,12.12759855,73.73680275,2.29502412657073,20,20
"sigma[10]",21.252714145,17.1098455,12.4913267105763,7.6990558092,10.19532345,45.2033159,1.8393588314443,20,20
"sigma[11]",59.03393195,57.024772,29.139306749472,42.5511959901,24.8565463,95.5994338,3.24835905277498,20,20
"lambda[1]",0.744387428925,0.64017271,0.521824494122762,0.684430073376,0.0873815342,1.617761015,1.56945854569078,20,20
"lambda[2]",0.8989632795,0.7897208,0.572894812875528,0.783735229242,0.1997545345,1.782558225,1.24392145211265,20,20
"lambda[3]",1.041181522775,0.93503001,0.608540456160022,0.697169914329,0.2002551485,1.952056825,1.86848583282967,20,20
"lambda[4]",1.146526522805,1.45105055,0.731687690050783,0.59388826959,0.00442853956,1.89217026,1.77192129200917,20,20
"lambda[5]",1.1607153435,1.31251995,0.516029224218626,0.62286279552,0.429327079,1.85826258,1.6069221390778,20,20
"lambda[6]",1.10120194175,1.0379504,0.516513164183025,0.617211257754,0.2837773825,1.903232965,1.38116171252658,20,20
"lambda[7]",1.0939144535,1.1584121,0.57818386747202,0.68017292091,0.153164687,1.916225035,1.91761683782045,20,20
"lambda[8]",1.10566112875,1.03288188,0.647448404684695,1.041333087417,0.2339362845,1.914029135,1.53744443364234,20,20
"lambda[9]",0.66288387655,0.513774075,0.486504563033046,0.480891399093,0.1258115696,1.61766359,1.25298508827645,20,20
"lambda[10]",0.98113017409,1.01254185,0.581208376012046,0.663942646668,0.0260267644,1.78819785,1.84650913571284,20,20
"lambda[11]",0.9245934175,0.935607235,0.450672181724116,0.428612387847,0.2579027775,1.660488355,1.25292303778383,20,20
"mu[1]",0.424662612075,0.38075097,0.69184863986518,0.813306486846,-0.472158849,1.420899535,2.61047850522869,20,20
"mu[2]",-2.151421969,-1.98622065,1.18818654218432,1.26530488077,-3.877647545,-0.401920873,1.67585955932536,20,20
"mu[3]",-0.731098709275,-0.8714363,0.560121008752038,0.59646532491,-1.35663068,0.1932913475,2.82195814399954,20,20
"mu[4]",-2.076399210725,-1.7947852,1.4554680553168,1.350958804398,-4.340348495,-0.2164484235,2.95526607407383,20,20
"mu[5]",-1.6546916731,-1.6561524,1.23275379634865,1.513495515924,-3.15026168,0.0863019101999996,2.21811143877442,20,20
"mu[6]",-0.023282773825,-0.31148264,1.14797213165793,1.088977609671,-1.50400594,1.86753357,3.99765544189408,20,20
"mu[7]",2.3258275075,2.34162995,0.686134562016966,0.68022710994,1.25668456,3.50612506,1.13849427552064,20,20
"mu[8]",0.475519461825,0.2163605315,0.977723158557818,1.068892123236,-0.7664521795,1.902936365,2.60059633439878,20,20
"mu[9]",-2.6873319775,-2.5233611,1.0030406624828,1.31567688294,-4.033490215,-1.52693493,2.59339318251841,20,20
"mu[10]",-0.9721725362,-1.6234323,2.30151438275732,1.92531036453,-3.25023616,3.208675695,2.47863298004888,20,20
"mu[11]",-1.0559654855,-0.808078325,0.579038051450283,0.451736722437,-2.12570989,-0.4457801975,1.66560833858413,20,20
"mu_t[1,1]",-1.4456993785,-1.557581,0.643215719475442,0.86798290677,-2.26832776,-0.433306894,2.975731658875,20,20
"mu_t[2,1]",0.572310885,0.584135115,0.962306096556511,0.972844069071,-0.9078672275,1.997944615,2.8805151974149,20,20
"mu_t[3,1]",0.17216626865,0.331769345,0.506844356278233,0.3291197305242,-0.7611934365,0.6594368,2.52324069214118,20,20
"mu_t[4,1]",0.82119811775,0.420213215,1.43013152134515,0.961068696483,-0.872669269,3.21210772,2.56199742641424,20,20
"mu_t[5,1]",0.2746816735,0.373757335,1.20895444316747,1.619246668179,-1.346726945,1.62309624,2.40728921325151,20,20
"mu_t[6,1]",-0.192802477775,0.23441333,0.889388410581322,0.535698717771,-1.669564095,0.636134592,2.80031731700736,20,20
"mu_t[7,1]",-1.51531735275,-1.49836735,0.61296729888663,0.895397300133,-2.30681171,-0.723712181,2.41319326757595,20,20
"mu_t[8,1]",-0.993701294825,-0.57835163,1.02861208063125,0.8038198046193,-2.541091565,0.0141268411499999,2.97115068342476,20,20
"mu_t[9,1]",0.9819054566,0.94032159,1.09964898157015,1.5573951284598,-0.268870323,2.342400065,2.99192295549544,20,20
"mu_t[10,1]",0.271405406,1.27105475,2.50463036087359,1.202708967621,-3.941475185,2.551493645,2.88008004205967,20,20
"mu_t[11,1]",-0.380221077725,-0.426683315,0.452440109671295,0.452715497892,-1.028041795,0.239440658,2.58985472119598,20,20
"mu_t[1,2]",-1.449450894,-1.55125915,0.625227999068897,0.79463683152,-2.259400625,-0.468624435,3.06618855266866,20,20
"mu_t[2,2]",0.56337491675,0.593933115,0.970364200207249,1.053302814039,-0.914521603,1.965782525,3.01700918308845,20,20
"mu_t[3,2]",0.16648358725,0.36912727,0.507423594930531,0.257329107273,-0.805747407,0.6322494135,2.88309416521877,20,20
"mu_t[4,2]",0.821361823,0.46757004,1.42398155242514,1.043835308502,-0.853338642,3.208275145,2.66814605292289,20,20
"mu_t[5,2]",0.28398240525,0.404608055,1.20836942310153,1.544598543957,-1.36668563,1.61684852,2.30435937155372,20,20
"mu_t[6,2]",-0.18764501265,0.24719156,0.876783344480922,0.482832063189,-1.6704214,0.5893376845,2.45363493565181,20,20
"mu_t[7,2]",-1.50694901125,-1.41261305,0.610717730575506,0.847086156441,-2.31665265,-0.8171043325,2.40683354903531,20,20
"mu_t[8,2]",-0.981930683525,-0.58733207,1.02767762098073,0.832572747825,-2.62624605,0.0296464086999999,3.33035693847515,20,20
"mu_t[9,2]",0.99665238124,0.973157835,1.09540314630758,1.5086127173775,-0.2590021915,2.308443315,2.63453090727923,20,20
"mu_t[10,2]",0.29070284925,1.27461395,2.50073953900649,1.23404040501,-3.92422538,2.551425415,2.8974574582792,20,20
"mu_t[11,2]",-0.388930777575,-0.4639343,0.446789704620593,0.474303673557,-0.995568114,0.2293152785,2.60440333930971,20,20
"mu_t[1,3]",-1.463969017,-1.64375235,0.615922452607026,0.74287807944,-2.248443135,-0.5253758105,3.11425119303587,20,20
"mu_t[2,3]",0.55940986625,0.573865095,0.960798522591898,1.001704449627,-0.8918441025,1.931731425,2.65823767511113,20,20
"mu_t[3,3]",0.1643203855,0.389194555,0.501558022460811,0.250837728498,-0.7306452345,0.6816862755,2.6672649143326,20,20
"mu_t[4,3]",0.82105793075,0.4403634,1.42744075661743,1.053757571937,-0.785726302,3.169709735,2.59870789023409,20,20
"mu_t[5,3]",0.27289222225,0.418939405,1.1991527182031,1.515151884057,-1.381249255,1.521682535,2.41331952997467,20,20
"mu_t[6,3]",-0.197383866575,0.24742854,0.890573534918342,0.4587045792,-1.719783615,0.5571005405,2.21838564023882,20,20
"mu_t[7,3]",-1.49876327975,-1.4207234,0.591258295605387,0.794196388125,-2.237020445,-0.8450191005,2.5076596021143,20,20
"mu_t[8,3]",-0.968670952375,-0.59017981,1.03031760689769,0.8427736496214,-2.55486673,0.05786449775,3.26716005730803,20,20
"mu_t[9,3]",0.990647887775,0.95457761,1.10433579438418,1.4705562805185,-0.3063994655,2.34015899,2.6236743783272,20,20
"mu_t[10,3]",0.30310822875,1.22416545,2.50682470559412,1.30482343551,-3.909930775,2.627131725,3.06930853328588,20,20
"mu_t[11,3]",-0.3826541467,-0.4524119,0.421037357897142,0.458693771046,-0.94440042,0.209232236,2.92657367632519,20,20
"mu_t[1,4]",-1.4975565155,-1.67033515,0.599739251788517,0.6683620104,-2.26298682,-0.552499851,3.62507401989443,20,20
"mu_t[2,4]",0.56712286625,0.60917221,0.94911859817004,1.062651096297,-0.786458854,1.918177185,2.91823581547185,20,20
"mu_t[3,4]",0.153182945,0.37702232,0.488869369854354,0.228574984659,-0.727500081,0.6988045015,2.60169778822825,20,20
"mu_t[4,4]",0.8158157845,0.48410838,1.42702778257637,1.043100709854,-0.7995688015,3.16105967,3.27682815020284,20,20
"mu_t[5,4]",0.2710923865,0.382004585,1.17006435338659,1.51374208713,-1.26633374,1.47585595,2.94573676540973,20,20
"mu_t[6,4]",-0.206041346625,0.255421545,0.898546220046081,0.429324280476,-1.749620535,0.551468315,2.18314484658714,20,20
"mu_t[7,4]",-1.51413004025,-1.49132275,0.568897427688408,0.789101292378,-2.23680319,-0.848948942,2.70808658705063,20,20
"mu_t[8,4]",-0.968579773205,-0.627291015,1.06004510101434,0.93012271745106,-2.67649758,0.0454008475999999,2.49524421503579,20,20
"mu_t[9,4]",0.9931429943125,0.936261855,1.11673665436501,1.4386572645606,-0.3613275205,2.399993075,2.37008258342569,20,20
"mu_t[10,4]",0.31121796425,1.22473655,2.50171496483645,1.35465406629,-3.89650629,2.601454235,3.08395519018342,20,20
"mu_t[11,4]",-0.38811205325,-0.48500027,0.411805806311949,0.458986651263,-0.9459555715,0.227686746,2.95603252533615,20,20
"mu_t[1,5]",-1.50325632675,-1.67807495,0.609100288369533,0.70743200451,-2.29267083,-0.5309288595,3.41305721207128,20,20
"mu_t[2,5]",0.5568824845,0.57663563,0.938200741548834,1.063329867642,-0.8286544425,1.89145753,2.93333904040154,20,20
"mu_t[3,5]",0.145294331,0.343571175,0.472653195456094,0.202853809452,-0.704880383,0.654925752,2.68211914410748,20,20
"mu_t[4,5]",0.80789280325,0.45495344,1.42104276472174,1.026707720262,-0.783404759,3.184611635,3.18119339330558,20,20
"mu_t[5,5]",0.2774635825,0.416872225,1.14970696188957,1.456301159355,-1.227487605,1.54510155,2.516175018505,20,20
"mu_t[6,5]",-0.225239531725,0.1867859385,0.890871904447033,0.4869228405069,-1.7860599,0.5255604535,2.15404999540846,20,20
"mu_t[7,5]",-1.475246882,-1.3989001,0.544445446909132,0.692092787694,-2.22149264,-0.7506676495,3.10372364093468,20,20
"mu_t[8,5]",-0.9785362217,-0.63636604,1.05690258906496,0.9139126790682,-2.694320935,0.03824641795,2.34482253872052,20,20
"mu_t[9,5]",0.9936558351,0.915373445,1.13112855190666,1.4456185282014,-0.3266220975,2.41683874,2.489083745585,20,20
"mu_t[10,5]",0.31193105975,1.27597955,2.52443118539944,1.28944057095,-3.9368607,2.6927616,3.28724751982006,20,20
"mu_t[11,5]",-0.406069359425,-0.451567785,0.405988909563742,0.466482565668,-0.955344452,0.24119344,3.40393957763473,20,20
"mu_t[1,6]",-1.50381942975,-1.66626265,0.6140518439802,0.80354962968,-2.319499165,-0.5587956655,3.33224383746531,20,20
"mu_t[2,6]",0.52219795425,0.56002114,0.948091918956124,0.935918292624,-0.9283659705,1.86484317,2.94111404785982,20,20
"mu_t[3,6]",0.1473615005,0.35854238,0.450536962119096,0.166069020852,-0.6551777395,0.6369671335,3.05410985653661,20,20
"mu_t[4,6]",0.801679743525,0.473830495,1.42307716914958,1.0576295071167,-0.80576173,3.1545736,3.16188850025226,20,20
"mu_t[5,6]",0.25187531625,0.39131094,1.15457145655454,1.451580939018,-1.27741217,1.510514285,2.29672063963373,20,20
"mu_t[6,6]",-0.239593805417,0.207834,0.882837035279189,0.357844813452,-1.80795639,0.471744021,2.2860086617917,20,20
"mu_t[7,6]",-1.4637549585,-1.39753315,0.543056950190177,0.691110958083,-2.206143095,-0.7306512,3.17117816876268,20,20
"mu_t[8,6]",-0.9961492656075,-0.656503325,1.07370487794254,0.9151110075681,-2.843128995,0.04110872955,2.17789795066679,20,20
"mu_t[9,6]",0.983770245975,0.941027185,1.14944797590316,1.5050330093295,-0.2978347785,2.432042715,2.67910938946635,20,20
"mu_t[10,6]",0.30805288725,1.22782895,2.55019487936186,1.46221269327,-3.97973504,2.73923984,3.49671647340599,20,20
"mu_t[11,6]",-0.39027008285,-0.44891098,0.402500507229303,0.472897931541,-0.8881291495,0.199580254,2.72272877852949,20,20
"mu_t[1,7]",-1.508158234,-1.62248765,0.596990841287534,0.84400904238,-2.32468277,-0.609346686,3.26496865945324,20,20
"mu_t[2,7]",0.5249909975,0.535104495,0.938145580749902,1.01475393159,-0.9492127205,1.85782431,2.68409319586709,20,20
"mu_t[3,7]",0.1283829824,0.342316835,0.449548099951818,0.191225206851,-0.671842425,0.6249225555,2.76210164976853,20,20
"mu_t[4,7]",0.820470143,0.456449485,1.40782847407087,0.935009488476,-0.758662304,3.14696154,3.17200246306771,20,20
"mu_t[5,7]",0.24435741975,0.37815055,1.16332602535851,1.48908815412,-1.256209725,1.477885605,2.69204578486525,20,20
"mu_t[6,7]",-0.25333322405,0.161959046,0.889347467379679,0.3971601837924,-1.78919198,0.4976156995,2.44612107854224,20,20
"mu_t[7,7]",-1.4113455225,-1.4112928,0.550253321072368,0.712061363706,-2.22983577,-0.6851931795,3.00746140800121,20,20
"mu_t[8,7]",-1.00193746295,-0.59411286,1.04897522136831,0.791249075694,-2.746170335,-0.0475006799000003,2.58481217410004,20,20
"mu_t[9,7]",0.9735161231225,0.896568441,1.14737392719479,1.4839337632686,-0.310650982,2.425033985,2.56303191216954,20,20
"mu_t[10,7]",0.312156017,1.1923444,2.55832012428855,1.58062958613,-4.06148018,2.716185515,3.55391360387604,20,20
"mu_t[11,7]",-0.39728176215,-0.4057886,0.413237936268219,0.523940639712,-0.9332992605,0.2049482015,2.66799189087199,20,20
"mu_t[1,8]",-1.51354935275,-1.6734603,0.585472158945661,0.75951040515,-2.31071269,-0.675435151,3.56501009965626,20,20
"mu_t[2,8]",0.52422232825,0.55732131,0.932771907329946,0.989544490599,-0.825640005,1.81950048,2.72306492465808,20,20
"mu_t[3,8]",0.124824921,0.32338288,0.460773083782065,0.193674899418,-0.7181259465,0.6287461295,2.69412295758675,20,20
"mu_t[4,8]",0.83735969045,0.542632895,1.38924516272746,1.1333418290166,-0.7193240225,3.13656681,2.9345299474205,20,20
"mu_t[5,8]",0.2264160505,0.370459775,1.15747499975379,1.495738942047,-1.30880723,1.442894075,2.5052046534185,20,20
"mu_t[6,8]",-0.26361268735,0.1539565725,0.903694440651061,0.4516588599915,-1.828353955,0.4822655475,2.3898133362387,20,20
"mu_t[7,8]",-1.41743083225,-1.42664425,0.566457420034766,0.754842172182,-2.21639732,-0.5984753405,2.85169750644621,20,20
"mu_t[8,8]",-1.0082465020475,-0.62140354,1.02710065551265,0.8094528432438,-2.716377935,-0.0286734792450001,2.88640466416762,20,20
"mu_t[9,8]",0.968859631275,0.881872114,1.14938357179207,1.491349297032,-0.36381842,2.448410015,2.6859951825195,20,20
"mu_t[10,8]",0.32036127425,1.24172065,2.56350391101787,1.48336161162,-4.11561003,2.792821425,3.57239849535451,20,20
"mu_t[11,8]",-0.404305842815,-0.36132111,0.422584211631506,0.6322684729305,-0.943424279,0.176397751,2.73059325577669,20,20
"mu_t[1,9]",-1.531713737,-1.6966884,0.585496779615919,0.7007227206,-2.317733635,-0.6570146285,3.72678725027054,20,20
"mu_t[2,9]",0.510150025,0.537356415,0.930065047819257,0.978978170898,-0.881359215,1.784703335,2.73978775140048,20,20
"mu_t[3,9]",0.127264760625,0.300233675,0.463006555116292,0.248720961174,-0.7326225185,0.632114173,2.63425228307772,20,20
"mu_t[4,9]",0.8611614815,0.52968599,1.37119665507327,0.992829895134,-0.7199202025,3.12696333,3.08329059344314,20,20
"mu_t[5,9]",0.20610049475,0.36369302,1.15352944071528,1.457914294872,-1.258832425,1.4395903,2.66478230531633,20,20
"mu_t[6,9]",-0.27619239545,0.088390437,0.912748644021945,0.5158567454208,-1.852228045,0.54090461,2.59601282087881,20,20
"mu_t[7,9]",-1.41855408875,-1.4370956,0.572507366025264,0.740244114519,-2.20831093,-0.600122868,2.90825511542043,20,20
"mu_t[8,9]",-1.01925580915,-0.683101605,1.01371946120751,0.8740196855439,-2.768436135,-0.03987672485,2.71537611172995,20,20
"mu_t[9,9]",0.96456014925,0.89880112,1.14165209804991,1.517282009607,-0.3933630545,2.42320371,3.15745882058399,20,20
"mu_t[10,9]",0.33611254675,1.26186235,2.55783982332088,1.42677744132,-4.048592625,2.74026213,3.69532158868394,20,20
"mu_t[11,9]",-0.40053604378,-0.399303595,0.40131816936702,0.59215444242696,-0.8887649855,0.1455241995,2.36903857724236,20,20
"mu_t[1,10]",-1.542327548,-1.66573165,0.57522160983622,0.79674797979,-2.3338825,-0.6400723415,3.55916559991279,20,20
"mu_t[2,10]",0.50553058775,0.51461332,0.903149037830558,1.062605306196,-0.830812364,1.741532885,2.84291773865839,20,20
"mu_t[3,10]",0.1291537305,0.32032497,0.474869033641201,0.20564514495,-0.6926653325,0.649459793,2.99493784705609,20,20
"mu_t[4,10]",0.859470456,0.542049855,1.37171234977158,1.011925249398,-0.755555636,3.08126326,2.79340921881775,20,20
"mu_t[5,10]",0.19457360425,0.37549318,1.16036452523948,1.441083426783,-1.35835776,1.46699523,3.41402594172544,20,20
"mu_t[6,10]",-0.296178633075,0.0448532885,0.927887359079951,0.5491771181379,-1.86466684,0.5357968295,2.78002855245609,20,20
"mu_t[7,10]",-1.3966903385,-1.3402298,0.582070886011976,0.627263181972,-2.23883801,-0.6139687545,2.84261169364221,20,20
"mu_t[8,10]",-1.035887986975,-0.719703335,1.00625399876104,0.821908228113,-2.79649313,-0.0301627209000003,3.28211474366583,20,20
"mu_t[9,10]",0.9861058158375,0.883675875,1.12364573663052,1.553925995685,-0.296864124,2.42299383,3.07210365849267,20,20
"mu_t[10,10]",0.343656748,1.29815575,2.55082910621088,1.329071076816,-4.051309765,2.76135644,3.92698948750182,20,20
"mu_t[11,10]",-0.417454008625,-0.432425495,0.421468632923579,0.5569657852563,-0.944507088,0.1584284075,2.05015326055433,20,20
"mu_t[1,11]",-1.5443772755,-1.63904975,0.558114675993065,0.83161050336,-2.359017275,-0.7384445035,3.15702672619689,20,20
"mu_t[2,11]",0.4976696285,0.53589227,0.887786121859975,1.068968677287,-0.8715605355,1.72234956,2.48583495998989,20,20
"mu_t[3,11]",0.133815986075,0.30383982,0.460371180090996,0.234742244835,-0.739502151,0.631987128,2.91049971837734,20,20
"mu_t[4,11]",0.8665919235,0.5050196,1.36955992593942,0.956348661471,-0.7244880725,3.10911933,2.74401186341158,20,20
"mu_t[5,11]",0.191499156,0.361144355,1.1592155153912,1.397352938877,-1.38908916,1.454646415,3.42931750335371,20,20
"mu_t[6,11]",-0.298551411075,0.0889957435,0.944124375444366,0.577590262767,-1.91376811,0.557163468,3.10484264620809,20,20
"mu_t[7,11]",-1.391427717,-1.3330333,0.578964589757473,0.663997777149,-2.248257025,-0.6073704805,2.93625577288579,20,20
"mu_t[8,11]",-1.0502944641,-0.728633575,0.986699650538032,0.806600427591,-2.73308379,-0.0887390190000003,2.9858813490744,20,20
"mu_t[9,11]",0.9957842687,0.91250178,1.11785244855035,1.541780640267,-0.3157417155,2.390946905,3.35054253304524,20,20
"mu_t[10,11]",0.34804356025,1.3416924,2.54349666481523,1.257463965345,-4.03048891,2.727958905,4.56495782047225,20,20
"mu_t[11,11]",-0.446297749475,-0.465443515,0.425261822126312,0.567315815115,-0.958423998,0.1303012115,2.0386479317589,20,20
"mu_t[1,12]",-1.52100674525,-1.5561097,0.559689476661238,0.909922651092,-2.328355065,-0.7580472295,2.79744687432675,20,20
"mu_t[2,12]",0.5120703305,0.51619095,0.841028942495747,1.032138647148,-0.74126192,1.674100615,2.8795947085717,20,20
"mu_t[3,12]",0.1303030112,0.322031995,0.469803038447321,0.211640149245,-0.848785455,0.5890289975,3.39204710277154,20,20
"mu_t[4,12]",0.87495713075,0.53873777,1.3569628966229,1.058682509682,-0.692753389,3.078879665,3.07085311350534,20,20
"mu_t[5,12]",0.2002137725,0.350369385,1.19525178290365,1.476993785316,-1.408588665,1.49532548,3.18791336020343,20,20
"mu_t[6,12]",-0.2889676253,0.067437486,0.96341660561017,0.6459564017424,-1.88274629,0.5757094225,3.50224362717128,20,20
"mu_t[7,12]",-1.3813354575,-1.29086445,0.584078641649678,0.66310878795,-2.209320305,-0.607355072,3.021448636784,20,20
"mu_t[8,12]",-1.06110739595,-0.74003031,0.976845813865487,0.799914917172,-2.713334635,-0.0983548935,2.73975698832945,20,20
"mu_t[9,12]",0.997759178725,0.94131085,1.10596020232479,1.5257156292231,-0.2997186845,2.39780249,2.9944077778604,20,20
"mu_t[10,12]",0.35779136125,1.3333088,2.51767475169384,1.256696415912,-4.040751115,2.708204895,3.49859282495579,20,20
"mu_t[11,12]",-0.456352167,-0.462390035,0.403146294784054,0.562655054451,-0.9174133735,0.0806056194999999,2.15872869769828,20,20
"mu_t[1,13]",-1.516692153,-1.56989535,0.55681569169045,0.933149611254,-2.30763656,-0.7675972095,2.75660177239189,20,20
"mu_t[2,13]",0.5093691725,0.53061615,0.83727187393963,1.012638135369,-0.731491053,1.68144811,2.66513549818852,20,20
"mu_t[3,13]",0.09995183015,0.27606547,0.45815436372065,0.201525770502,-0.840044652,0.565750413,3.22047913958901,20,20
"mu_t[4,13]",0.88380096,0.47998666,1.38074391124934,1.082700488835,-0.704231175,3.14410336,2.98076077022517,20,20
"mu_t[5,13]",0.20929666475,0.34951637,1.22230486972374,1.592620677018,-1.419346615,1.49724075,3.10026216664612,20,20
"mu_t[6,13]",-0.29657503435,0.052440288,0.972744307166325,0.7007042429562,-1.93846961,0.6066841795,3.0350566843965,20,20
"mu_t[7,13]",-1.37350415425,-1.34472865,0.583639947777961,0.734638611483,-2.219689325,-0.5958941905,3.02370018212511,20,20
"mu_t[8,13]",-1.05926580815,-0.77159984,0.961656814605928,0.791028368445,-2.64519521,-0.06116330175,2.48247916743451,20,20
"mu_t[9,13]",1.0031155962,0.9712035,1.10789940760261,1.5604575277158,-0.2842018345,2.39558308,2.95743434863982,20,20
"mu_t[10,13]",0.36214607375,1.31606625,2.49128579402272,1.247912218476,-3.97637047,2.642580645,3.63372925314251,20,20
"mu_t[11,13]",-0.495286033925,-0.499122675,0.393235459030327,0.532594909497,-0.9604876265,0.0968976330499999,2.0027673698718,20,20
"mu_t[1,14]",-1.51616474275,-1.53534015,0.547867132515758,0.890940530403,-2.32300932,-0.799836203,2.71150405610416,20,20
"mu_t[2,14]",0.48160987675,0.556500275,0.837283190501785,0.93498352815,-0.833211679,1.605938015,2.71743595414631,20,20
"mu_t[3,14]",0.098062718875,0.258663805,0.453526556087306,0.264571689816,-0.8120383865,0.555720945,3.10685767455639,20,20
"mu_t[4,14]",0.86324208325,0.46347201,1.38891665313818,1.041430812996,-0.717225205,3.117463065,2.9215809595757,20,20
"mu_t[5,14]",0.21448396,0.328942135,1.25248076366293,1.632922541229,-1.431100445,1.515362265,2.67572256479647,20,20
"mu_t[6,14]",-0.309363497725,0.07825289,0.989069340286882,0.67367364729,-2.03082954,0.6055249715,3.06715900976143,20,20
"mu_t[7,14]",-1.354670838,-1.2501583,0.58548372354626,0.695321482779,-2.180863045,-0.5934838255,2.84047327119018,20,20
"mu_t[8,14]",-1.0546699618,-0.78974636,0.963783777238195,0.810963585957,-2.64394682,-0.0276972204500001,2.87592113281193,20,20
"mu_t[9,14]",1.018385173555,0.972221,1.10925556001522,1.596956133003,-0.3417231655,2.416292185,2.9775848193526,20,20
"mu_t[10,14]",0.36200568575,1.2827086,2.46919063830861,1.309865987913,-3.950158995,2.617618455,3.53678883337859,20,20
"mu_t[11,14]",-0.5107873540575,-0.50745118,0.379868516222468,0.510433345695,-0.974505344,-0.00382959099500003,2.13190462289888,20,20
"mu_t[1,15]",-1.51226604875,-1.489638,0.544616631522606,0.821871726501,-2.336904495,-0.840852726,2.7724679237145,20,20
"mu_t[2,15]",0.45445313,0.51501088,0.810134795162759,0.878907808107,-0.807267601,1.550865965,2.74742234363163,20,20
"mu_t[3,15]",0.0946682147,0.240329945,0.45512228984512,0.3383675584779,-0.7257597895,0.586748505,2.9772338626194,20,20
"mu_t[4,15]",0.85757383125,0.430419815,1.3999126176319,0.951884286003,-0.7246618625,3.182370845,3.29929361850196,20,20
"mu_t[5,15]",0.19615938675,0.29485416,1.27009280892502,1.739075181564,-1.481492415,1.550877395,2.67615020020441,20,20
"mu_t[6,15]",-0.340693433,0.004966289,1.0026713842445,0.752870299356,-2.10674556,0.5963516125,2.91209734174974,20,20
"mu_t[7,15]",-1.3556089725,-1.3156296,0.597089250563394,0.771817475163,-2.18082251,-0.602070115,2.85968963733202,20,20
"mu_t[8,15]",-1.07362870985,-0.811548995,0.937637307649272,0.79372266036,-2.63254749,-0.0948550237000001,3.2310564940233,20,20
"mu_t[9,15]",1.023406839375,0.9515343,1.12252735919091,1.5685860475257,-0.2993950895,2.41936995,3.04015081954595,20,20
"mu_t[10,15]",0.36706809875,1.2877416,2.46563381360835,1.399025385807,-3.85212029,2.651217025,3.51478412087915,20,20
"mu_t[11,15]",-0.5133321692525,-0.51842781,0.383194702120657,0.510035334312,-0.992877971,-0.0206732545050001,2.32161748613466,20,20
"mu_t[1,16]",-1.51223216275,-1.5033413,0.538351015492817,0.767518187205,-2.33778545,-0.8420530655,2.51717501070579,20,20
"mu_t[2,16]",0.43205296475,0.516147595,0.828557840882601,0.826000915761,-0.8118103885,1.549609075,2.86422752064441,20,20
"mu_t[3,16]",0.06933305735,0.2220404,0.454102275743402,0.3150857480463,-0.723537339,0.557160349,2.99555415681132,20,20
"mu_t[4,16]",0.86196898825,0.452071555,1.42204768053979,1.029598367721,-0.6965140435,3.17983971,3.1520366684925,20,20
"mu_t[5,16]",0.19870653175,0.324643755,1.29861589333925,1.679229446937,-1.528840655,1.58627613,2.46989970919981,20,20
"mu_t[6,16]",-0.33043180843,0.0389811764,1.0333594661198,0.72450070921536,-2.05853195,0.676571747,3.1977758398008,20,20
"mu_t[7,16]",-1.36924390475,-1.3116556,0.58864489640758,0.737147593224,-2.181296735,-0.634259488,2.79604080169278,20,20
"mu_t[8,16]",-1.098846982,-0.8135177,0.920773535376854,0.78840968913,-2.631038625,-0.0856712291,3.13785695141299,20,20
"mu_t[9,16]",1.026355631725,0.930689405,1.10729565583722,1.600137021651,-0.251347125,2.44143829,2.93129461455075,20,20
"mu_t[10,16]",0.38069561475,1.28751565,2.45124307268644,1.33935949056,-3.819617635,2.682690115,3.64291028078108,20,20
"mu_t[11,16]",-0.5194417796,-0.525916935,0.383734321031533,0.549952337802,-0.976099756,-0.0719810944000001,2.37528743748597,20,20
"mu_t[1,17]",-1.51471337175,-1.49611155,0.534140488194913,0.70125927354,-2.35888522,-0.8924149785,2.49317044583102,20,20
"mu_t[2,17]",0.42831533775,0.555000495,0.835422550308967,0.851694232914,-0.943520689,1.52034973,2.99908478688307,20,20
"mu_t[3,17]",0.0582356696825,0.19468321,0.465783818235584,0.32045169235191,-0.7720563905,0.573287761,3.20188150415178,20,20
"mu_t[4,17]",0.862031323275,0.452066175,1.42514779699255,0.953961942339,-0.689408551,3.200804265,2.99328928649674,20,20
"mu_t[5,17]",0.192352236,0.26032487,1.29144445583745,1.769779367958,-1.54399126,1.57487007,2.4823722618221,20,20
"mu_t[6,17]",-0.323041849425,0.0846561345,1.06093468239417,0.6243937290213,-2.114127445,0.759280431,3.04463562631672,20,20
"mu_t[7,17]",-1.3773784045,-1.3403507,0.609387811276516,0.81726679314,-2.222275295,-0.6159157655,2.5947068202166,20,20
"mu_t[8,17]",-1.0863197668,-0.840514915,0.897706437324055,0.782668387347,-2.534746155,-0.0850088016500001,3.22493782478573,20,20
"mu_t[9,17]",1.032326359075,0.972480765,1.10691743022452,1.613975439552,-0.2419153855,2.44666871,3.10122775736315,20,20
"mu_t[10,17]",0.381187537,1.2045806,2.46192826746242,1.51428679437,-3.78900753,2.749542365,3.31374019657766,20,20
"mu_t[11,17]",-0.4964415163325,-0.47925727,0.386260614131867,0.546405143172,-0.990077235,-0.0414886079500001,2.07995795010431,20,20
"mu_t[1,18]",-1.509084564,-1.4749104,0.522312073668116,0.66693004119,-2.32882719,-0.9176533225,2.52157785529013,20,20
"mu_t[2,18]",0.41202993925,0.53611796,0.831723811535712,0.878480671047,-0.8883258395,1.48970532,2.94578745042445,20,20
"mu_t[3,18]",0.049629967425,0.160221275,0.450836600747359,0.371275501527,-0.7324332115,0.56301007,4.30782074311333,20,20
"mu_t[4,18]",0.85860378925,0.464449875,1.4339362988056,1.005747240372,-0.689251652,3.182259625,3.05138450929014,20,20
"mu_t[5,18]",0.196203118,0.28419133,1.29776278779355,1.761710080242,-1.507364055,1.5812046,2.40428839657881,20,20
"mu_t[6,18]",-0.326184085525,0.0898943865,1.0963197937213,0.724427923044,-2.187918525,0.7798872705,3.20767268754542,20,20
"mu_t[7,18]",-1.371806381,-1.298329865,0.629957662758635,0.817924074198,-2.230844085,-0.609634192,2.28534927114614,20,20
"mu_t[8,18]",-1.0941354286,-0.830157085,0.90558381167986,0.790235829789,-2.5728263,-0.06756600135,2.93490730933238,20,20
"mu_t[9,18]",1.045686158525,1.019117285,1.10647940025158,1.559362497147,-0.2666534325,2.410087745,3.12392614231877,20,20
"mu_t[10,18]",0.39680600375,1.1794821,2.46719078195296,1.5735686295,-3.83425716,2.858692455,3.27061921439186,20,20
"mu_t[11,18]",-0.499687110225,-0.484374895,0.385457578178839,0.543428438196,-1.026218345,-0.04409267825,2.03942220021518,20,20
"mu_t[1,19]",-1.5100359905,-1.43692085,0.52472260279175,0.61873279083,-2.35940888,-0.918175212,2.61087342371045,20,20
"mu_t[2,19]",0.40071458175,0.55373496,0.843468818077898,0.797640193644,-0.9596893035,1.44982978,2.83668813573919,20,20
"mu_t[3,19]",0.027436685,0.15372717,0.460283234638244,0.4084392108111,-0.773791648,0.571734935,2.77273033804904,20,20
"mu_t[4,19]",0.854626358975,0.411794235,1.44016017935101,0.9771264494586,-0.699485624,3.203261945,3.35581301161222,20,20
"mu_t[5,19]",0.1880895745,0.31193188,1.30313280617769,1.715499736272,-1.55238113,1.566590965,2.38402954082181,20,20
"mu_t[6,19]",-0.3133797539,0.12204475,1.12198418908876,0.682354967112,-2.234470025,0.798449624,3.10237492165723,20,20
"mu_t[7,19]",-1.374589056,-1.28252002,0.609596128751336,0.789295446261,-2.16879302,-0.7193248115,2.59840939471224,20,20
"mu_t[8,19]",-1.06960193235,-0.86310951,0.858044730101346,0.774406065111,-2.452454585,-0.0878897055000002,3.17438827248911,20,20
"mu_t[9,19]",1.0644867378,1.015897535,1.13475090645088,1.5377986049874,-0.3325804385,2.48575399,3.15187396778938,20,20
"mu_t[10,19]",0.41103749225,1.133083525,2.46470494098417,1.690081011465,-3.797067545,2.85775985,3.50123974493801,20,20
"mu_t[11,19]",-0.503524520675,-0.475832425,0.374488808714028,0.511253134539,-0.9607299245,-0.0811765263000001,1.91022868886808,20,20
"mu_t[1,20]",-1.5314169055,-1.46459175,0.522304421809214,0.58991030553,-2.397425105,-0.9518445345,2.73011101380192,20,20
"mu_t[2,20]",0.40602998925,0.55047968,0.830335860027455,0.796134124086,-0.9462399495,1.436946965,2.96337734639039,20,20
"mu_t[3,20]",0.020336150525,0.134286935,0.466048337408144,0.3695219986311,-0.780956975,0.5899427025,2.85940163194299,20,20
"mu_t[4,20]",0.843340044525,0.39699197,1.4519376472566,0.969340848357,-0.7077518885,3.256052635,2.87239004392288,20,20
"mu_t[5,20]",0.18313882175,0.29196458,1.27120879121912,1.684482039282,-1.47146469,1.53787012,2.683311788535,20,20
"mu_t[6,20]",-0.29402737087,0.098472092,1.14932393397433,0.734900601729,-2.284618715,0.853802986,3.14594971648829,20,20
"mu_t[7,20]",-1.3630729615,-1.286777165,0.619999186046183,0.816402481818,-2.15099348,-0.674772024,2.31804382597372,20,20
"mu_t[8,20]",-1.0725681289025,-0.85834595,0.859412332089439,0.680641622661,-2.421789035,-0.0763598670000001,2.92200161694249,20,20
"mu_t[9,20]",1.068336374075,1.033698655,1.15221997764466,1.5547170050391,-0.3354799305,2.484013135,3.05255180508199,20,20
"mu_t[10,20]",0.41917647875,1.20080136,2.46689489022061,1.617380334234,-3.752456735,2.86196473,3.51829566658516,20,20
"mu_t[11,20]",-0.49336849217,-0.47931549,0.40314210282265,0.535816628949,-1.07720815,0.0069624127399998,2.49648295720795,20,20
"mu_t[1,21]",-1.539348036,-1.44718755,0.518598708340985,0.49445992449,-2.42338651,-0.998629199,2.81077416610931,20,20
"mu_t[2,21]",0.40048934275,0.57287576,0.845086098001238,0.7654404345,-0.9331399355,1.40865348,3.12070116981513,20,20
"mu_t[3,21]",0.01964922091,0.154070095,0.503277105613145,0.399748871592,-0.845626237,0.5866830785,2.61946586227303,20,20
"mu_t[4,21]",0.84564844415,0.40131538,1.45731252064681,0.942047012613,-0.7164606085,3.26069425,2.75308324910415,20,20
"mu_t[5,21]",0.17421788025,0.27559049,1.24995785177862,1.653370108236,-1.403375175,1.531688235,2.21313701154653,20,20
"mu_t[6,21]",-0.2903369681625,0.1064413575,1.17358893859671,0.6786814957335,-2.25335483,0.8317730085,3.03977179181736,20,20
"mu_t[7,21]",-1.3950096495,-1.36947895,0.634894716629157,0.934536568728,-2.19639426,-0.695412982,2.49407385068786,20,20
"mu_t[8,21]",-1.049073613565,-0.847388915,0.839136025455491,0.687697427256,-2.398896405,-0.0965186086200003,2.57549810962375,20,20
"mu_t[9,21]",1.070927731625,1.084354615,1.14802448328491,1.6266435211824,-0.333164125,2.54688224,3.1328620311616,20,20
"mu_t[10,21]",0.43275181775,1.2531883,2.46650827391344,1.58770240356,-3.751694305,2.877714225,3.54679894431611,20,20
"mu_t[11,21]",-0.47708961025,-0.508505525,0.414691377517165,0.564708766797,-1.079484445,0.00771464156999986,3.19198293214115,20,20
"mu_t[1,22]",-1.55554396425,-1.45126745,0.517794371364974,0.44137387476,-2.461891985,-0.986651323,2.84223876868699,20,20
"mu_t[2,22]",0.4015545805,0.597423685,0.862474308135253,0.856419686829,-0.9933311725,1.388491015,3.25404875276264,20,20
"mu_t[3,22]",0.0290321987000001,0.144705455,0.515353786719691,0.412650997941,-0.8613704375,0.6191879085,2.65797595147713,20,20
"mu_t[4,22]",0.8236453666,0.403582095,1.45583871528874,0.8991112472328,-0.771964875,3.239129895,2.95539543190232,20,20
"mu_t[5,22]",0.1648023935,0.24472494,1.25121963045982,1.687645966986,-1.373296085,1.523988005,2.17236528548035,20,20
"mu_t[6,22]",-0.2719654520925,0.163559115,1.21859981073404,0.6489674770929,-2.3509017,0.8985473625,2.8344838531156,20,20
"mu_t[7,22]",-1.38610346925,-1.313571715,0.628709473412264,0.849051654087,-2.162657225,-0.6421764065,2.48617986599985,20,20
"mu_t[8,22]",-1.03380018445,-0.82946267,0.835270695883441,0.751693092717,-2.404890335,-0.0763161554500001,2.68647676734042,20,20
"mu_t[9,22]",1.052843681375,1.045311755,1.160612160841,1.6240976857119,-0.3310797655,2.503025875,3.17434358697905,20,20
"mu_t[10,22]",0.45055909275,1.31144195,2.4625332394258,1.59880003521,-3.742391365,2.863571565,4.39595671789356,20,20
"mu_t[11,22]",-0.4755943166875,-0.50909249,0.450945630478659,0.606312138831,-1.15557884,0.0942079754499996,2.69423000768122,20,20
"mu_t[1,23]",-1.55986191825,-1.41235985,0.528314350619155,0.36287398539,-2.449744155,-0.9278681005,3.22002269904172,20,20
"mu_t[2,23]",0.4135894155,0.5843055,0.883631905511115,0.87259186539,-1.058084375,1.413313335,3.48563404603579,20,20
"mu_t[3,23]",0.0263585055375,0.165665385,0.520290753396586,0.364573949376,-0.8605450135,0.6038782015,2.56241308550565,20,20
"mu_t[4,23]",0.8146817278,0.39987645,1.47433476946416,1.01991842043,-0.76576698,3.22554823,2.85676409766789,20,20
"mu_t[5,23]",0.17866864575,0.254836875,1.24266328704351,1.694769956355,-1.342253245,1.562062425,2.2047491358031,20,20
"mu_t[6,23]",-0.265653869375,0.221674725,1.2579838007982,0.6015324165669,-2.45160014,0.896820885,2.44567268587729,20,20
"mu_t[7,23]",-1.38277777525,-1.33984369,0.653805903361878,0.920025398838,-2.196031965,-0.6414128615,2.61171684487132,20,20
"mu_t[8,23]",-1.026326155175,-0.847036645,0.826145924344815,0.748606022997,-2.367159905,-0.0973945620000001,2.63792695270316,20,20
"mu_t[9,23]",1.0414357389,1.08485163,1.17279910471165,1.6466482681866,-0.527545007,2.508819045,2.85979243738908,20,20
"mu_t[10,23]",0.45609624325,1.192776765,2.46247155577978,1.766571103101,-3.6957112,2.868704125,3.78173168545782,20,20
"mu_t[11,23]",-0.4662700356025,-0.490241795,0.481542948050519,0.664760975151,-1.23869687,0.1508094865,3.3989723207073,20,20
"mu_t[1,24]",-1.5515531995,-1.4113213,0.53540709733299,0.37520580741,-2.484359825,-0.86951373,3.001363044152,20,20
"mu_t[2,24]",0.3887524185,0.56631043,0.91163645881944,0.83363647626,-1.0866467,1.45097949,3.05207628770203,20,20
"mu_t[3,24]",0.016889879145,0.183890755,0.537788064413615,0.339506319075,-0.886194829,0.63994956,2.60803891987612,20,20
"mu_t[4,24]",0.780500842125,0.324254265,1.47638207630373,0.983235419733,-0.8007818035,3.21109913,2.85594133727845,20,20
"mu_t[5,24]",0.2068885195,0.307878995,1.24084206280345,1.701753491613,-1.30339767,1.506492135,2.52994593038272,20,20
"mu_t[6,24]",-0.24536183,0.24710943,1.29908542563679,0.535258748808,-2.475242635,0.9364509765,2.35005709403388,20,20
"mu_t[7,24]",-1.3791352835,-1.339224575,0.642882158623582,0.930859194405,-2.170983085,-0.6276987975,2.8579244655592,20,20
"mu_t[8,24]",-1.00482799402,-0.76386948,0.83309714598809,0.772705448781,-2.354001925,-0.0786073945900003,2.44689753874817,20,20
"mu_t[9,24]",1.04316726605,1.075240565,1.16792018858628,1.7080776983424,-0.417491238,2.52861885,2.879677487263,20,20
"mu_t[10,24]",0.44243865075,1.180020415,2.4520630802496,1.762281125871,-3.668868545,2.81553839,3.72737729812231,20,20
"mu_t[11,24]",-0.444501178775,-0.47681557,0.518041434470182,0.7106308044486,-1.21768075,0.201437522,3.36246261524325,20,20
"mu_t[1,25]",-1.5512295,-1.41701975,0.544722957437938,0.46601031309,-2.511774785,-0.9168874005,2.95615379752697,20,20
"mu_t[2,25]",0.388906375,0.55289502,0.9300789189123,0.814011959817,-1.11645842,1.46835833,3.06194233111877,20,20
"mu_t[3,25]",0.030342772325,0.252206725,0.556037115197971,0.3531893990436,-0.9073749605,0.5922054055,2.84848432718399,20,20
"mu_t[4,25]",0.79362650705,0.36992515,1.45994514795061,1.059919902468,-0.8150412685,3.19607899,2.80294562895848,20,20
"mu_t[5,25]",0.23100657,0.292467645,1.25176455239893,1.705221515403,-1.28892852,1.625210545,2.99044391364648,20,20
"mu_t[6,25]",-0.2368438155,0.29454538,1.31681982799321,0.465914878128,-2.5537863,0.9511706275,2.65712123588169,20,20
"mu_t[7,25]",-1.3784561055,-1.332473745,0.65545848846276,0.973248952305,-2.193694865,-0.636392532,2.31902007672265,20,20
"mu_t[8,25]",-1.005126874825,-0.777629645,0.830791205041212,0.811747866531,-2.33316143,-0.0478416354,2.40622271303046,20,20
"mu_t[9,25]",1.0249228811,1.06124412,1.16954804922311,1.7532501207543,-0.4197468835,2.508299325,3.02037722384953,20,20
"mu_t[10,25]",0.44195361675,1.190029485,2.43787257074748,1.709764216629,-3.62791774,2.78353707,3.24811576807279,20,20
"mu_t[11,25]",-0.425604191725,-0.43810992,0.518648690918099,0.6649380554124,-1.24324234,0.2342689825,3.08854751915052,20,20
"mu_t[1,26]",-1.53522557425,-1.3905149,0.534276998324393,0.42012591873,-2.458762955,-0.932228159,2.86750156487386,20,20
"mu_t[2,26]",0.3623528165,0.517129,0.953194952767719,0.982035306924,-1.189535725,1.4823892,3.18953911646849,20,20
"mu_t[3,26]",0.0254619965,0.23965437,0.58513454096138,0.3639176334906,-0.9802330705,0.58654664,3.24117560284949,20,20
"mu_t[4,26]",0.794525083,0.440621915,1.45427649762115,1.0866282357504,-0.758021567,3.207663245,2.98755794893422,20,20
"mu_t[5,26]",0.228635756,0.2842174,1.25091933962159,1.72897750431,-1.30759981,1.583847635,2.83854615159396,20,20
"mu_t[6,26]",-0.24085441325,0.31277326,1.32720616890144,0.511265024991,-2.523715285,0.926180168,2.56884543366956,20,20
"mu_t[7,26]",-1.37686355875,-1.34915351,0.641704947463972,0.938574592914,-2.213843365,-0.6204201465,2.75427139920142,20,20
"mu_t[8,26]",-0.992215697,-0.74570547,0.813241094993607,0.731209987788,-2.311648775,-0.1583616041,2.44906457476051,20,20
"mu_t[9,26]",1.007880981475,1.02401337,1.18676216055342,1.7251952367783,-0.4423006035,2.48595766,2.86073754933947,20,20
"mu_t[10,26]",0.43798748325,1.27988215,2.41174481460691,1.49087327865,-3.621093745,2.7299723,3.10320317927828,20,20
"mu_t[11,26]",-0.4103353284325,-0.38368673,0.539825388084436,0.59883861146361,-1.34790846,0.2955761715,3.41824104714628,20,20
"mu_t[1,27]",-1.52314179275,-1.3932721,0.526007148559801,0.39784355268,-2.420465595,-0.9511877295,2.51369623826875,20,20
"mu_t[2,27]",0.36916884575,0.506994865,0.958701115501729,1.033625405841,-1.20587587,1.526519595,3.78469397580048,20,20
"mu_t[3,27]",0.00745068822499999,0.283330845,0.6222572131593,0.3669110169753,-1.04914999,0.5994573005,2.92021027104441,20,20
"mu_t[4,27]",0.819185851225,0.51433266,1.45041542959151,1.2325915778967,-0.780506038,3.20451754,2.94524077379076,20,20
"mu_t[5,27]",0.23438645725,0.28225838,1.25811978959484,1.795155386472,-1.26897436,1.580212765,2.82759206089191,20,20
"mu_t[6,27]",-0.24408558325,0.322900875,1.3409751848814,0.483180014583,-2.545749205,0.896270608,2.87216056024353,20,20
"mu_t[7,27]",-1.38982987575,-1.34791911,0.6360490708092,0.90416835432,-2.18840287,-0.6388980185,3.1493943551302,20,20
"mu_t[8,27]",-0.9983090421,-0.72737431,0.81685132976566,0.711937166304,-2.41964436,-0.14075615785,2.21870526363389,20,20
"mu_t[9,27]",1.0115340803475,1.00848238,1.19329201620664,1.6884210265293,-0.4479124865,2.525408795,2.94194766341575,20,20
"mu_t[10,27]",0.41241343275,1.223484445,2.3975334863566,1.596048633543,-3.659575515,2.640823475,3.19911995459761,20,20
"mu_t[11,27]",-0.41279382545,-0.38316874,0.536134150469567,0.6692230184892,-1.29735385,0.291470254,3.10392237714924,20,20
"mu_t[1,28]",-1.49654488825,-1.4282975,0.520232288185837,0.47708948637,-2.413786055,-0.91534725,2.64047269098694,20,20
"mu_t[2,28]",0.3927002485,0.502091925,0.948230838668711,0.941286401748,-1.11137976,1.579954655,3.42331274252634,20,20
"mu_t[3,28]",0.010553518625,0.258310775,0.627174205223977,0.3165334750704,-1.06406101,0.596398724,2.83065104128106,20,20
"mu_t[4,28]",0.8234953159125,0.55731954,1.44525323524353,1.27745321065425,-0.803534565,3.182560245,2.80265355461379,20,20
"mu_t[5,28]",0.2282312505,0.25667488,1.23102694543205,1.782413773812,-1.248333575,1.5159859,2.36195547208378,20,20
"mu_t[6,28]",-0.24707390375,0.342361985,1.33987772075875,0.474158193432,-2.54748758,0.91711954,3.11392014599675,20,20
"mu_t[7,28]",-1.3950007135,-1.36436545,0.642325341938594,0.941274963489,-2.227780945,-0.620073801,3.32147131160072,20,20
"mu_t[8,28]",-0.981324422925,-0.70924781,0.807075073009917,0.74137094241,-2.264179205,-0.1471317505,2.1946262672793,20,20
"mu_t[9,28]",1.009270854525,0.994006675,1.21047517293838,1.7180554154652,-0.4790850305,2.620162205,2.90314063121969,20,20
"mu_t[10,28]",0.41441307325,1.2968035,2.37456935582771,1.52115901602,-3.60487407,2.602516795,3.73008421033587,20,20
"mu_t[11,28]",-0.412159276205,-0.338215455,0.53338278640415,0.57683493648144,-1.24608906,0.254151855,3.06560963250133,20,20
"mu_t[1,29]",-1.47040775425,-1.4010981,0.515980948360879,0.48138035316,-2.391350805,-0.9091760905,2.52904327169177,20,20
"mu_t[2,29]",0.41913230425,0.528840815,0.937600679637088,0.958431862731,-1.077089015,1.56453652,3.31006104824638,20,20
"mu_t[3,29]",0.0113530891,0.21516141,0.642073479185134,0.416213871066,-1.17134712,0.60142373,2.79193122495737,20,20
"mu_t[4,29]",0.81493630675,0.547293785,1.45494604344647,1.3375834736418,-0.7817770765,3.19306738,2.86879565527119,20,20
"mu_t[5,29]",0.21620934,0.28614628,1.21079380093501,1.693774620258,-1.2559306,1.49503401,2.24099197437439,20,20
"mu_t[6,29]",-0.22632048865,0.385617155,1.36343176108729,0.4361109531408,-2.589127785,0.889054867,3.51654982499777,20,20
"mu_t[7,29]",-1.382824033,-1.3455664,0.632402079339115,0.920904728898,-2.2206391,-0.6648457955,3.29656932111292,20,20
"mu_t[8,29]",-0.973017113105,-0.71235245,0.837043542007113,0.791021296443,-2.26470926,-0.0782910298000001,2.19995109874915,20,20
"mu_t[9,29]",1.001190657975,0.97087431,1.21788371258294,1.6523140507734,-0.5287921925,2.605230405,2.77892800415602,20,20
"mu_t[10,29]",0.41061492825,1.3352182,2.34756524073303,1.497759117981,-3.581342415,2.573159905,3.55967034549095,20,20
"mu_t[11,29]",-0.3902081453475,-0.32154583,0.521720954771113,0.58001315148273,-1.25042966,0.271616182,3.05901768832572,20,20
"mu_t[1,30]",-1.46464427975,-1.41472655,0.510691136149592,0.60127643604,-2.339400055,-0.9171729115,2.60010390834043,20,20
"mu_t[2,30]",0.42751337,0.52424855,0.942975752916,1.05633596901,-1.043853165,1.567393735,3.16758470562164,20,20
"mu_t[3,30]",-0.00137850787500005,0.23755585,0.642700653152072,0.4120524893709,-1.15054543,0.6255102725,2.7984139696819,20,20
"mu_t[4,30]",0.8483658806,0.60500266,1.44748508597301,1.3676619553926,-0.781067121,3.179087265,3.08912339398325,20,20
"mu_t[5,30]",0.21317242575,0.267723715,1.20054123136833,1.669483019862,-1.22749111,1.45651381,2.22178363684522,20,20
"mu_t[6,30]",-0.21412244675,0.428651225,1.37873875058323,0.410273663667,-2.59286183,0.9308923575,3.32192563911032,20,20
"mu_t[7,30]",-1.39139976325,-1.281056795,0.651946063208507,0.841782014094,-2.29305091,-0.6337735275,3.19114675166168,20,20
"mu_t[8,30]",-0.975183332855,-0.73565375,0.833542369182144,0.780943048662,-2.302950095,-0.0764952086500001,2.26014376638612,20,20
"mu_t[9,30]",0.9991880293075,1.00492503,1.23470610050775,1.71731043765351,-0.569966455,2.61860473,2.89099284217795,20,20
"mu_t[10,30]",0.39391496525,1.32406745,2.313947429558,1.478987370819,-3.50476705,2.48122447,3.56975653909464,20,20
"mu_t[11,30]",-0.3778016372,-0.27042571,0.543590793338554,0.550419156651,-1.21431334,0.2694216165,2.80215236080621,20,20
"mu_t[1,31]",-1.43309551225,-1.33228165,0.51292798454813,0.509350580676,-2.35781827,-0.9104469495,2.09288552153345,20,20
"mu_t[2,31]",0.4429730975,0.533440895,0.9212853015242,1.016210667633,-1.096925905,1.60965307,2.89249453690423,20,20
"mu_t[3,31]",-0.00802369784999996,0.24007661,0.660698765097996,0.4088424305679,-1.19883298,0.6602688155,3.36017363804893,20,20
"mu_t[4,31]",0.840389223125,0.633587535,1.43990879135016,1.457955889215,-0.8056952745,3.17602685,3.09301612360507,20,20
"mu_t[5,31]",0.2204156825,0.28939474,1.18961839072807,1.646780247756,-1.230454215,1.50775211,1.98481731171489,20,20
"mu_t[6,31]",-0.20979933125,0.41599216,1.38989553965367,0.439013175258,-2.60719273,0.9295345535,3.23586823771621,20,20
"mu_t[7,31]",-1.37303316975,-1.221067945,0.651901756442392,0.827203630533,-2.30132769,-0.6292670355,2.86271727529632,20,20
"mu_t[8,31]",-0.970144868475,-0.763372475,0.809726838312343,0.774683370615,-2.25345692,-0.150077815,2.4000647605541,20,20
"mu_t[9,31]",0.981351218775,0.999628435,1.23825815269264,1.734320223909,-0.534050652,2.620304815,2.83864509616989,20,20
"mu_t[10,31]",0.367604157,1.29585979,2.28107661366198,1.374559172196,-3.50947611,2.42107889,3.60946536901967,20,20
"mu_t[11,31]",-0.37813448435,-0.302352005,0.569420234520682,0.6188184969708,-1.27150036,0.334542573,2.78141020927636,20,20
"mu_t[1,32]",-1.43273003725,-1.3474666,0.488956075007246,0.4557037968,-2.317371235,-0.909273999,2.42380042153831,20,20
"mu_t[2,32]",0.449658523,0.51454487,0.90783492014359,0.950596329144,-1.076447685,1.61233833,3.00452958755089,20,20
"mu_t[3,32]",-0.001466931925,0.24666947,0.667959290987629,0.4150191578862,-1.10987472,0.669710364,3.46153017352881,20,20
"mu_t[4,32]",0.8670844792325,0.71730444,1.45650573311353,1.53788020484511,-0.8377390505,3.132771515,2.84331206089619,20,20
"mu_t[5,32]",0.23237965425,0.318026835,1.17014232713101,1.612067918979,-1.21853341,1.49640795,1.96825186862938,20,20
"mu_t[6,32]",-0.19052885075,0.449189815,1.37656839874481,0.412234194603,-2.546800055,0.9168063095,3.09237617234884,20,20
"mu_t[7,32]",-1.37762007175,-1.29982095,0.644896975480867,0.848011684317,-2.262103895,-0.6493351765,2.48643647107744,20,20
"mu_t[8,32]",-0.9635668287,-0.74418521,0.816468380749892,0.795411697584,-2.292322075,-0.0989311873,2.28679666478342,20,20
"mu_t[9,32]",0.9923530474445,0.93640663,1.26070759860283,1.813130569719,-0.5600034905,2.659365165,2.98000699255646,20,20
"mu_t[10,32]",0.37923217625,1.3350236,2.27046366443398,1.30775453571,-3.47599559,2.403404885,3.62417383819525,20,20
"mu_t[11,32]",-0.374872844675,-0.267846635,0.577691359020535,0.632399998083,-1.29991611,0.345891504,2.77334029121632,20,20
"mu_t[1,33]",-1.4157727005,-1.34506605,0.483544993685547,0.48282314535,-2.309897215,-0.8689877385,2.27793307678488,20,20
"mu_t[2,33]",0.4626769795,0.541124125,0.87481622884045,0.871810171953,-1.02439275,1.6272706,2.87744244861111,20,20
"mu_t[3,33]",-0.00167358534999997,0.274024495,0.680931378736755,0.4386286444155,-1.175118095,0.676448737,3.7604450572643,20,20
"mu_t[4,33]",0.885668513115,0.726772705,1.46219020325229,1.57510033350852,-0.8515165125,3.17334236,2.88341563775655,20,20
"mu_t[5,33]",0.2465990855,0.33473143,1.15948699173292,1.607667940242,-1.17902319,1.51508676,1.97243006410897,20,20
"mu_t[6,33]",-0.1973370755,0.39700937,1.36464537025812,0.448300685742,-2.58051103,0.8743178715,3.33867334165508,20,20
"mu_t[7,33]",-1.40479647825,-1.29774475,0.61901692721792,0.790109475204,-2.241865495,-0.6790147725,2.5311997011188,20,20
"mu_t[8,33]",-0.96305880175,-0.759739635,0.808396585657428,0.814674044499,-2.208263295,-0.13572936545,2.30561372585151,20,20
"mu_t[9,33]",0.9972482878425,0.968114215,1.26514374779893,1.824275066355,-0.6569544875,2.632462855,2.78062757599312,20,20
"mu_t[10,33]",0.39212211375,1.35643458,2.27421506045009,1.301532093162,-3.47121909,2.40011565,3.76911587275125,20,20
"mu_t[11,33]",-0.3533487759,-0.272337695,0.617208640225455,0.59503543134,-1.349007175,0.4538113265,3.28492570124102,20,20
"mu_t[1,34]",-1.39849519075,-1.35047685,0.475204132787089,0.49119605472,-2.263315915,-0.899625212,2.30010259922151,20,20
"mu_t[2,34]",0.4755620645,0.54752474,0.863469013407996,0.919132073034,-0.9386783555,1.62588924,2.89632697258844,20,20
"mu_t[3,34]",-0.00757629892500002,0.32050342,0.701615147484289,0.361375032312,-1.2670445,0.6360082395,3.46263888681157,20,20
"mu_t[4,34]",0.897498884425,0.72094921,1.45390618215521,1.676475243156,-0.849661838,3.16601954,2.92321621829047,20,20
"mu_t[5,34]",0.2727401625,0.348955965,1.16482988874246,1.623296271471,-1.12809437,1.547545425,2.01227254674474,20,20
"mu_t[6,34]",-0.21055371775,0.39779447,1.3485832683289,0.357809742549,-2.55168268,0.8822210665,3.1194987066894,20,20
"mu_t[7,34]",-1.4021154475,-1.2649179,0.596664587955678,0.65040579702,-2.251898665,-0.6518981145,2.68606004340973,20,20
"mu_t[8,34]",-0.9709958965,-0.79273318,0.800907437016727,0.840931424235,-2.214045925,-0.132448766,2.21966979805516,20,20
"mu_t[9,34]",1.00626443305,0.980134895,1.2583318488704,1.778828439297,-0.6434804675,2.642698465,2.83751405844798,20,20
"mu_t[10,34]",0.37124679925,1.3642431,2.26604422986373,1.2109765605,-3.470813815,2.394901515,3.29326649573226,20,20
"mu_t[11,34]",-0.33080107005,-0.2556834,0.646077912478577,0.5800497464244,-1.366786315,0.5094956475,2.84117571594537,20,20
"mu_t[1,35]",-1.3898819005,-1.30753705,0.473206389730444,0.461067235734,-2.255512885,-0.863714615,2.32958288948854,20,20
"mu_t[2,35]",0.495053948,0.542501685,0.863085772231949,0.916326074622,-0.9246682855,1.643444175,2.69119246918867,20,20
"mu_t[3,35]",-0.00127216879999998,0.321044985,0.693481842989717,0.3437842701951,-1.28191157,0.669450959,3.01845192438865,20,20
"mu_t[4,35]",0.9225645025,0.71443679,1.46121085816504,1.617116468499,-0.824468114,3.22449751,3.07262719588187,20,20
"mu_t[5,35]",0.284543093,0.326559385,1.14881199921597,1.642748443077,-1.09096022,1.506689385,2.04808521134726,20,20
"mu_t[6,35]",-0.2055175315,0.426662985,1.3423763008637,0.292024808691,-2.5552277,0.8590653035,2.92133457723339,20,20
"mu_t[7,35]",-1.41074562225,-1.28740255,0.59342469568356,0.607157739741,-2.302745945,-0.644375882,3.26390426321103,20,20
"mu_t[8,35]",-0.947287424375,-0.75213294,0.813235942821549,0.818287970955,-2.178759405,-0.07151241795,2.09139626408824,20,20
"mu_t[9,35]",1.0086053024425,1.053642005,1.25037444091358,1.77917325669699,-0.627661929,2.62233057,2.95162265577903,20,20
"mu_t[10,35]",0.3512299325,1.33437226,2.25613540423765,1.208545089087,-3.47066959,2.255211535,3.06248655375227,20,20
"mu_t[11,35]",-0.32445779085,-0.22327736,0.641582508627778,0.4327581844509,-1.37400945,0.4948987535,2.94925146123762,20,20
"mu_t[1,36]",-1.38985179725,-1.28205385,0.458698503673784,0.416699600478,-2.17950166,-0.866846242,2.82442428252007,20,20
"mu_t[2,36]",0.4960677265,0.54167197,0.857995902520246,0.977816383299,-0.955103633,1.631385875,2.8372874189122,20,20
"mu_t[3,36]",0.00496105187499999,0.32216362,0.708753501458243,0.42187546086,-1.230079015,0.6848251745,2.74209222797923,20,20
"mu_t[4,36]",0.9268550631625,0.73748242,1.47054095734324,1.6121940007656,-0.835869616,3.209808615,2.90932855861772,20,20
"mu_t[5,36]",0.286600689,0.3223842,1.14672022734826,1.636606624317,-1.08915137,1.53311613,2.08843591326916,20,20
"mu_t[6,36]",-0.1924877645,0.40661953,1.31578425350288,0.328184585022,-2.494923545,0.8939753315,2.89898389531473,20,20
"mu_t[7,36]",-1.40987020625,-1.2508382,0.57511089216065,0.589754573226,-2.286518595,-0.7102247765,3.24568180120814,20,20
"mu_t[8,36]",-0.93663596384075,-0.727058645,0.828366717360669,0.826903604184,-2.257068,-0.01527147873,2.16324390446423,20,20
"mu_t[9,36]",1.016462434075,1.09513877,1.22864370768793,1.7932006058001,-0.5826461495,2.58470504,2.91240954320406,20,20
"mu_t[10,36]",0.33593065,1.291009135,2.25327627696969,1.223464151889,-3.477535575,2.222914485,3.49636849667446,20,20
"mu_t[11,36]",-0.31933045625,-0.17712773,0.607964563856333,0.461064411381,-1.35582273,0.42877656,3.36432899177477,20,20
"mu_t[1,37]",-1.40212365575,-1.3019539,0.440853301265897,0.38750449332,-2.11777877,-0.9131831225,2.79131240007858,20,20
"mu_t[2,37]",0.51864660625,0.55107474,0.839566550891048,1.047829862856,-0.892855421,1.623762715,3.07968639810912,20,20
"mu_t[3,37]",0.00731214817500002,0.332140455,0.700886315313806,0.399883751127,-1.154644505,0.6564648805,3.22440732560226,20,20
"mu_t[4,37]",0.95283077894,0.781153755,1.48559673750634,1.6668192531984,-0.8529727695,3.25695592,2.99293455326681,20,20
"mu_t[5,37]",0.27357009375,0.3319374,1.13448947961825,1.59502948689,-1.10210357,1.47089693,2.06414793271291,20,20
"mu_t[6,37]",-0.191950715,0.444347285,1.31489629219148,0.304047849609,-2.50022156,0.8355682535,3.14150089731033,20,20
"mu_t[7,37]",-1.39694387675,-1.20440195,0.576255032760364,0.633915489564,-2.26924636,-0.726784572,3.1219834062022,20,20
"mu_t[8,37]",-0.9495851554775,-0.74701433,0.827462004154349,0.788957242962,-2.28500063,-0.0386743786050001,2.19933955413395,20,20
"mu_t[9,37]",1.030815569,1.13535857,1.21925895773167,1.737443165136,-0.6033034825,2.602327065,2.90731546869762,20,20
"mu_t[10,37]",0.33374301475,1.22737272,2.2325202470224,1.248651324228,-3.436852005,2.243573265,3.05397472561455,20,20
"mu_t[11,37]",-0.35906367205,-0.164793695,0.624494114799449,0.372915687081,-1.481042735,0.337080302,3.31883911377172,20,20
"mu_t[1,38]",-1.40425652825,-1.28357185,0.431946670988182,0.425995554369,-2.09481975,-0.9020371595,2.88793926136978,20,20
"mu_t[2,38]",0.51530281825,0.529993815,0.849040749193851,0.975317965083,-0.9477868465,1.68318687,2.80148644279969,20,20
"mu_t[3,38]",-0.011195589575,0.274633855,0.701672657042596,0.425575682049,-1.246463165,0.6580326955,2.87692934671018,20,20
"mu_t[4,38]",0.949727131775,0.67781702,1.488213389191,1.4624959692042,-0.818165398,3.277409425,3.02896590266095,20,20
"mu_t[5,38]",0.2718395955,0.34648086,1.17288470676177,1.662201852654,-1.165348065,1.56193994,2.23361516164649,20,20
"mu_t[6,38]",-0.1902832875,0.417250155,1.2998990212536,0.276016205388,-2.465154585,0.8789564125,2.66620140252416,20,20
"mu_t[7,38]",-1.3977347365,-1.2536485,0.579897750689366,0.594001829337,-2.30573791,-0.714418481,3.0715373789592,20,20
"mu_t[8,38]",-0.94890061792,-0.7738257,0.817085443996778,0.870070422396,-2.20316023,-0.13794763424,2.45789327677452,20,20
"mu_t[9,38]",1.043847984225,1.117276485,1.22402531948855,1.7843869668933,-0.5340055935,2.628050225,3.03292504379855,20,20
"mu_t[10,38]",0.323805725,1.203318325,2.22939767076269,1.250394038985,-3.41843589,2.18529598,3.40278524290175,20,20
"mu_t[11,38]",-0.37128552858025,-0.17864569,0.617520448265493,0.321427343294127,-1.48579361,0.3303015915,3.19549191591327,20,20
"mu_t[1,39]",-1.380590162,-1.25882325,0.421274013469554,0.427349242299,-2.058203155,-0.8856148865,2.99251743812171,20,20
"mu_t[2,39]",0.5090435425,0.53831506,0.842271357087219,0.844120044642,-0.916750472,1.672763415,3.01395535258958,20,20
"mu_t[3,39]",-0.01795102885,0.2553578,0.705158019259741,0.415206273867,-1.2869978,0.673499854,2.81929971137401,20,20
"mu_t[4,39]",0.967142827425,0.71662241,1.49937064115474,1.552318101159,-0.8484953675,3.309273395,3.02926779231147,20,20
"mu_t[5,39]",0.26339969875,0.343189285,1.18975464915741,1.665358997463,-1.228926465,1.579072895,2.12736243093704,20,20
"mu_t[6,39]",-0.15910792075,0.42923263,1.28662359286884,0.360871393092,-2.44972212,0.855394462,2.42217017589735,20,20
"mu_t[7,39]",-1.39306312025,-1.14761795,0.576396050054293,0.486966107964,-2.30858148,-0.72748699,2.76505356150138,20,20
"mu_t[8,39]",-0.93283096605,-0.78306348,0.824646315328395,0.897636129915,-2.196344595,-0.0524968121500002,2.35357694460488,20,20
"mu_t[9,39]",1.0416785097,1.144479465,1.21752194516119,1.796206497981,-0.5915978575,2.649460255,3.14963837686448,20,20
"mu_t[10,39]",0.32190011825,1.290042,2.22095814330826,1.149540641004,-3.38335933,2.18945809,3.36413726993556,20,20
"mu_t[11,39]",-0.381075311845,-0.210608805,0.606370222430169,0.3700532735151,-1.531188595,0.2660747435,2.74646254705534,20,20
"mu_t[1,40]",-1.381549205,-1.27431405,0.428275678298962,0.456659843997,-2.063259475,-0.8336490415,2.75666528863462,20,20
"mu_t[2,40]",0.50330248175,0.5132871,0.834947900854827,0.899987437146,-0.8895493905,1.645678605,3.04866544479337,20,20
"mu_t[3,40]",-0.033294879725,0.22403136,0.728295557367192,0.500946106752,-1.32141802,0.7364334105,3.06097663271038,20,20
"mu_t[4,40]",0.9770509121,0.74413861,1.49803148457273,1.6596143842929,-0.8504691725,3.312576355,2.98471253522489,20,20
"mu_t[5,40]",0.26080818275,0.3212097,1.18634879246467,1.67198080056,-1.240884595,1.578218905,2.18046517408736,20,20
"mu_t[6,40]",-0.18278543125,0.40760281,1.31392782396658,0.478712466351,-2.510407125,0.814966677,2.12719686158209,20,20
"mu_t[7,40]",-1.38964759,-1.14521665,0.587361868452278,0.47860144185,-2.37370035,-0.72389821,2.80270652101771,20,20
"mu_t[8,40]",-0.90521012938,-0.76002738,0.804348997230852,0.887392549995,-2.12319688,-0.01093088236,2.41944411578398,20,20
"mu_t[9,40]",1.046272229725,1.12428611,1.20369566877876,1.6812957547113,-0.593055644,2.604274185,3.18170273070745,20,20
"mu_t[10,40]",0.319740813,1.30875575,2.21769127402695,1.121200445484,-3.419689425,2.22850868,3.49279208457043,20,20
"mu_t[11,40]",-0.37429009605,-0.177259155,0.609015956613567,0.3510218148633,-1.52519453,0.3016350595,2.60385707028858,20,20
"alpha_s[1,1]",-0.24220475485,-0.26624319,0.203997580281435,0.2461196104878,-0.4900615295,0.0745615328499999,1.24051793656675,20,20
"alpha_s[2,1]",-0.212261280955,0.0844374859,1.47924692025051,1.70027031206466,-2.86214396,1.61904581,1.91264678099348,20,20
"alpha_s[3,1]",-0.0332770468025,-0.046338507,0.119271473653518,0.1384896993585,-0.1962125065,0.141082612,1.41259090114105,20,20
"alpha_s[4,1]",0.154905928,0.189048165,0.200895780880854,0.1568366319534,-0.178303047,0.433267892,1.54569026446889,20,20
"alpha_s[5,1]",0.210056068205,0.20048912,0.329096901016939,0.29664776438934,-0.208306302,0.8217895015,1.36418633071972,20,20
"alpha_s[6,1]",-0.09791748584,-0.0019006872,0.386325616712629,0.36528697293228,-0.803921236,0.5972519115,1.77511623570196,20,20
"alpha_s[7,1]",-0.6069092690725,-0.47065419,0.966442133252702,1.100925393813,-2.03546206,0.7518004975,1.70403276829037,20,20
"alpha_s[8,1]",0.21156338035,0.227622595,0.364314357627347,0.4154922592527,-0.337932339,0.7221230365,1.76334190643879,20,20
"alpha_s[9,1]",0.0616304326675,0.115073385,0.187574775530129,0.16271887213869,-0.2287323305,0.308123102,1.70231093544395,20,20
"alpha_s[10,1]",0.52065162725,0.847110275,1.21101653567039,0.96601805265,-2.047202885,1.82100103,2.11520492899656,20,20
"alpha_s[11,1]",0.094739978375,0.149783485,0.354038907093884,0.3286342457412,-0.4335420315,0.587868446,1.37600156731701,20,20
"alpha_t[1,1]",0.03043126721075,0.00332710005,0.0568947402954834,0.0304152372909,-0.03828506845,0.138702984,1.6882083457298,20,20
"alpha_t[2,1]",0.044383246925,0.015062829,0.105315208646707,0.0645772575651,-0.0727303702,0.287195672,1.91604494660119,20,20
"alpha_t[3,1]",0.067577804635,0.0151210905,0.140048691369542,0.0733435170237,-0.0761536426,0.314820241,2.23873030516288,20,20
"alpha_t[4,1]",0.0797143277565,0.00564931965,0.173384657457443,0.08846128921959,-0.0799665799,0.383158797,2.71218471948118,20,20
"alpha_t[5,1]",0.084091714545,0.0157410855,0.180605915090479,0.0985461521394,-0.104757723,0.406536007,2.67738095076145,20,20
"alpha_t[6,1]",0.09034931379,0.0062960639,0.199625235205439,0.06947969448294,-0.0884932499,0.433918713,2.67222708415813,20,20
"alpha_t[7,1]",0.0866183142295,-0.00156969726,0.204040543767335,0.0779537781078,-0.0887657473,0.458362908,2.15346040919841,20,20
"alpha_t[8,1]",0.0809135487725,-0.0242877335,0.215218965881336,0.0666842263857,-0.101455821,0.4593583865,1.97139646355363,20,20
"alpha_t[9,1]",0.0777837040625,-0.02450818,0.211998993625994,0.05007313439877,-0.0941692676,0.4488436675,2.72483104366467,20,20
"alpha_t[10,1]",0.0730768948425,-0.0444213065,0.222426470066848,0.06665681652168,-0.1003744155,0.484955842,1.88749915202779,20,20
"alpha_t[11,1]",0.0586536307,-0.0450929505,0.222624348695859,0.09079746333,-0.1214984005,0.490393876,2.53869836946424,20,20
"alpha_t[12,1]",0.0463065952225,-0.0547447545,0.217750954422203,0.0940004212203,-0.134833587,0.4647589665,1.9105583375732,20,20
"alpha_t[13,1]",0.03438733446,-0.059638689,0.205211755758752,0.1011790154886,-0.137109085,0.4337477115,1.89876898053843,20,20
"alpha_t[14,1]",0.03805675403,-0.0457519725,0.220374174905997,0.0886740754557,-0.1581408565,0.466257729,2.36886284741598,20,20
"alpha_t[15,1]",0.037560043965,-0.0552083265,0.229032030787647,0.0904061436621,-0.1692842455,0.4717511695,2.4687586190209,20,20
"alpha_t[16,1]",0.02760404179,-0.0654092695,0.227843656643435,0.1175705588043,-0.1856891805,0.476951338,2.59214651740994,20,20
"alpha_t[17,1]",0.0110937273775,-0.0766244915,0.2211604137169,0.09810988826793,-0.2040559585,0.408787285,2.82960704800091,20,20
"alpha_t[18,1]",-0.00558229195000001,-0.090646331,0.214103520497521,0.0736007911191,-0.2155650225,0.392954357,2.43550799454663,20,20
"alpha_t[19,1]",-0.031454858725,-0.108689685,0.195785215992224,0.0946475116272,-0.2234052735,0.3192391575,2.30401828067631,20,20
"alpha_t[20,1]",-0.050854122125,-0.109258695,0.176237678194991,0.103725327615,-0.237152261,0.2693450845,2.51527061364087,20,20
"alpha_t[21,1]",-0.066571721725,-0.120004125,0.172238235814366,0.10637669826,-0.236998512,0.267118597,2.48161253491846,20,20
"alpha_t[22,1]",-0.0791884362,-0.14023291,0.169288836363725,0.1136604348138,-0.2658342585,0.219517001,2.9862263429941,20,20
"alpha_t[23,1]",-0.078168156575,-0.140570345,0.176700508672154,0.1139818076376,-0.2751091975,0.237514942,2.65915071695814,20,20
"alpha_t[24,1]",-0.073958171175,-0.151419135,0.201262933074577,0.1111083976275,-0.2875342915,0.349870208,2.56103199699279,20,20
"alpha_t[25,1]",-0.080914270925,-0.136492365,0.189418460457189,0.1109787205359,-0.2874297085,0.286128764,2.69654289919105,20,20
"alpha_t[26,1]",-0.064113895025,-0.120140635,0.210082320315036,0.141999847521,-0.3097474045,0.3032957105,2.64022517849573,20,20
"alpha_t[27,1]",-0.06303617717,-0.113957785,0.21394129885572,0.18321403201416,-0.325690004,0.299337238,3.01566375969825,20,20
"alpha_t[28,1]",-0.063911008975,-0.1046258575,0.214537445986768,0.1994283399885,-0.3192657425,0.30704173,3.13853548858722,20,20
"alpha_t[29,1]",-0.07287252415,-0.098112522,0.207734012974989,0.2407646742648,-0.3135892415,0.324125063,3.11513800026331,20,20
"alpha_t[30,1]",-0.069687478245,-0.096833848,0.207113915383236,0.2557092214782,-0.33676994,0.294629476,3.60401038140592,20,20
"alpha_t[31,1]",-0.0624739008225,-0.087653713,0.211632438619661,0.2463518064042,-0.3343515735,0.332263997,3.39412450970254,20,20
"alpha_t[32,1]",-0.05904277799,-0.0576498965,0.21378793873747,0.2281536571671,-0.328710139,0.3851872735,3.27589171856956,20,20
"alpha_t[33,1]",-0.054650854855,-0.072453504,0.224745287400511,0.2670687054924,-0.333929384,0.363043095,3.33670564924197,20,20
"alpha_t[34,1]",-0.053321831825,-0.0910409675,0.226888633416279,0.2698786224162,-0.335854443,0.285265347,3.51338008260912,20,20
"alpha_t[35,1]",-0.037279634503,-0.064227785,0.236265131111032,0.267100827504,-0.3288910085,0.362100367,2.97107822129861,20,20
"alpha_t[36,1]",-0.0258698423175,-0.0647428355,0.241887148136847,0.324864094758,-0.3207113985,0.341404037,3.03028503498466,20,20
"alpha_t[37,1]",-0.0265034144375,-0.0999419485,0.24896912381373,0.2916165177009,-0.332436936,0.391025063,3.09845010372407,20,20
"alpha_t[38,1]",-0.018024328925,-0.074826043,0.25926633429982,0.338040346434,-0.3540212695,0.4177292125,3.26718249309653,20,20
"alpha_t[39,1]",-0.0139023356675,-0.06276337,0.271146957954526,0.333775840272,-0.3444234055,0.470917618,3.18439028337561,20,20
"alpha_t[40,1]",0.01863498011425,-0.00296457055,0.04791843785081,0.02384475209487,-0.02880073195,0.1144678495,2.60373710093595,20,20
"alpha_t[41,1]",0.0136822092735,0.00245495019,0.0460809818802256,0.0341457650478,-0.0324339642,0.101120896,1.85680708258339,20,20
"alpha_t[42,1]",0.0151926788075,-0.014499457,0.0638171958017044,0.0264407336193,-0.0445315317,0.132068313,1.88055339942252,20,20
"alpha_t[43,1]",0.020186718205,-0.0165562775,0.0811401917612052,0.0288644399148,-0.0472529356,0.1706072155,2.42365443410878,20,20
"alpha_t[44,1]",0.0227785547425,-0.0237946005,0.0987410621418589,0.03247899580863,-0.06261336915,0.2004636395,1.96297071260869,20,20
"alpha_t[45,1]",0.0173858750725,-0.0194135455,0.0923822995341976,0.03242484035952,-0.06331843975,0.190611506,2.25579563338111,20,20
"alpha_t[46,1]",0.004139773815,-0.014003639,0.0756525763753259,0.0375012053829,-0.09457048995,0.1435466205,2.48710742313198,20,20
"alpha_t[47,1]",0.00799945262,-0.00495171865,0.0788593555132657,0.05853741551721,-0.1031040005,0.147783336,2.2872019891774,20,20
"alpha_t[48,1]",0.0082713197175,0.00089831985,0.0758595432540587,0.07324236938151,-0.1012505225,0.1298337685,2.28167205469983,20,20
"alpha_t[49,1]",0.01486559825,0.0145925545,0.088884556528385,0.0913509431142,-0.108243746,0.169561586,2.33865478697981,20,20
"alpha_t[50,1]",0.025974662035,0.014647155,0.109984619056145,0.0920694466566,-0.121428686,0.229917761,2.48690008123668,20,20
"alpha_t[51,1]",0.0332831747825,0.0147162735,0.112679839769035,0.0779675307054,-0.1125781435,0.227610435,2.77848845805185,20,20
"alpha_t[52,1]",0.03463468907,0.0175947975,0.111188925779227,0.0964523058114,-0.1073405335,0.238345946,2.59158036158194,20,20
"alpha_t[53,1]",0.0411970346825,0.0216556175,0.120610515101674,0.1118886336687,-0.111766173,0.2574146785,2.74318087556792,20,20
"alpha_t[54,1]",0.0471087887825,0.0181393615,0.132206906124194,0.1137822867426,-0.1132058205,0.2740695095,2.77602843843239,20,20
"alpha_t[55,1]",0.061912172176,0.0179242055,0.154523966394265,0.1025119877901,-0.1119163425,0.3375143735,2.45758619211925,20,20
"alpha_t[56,1]",0.0663711682175,0.020351196,0.160372384583381,0.0956651489934,-0.116471479,0.362729308,2.55314925674433,20,20
"alpha_t[57,1]",0.0637690281025,0.0202227615,0.166196524737956,0.1320917414334,-0.133963536,0.3655500575,2.52554788114876,20,20
"alpha_t[58,1]",0.0628285800625,0.025607619,0.167094091943766,0.1141195241277,-0.132343519,0.354363678,2.42918744864093,20,20
"alpha_t[59,1]",0.05572576017,0.0311282625,0.161680967033137,0.1350667718127,-0.150968667,0.338831231,2.82240129552493,20,20
"alpha_t[60,1]",0.0451096406855,0.0352719995,0.158034548462929,0.1664441490453,-0.190609471,0.298102327,3.2016676788281,20,20
"alpha_t[61,1]",0.03940557928,0.0351083,0.154438443383972,0.166161979872,-0.199160371,0.2776312385,2.57063675540711,20,20
"alpha_t[62,1]",0.031122998,0.04045872,0.148846699415358,0.146684314959,-0.196841783,0.2569352925,2.86849571883545,20,20
"alpha_t[63,1]",0.02787961847,0.0504698335,0.145902188366167,0.1475875534266,-0.204351273,0.2302364565,3.29195437446246,20,20
"alpha_t[64,1]",0.02848100964,0.054111449,0.146392104739327,0.1034871568206,-0.211096766,0.252236923,2.92431132236321,20,20
"alpha_t[65,1]",0.032391710975,0.05049394,0.150520011210621,0.1027207193376,-0.2019786465,0.267845514,2.89136607087313,20,20
"alpha_t[66,1]",0.04070988717,0.0493118705,0.153167720975534,0.1191888596997,-0.2079374855,0.2964586945,2.95722374983208,20,20
"alpha_t[67,1]",0.0486183152575,0.043357009,0.151585518406694,0.1763478288306,-0.2035490025,0.2674192865,2.84677105712184,20,20
"alpha_t[68,1]",0.0571688179575,0.0393499785,0.155301132390293,0.193958372538,-0.18227616,0.28979582,2.77658366410608,20,20
"alpha_t[69,1]",0.057590769435,0.0388528835,0.148909683423171,0.1639646273076,-0.1864725685,0.2561303345,2.76145289487397,20,20
"alpha_t[70,1]",0.0569560844225,0.058704449,0.136461399399217,0.0952740494916,-0.1464262285,0.2801932615,2.78588954396265,20,20
"alpha_t[71,1]",0.0605132336975,0.059904736,0.133930969552315,0.1118313675024,-0.131798757,0.285858555,3.04516846943319,20,20
"alpha_t[72,1]",0.061158310715,0.0584027355,0.130490812161741,0.1363916824767,-0.1219150745,0.2963408165,3.56434630631027,20,20
"alpha_t[73,1]",0.06555281512,0.0568183755,0.126919263771243,0.1196318828187,-0.102226073,0.2894855585,3.63775777767451,20,20
"alpha_t[74,1]",0.0619550549575,0.0584498545,0.120304454536301,0.0943069117053,-0.1063616025,0.268753267,3.18804432226937,20,20
"alpha_t[75,1]",0.0586714480025,0.0573815165,0.113890135066878,0.1153973681721,-0.116330634,0.2453740655,3.70633285856609,20,20
"alpha_t[76,1]",0.0599788023675,0.059766415,0.113714925276372,0.116604696054,-0.09768063425,0.2354433685,3.06874553988122,20,20
"alpha_t[77,1]",0.0618197214925,0.06312327,0.114842061380891,0.121980003201,-0.113508201,0.262736315,4.18091676942963,20,20
"alpha_t[78,1]",0.0587596718775,0.057358987,0.120197686269805,0.1136114126448,-0.122172089,0.274703205,3.57878414994085,20,20
"alpha_t[79,1]",-0.0191558473825,-0.021410476,0.0182110511555319,0.0142862987589,-0.04092179505,0.00644361514499991,1.22404432123321,20,20
"alpha_t[80,1]",-0.014448909955,-0.0194074045,0.034957372612479,0.01926751496208,-0.08089737435,0.04363438855,1.69679076275884,20,20
"alpha_t[81,1]",0.00146884106445,-0.0077629985,0.0436060543160074,0.0388057688445,-0.0626365229,0.081261353,1.78042558557668,20,20
"alpha_t[82,1]",0.0111567639865,0.00211554715,0.0551843360992718,0.06597008517141,-0.0672204954,0.104808061,2.83690842612798,20,20
"alpha_t[83,1]",0.00886099388749999,0.0123326216,0.0560736423981657,0.0667251846933,-0.07931561215,0.0887759183,2.56365779978556,20,20
"alpha_t[84,1]",0.007470682765,0.0101308435,0.0586045489093962,0.0709098647061,-0.0800876322,0.1005999865,2.05105040765849,20,20
"alpha_t[85,1]",0.004452741095,0.022290577,0.0599579810842915,0.04394947444944,-0.0980953122,0.08562143405,2.54242719948639,20,20
"alpha_t[86,1]",0.0176949280625,0.0302079855,0.0647944059257115,0.0700083364176,-0.0848894159,0.09263603965,2.01822808871741,20,20
"alpha_t[87,1]",0.0079970294025,0.0191707055,0.0538440707751019,0.0354797899953,-0.09321465935,0.0773773214,1.79747364386312,20,20
"alpha_t[88,1]",0.01530595305,0.0289286765,0.0578601675964655,0.0453552047529,-0.0844261898,0.09388986955,2.19347556190405,20,20
"alpha_t[89,1]",0.021279453985,0.040479658,0.066601836457933,0.0356962911081,-0.0938951952,0.0967409678999999,1.84596684906004,20,20
"alpha_t[90,1]",0.027745558295,0.0458579505,0.071581734042902,0.0425082806505,-0.1041023735,0.1215110325,1.96905727918348,20,20
"alpha_t[91,1]",0.022178845925,0.041787738,0.0689221103271518,0.0543279525852,-0.098700197,0.104716517,2.47873416289575,20,20
"alpha_t[92,1]",0.0263279352475,0.036589348,0.070810925617536,0.0595600235223,-0.0886175608,0.11694605,2.82032249801406,20,20
"alpha_t[93,1]",0.0370168842,0.0531477515,0.0765543838217538,0.049012932402,-0.0956622068,0.148452824,2.18847596856766,20,20
"alpha_t[94,1]",0.059149170025,0.0672005595,0.0844315427226436,0.0769970377953,-0.07121258365,0.1843143695,2.73494791936206,20,20
"alpha_t[95,1]",0.0647133588875,0.077205267,0.0905259073070617,0.0828081781926,-0.07704288385,0.178289787,2.12019414542672,20,20
"alpha_t[96,1]",0.083161374605,0.085576219,0.10051629800606,0.1218096613566,-0.0811399989,0.2241549295,2.9723050899371,20,20
"alpha_t[97,1]",0.093642986165,0.0949173145,0.109821955012355,0.1428085694973,-0.07244528235,0.2426539555,2.40444572235467,20,20
"alpha_t[98,1]",0.100028917195,0.0954215155,0.113193969332462,0.1583508787917,-0.0576424318,0.2490950095,2.30195670785913,20,20
"alpha_t[99,1]",0.0975531111,0.107269682,0.111971580049284,0.1377387898866,-0.0644386594,0.254356301,2.47999353636231,20,20
"alpha_t[100,1]",0.10080588195,0.129481475,0.116278461004362,0.1353674467992,-0.0771160317,0.2643573305,2.19672891485451,20,20
"alpha_t[101,1]",0.10463912455,0.1183982235,0.123820551134288,0.1471453538919,-0.078014275,0.2670405315,2.75763512197716,20,20
"alpha_t[102,1]",0.101700421575,0.0756410555,0.1272755473337,0.1651390110762,-0.07541148345,0.2850820085,3.26022554596803,20,20
"alpha_t[103,1]",0.10083502175,0.0837736495,0.141430558534656,0.1687379536353,-0.0804714444,0.331586728,3.26501536193131,20,20
"alpha_t[104,1]",0.09415708995,0.058939509,0.148223270222991,0.1021183567488,-0.08751061505,0.3611889755,3.42629124342419,20,20
"alpha_t[105,1]",0.09163668115,0.060585561,0.151638064824854,0.1221936688413,-0.102936803,0.383477967,3.05273149298487,20,20
"alpha_t[106,1]",0.085589811755,0.0534249955,0.156940590917791,0.1138929383697,-0.0964363966,0.399265855,3.09734394357834,20,20
"alpha_t[107,1]",0.0781709332575,0.0301939355,0.171499492832117,0.122109819657,-0.1037087075,0.408595053,3.41747438209239,20,20
"alpha_t[108,1]",0.073436131612,0.0189519125,0.177661280913259,0.1167299320173,-0.1116065305,0.443791316,3.81278827543396,20,20
"alpha_t[109,1]",0.06964987908175,0.017530906,0.179173835933367,0.1043162334123,-0.1191079465,0.4404226005,3.03052966793161,20,20
"alpha_t[110,1]",0.0652594170975,0.0141384017,0.179135467142791,0.13769976963372,-0.117803488,0.4449591045,3.05145110792144,20,20
"alpha_t[111,1]",0.063718238705,0.0187648145,0.175817050829107,0.1557972663429,-0.1176056315,0.3829261875,2.82653470806958,20,20
"alpha_t[112,1]",0.0761131814225,0.030445274,0.165690864518788,0.1295983900029,-0.100532328,0.403653294,2.84566149728448,20,20
"alpha_t[113,1]",0.08164672762,0.044827444,0.156518461179782,0.0912727411533,-0.122073634,0.373894706,2.9707689718332,20,20
"alpha_t[114,1]",0.090796405165,0.0562142585,0.160298758977261,0.1256331043968,-0.1338330155,0.373548594,3.00905972219867,20,20
"alpha_t[115,1]",0.10397403730775,0.0838156595,0.154334610555381,0.13284065932872,-0.1031254895,0.3606811425,2.70550510176509,20,20
"alpha_t[116,1]",0.106044782225,0.090163152,0.159909593821162,0.1620624396468,-0.117449436,0.361441901,2.92600232387104,20,20
"alpha_t[117,1]",0.10382080815,0.0861996255,0.162870756142246,0.1734299852985,-0.1289513645,0.363801531,2.61588467285775,20,20
"alpha_t[118,1]",0.0002592866164575,0.00069767778,0.0106096547168879,0.010464473428038,-0.01679735845,0.01341240125,1.04789620726797,20,20
"alpha_t[119,1]",-0.0047770391793,-0.001129518895,0.0161628154534816,0.014057294294673,-0.0294171755,0.0152041578,1.12384767178121,20,20
"alpha_t[120,1]",-0.00832289779635,-0.0094514089,0.0199599170278953,0.01857410857596,-0.03894760425,0.0254241586,1.11933955355139,20,20
"alpha_t[121,1]",-0.0119386670695,-0.0122104625,0.0223423790886071,0.0232952628027,-0.04291606785,0.0229405512,1.22277958602594,20,20
"alpha_t[122,1]",-0.01392023802,-0.0142037565,0.0226560761537854,0.02707963659009,-0.04222895125,0.02223250745,1.20918410384909,20,20
"alpha_t[123,1]",-0.01412751315425,-0.0172320105,0.0247842325998782,0.024076554699729,-0.05060423225,0.0229729893,1.33996230830959,20,20
"alpha_t[124,1]",-0.0132042402325,-0.0139808255,0.0258766730019986,0.02410506314811,-0.051813854,0.03060663325,1.48713265280462,20,20
"alpha_t[125,1]",-0.01306623548275,-0.0158154615,0.0237652954068541,0.02779119882168,-0.04722492525,0.02633176875,1.45500927185525,20,20
"alpha_t[126,1]",-0.01306782791,-0.012044217,0.0257999024337954,0.0339272416686,-0.05080796555,0.02722655665,1.36982390356844,20,20
"alpha_t[127,1]",-0.015996087535,-0.014112767,0.0287559299962738,0.02797591558503,-0.05964272375,0.02356450855,1.40042908758165,20,20
"alpha_t[128,1]",-0.021441455873,-0.01934056,0.0286500347218905,0.03192264185607,-0.0700641968,0.01598205825,1.33685597367488,20,20
"alpha_t[129,1]",-0.021004370015,-0.015498552,0.0289440628323314,0.02539305091932,-0.07032839185,0.01465433965,1.26418448408983,20,20
"alpha_t[130,1]",-0.02617242652425,-0.0200125305,0.0318772546833929,0.02515397344089,-0.08254726665,0.0191100903,1.45501612549222,20,20
"alpha_t[131,1]",-0.02967145592875,-0.0263362455,0.0298101058100242,0.0313731770268,-0.07569851045,0.0202518649,1.43883409050225,20,20
"alpha_t[132,1]",-0.03445619780275,-0.033019972,0.0316475599593127,0.03839457247731,-0.07739159365,0.00843537322999994,1.904301865714,20,20
"alpha_t[133,1]",-0.03461777609425,-0.0398069665,0.0309155663422469,0.0388398745749,-0.07558705295,0.0145375571,1.75692109346022,20,20
"alpha_t[134,1]",-0.03456789778175,-0.037647413,0.033440558049606,0.03958505683713,-0.0847710359,0.01118461985,1.71556111547838,20,20
"alpha_t[135,1]",-0.03391220296775,-0.0347391235,0.0325114415970055,0.0352123556421,-0.0893521838,0.00872902652999996,1.88938505264837,20,20
"alpha_t[136,1]",-0.03411840838,-0.0404716705,0.0374145871365355,0.0308784867804,-0.1011219365,0.0189121242,1.84329347270391,20,20
"alpha_t[137,1]",-0.0370396509725,-0.0433468265,0.0387512179938279,0.0270222597477,-0.09489445425,0.0216410375,1.96714818560223,20,20
"alpha_t[138,1]",-0.03683531486,-0.049154794,0.038876870310778,0.0249393223905,-0.09103093525,0.0279509968,1.77283067640132,20,20
"alpha_t[139,1]",-0.0344713405975,-0.050425231,0.0398522868710873,0.0280748894391,-0.08536310305,0.03720983815,1.67433140468714,20,20
"alpha_t[140,1]",-0.035673820415,-0.054064308,0.042638426456621,0.0261895997118,-0.0766059718,0.0429643115,1.76420729734151,20,20
"alpha_t[141,1]",-0.0365515573625,-0.0569418925,0.044047065952233,0.0197105880447,-0.08265200775,0.04270414415,1.55206113766532,20,20
"alpha_t[142,1]",-0.03572189485,-0.056881748,0.0463384328755448,0.0310546374516,-0.08412012145,0.0456005918,1.60262078072869,20,20
"alpha_t[143,1]",-0.0314369809,-0.0498604275,0.0489102687596664,0.0449287496889,-0.0888715481,0.05348837165,1.87620242995836,20,20
"alpha_t[144,1]",-0.02941544888825,-0.0462900265,0.0514079551451546,0.0452911267809,-0.09260028255,0.05338299485,1.7801857920395,20,20
"alpha_t[145,1]",-0.02790347318,-0.034629849,0.0532250977981255,0.0611306343648,-0.08699870735,0.0614528534,1.89816711333199,20,20
"alpha_t[146,1]",-0.025719051087,-0.0391675305,0.0568591149116963,0.05099243127762,-0.0941928671,0.06769698955,1.93692544140842,20,20
"alpha_t[147,1]",-0.0224016797525,-0.032007849,0.0602012097907841,0.0656642116704,-0.1080282675,0.0782697095,2.00311725570206,20,20
"alpha_t[148,1]",-0.0241280818925,-0.025855908,0.0616247783549796,0.0662279977485,-0.112757088,0.07315428105,1.9339220053968,20,20
"alpha_t[149,1]",-0.02279359328525,-0.023609335,0.0641178097974271,0.0816779655258,-0.120107816,0.07549317305,1.95194807491872,20,20
"alpha_t[150,1]",-0.02015350172,-0.0230916115,0.0669223884789566,0.0791281574286,-0.120251161,0.0771952954,1.93810319580201,20,20
"alpha_t[151,1]",-0.02148769003825,-0.021653937,0.0689555911447496,0.0841311725961,-0.129350466,0.07940987885,2.10616479917998,20,20
"alpha_t[152,1]",-0.021403256527,-0.0216849965,0.0676748550052058,0.0811349321412,-0.129713758,0.0796265306,2.01652748745886,20,20
"alpha_t[153,1]",-0.01828208896325,-0.0131687215,0.069048024113323,0.0904825390749,-0.131733423,0.0758144297,1.89118436503731,20,20
"alpha_t[154,1]",-0.0158748933575,-0.01163119365,0.0716547380423393,0.093774976323,-0.1382619715,0.07825380175,1.92595515370247,20,20
"alpha_t[155,1]",-0.014457968398,-0.0081048533,0.0715104750864874,0.0908833636914,-0.123604161,0.0770468795,2.00380158554585,20,20
"alpha_t[156,1]",-0.016320158805,-0.019657257,0.0692507171338759,0.0842799930189,-0.1171444505,0.0754756079,1.88121245004771,20,20
"alpha_t[157,1]",0.00677097157,0.0096484208,0.0191476625145682,0.01946228931318,-0.0174486212,0.03269762625,1.71247729003417,20,20
"alpha_t[158,1]",0.00871856125675,0.00138657915,0.026205097584897,0.0189479104353,-0.0247781401,0.05631352025,1.62403797026764,20,20
"alpha_t[159,1]",0.00559349338025,-0.00191477375,0.0364334880395976,0.03484001362485,-0.03613909315,0.0676896057,1.69607565623539,20,20
"alpha_t[160,1]",0.0057742611725,-0.0014897316,0.0412198880171431,0.0367572077922,-0.0515705766,0.07210496525,2.02147522256364,20,20
"alpha_t[161,1]",0.01041064546875,0.0106717478,0.0423263635463182,0.02940288939672,-0.0527408144,0.0727580524999999,1.56333887417787,20,20
"alpha_t[162,1]",0.01656760951,0.0163577385,0.0394818116848701,0.03298536827586,-0.0447932896,0.0779019086499999,1.38104200562159,20,20
"alpha_t[163,1]",0.018864241179,0.0164625165,0.0346640213710785,0.0288179826438,-0.02492633995,0.0701623989499999,1.35746963394577,20,20
"alpha_t[164,1]",0.020833604705,0.0222280745,0.0346932279973137,0.0285605825274,-0.04603360735,0.06176610445,1.47584441762461,20,20
"alpha_t[165,1]",0.023727788285,0.023950385,0.0370801717628017,0.0411793699317,-0.03315867465,0.0785167691,1.63762991834518,20,20
"alpha_t[166,1]",0.0289505461125,0.037784777,0.0411393840378381,0.04113251443434,-0.03381453685,0.0939946073,1.84948159240407,20,20
"alpha_t[167,1]",0.02828656955625,0.0297592375,0.044574232799638,0.0482591755968,-0.0389627113,0.09388189955,1.81670786870472,20,20
"alpha_t[168,1]",0.032223203843175,0.017169013,0.0511673656132438,0.0690070676967,-0.0353805849,0.11344603,1.7680569767478,20,20
"alpha_t[169,1]",0.02827405998,0.00292452895,0.0518578687582482,0.04511678199063,-0.0361699703,0.139784731,2.02653486990882,20,20
"alpha_t[170,1]",0.0226185664725,0.0081511143,0.0520002557138745,0.0406350155505,-0.0389913536,0.1327973905,2.08228925668738,20,20
"alpha_t[171,1]",0.0158288603625,-0.0029727798,0.0543272296625659,0.02833833663612,-0.03156046085,0.1207949775,2.09447290262371,20,20
"alpha_t[172,1]",0.0080745107,-0.00983841495,0.051310823788832,0.0401369753694,-0.04351395045,0.1082401265,1.50210475692067,20,20
"alpha_t[173,1]",6.35480600000007e-05,-0.0103257513,0.0472499642542672,0.02878128725598,-0.05069950835,0.09078546915,1.56672700498973,20,20
"alpha_t[174,1]",-0.003049655335,-0.01038410385,0.0501718864118168,0.03413189035809,-0.0664265855,0.107404949,1.64050290352502,20,20
"alpha_t[175,1]",-0.00918208276925,-0.020814826,0.0567029048218032,0.0448981940442,-0.0786994522,0.0984833818499999,1.56088761043154,20,20
"alpha_t[176,1]",-0.009924169775,-0.019698909,0.0517556425864188,0.0359242445646,-0.0677147169,0.09903680875,1.38261408432994,20,20
"alpha_t[177,1]",-0.0081885848375,-0.0214853195,0.0544218659217761,0.04070759237874,-0.0689076634,0.08856015005,1.49976357294638,20,20
"alpha_t[178,1]",-0.00553566934575,-0.017975179,0.052506128405872,0.03841795174497,-0.06835443795,0.0986562321999999,1.96025338266298,20,20
"alpha_t[179,1]",-0.00376374928,-0.0231844635,0.0592132087986753,0.0549711897147,-0.0685774947,0.110229489,2.09328521930969,20,20
"alpha_t[180,1]",-0.00268800865025,-0.027456489,0.0622656293031625,0.05188543128027,-0.072764979,0.1161054615,1.97426054949238,20,20
"alpha_t[181,1]",-0.00470479788,-0.0269171455,0.0674059510978594,0.0590644103574,-0.077540767,0.1272058615,2.0257028640753,20,20
"alpha_t[182,1]",-0.0114823256725,-0.025706737,0.0628327566851545,0.04801500338586,-0.0807705206,0.113733756,1.91209697525343,20,20
"alpha_t[183,1]",-0.01717563984275,-0.034911451,0.0612151074218822,0.0418746426147,-0.08154365635,0.116240644,1.79167939677746,20,20
"alpha_t[184,1]",-0.0260424308825,-0.047287291,0.0655409821463611,0.0489358853865,-0.0889113827,0.1243456785,1.818750114181,20,20
"alpha_t[185,1]",-0.0364162888975,-0.0510450215,0.0650401972845794,0.0458620671453,-0.0971097646,0.111505079,1.92819410784116,20,20
"alpha_t[186,1]",-0.0380960359775,-0.037663688,0.0664226331224823,0.04549016835132,-0.1113273735,0.1046901645,1.77449586966498,20,20
"alpha_t[187,1]",-0.0388177055875,-0.0467066065,0.0677141817078204,0.0529267132254,-0.1221670925,0.10090107,2.15962536296912,20,20
"alpha_t[188,1]",-0.0415512889825,-0.0411541745,0.0697304315031605,0.0521375652756,-0.135620046,0.0691585963999999,2.07121579563109,20,20
"alpha_t[189,1]",-0.0484914468175,-0.051733876,0.0678533125302329,0.058526754363,-0.1712859085,0.0339676351499998,2.05478947756465,20,20
"alpha_t[190,1]",-0.053082154625,-0.0464524485,0.0672880498034605,0.06509151998475,-0.189259813,0.0319184553499999,2.05461668823448,20,20
"alpha_t[191,1]",-0.06477173922825,-0.060574181,0.0622140554740569,0.0598865157639,-0.1728495675,0.0363768733499999,1.75121298220692,20,20
"alpha_t[192,1]",-0.07906132637,-0.0662164315,0.0534111105598197,0.0591875009985,-0.165513914,-0.00361542096500002,1.93680573791747,20,20
"alpha_t[193,1]",-0.088485693815,-0.0759605935,0.0480706518855813,0.0491696854761,-0.1723957835,-0.0301003156350001,1.46189752222342,20,20
"alpha_t[194,1]",-0.0944742657325,-0.097981353,0.0476226655606492,0.0538036214583,-0.1724264475,-0.0284141051,1.45720682177543,20,20
"alpha_t[195,1]",-0.1022863746325,-0.10638661,0.0521568025636431,0.052837840251,-0.1953707745,-0.019278630215,1.31476993676421,20,20
"alpha_t[196,1]",0.0056907383605,0.0046148691,0.0201044160379902,0.01751728950174,-0.03244839535,0.03541529355,1.26601451970612,20,20
"alpha_t[197,1]",0.010140937888075,0.0075120405,0.0203530919828235,0.0267315641418,-0.01849038925,0.0420466518,1.1585231492479,20,20
"alpha_t[198,1]",0.01068492815585,0.0078738823,0.0277232398329146,0.02847893752452,-0.04744519075,0.05014115385,1.25254500215295,20,20
"alpha_t[199,1]",0.02401440711375,0.0232263545,0.030130343913765,0.03046132880448,-0.0146498348,0.07721691845,1.27786676063655,20,20
"alpha_t[200,1]",0.03880947270275,0.041649529,0.0321662502389893,0.0355358878728,-0.00611751024,0.09312804815,1.60000615092955,20,20
"alpha_t[201,1]",0.0558338454405,0.054955963,0.0487110570682521,0.0660097745958,-0.0125741299,0.1245745075,1.77527205434787,20,20
"alpha_t[202,1]",0.06178007922975,0.0552043785,0.0582273329189597,0.07193425657551,-0.000700553099499996,0.15629536,1.90892324013138,20,20
"alpha_t[203,1]",0.067017694788075,0.057474509,0.067921952799653,0.07741950140358,-0.02996977025,0.1716423545,2.14773825473127,20,20
"alpha_t[204,1]",0.0687107252125,0.0453987755,0.0765406581321836,0.08059704449055,-0.01821066985,0.2094062895,2.25757027288016,20,20
"alpha_t[205,1]",0.066385257805,0.052627588,0.0765280422524469,0.07508235159411,-0.027065229,0.1987548505,2.64695702306136,20,20
"alpha_t[206,1]",0.068860363358,0.052503312,0.0794787279251123,0.078922768417626,-0.0285883486,0.200918819,2.50449812726731,20,20
"alpha_t[207,1]",0.07260733978,0.048240938,0.0847917473404262,0.06995511574779,-0.02148015025,0.219858132,2.47217622165447,20,20
"alpha_t[208,1]",0.07798760892305,0.047827036,0.0891987539644623,0.0645081139773714,-0.015195156,0.241048619,2.30706121134382,20,20
"alpha_t[209,1]",0.08076670786125,0.038259241,0.0982546889689778,0.06042901600554,-0.00882191048,0.262575348,2.39161049929275,20,20
"alpha_t[210,1]",0.0794672052498,0.0341459655,0.103579312625585,0.0498051246544404,-0.0185235205,0.264101415,1.99796200587145,20,20
"alpha_t[211,1]",0.0753021373775,0.022080179,0.111101752249757,0.04276219265388,-0.01701918715,0.2867048715,1.73259309473646,20,20
"alpha_t[212,1]",0.07549096877275,0.012064163,0.119296315755228,0.0433188403095,-0.02541763445,0.299065493,1.55987844415441,20,20
"alpha_t[213,1]",0.070881841505,0.00829785975,0.123641932764611,0.03670632829605,-0.031336062,0.3118295725,1.54047225506241,20,20
"alpha_t[214,1]",0.06542315477475,0.0034683203,0.122335111454451,0.03050118035118,-0.02978445375,0.288282786,1.55558583742856,20,20
"alpha_t[215,1]",0.06537940412265,-0.0002449740615,0.124304405574039,0.0239660718444,-0.02896268775,0.2872860515,1.53789709541577,20,20
"alpha_t[216,1]",0.0622956501175,0.00212035015,0.125735046060697,0.03076036307169,-0.02884709825,0.302651952,1.44309181148073,20,20
"alpha_t[217,1]",0.06163047591475,0.001223829845,0.124326038515882,0.0306655298229,-0.04699016925,0.295147331,1.58366744002744,20,20
"alpha_t[218,1]",0.059127304999,-0.00108866572,0.126843093437763,0.0323847572307,-0.039664952,0.303410398,1.79488773051179,20,20
"alpha_t[219,1]",0.06471256242025,0.0074198659,0.122814799461809,0.03885518479206,-0.04393940305,0.27765929,2.29773308139958,20,20
"alpha_t[220,1]",0.06451144669,0.010702251,0.1161992682026,0.0380292882291,-0.043825248,0.291243611,2.07156334594463,20,20
"alpha_t[221,1]",0.07546265602,0.0144996395,0.125725750022609,0.03729771964485,-0.0381604149,0.301437248,1.71883039679673,20,20
"alpha_t[222,1]",0.0815786919175,0.0281195065,0.126025988994832,0.04560080100114,-0.04336944915,0.2900462375,1.7701076325911,20,20
"alpha_t[223,1]",0.0933936055875,0.0337674285,0.134365679583181,0.0695613184329,-0.05040184485,0.3264813195,2.02460003051348,20,20
"alpha_t[224,1]",0.102152336346375,0.036972179,0.137889778138234,0.06773239626804,-0.0220277513,0.343172667,2.02596566379463,20,20
"alpha_t[225,1]",0.10846900211325,0.045485858,0.139106265166088,0.06989659233669,-0.033242313,0.360441867,1.96428875519906,20,20
"alpha_t[226,1]",0.1140221238475,0.051393873,0.138475011601508,0.0847160783112,-0.0176073718,0.3794398435,1.82198534954675,20,20
"alpha_t[227,1]",0.115723685705,0.0641233475,0.139124013407606,0.09343618628505,-0.03024334705,0.3585191275,2.0651637584068,20,20
"alpha_t[228,1]",0.1171691309225,0.0642711505,0.140034411286487,0.08915133803562,-0.0174089486,0.3716738335,2.03347696351573,20,20
"alpha_t[229,1]",0.116443574261,0.0631866645,0.141180067106965,0.08973699594783,-0.01180914535,0.383152948,2.29915820237865,20,20
"alpha_t[230,1]",0.115324229915,0.053343543,0.139911463963974,0.07482341061153,-0.00681993343,0.357300418,2.08964653352699,20,20
"alpha_t[231,1]",0.1216478382875,0.071410282,0.142235200718298,0.09437911306509,-0.01597503935,0.3691728875,2.40191225680832,20,20
"alpha_t[232,1]",0.1215676738775,0.073019366,0.146997152640649,0.09655748093649,-0.0191987815,0.386183379,2.27761649263764,20,20
"alpha_t[233,1]",0.126933939039,0.07529022,0.151016762227736,0.10328927545881,-0.01360135665,0.405715623,1.9854073515554,20,20
"alpha_t[234,1]",0.1292266275175,0.0825490625,0.154596732409486,0.11646602024757,-0.0206750055,0.4154797115,1.74235235921622,20,20
"alpha_t[235,1]",0.0205545678175,0.0006727998,0.0495607541396168,0.0350596908375,-0.0310536797,0.1144414235,1.84069376601672,20,20
"alpha_t[236,1]",0.025475008235,0.0191375595,0.0795060855477005,0.1033041387462,-0.07264518255,0.1826428865,2.85609234307433,20,20
"alpha_t[237,1]",0.0249078833625,-0.01126342705,0.0934043945326053,0.05795981116233,-0.0704375336,0.2050765965,2.47582455050495,20,20
"alpha_t[238,1]",0.0317915735415,-0.00831859615,0.110903901340189,0.0511607016333,-0.0734154077,0.2432995225,2.38793657448372,20,20
"alpha_t[239,1]",0.0671356080875,-0.0058828602,0.179862976356124,0.05079923085468,-0.1167715715,0.426178819,3.35910161671344,20,20
"alpha_t[240,1]",0.072742611003875,-0.00338759075,0.203266794550586,0.08967644389515,-0.1593931925,0.454606418,2.83276821904103,20,20
"alpha_t[241,1]",0.0664453627375,0.0009325516,0.182932320813341,0.10265072786724,-0.1309426105,0.3816150405,2.74616463072027,20,20
"alpha_t[242,1]",0.067674117345,0.014593168,0.181222658191834,0.1247669605812,-0.142572995,0.3680540335,2.50509880342068,20,20
"alpha_t[243,1]",0.07819373088725,0.0094672352,0.191594721825575,0.1248106713357,-0.1522325355,0.4490711045,2.35399709034523,20,20
"alpha_t[244,1]",0.088814012915,0.01930615,0.197276003238949,0.1297989679917,-0.151705893,0.4526063945,3.24518949538358,20,20
"alpha_t[245,1]",0.0860993983275,-0.00176227065,0.195802629452628,0.1133491251375,-0.136547748,0.4356213145,3.71080536089208,20,20
"alpha_t[246,1]",0.08320740699,0.0088532463,0.204596069252029,0.13332684701238,-0.131602807,0.487422917,3.59711419232367,20,20
"alpha_t[247,1]",0.0844505803225,0.0059382712,0.216979898266768,0.15202704745662,-0.132994476,0.5098995225,3.52693165180991,20,20
"alpha_t[248,1]",0.086059347575,0.006736665,0.237136196520744,0.16114809354,-0.167690481,0.556325986,3.23725808774463,20,20
"alpha_t[249,1]",0.085435866125,-0.006741603,0.251435654034622,0.177693353565,-0.165044031,0.5044770355,2.8931021977916,20,20
"alpha_t[250,1]",0.072540100675,-0.0192025495,0.246969736876782,0.1861681924263,-0.1882964545,0.4750902695,2.78082309288196,20,20
"alpha_t[251,1]",0.05602978055,-0.0180384145,0.231245844477387,0.1997545460883,-0.216509017,0.427046198,2.51177279880786,20,20
"alpha_t[252,1]",0.042556854375,-0.0033757475,0.21671927604055,0.2049539605365,-0.20083687,0.416499006,2.47406802712862,20,20
"alpha_t[253,1]",0.02740803775,-0.027255082,0.211611805161445,0.2126110328202,-0.201707068,0.3592158835,2.52969783357356,20,20
"alpha_t[254,1]",0.021864855775,-0.028904181,0.211885115614047,0.215153533182,-0.2080630865,0.36941002,2.21981499797928,20,20
"alpha_t[255,1]",0.00460161569999999,-0.035050808,0.200113945653077,0.2279021689182,-0.1982309025,0.331986262,2.20239136032699,20,20
"alpha_t[256,1]",-0.00681009379999999,-0.0466966145,0.194056560968522,0.2269160078913,-0.212583895,0.302796705,2.15241209772159,20,20
"alpha_t[257,1]",-0.010569260825,-0.044788499,0.192712001127603,0.2246692469406,-0.209721757,0.349263119,2.09536150530213,20,20
"alpha_t[258,1]",-0.00683063634999999,-0.041116922,0.191819590904099,0.228179834694,-0.2140051405,0.3039392885,2.17682063635709,20,20
"alpha_t[259,1]",-0.013596124725,-0.0446304395,0.173054047939797,0.2129173357563,-0.223588947,0.2371226095,2.62711633360723,20,20
"alpha_t[260,1]",-0.004008210075,-0.0301389865,0.187630027422281,0.2360746626441,-0.237670459,0.2772781825,2.62788998726561,20,20
"alpha_t[261,1]",-0.00116976265000001,-0.0209240345,0.186211078171878,0.2199860982753,-0.2186009185,0.288908406,2.74593589513748,20,20
"alpha_t[262,1]",0.020722989125,-0.0280701055,0.218830235860639,0.2285405357067,-0.232940701,0.362424785,3.06633812465331,20,20
"alpha_t[263,1]",0.0535128687,-0.0099351725,0.24857773684625,0.2149765144485,-0.2228766745,0.472276928,3.28593850248492,20,20
"alpha_t[264,1]",0.0650850114,-0.000292039500000001,0.265927734931249,0.2267809949223,-0.2237899115,0.5147489905,3.10224767521244,20,20
"alpha_t[265,1]",0.0877525392,-0.0004322085,0.287323024456202,0.205273390413,-0.224407038,0.5911846715,2.67064470666677,20,20
"alpha_t[266,1]",0.1035206297,-0.0011209735,0.3160373122374,0.23837050062,-0.213339749,0.6368254625,2.76778990370375,20,20
"alpha_t[267,1]",0.116687174425,0.0056683485,0.34170862253921,0.243378389835,-0.2191160655,0.6838836195,2.47039747571518,20,20
"alpha_t[268,1]",0.12958801425,0.007265836,0.357025211465519,0.2442090624456,-0.2205381225,0.71950624,2.46532257416764,20,20
"alpha_t[269,1]",0.13726082415,0.0094341185,0.365484440264291,0.2340290823591,-0.2035256995,0.7803109025,2.33229675716112,20,20
"alpha_t[270,1]",0.1395990968,0.012324144,0.366408483791387,0.2545994390394,-0.1873029005,0.7668350465,2.31508519117481,20,20
"alpha_t[271,1]",0.150957601675,-0.0015720605,0.377909353266836,0.2291429605647,-0.1764735915,0.785967114,2.50369915058011,20,20
"alpha_t[272,1]",0.162338263825,0.0221386975,0.396688128780006,0.2343384105405,-0.2062442195,0.8422782425,2.52133103642504,20,20
"alpha_t[273,1]",0.172755487175,0.018817659,0.414718437732269,0.2247592674474,-0.210428266,0.96626796,2.42375224006466,20,20
"alpha_t[274,1]",-0.004176749214,-0.00070714343,0.0214644553687231,0.0170065813932,-0.04309395135,0.0268725321,1.979808218046,20,20
"alpha_t[275,1]",-0.00881643941625,-0.0099668027,0.0277260378259849,0.02423566604928,-0.06348400095,0.0282544444,1.46110531435033,20,20
"alpha_t[276,1]",-0.003699889925,-0.00601309665,0.0256973627892885,0.0290065219206,-0.0445620029,0.0336965753499999,1.44394702921145,20,20
"alpha_t[277,1]",0.00119741473225,0.00159094927,0.0321121863006708,0.0307737907575,-0.0516957743,0.04864773715,1.50514741314984,20,20
"alpha_t[278,1]",0.00793658006975,0.0045527621,0.0348185432723316,0.04077246828606,-0.0321785087,0.05989658385,1.776216680302,20,20
"alpha_t[279,1]",0.008151796225,0.0053020366,0.0390199500996714,0.0472924173561,-0.04162798325,0.07732564495,2.04314375762609,20,20
"alpha_t[280,1]",0.00850091000625,0.0030588847,0.0391222389298463,0.04696904702532,-0.05086737555,0.0725063554,1.98066706517029,20,20
"alpha_t[281,1]",0.01186553324275,0.013942239,0.0363821511817837,0.0450198576828,-0.04661314415,0.05779596565,1.61608315533057,20,20
"alpha_t[282,1]",0.0099144606425,0.020219783,0.0420224689009228,0.0431393271015,-0.05959566015,0.0699549965499999,1.68831961874643,20,20
"alpha_t[283,1]",0.0111326252725,0.0175798435,0.0409241548332584,0.0451032850674,-0.04684169845,0.0717202828499999,1.65548123011429,20,20
"alpha_t[284,1]",0.0096790157825,0.0055327139,0.0448752465356411,0.0393681412635,-0.0646679032,0.06584936055,1.66774703750427,20,20
"alpha_t[285,1]",0.01218243705025,0.01818782,0.0449472618542637,0.0431931113817,-0.0656498717,0.0656841019999999,1.59594491449319,20,20
"alpha_t[286,1]",0.00905126841125,0.0194892255,0.050800384832945,0.0500368908333,-0.08895972005,0.0711481814,1.67933743972991,20,20
"alpha_t[287,1]",0.004353123064,0.0106998288,0.0572399473552726,0.0635266405032,-0.08424751335,0.0844449725,1.90145939209388,20,20
"alpha_t[288,1]",0.005794046725,0.0040941937,0.0620428698191356,0.0809904186714,-0.08494688615,0.0870354111999999,1.91741688462241,20,20
"alpha_t[289,1]",0.01042734433375,0.004521226325,0.07377030600512,0.1005695594001,-0.108667147,0.110723015,2.22298133391296,20,20
"alpha_t[290,1]",0.0147965007425,0.0225875655,0.0847030204134347,0.1026683472339,-0.112946449,0.141485332,2.21646814711136,20,20
"alpha_t[291,1]",0.0207048198595,0.0220935646,0.0972600508946051,0.1164386663517,-0.1376829415,0.154847872,2.20349317782016,20,20
"alpha_t[292,1]",0.030979923525,0.039615919,0.110599189662438,0.1352099183253,-0.1407870145,0.1972313375,2.28745423364964,20,20
"alpha_t[293,1]",0.0317845013575,0.05276893,0.112837205715293,0.1298976757932,-0.143951976,0.209321645,2.3058110354651,20,20
"alpha_t[294,1]",0.032728398785,0.057758457,0.119363707221321,0.1567257223539,-0.1376555245,0.1869713995,2.34569984675956,20,20
"alpha_t[295,1]",0.03206121293475,0.0728049845,0.114836366735541,0.1274063940723,-0.1367668135,0.1618450385,2.44316081546987,20,20
"alpha_t[296,1]",0.0338421103125,0.0676347345,0.11731567949165,0.1193156234823,-0.1521065355,0.186844108,2.31391905119564,20,20
"alpha_t[297,1]",0.031866000425,0.0676664105,0.12239810257882,0.1224100913763,-0.163074236,0.176230394,2.28848240230452,20,20
"alpha_t[298,1]",0.0346123618145,0.0720823,0.12399934914704,0.11624453055642,-0.1675868785,0.1857077955,2.67543962417525,20,20
"alpha_t[299,1]",0.036404977485,0.064729224,0.121368778206888,0.1145012661996,-0.157592046,0.1827787855,3.05547340709859,20,20
"alpha_t[300,1]",0.0317051566375,0.068668766,0.125309648732538,0.1029962501694,-0.180332091,0.1655727675,2.86043395544071,20,20
"alpha_t[301,1]",0.0336980971325,0.065114876,0.129709484704598,0.1133738274774,-0.184979324,0.192262719,2.86852519800024,20,20
"alpha_t[302,1]",0.0276225470175,0.058449883,0.124384927338745,0.09001966401603,-0.175731642,0.1956925125,3.25552492982317,20,20
"alpha_t[303,1]",0.0265943281525,0.062461881,0.121577810552749,0.0767213090364,-0.181090456,0.1654257785,2.86710583159016,20,20
"alpha_t[304,1]",0.0224814251475,0.0661021715,0.120907834513881,0.0617734622967,-0.197863517,0.1605573055,2.40975909544337,20,20
"alpha_t[305,1]",0.02240838635,0.0729542885,0.122792352399849,0.0472206091077,-0.188016346,0.156258738,1.98603563631235,20,20
"alpha_t[306,1]",0.02857640675,0.081484411,0.12375244993809,0.0267851341863,-0.191362496,0.1349164515,1.78137898516253,20,20
"alpha_t[307,1]",0.03587010255,0.0932074205,0.127759817703035,0.0360074421462,-0.1772456715,0.161566915,1.72608552450462,20,20
"alpha_t[308,1]",0.03928195585,0.1011887945,0.130526938349754,0.044206402506,-0.1866815945,0.1484577445,1.62541162577137,20,20
"alpha_t[309,1]",0.0439790722,0.109605975,0.132524161601803,0.0534447314415,-0.188367739,0.1816369975,1.66924503289282,20,20
"alpha_t[310,1]",0.051244869025,0.0963961965,0.140611318756575,0.0685078822071,-0.1846974895,0.20047482,1.97304104213315,20,20
"alpha_t[311,1]",0.055640371325,0.1023420475,0.148853339609869,0.0779157872241,-0.1980640655,0.228817299,2.13667642358738,20,20
"alpha_t[312,1]",0.05168392486,0.096668163,0.150755666083628,0.0931334427009,-0.202765839,0.2383818035,2.2043845426969,20,20
"alpha_t[313,1]",0.00234251337,0.0067866979,0.0154840700824279,0.01571818590699,-0.02244162045,0.02200313085,1.85273601443335,20,20
"alpha_t[314,1]",0.02940040482,0.0099615845,0.0546668438635176,0.0499373698257,-0.03154048435,0.1186829635,2.56982033244881,20,20
"alpha_t[315,1]",0.059744942517,0.00698498145,0.107282503700429,0.0329673612093,-0.0310264011,0.2714607645,2.32606094678814,20,20
"alpha_t[316,1]",0.06515383611275,0.0086045197,0.11738887029523,0.03446217294072,-0.02832214245,0.288292197,1.86642541724046,20,20
"alpha_t[317,1]",0.0637076190375,0.0102323572,0.113003089360264,0.03464078487618,-0.028192512,0.2752205095,2.13220836951083,20,20
"alpha_t[318,1]",0.055376482658925,0.0089086088,0.0938007370925732,0.03864259729848,-0.0275024316,0.234435877,1.74468650316678,20,20
"alpha_t[319,1]",0.057819357137,0.0146939595,0.0975967108908026,0.0457231267689,-0.02615457525,0.2570373155,1.96959224483806,20,20
"alpha_t[320,1]",0.05967919435,0.019040097,0.0979472309048563,0.0469590436266,-0.03160042885,0.250835982,2.16558579343796,20,20
"alpha_t[321,1]",0.0399894445845,0.0218929355,0.0676209003624979,0.04534433558991,-0.03214052405,0.156682505,2.31430910849216,20,20
"alpha_t[322,1]",0.02249579113,0.00828048215,0.0505917419754761,0.02827142830659,-0.055982215,0.1147562375,1.9505274486674,20,20
"alpha_t[323,1]",0.0167064454195,0.011848889,0.0466402193787428,0.0527335474953,-0.0448909331,0.0942173668499999,1.68738648479459,20,20
"alpha_t[324,1]",0.019812929831,0.0228399315,0.0417631195891719,0.0464918148387,-0.047286697,0.0717280683,1.48810842357632,20,20
"alpha_t[325,1]",0.02294320839425,0.017727474,0.0461244910013047,0.0625525181883,-0.0556447631,0.089424337,1.47571649593723,20,20
"alpha_t[326,1]",0.0258567469175,-0.0011302413,0.0537626967910477,0.04654867951692,-0.03371404385,0.1116081815,1.66628974415837,20,20
"alpha_t[327,1]",0.0232992169855,0.00560722925,0.0515690742769078,0.0390067441701,-0.0415931975,0.1110503685,1.70084882183674,20,20
"alpha_t[328,1]",0.02997676000175,0.0114139893,0.0589080387221625,0.0415897165467,-0.0514866775,0.127590405,1.81591488833604,20,20
"alpha_t[329,1]",0.02778857544025,0.0155674805,0.0736357803066947,0.03738092323098,-0.115351462,0.1448521435,2.86630385759496,20,20
"alpha_t[330,1]",0.03087253908375,0.039804212,0.0871891438312446,0.0809508191667,-0.119413963,0.1424396955,2.89445008772792,20,20
"alpha_t[331,1]",0.0418443523675,0.0517876645,0.0887969498788464,0.1084253630943,-0.1213980585,0.1371212215,1.91245576855637,20,20
"alpha_t[332,1]",0.0551668522,0.0686212955,0.0739704244040961,0.08668388332758,-0.05794357865,0.13895733,2.33658384879744,20,20
"alpha_t[333,1]",0.0626203075325,0.079436471,0.0590131563263267,0.0583389600927,-0.04913562425,0.1306400655,1.93114953387606,20,20
"alpha_t[334,1]",0.0743528951025,0.075928402,0.0391514352781978,0.0366884336847,0.00776201338,0.1265882315,1.44872082702548,20,20
"alpha_t[335,1]",0.08982282933,0.0875272205,0.0417798377517629,0.0455589332667,0.02453085625,0.148161282,1.68939636479969,20,20
"alpha_t[336,1]",0.08895273775,0.091782707,0.0440772527217895,0.0338827518078,0.019800243515,0.137096832,1.36406504256249,20,20
"alpha_t[337,1]",0.08514980428,0.082850436,0.0413756631360952,0.0410555498514,0.01979499653,0.156612993,1.29454422097213,20,20
"alpha_t[338,1]",0.08987472404,0.08308633,0.0579501015644815,0.0406251532953,-0.00714306803,0.1928287015,1.66668524095026,20,20
"alpha_t[339,1]",0.090223125775,0.0685582225,0.0560385796916023,0.0354537955695,0.0319430739,0.2047857955,1.73920745543452,20,20
"alpha_t[340,1]",0.08907778035,0.073592756,0.0578788037886656,0.0416549939421,0.02770947725,0.194410469,1.44467245571456,20,20
"alpha_t[341,1]",0.0758673600125,0.0608307435,0.0501673860318667,0.0433933268748,0.01300026528,0.173162301,1.5009399635362,20,20
"alpha_t[342,1]",0.05374676765,0.049203902,0.0412135337691982,0.0298694699919,-0.00306051176,0.1351036735,1.23011228135366,20,20
"alpha_t[343,1]",0.04545024988,0.038847296,0.0442964821837647,0.0268979126031,-0.00916588546,0.120015993,1.17440286323407,20,20
"alpha_t[344,1]",0.0351183828875,0.029335886,0.0481361826046343,0.0479244853185,-0.03528841315,0.1068925315,1.41220188222038,20,20
"alpha_t[345,1]",0.0299228635675,0.0273904285,0.0605123391046886,0.0565574916543,-0.0499630654,0.1262726535,1.46215641958526,20,20
"alpha_t[346,1]",0.0162000058115,0.026779795,0.0718552652871318,0.0675669856995,-0.09365827465,0.1232565955,2.20434220244666,20,20
"alpha_t[347,1]",0.0013149298375,0.0078597696,0.0949877123464735,0.07807828300104,-0.2117006295,0.1191635805,2.18771579655821,20,20
"alpha_t[348,1]",0.00525258357749999,0.00718079815,0.0808188177904762,0.0676110040935,-0.1205553045,0.1187371395,2.40662728391489,20,20
"alpha_t[349,1]",0.007845107855,0.0108647062,0.0766262435602988,0.07652488558932,-0.114276873,0.113529978,1.65212541904663,20,20
"alpha_t[350,1]",0.004559853867,0.0055900554,0.0838923376428323,0.0706621266939,-0.1619364625,0.0938204757499998,2.05623124969825,20,20
"alpha_t[351,1]",-0.0153685396425,-0.0068642476,0.101728078959115,0.0807519476505,-0.240811477,0.103469998,2.02285981273685,20,20
"alpha_t[352,1]",-0.0426186594425,-0.022655356,0.0934838300042485,0.1028805087765,-0.196173087,0.06191734025,2.39465947131779,20,20
"alpha_t[353,1]",-0.0321949660425,-0.0101482248,0.0929467981610319,0.06740386307928,-0.1715973245,0.0821107483999998,2.43572240391848,20,20
"alpha_t[354,1]",-0.047535225804,-0.0200472635,0.0960987392842913,0.0833135261091,-0.2234609965,0.059623561,2.19768630430959,20,20
"alpha_t[355,1]",-0.0595766834369,-0.05283907,0.0737100109601402,0.0624181968522,-0.1859775455,0.04655333895,2.50474562211747,20,20
"alpha_t[356,1]",-0.0816887036725,-0.069885371,0.0979149739908099,0.11766410174631,-0.2287382775,0.0466947710999999,3.19748706159132,20,20
"alpha_t[357,1]",-0.09438782337,-0.0846284275,0.125188247671983,0.1700361063345,-0.2593239385,0.0908321565499999,2.2271100930133,20,20
"alpha_t[358,1]",-0.08394579514,-0.0321248725,0.137268752349658,0.1387077067929,-0.3112014205,0.0756381816999998,2.99099347249984,20,20
"alpha_t[359,1]",-0.07274861782,-0.0226694585,0.13399696479318,0.1076975517891,-0.27614477,0.0817951722999999,1.9788494528059,20,20
"alpha_t[360,1]",-0.0735149926382,-0.0207474795,0.116127571822863,0.0694506460494,-0.2753428515,0.04639379025,2.21679593847711,20,20
"alpha_t[361,1]",-0.07090122094,-0.047475735,0.0950778962510365,0.0982998151842,-0.2259014565,0.0398180874,1.68477987196479,20,20
"alpha_t[362,1]",-0.06574314563,-0.0559222595,0.0715323654268139,0.056008217265,-0.1953682535,0.0241005377999999,1.56964195066999,20,20
"alpha_t[363,1]",-0.0457858721675,-0.0332071025,0.0877298562817758,0.0959244624051,-0.195105172,0.0822276563,1.72291452175465,20,20
"alpha_t[364,1]",-0.00891265646,-0.0092476922,0.0963411235453422,0.0845742438996,-0.152045666,0.1271931985,1.86639063019156,20,20
"alpha_t[365,1]",0.0309314690925,0.0279406865,0.0925479634214812,0.0946597223208,-0.1021690505,0.188605609,2.16268559745327,20,20
"alpha_t[366,1]",0.0557928573,0.035380919,0.110392346063866,0.101414043171,-0.107587142,0.240991258,1.84248577216865,20,20
"alpha_t[367,1]",0.0638206219275,0.0478824095,0.10362922097482,0.1067829958944,-0.06441799495,0.2433771615,2.275065733466,20,20
"alpha_t[368,1]",0.0589539381725,0.037812713,0.111163068361495,0.148118293092,-0.0830068584,0.2353190875,2.44093769754837,20,20
"alpha_t[369,1]",0.033712236705,0.040193755,0.135497082485553,0.1533044249268,-0.203005211,0.232475986,3.29321588598909,20,20
"alpha_t[370,1]",0.00923907684249999,0.0163282835,0.142789174235658,0.1431905480439,-0.2209253155,0.236117523,2.87529162665767,20,20
"alpha_t[371,1]",0.001797151225,0.027474003,0.16784920507885,0.2287101933312,-0.224857408,0.2611078835,2.55384418880626,20,20
"alpha_t[372,1]",-0.00216410076025,-0.006728102205,0.187389586181904,0.256867599401133,-0.3012264805,0.2580694645,2.49139621922657,20,20
"alpha_t[373,1]",-0.014154566685,-0.0017085043,0.192208466729505,0.23262614364318,-0.3032688045,0.252762715,2.69949943951111,20,20
"alpha_t[374,1]",-0.0163285157675,-0.00801372685,0.199746399785454,0.24180668090481,-0.3557206895,0.2328104355,2.64308847892261,20,20
"alpha_t[375,1]",-0.031408122393,0.00025855989,0.205792112917879,0.239288103999,-0.3568958835,0.2405862275,2.5595906631638,20,20
"alpha_t[376,1]",-0.0178594807025,0.00849388995,0.218509353263346,0.23305671396,-0.368140501,0.256667556,2.47535201729671,20,20
"alpha_t[377,1]",-0.00499326788775002,0.0511039105,0.244000616130676,0.1562890862757,-0.4273494615,0.3096801695,2.95714684694653,20,20
"alpha_t[378,1]",0.010321172915,0.0669654695,0.244691216722787,0.1479881956833,-0.420024582,0.317030859,2.79760261764423,20,20
"alpha_t[379,1]",0.0355265314,0.072856458,0.247866264638667,0.2300820134592,-0.406426243,0.2916950845,3.00284425397754,20,20
"alpha_t[380,1]",0.04561260885,0.111097715,0.242515127711904,0.166073357457,-0.358181425,0.330567871,2.72093521543496,20,20
"alpha_t[381,1]",0.045098662275,0.121715395,0.242279005416702,0.1403885556171,-0.36477391,0.336611776,2.41357253552054,20,20
"alpha_t[382,1]",0.05568609115,0.133838375,0.240228593245523,0.1522116516165,-0.363544398,0.3431133135,2.55718395891004,20,20
"alpha_t[383,1]",0.055257596975,0.14431299,0.241579167823073,0.1520322711012,-0.361171331,0.3046776985,2.25465104846581,20,20
"alpha_t[384,1]",0.058265211125,0.12934362,0.239488597563534,0.162826003851,-0.359055659,0.324546793,2.22936101984004,20,20
"alpha_t[385,1]",0.051983871275,0.11147132,0.238470355169285,0.171821382831,-0.3566391215,0.322822403,2.20282554139492,20,20
"alpha_t[386,1]",0.063507633825,0.12740089,0.246733088021829,0.191453312274,-0.3665903705,0.355362713,2.06550060706732,20,20
"alpha_t[387,1]",0.036252169275,0.103211435,0.243691644252256,0.1842679751409,-0.3897327075,0.352299988,2.12087130759526,20,20
"alpha_t[388,1]",0.0391924117125,0.0893602945,0.241239426292277,0.2104507415493,-0.394684621,0.3314278145,1.80683063783706,20,20
"alpha_t[389,1]",0.0155903214,0.0909467585,0.268396757764227,0.1605594620511,-0.432829798,0.313119096,2.11326720351798,20,20
"alpha_t[390,1]",0.012125395305,0.08175569,0.284437799972287,0.19327892661,-0.5222397025,0.338285427,1.89264039755647,20,20
"alpha_t[391,1]",-0.0054526583275,-0.0054377497,0.0175981492216687,0.01460260991217,-0.0385815033,0.0174091079,1.31243095290066,20,20
"alpha_t[392,1]",-0.000418027887050001,-0.00057103951,0.0214580714368378,0.0173310217164,-0.0311212282,0.0370260298,1.29932445558647,20,20
"alpha_t[393,1]",0.01064208981375,0.0103125273,0.0328815709894051,0.0396523341858,-0.03247184235,0.07005195225,1.60330627154258,20,20
"alpha_t[394,1]",0.01748440136,-0.0047983809,0.0489583574997179,0.0368295905481,-0.0367864166,0.1047891455,2.21483891896193,20,20
"alpha_t[395,1]",0.0188381344285,-0.00184758355,0.0580332209477697,0.03894413686317,-0.0421891005,0.1170664515,1.9558313054871,20,20
"alpha_t[396,1]",0.0249797294825,0.0049816294,0.0568612647874838,0.0348086518164,-0.02852983505,0.128817058,1.75632458921865,20,20
"alpha_t[397,1]",0.01746884369055,0.0046316899,0.0479441782211552,0.02956440784374,-0.0431108071,0.1057390475,1.48190746533198,20,20
"alpha_t[398,1]",0.01443098838325,0.00441169105,0.0402501716121332,0.0230396203086,-0.0327197295,0.0946664905,1.70746600276186,20,20
"alpha_t[399,1]",0.01150647776305,0.0039818716,0.0351267801751564,0.02629587084894,-0.02973702475,0.08309038585,1.66498878978958,20,20
"alpha_t[400,1]",0.01391184235,0.00875142275,0.0477743893266686,0.0367196490864,-0.0480934438,0.111533326,1.6683807259142,20,20
"alpha_t[401,1]",0.007106300282,0.00905348305,0.0456541452667072,0.0413902178907,-0.07824313495,0.0832612191499999,1.62349877901344,20,20
"alpha_t[402,1]",-0.00162620010000001,0.00364096945,0.053340176764635,0.06581624851977,-0.09284700695,0.0776971018,1.81265661070775,20,20
"alpha_t[403,1]",-0.0098149297,-0.00594993375,0.0531543283027341,0.0498965827584,-0.09822204715,0.07096248265,2.60814379346018,20,20
"alpha_t[404,1]",-0.017100946245,-0.010809829,0.0623358105149805,0.0618095739849,-0.1216503455,0.0778066018,2.62465334363154,20,20
"alpha_t[405,1]",-0.01450787602275,-0.0020758409,0.0635925009648807,0.07609319531646,-0.11594638,0.08266485615,2.65295724767277,20,20
"alpha_t[406,1]",-0.00974445246275001,0.00253068015,0.0706537300779763,0.05307313235511,-0.133587061,0.0923142372,2.46242411751194,20,20
"alpha_t[407,1]",-0.00108811375,0.0190878125,0.0775506561330297,0.053446870092,-0.140568088,0.09617732895,2.42304012535521,20,20
"alpha_t[408,1]",0.00450144267124999,0.0264198415,0.0917627873982864,0.0665330545593,-0.1729345955,0.1022939155,2.06081682973285,20,20
"alpha_t[409,1]",0.000382294792250004,0.0341750815,0.0940441802422211,0.06167832481839,-0.179334608,0.103712534,2.34707201349687,20,20
"alpha_t[410,1]",-0.0064813501625,0.018574262,0.0985086876476869,0.0724922940945,-0.1823814105,0.1014128725,2.74853812514179,20,20
"alpha_t[411,1]",-0.0117195794525,0.0208953265,0.117353158877805,0.0817213582626,-0.205603708,0.133011558,2.39540914308312,20,20
"alpha_t[412,1]",-0.00534645787000001,0.0355465725,0.123608987832354,0.0724022216967,-0.2214941675,0.141436008,3.02137819618218,20,20
"alpha_t[413,1]",0.000172888884000006,0.047124126,0.139483501979521,0.0817179675564,-0.250462553,0.166227524,3.02710056292692,20,20
"alpha_t[414,1]",-0.0052957543075,0.053372732,0.147202299236442,0.07186694260662,-0.2589484685,0.1582038115,2.5904742145504,20,20
"alpha_t[415,1]",-0.00334341057474999,0.041846727,0.150861827550964,0.0873432403221,-0.259734849,0.1737673515,2.89280072812358,20,20
"alpha_t[416,1]",-0.00825663281749999,0.0457985235,0.155082905887386,0.0808703325192,-0.274660043,0.166791161,2.53269740877098,20,20
"alpha_t[417,1]",-0.00812116148325001,0.0476497775,0.153711330814636,0.0770226474864,-0.2665135025,0.158860862,2.30330871468696,20,20
"alpha_t[418,1]",-0.01087823254375,0.0529877625,0.155774262176355,0.0728481848115,-0.276084634,0.138511397,2.1875860534481,20,20
"alpha_t[419,1]",-0.01813553790225,0.031555882,0.148136525939495,0.0884823189369,-0.2751863415,0.1353569125,1.94081937289212,20,20
"alpha_t[420,1]",-0.0188087217575,0.039714542,0.147132449496891,0.0833098892913,-0.290168176,0.1127472175,1.96340284207586,20,20
"alpha_t[421,1]",-0.016562779685,0.033236784,0.142790713376822,0.0904528648359,-0.264232595,0.1117819365,2.41666139893517,20,20
"alpha_t[422,1]",-0.00312844194000001,0.0587797555,0.148306461726494,0.07476243179244,-0.272080376,0.139058817,2.46883454262171,20,20
"alpha_t[423,1]",0.00818238592500004,0.0542089965,0.14765570973224,0.0755117364981,-0.2538474555,0.1890752275,2.59790167494788,20,20
"alpha_t[424,1]",0.01434532605,0.051110658,0.146774350719143,0.0929488449162,-0.232070451,0.2123882915,2.62020872342928,20,20
"alpha_t[425,1]",0.0200572331885,0.054798931,0.143203038600718,0.1022964310935,-0.244361825,0.1824329765,2.73981446355048,20,20
"alpha_t[426,1]",0.01174193616575,0.047134842,0.146836982664812,0.0986458036158,-0.252085835,0.1762887815,2.74965302805373,20,20
"alpha_t[427,1]",0.00925964466249998,0.048083914,0.147556254422284,0.1060438641969,-0.243050551,0.176236847,3.09697488663395,20,20
"alpha_t[428,1]",0.006810780135,0.0523694665,0.146929595215185,0.0978649493304,-0.2776569045,0.1522296555,3.52772971005757,20,20
"alpha_t[429,1]",0.0060238729425,0.044392639,0.145751383855392,0.1052417768556,-0.2887294755,0.1742532815,3.28078429610452,20,20
"g[1,1]",-1.26298603575,-1.2220757,0.280401741352227,0.23467319274,-1.738045625,-0.8907349855,2.13505036873316,20,20
"g[2,1]",-1.7910207225,-1.78193405,0.2419247788191,0.26517731709,-2.13731206,-1.445763545,1.6209276595781,20,20
"g[3,1]",-0.592287443,-0.664197345,0.272589844496286,0.210116043858,-0.891682099,-0.0802469098500001,2.33475530359247,20,20
"g[4,1]",-1.1002925895,-1.095888,0.250297541286587,0.277714508862,-1.539710725,-0.819798633,1.85562478019321,20,20
"g[5,1]",-1.16950239325,-1.1483455,0.158870542531013,0.1463518938,-1.4159304,-0.885226078,1.32768940305585,20,20
"g[6,1]",-0.31427858515,-0.31304463,0.146929185756014,0.173964236502,-0.54873699,-0.13658123815,1.42650843774182,20,20
"g[7,1]",0.20362570510325,0.211759775,0.232848449147867,0.318212536894581,-0.1302097265,0.5349385225,1.88415443396024,20,20
"g[8,1]",-0.306586066025,-0.36005015,0.306281492282857,0.266710095687,-0.6663837415,0.2077763655,2.04438606529011,20,20
"g[9,1]",-1.64423081,-1.69530755,0.253373692317462,0.26848507182,-2.08621037,-1.21724055,3.04222665413285,20,20
"g[10,1]",-0.1803345797025,-0.22386965,0.216960685173266,0.167242135515,-0.4541383835,0.2537331565,2.32640520817062,20,20
"g[11,1]",-1.34088185075,-1.25453065,0.285807381629228,0.30640694049,-1.753454275,-0.969080304,2.67679974857492,20,20
"g[1,2]",-1.23040539425,-1.1590299,0.218442321979263,0.14952443541,-1.642118005,-0.975621393,1.70299680542978,20,20
"g[2,2]",-1.79517559,-1.758247,0.207027364085623,0.16987860603,-2.17520514,-1.519290925,1.5774848950445,20,20
"g[3,2]",-0.6122150468,-0.699883955,0.259979941945054,0.202994530431,-0.9071881475,-0.0423903363500001,1.69220988154457,20,20
"g[4,2]",-1.0098241175,-1.09273115,0.342990812213218,0.257533216815,-1.50078644,-0.4215829235,2.2503698513007,20,20
"g[5,2]",-1.17430995225,-1.1683742,0.187316013178801,0.20149534755,-1.51667261,-0.9094451315,1.4534143980163,20,20
"g[6,2]",-0.28161780603,-0.313889945,0.186362320231801,0.164801027202,-0.5130936255,0.0444487585499999,1.26449490317854,20,20
"g[7,2]",0.21733839021,0.258691385,0.219446071873624,0.2757768136725,-0.134464462,0.5340284985,1.85762512768355,20,20
"g[8,2]",-0.31142106275475,-0.42931606,0.370147075252065,0.498657305937,-0.826154017,0.194355731,1.963934483356,20,20
"g[9,2]",-1.66954467,-1.77416935,0.262881781178364,0.20236407702,-1.9379336,-1.228669105,1.88041946965345,20,20
"g[10,2]",-0.20810192941,-0.26841857,0.223436763975946,0.2660582624427,-0.5242902875,0.123991879,1.96858525038157,20,20
"g[11,2]",-1.283468925,-1.2433517,0.260764643929056,0.26460488523,-1.73121169,-0.968223383,1.68741865599091,20,20
"g[1,3]",-1.22051034825,-1.2241004,0.219469497000939,0.23639278635,-1.609984435,-0.954213449,1.72012545527096,20,20
"g[2,3]",-1.63652670175,-1.74936375,0.37865710214206,0.28437683883,-2.101049205,-0.980075113000001,1.95050934760257,20,20
"g[3,3]",-0.633752716,-0.70096738,0.257691778863589,0.265535201904,-0.9553676095,-0.175663246,2.08626829453716,20,20
"g[4,3]",-1.0632994025,-1.1146521,0.288746367818991,0.20846920143,-1.546337575,-0.6180999765,1.97416509768502,20,20
"g[5,3]",-1.104043574,-1.1425782,0.207413162674314,0.16269763293,-1.36113451,-0.6922482555,1.67585565733024,20,20
"g[6,3]",-0.276908602475,-0.322921155,0.231624744648536,0.243945884637,-0.5733463525,0.1712803345,1.79772635103662,20,20
"g[7,3]",0.236836094565,0.220620935,0.21142403561783,0.2680580852439,-0.0465960569,0.5762495465,1.83826496352975,20,20
"g[8,3]",-0.29917792895,-0.396687925,0.313526477179869,0.236625517485,-0.6531963985,0.2640756665,2.28408543440976,20,20
"g[9,3]",-1.598799125,-1.6586877,0.239962163520397,0.27573854406,-1.91420289,-1.193408015,1.92007699361257,20,20
"g[10,3]",-0.20139440895,-0.211988335,0.157498531871776,0.15821758638,-0.436820766,0.0647942413499997,1.46027735421577,20,20
"g[11,3]",-1.32005078525,-1.2227444,0.31459287903031,0.27799535778,-1.89041241,-0.9251532215,2.28699454338799,20,20
"g[1,4]",-1.2339334365,-1.22234945,0.16423357315031,0.12948175905,-1.492827395,-1.005452201,1.32972889424214,20,20
"g[2,4]",-1.743055568,-1.7881189,0.30767752148418,0.29293455429,-2.122576355,-1.21784163,1.80574920470084,20,20
"g[3,4]",-0.604820402,-0.683633455,0.324789216400459,0.265741201761,-0.95102805,0.165204415,1.6982611533721,20,20
"g[4,4]",-1.15044159225,-1.16094025,0.257231892725832,0.300815796435,-1.54815492,-0.7705394335,1.56761366418758,20,20
"g[5,4]",-1.119779791,-1.1457998,0.24526295857292,0.275944054659,-1.422506595,-0.73446161,1.65077318838021,20,20
"g[6,4]",-0.225586431035,-0.236509785,0.263683708377293,0.340129633767,-0.5977249435,0.249924012,1.65656687815634,20,20
"g[7,4]",0.2208222764175,0.22350614,0.179469579104942,0.206542369992,-0.03783171145,0.495671718,1.51316203605092,20,20
"g[8,4]",-0.2671256141,-0.376036545,0.28682100852286,0.244353866505,-0.564495979,0.3083913865,1.85937007761571,20,20
"g[9,4]",-1.552531355,-1.5072322,0.245932094845974,0.19347811392,-2.004180025,-1.24991678,1.55058868631008,20,20
"g[10,4]",-0.182362087025,-0.22391927,0.185236397212513,0.159595477755,-0.396580376,0.123599807,1.94490885441693,20,20
"g[11,4]",-1.3521412425,-1.27936075,0.395927901718389,0.456193292016,-1.995362615,-0.916002445,2.01201534911183,20,20
"g[1,5]",-1.2325892565,-1.24162775,0.182748489706509,0.21769097343,-1.50639339,-0.931379566,1.38370496167376,20,20
"g[2,5]",-1.73130732,-1.76692345,0.243851089272256,0.17576504694,-2.102182245,-1.34532029,1.28675827961501,20,20
"g[3,5]",-0.6331591595,-0.6985858,0.221843512639891,0.189808856832,-0.911226095,-0.217016451,1.62402007369873,20,20
"g[4,5]",-1.173785194,-1.1821018,0.261558286448668,0.29692756674,-1.604538465,-0.7777811245,1.57054170249233,20,20
"g[5,5]",-1.1129790545,-1.1751759,0.230116057722352,0.23731303617,-1.4682505,-0.6862327005,1.41531457359232,20,20
"g[6,5]",-0.305007454525,-0.32882207,0.205453454932946,0.254891179137,-0.624314747,-0.0173584763500002,1.40517689224325,20,20
"g[7,5]",0.24303607695225,0.265393185,0.170712791327543,0.144288996747,-0.05434532785,0.4918627925,1.295367806971,20,20
"g[8,5]",-0.2565295717625,-0.295737525,0.317599455987343,0.409553905845,-0.6570488785,0.3072133245,2.0095074867251,20,20
"g[9,5]",-1.6255045875,-1.675743,0.211085556082353,0.18648046431,-1.8571866,-1.15758925,1.60814387041956,20,20
"g[10,5]",-0.22217862445,-0.247818835,0.182043866829317,0.191446344054,-0.464672239,0.101291005,1.80490526491662,20,20
"g[11,5]",-1.33512106425,-1.2284145,0.354695725412662,0.301132101732,-1.954222165,-0.969521182,1.9792071751318,20,20
"g[1,6]",-1.270658757,-1.2565251,0.171719523268868,0.1642846821,-1.562973435,-0.987449741,1.31773681347732,20,20
"g[2,6]",-1.8829378775,-1.8718067,0.269795809949627,0.28227933048,-2.33540465,-1.532664595,1.28644481624881,20,20
"g[3,6]",-0.644636693725,-0.70948169,0.253062413882765,0.163779278586,-0.899611237,-0.0870562590500001,1.75556206006313,20,20
"g[4,6]",-1.12902844825,-1.0966395,0.354896814067774,0.460803043827,-1.692419195,-0.688223446,1.8821392671708,20,20
"g[5,6]",-1.18033230525,-1.2478049,0.215376217383629,0.21640563336,-1.431056395,-0.799586547,1.57785288335726,20,20
"g[6,6]",-0.343460877675,-0.33582286,0.193637432446968,0.173664291696,-0.6476591225,-0.0464889449000001,1.70677624421817,20,20
"g[7,6]",0.30933513157,0.29809771,0.191619839635943,0.201385523955,0.03135311279,0.6187810045,2.20101892231555,20,20
"g[8,6]",-0.358666705825,-0.416689495,0.370307996646054,0.437376355206,-0.792935432,0.2348424215,2.23151696015322,20,20
"g[9,6]",-1.5384463225,-1.572347,0.241213765505663,0.21936238254,-1.88011796,-1.104757685,2.68713034695539,20,20
"g[10,6]",-0.21097571465,-0.25247485,0.264897597862109,0.269761805397,-0.551359967,0.2176901205,2.09566690704434,20,20
"g[11,6]",-1.2710157575,-1.29171075,0.274223598098362,0.3437956662,-1.69786296,-0.940501229,1.39843222716273,20,20
"g[1,7]",-1.20380631975,-1.2040152,0.165956470996505,0.15123402147,-1.4221289,-0.8328292685,1.30355798534389,20,20
"g[2,7]",-1.8131815975,-1.8206895,0.221265903581792,0.21780468885,-2.1735615,-1.491775965,1.43442403794386,20,20
"g[3,7]",-0.617671943825,-0.71554584,0.285338777836731,0.198557545998,-0.9967533165,-0.18035183515,2.26495073442338,20,20
"g[4,7]",-1.150848141,-1.2155588,0.367170062904625,0.341146423086,-1.682377195,-0.5979726405,1.85466858549099,20,20
"g[5,7]",-1.13777634675,-1.18499,0.215651516325956,0.20342287581,-1.389489895,-0.716414204,1.65279002622716,20,20
"g[6,7]",-0.2680120008425,-0.28395515,0.204418675151067,0.239847296241,-0.5743578375,-0.00163827425500015,1.74553951612003,20,20
"g[7,7]",0.39938634125,0.440649935,0.1205492819631,0.127137642429,0.193257107,0.577819019,1.17511238204847,20,20
"g[8,7]",-0.3010592461,-0.29038668,0.347364057909239,0.5045558241066,-0.7783142815,0.2418312655,1.88537667909931,20,20
"g[9,7]",-1.607023665,-1.60937325,0.240525591280921,0.25685555742,-1.985139775,-1.197393075,2.04353220495705,20,20
"g[10,7]",-0.22483187295,-0.274208825,0.272317742362862,0.183438828867,-0.5584523975,0.281804675,2.52282726327956,20,20
"g[11,7]",-1.35384983875,-1.32806455,0.380630039750042,0.44145801231,-2.06258482,-0.844947151,2.41222013684743,20,20
"g[1,8]",-1.244065708,-1.24575115,0.151759872669444,0.1446802623,-1.47093318,-0.9642885425,1.03354845823833,20,20
"g[2,8]",-1.88373984,-1.9197769,0.280841763324803,0.2900158338,-2.22961929,-1.43140272,1.41130711596828,20,20
"g[3,8]",-0.6332296124,-0.68761859,0.280629798987537,0.213812706807,-1.05670194,-0.1012449723,2.86194286429172,20,20
"g[4,8]",-0.98043405125,-0.952278045,0.40899176366671,0.508780320825,-1.68142354,-0.4706642275,2.32092234314038,20,20
"g[5,8]",-1.17493194,-1.15187575,0.17745110237741,0.20740402746,-1.425555235,-0.891431378,1.37175332363488,20,20
"g[6,8]",-0.328849484525,-0.327923895,0.206462898724192,0.206298311793,-0.728604686,-0.06976564805,1.34160896844207,20,20
"g[7,8]",0.358611707,0.374728665,0.135303768008394,0.136072516503,0.120587223,0.5339167955,1.39784191273493,20,20
"g[8,8]",-0.322740975625,-0.40885551,0.33201928790397,0.339002042337,-0.7560994565,0.212039875,1.87395319276258,20,20
"g[9,8]",-1.5832471425,-1.63044365,0.253525751209372,0.31624258302,-1.9702197,-1.238418145,1.88277994465311,20,20
"g[10,8]",-0.206796642325,-0.28279858,0.264669058754232,0.172952287872,-0.512672202,0.3080220605,2.08138342138958,20,20
"g[11,8]",-1.34379069625,-1.36955155,0.312635013829288,0.35347393074,-1.85594913,-0.8751132055,1.92839631632887,20,20
"g[1,9]",-1.3037444925,-1.3088833,0.119919493839202,0.0938804558999997,-1.54752964,-1.12595434,1.35457158420077,20,20
"g[2,9]",-1.8590231475,-1.80849245,0.314327674250832,0.21591467037,-2.558742875,-1.401624815,1.40169910720395,20,20
"g[3,9]",-0.63687024975,-0.67088464,0.296457997642848,0.307922402319,-1.05798606,-0.1464010595,2.04122476102988,20,20
"g[4,9]",-1.10713444175,-1.17295735,0.336561651912091,0.29538128907,-1.57260883,-0.559708119,2.20769048684129,20,20
"g[5,9]",-1.17715019925,-1.15368335,0.192392508144485,0.15041666409,-1.52049607,-0.9406176325,1.25355079755025,20,20
"g[6,9]",-0.35561088285,-0.33534498,0.162995408016385,0.139662721359,-0.6179351055,-0.0423589271,1.46258898754622,20,20
"g[7,9]",0.35641817805,0.346535185,0.12063700718037,0.11898710082,0.1828483815,0.557411101,1.30883175847592,20,20
"g[8,9]",-0.321935605295,-0.388890955,0.335449115393213,0.34780676637,-0.781946878,0.1976925665,2.12607621558368,20,20
"g[9,9]",-1.576557295,-1.61988885,0.248337281839356,0.27389500509,-1.88673484,-1.149235265,2.27092391496296,20,20
"g[10,9]",-0.18501994395,-0.281634075,0.255150276279676,0.117051722193,-0.477790155,0.2919178415,1.69553706564091,20,20
"g[11,9]",-1.26067874925,-1.2272382,0.305880273402364,0.336023610132,-1.80949286,-0.8541309295,2.14878860588387,20,20
"g[1,10]",-1.248962739,-1.2447733,0.122386274531356,0.0922274310300001,-1.43266469,-1.06220627,1.0688308552296,20,20
"g[2,10]",-1.79969945,-1.8186819,0.304354173472563,0.20728000797,-2.26807293,-1.24973549,1.35720850765975,20,20
"g[3,10]",-0.663202611785,-0.724440455,0.353750440011791,0.440129002257,-1.119614755,-0.0748980291000002,2.33596576972848,20,20
"g[4,10]",-1.00324119625,-0.965644495,0.396429165184412,0.54134655645,-1.62293687,-0.425155483,1.82381726346284,20,20
"g[5,10]",-1.245071757,-1.24705755,0.280686504453332,0.21466105794,-1.76252026,-0.866596772,1.90863854885409,20,20
"g[6,10]",-0.34621613435,-0.30726348,0.158863317787034,0.184380872907,-0.6199733205,-0.110180953,1.14539224017575,20,20
"g[7,10]",0.3968476264,0.3824995,0.152318277946271,0.148322840001,0.198665001,0.6595109385,1.29710324642089,20,20
"g[8,10]",-0.3102332096,-0.38331107,0.341002230416846,0.372538647075,-0.8237898155,0.215137859,2.44837103612082,20,20
"g[9,10]",-1.60860578,-1.6341764,0.220971525094593,0.23247849996,-1.90989446,-1.18319497,1.88302077733719,20,20
"g[10,10]",-0.1906374607275,-0.270960415,0.214031697719326,0.146106908976,-0.4079973205,0.174078838,1.67987505594799,20,20
"g[11,10]",-1.33027060225,-1.34994135,0.312923957584638,0.37084970622,-1.84111693,-0.883375206,2.22506537289535,20,20
"g[1,11]",-1.286395464,-1.2893468,0.128060169498056,0.0819120191399997,-1.46392247,-1.0816166475,1.19649647268043,20,20
"g[2,11]",-1.94881198,-1.9223807,0.201548069199461,0.15663105612,-2.325540075,-1.648247885,1.28403371638626,20,20
"g[3,11]",-0.62080460802,-0.697513285,0.351239773847452,0.297646360872,-1.10064666,0.084075283,2.70804743968273,20,20
"g[4,11]",-1.011679259,-1.0274889,0.329407270998189,0.31668588042,-1.53153611,-0.4222493225,1.87160769849513,20,20
"g[5,11]",-1.19192892075,-1.1376464,0.289701846106913,0.351000190401,-1.63112459,-0.7677138165,2.52674827873652,20,20
"g[6,11]",-0.31368325035,-0.29970032,0.149025215826575,0.172121676048,-0.5473419865,-0.09820400145,1.25390950204298,20,20
"g[7,11]",0.420199771875,0.46046702,0.15075703621496,0.139376142192,0.21635365165,0.612090675,1.08584331932829,20,20
"g[8,11]",-0.35861092535,-0.443897615,0.389953006740024,0.461249647425,-0.863206204,0.2167672095,1.98272151641038,20,20
"g[9,11]",-1.605506325,-1.5263608,0.242024637109839,0.20825630007,-2.005755025,-1.31421377,2.43678982509675,20,20
"g[10,11]",-0.16479963985,-0.238731325,0.204215567496589,0.136051411692,-0.412339912,0.2063684965,1.53331454232408,20,20
"g[11,11]",-1.446919676,-1.3203933,0.357665067830573,0.30995154057,-2.013826995,-0.998857128,1.76792170136486,20,20
"g[1,12]",-1.2718438565,-1.31240945,0.165651076220358,0.21478915458,-1.49888053,-1.0129159265,1.35783162150979,20,20
"g[2,12]",-1.74204417575,-1.8559378,0.351912800503379,0.19644687216,-2.10638449,-0.910257704,1.71366158981673,20,20
"g[3,12]",-0.5913492294725,-0.661490995,0.377536084455189,0.368902229577,-1.0796299,0.0359907126999998,2.70499594631139,20,20
"g[4,12]",-1.0801641335,-1.13946895,0.230070771523056,0.284225480196,-1.3561232,-0.704901563,1.72113214760179,20,20
"g[5,12]",-1.26055761125,-1.2232413,0.262102594480271,0.25401593364,-1.677432155,-0.875081142,1.4303201153083,20,20
"g[6,12]",-0.378284279275,-0.365151005,0.134313694870333,0.138091780638,-0.6132795155,-0.2286582105,1.20866900048779,20,20
"g[7,12]",0.43568867,0.437731295,0.157640721855016,0.12852251685,0.1738600845,0.674990192,1.05261392881969,20,20
"g[8,12]",-0.3433053352825,-0.44309801,0.320333350817339,0.278538374856,-0.7302043505,0.1824520645,1.73896196268441,20,20
"g[9,12]",-1.581585905,-1.57639295,0.285776253917353,0.34679882076,-2.061961665,-1.17130415,2.00962991538649,20,20
"g[10,12]",-0.16907067845,-0.23454302,0.202403855427935,0.128752260546,-0.434582886,0.1756971405,1.65124770242695,20,20
"g[11,12]",-1.430304145,-1.34042475,0.297755906791357,0.19415751537,-1.984885805,-1.05387438,1.66635855188214,20,20
"g[1,13]",-1.28737581225,-1.30330775,0.157119269744442,0.13174620816,-1.555570165,-1.026183997,1.40285682052423,20,20
"g[2,13]",-1.707373485,-1.74047535,0.299813895892597,0.36545912088,-2.17160012,-1.262387945,1.82476149576272,20,20
"g[3,13]",-0.6580136937975,-0.76354766,0.361851516820621,0.318285390843,-1.055360975,0.00846269704499994,2.82652388780935,20,20
"g[4,13]",-1.1776160125,-1.16010035,0.367028206471509,0.366136921122,-1.77646679,-0.698069219,1.84290999812571,20,20
"g[5,13]",-1.1599457775,-1.1885858,0.164196661598458,0.15817333077,-1.39065049,-0.9196925345,1.41583055379535,20,20
"g[6,13]",-0.39194688485,-0.36395715,0.219208712311236,0.100355474184,-0.9368301395,-0.0635346372,1.38611567939328,20,20
"g[7,13]",0.449368524,0.46145142,0.123022532782403,0.144914557578,0.271985233,0.6429525015,1.08751707753865,20,20
"g[8,13]",-0.394866934325,-0.429436655,0.372684985268789,0.332459625057,-0.9829963995,0.1936566055,1.9195382632567,20,20
"g[9,13]",-1.6239886425,-1.61712095,0.250340873113435,0.25161634554,-2.10050511,-1.310894335,1.69244013408408,20,20
"g[10,13]",-0.157010134175,-0.24534012,0.218726656059325,0.157770960543,-0.410041162,0.2185417165,1.66880733942593,20,20
"g[11,13]",-1.423205085,-1.3829127,0.246159779874217,0.20623729539,-1.86096882,-1.0507190585,1.64635345257787,20,20
"g[1,14]",-1.28257967825,-1.2724528,0.165565601273324,0.15521035467,-1.50117088,-1.023647372,1.86297437596119,20,20
"g[2,14]",-1.81381440475,-1.89026475,0.336002815562493,0.13473550041,-2.15486988,-1.173788025,1.61269146801615,20,20
"g[3,14]",-0.625541829175,-0.65614317,0.400211247411556,0.532374128118,-1.10788527,0.0285760253499997,2.17504043668325,20,20
"g[4,14]",-1.091615067,-1.1105126,0.197470883647438,0.169711428054,-1.335911805,-0.7288096525,1.28433239897527,20,20
"g[5,14]",-1.26867411075,-1.25632275,0.187442737979644,0.20882650803,-1.57942309,-1.007728857,1.25693662619491,20,20
"g[6,14]",-0.287119402525,-0.27734684,0.127147297803439,0.117290502336,-0.4801022815,-0.12437322255,1.15943494535465,20,20
"g[7,14]",0.478238664575,0.513177625,0.183610312615269,0.197291220273,0.1755339713,0.689505978,1.21361705277931,20,20
"g[8,14]",-0.3209727525,-0.40047177,0.311421216550186,0.348715703952,-0.71838716,0.1886977535,2.10015271648142,20,20
"g[9,14]",-1.573125365,-1.54652695,0.30777030633245,0.27627554178,-2.11594695,-1.179321975,2.49122170511498,20,20
"g[10,14]",-0.110586611845,-0.15895374,0.214936109946564,0.2874269384364,-0.400963632,0.247567244,1.71948738108834,20,20
"g[11,14]",-1.5888782125,-1.4615781,0.388568898603237,0.3130124424,-2.27939903,-1.08689087,2.11758222000049,20,20
"g[1,15]",-1.30342218575,-1.24628545,0.226239506046989,0.20030266998,-1.68286022,-1.0011715515,1.70763640142555,20,20
"g[2,15]",-1.9162914975,-1.9575946,0.210468977359754,0.21723381372,-2.26198977,-1.559439875,1.50645476911463,20,20
"g[3,15]",-0.593442263225,-0.616858655,0.411491928969583,0.405939668043,-1.16007026,0.2069048095,2.5028528505518,20,20
"g[4,15]",-1.237277518,-1.2663478,0.297059196768384,0.33471288795,-1.65095883,-0.7598317275,1.75266046729667,20,20
"g[5,15]",-1.2055861365,-1.19373135,0.179904666151592,0.17349555699,-1.523803135,-0.9642662885,1.04749222427962,20,20
"g[6,15]",-0.37146708735,-0.36882834,0.185227452588572,0.181617780939,-0.631711706,-0.147614902200001,1.36138167544616,20,20
"g[7,15]",0.440366077,0.462590735,0.168259115231347,0.129496162509,0.206327228,0.6902377415,1.89175493871112,20,20
"g[8,15]",-0.40548349595,-0.51873741,0.304885872323143,0.217610260686,-0.7388544135,0.152648568,1.73968394043721,20,20
"g[9,15]",-1.5829667675,-1.54918505,0.315448592094288,0.35024705184,-2.08013397,-1.107326185,2.0400448182191,20,20
"g[10,15]",-0.051243275,-0.0590037155,0.263539557271455,0.281755476009,-0.452242959,0.3332360865,1.85183890098061,20,20
"g[11,15]",-1.4935234875,-1.46954625,0.263793570812166,0.25491883704,-1.91732031,-1.115294255,1.56141055614189,20,20
"g[1,16]",-1.278839982,-1.23753075,0.222907672111812,0.19948916736,-1.720785285,-0.9724389855,1.97335508150837,20,20
"g[2,16]",-1.90194459675,-1.9656336,0.292314501732852,0.213360966,-2.332463985,-1.392965595,1.46008669283034,20,20
"g[3,16]",-0.6875444365,-0.75911385,0.328295311027472,0.372333885189,-1.150653385,-0.17151617315,2.55599007130629,20,20
"g[4,16]",-1.024878681,-1.1035836,0.374686433308512,0.354698728839,-1.55877998,-0.3920162175,2.71342014591802,20,20
"g[5,16]",-1.2611306545,-1.2881605,0.174411026380248,0.17104630179,-1.44716466,-0.979284359,1.34719012293127,20,20
"g[6,16]",-0.303845802625,-0.2860751,0.207189080782077,0.181030604622,-0.7459360115,-0.0587693278000006,1.24299346896929,20,20
"g[7,16]",0.4338562725075,0.434863185,0.185781801428747,0.1625752443,0.10941833425,0.7062827665,1.83395094058494,20,20
"g[8,16]",-0.395990834925,-0.508147425,0.35952097341163,0.288242681265,-0.808448414,0.280490847,1.8609299437593,20,20
"g[9,16]",-1.61586839725,-1.55345835,0.287179960752897,0.22751275365,-2.137284735,-1.249575165,2.29555599127274,20,20
"g[10,16]",-0.00823476875249999,-0.0304748845,0.204715990752877,0.2426589796827,-0.309148221,0.282284645,2.0384400595224,20,20
"g[11,16]",-1.547854463,-1.57963755,0.369911015675534,0.50732637207,-2.10985928,-1.029466378,2.48965423660463,20,20
"g[1,17]",-1.3048351155,-1.3004006,0.251610987824605,0.25259093265,-1.73776595,-0.948940254,2.24409110710539,20,20
"g[2,17]",-1.8834114675,-1.88252325,0.30578500655513,0.26714027949,-2.3102156,-1.263676465,1.39387844282358,20,20
"g[3,17]",-0.6276967075175,-0.6576492,0.365984449783394,0.429236184384,-1.15840904,0.000890680334999869,3.17139533861021,20,20
"g[4,17]",-1.21671699625,-1.3492308,0.442782875407996,0.27796318536,-1.850073935,-0.453028311,3.0116071497597,20,20
"g[5,17]",-1.21716214525,-1.2255731,0.237921939755535,0.22739948301,-1.585791115,-0.7901518995,1.14019241787916,20,20
"g[6,17]",-0.35500100465,-0.32980591,0.222318914812568,0.274852193889,-0.752303153,-0.0552631496000001,1.4093332142995,20,20
"g[7,17]",0.4353952371,0.40464579,0.211315456768177,0.231243331074,0.07662844905,0.6920858615,1.83654840962786,20,20
"g[8,17]",-0.4231802713795,-0.45407628,0.355258478813575,0.386079870393,-1.001234936,0.111416783,1.82818835313921,20,20
"g[9,17]",-1.60712894,-1.5461763,0.308516104736639,0.24685853388,-2.090495135,-1.236779055,2.07342284347392,20,20
"g[10,17]",-0.048988072775,-0.035567344,0.201552005733789,0.1681954020957,-0.428983358,0.256944366,1.46706056081138,20,20
"g[11,17]",-1.6056485325,-1.5712899,0.364753569372045,0.45001157649,-2.13851665,-1.086280785,1.99193799393127,20,20
"g[1,18]",-1.32216662125,-1.2364337,0.263537004967386,0.29236783044,-1.78048004,-0.9730441765,1.97926119420948,20,20
"g[2,18]",-1.93434627,-1.90735565,0.229562932186125,0.14837215869,-2.300969075,-1.636922965,1.26357426881995,20,20
"g[3,18]",-0.676447667675,-0.69944005,0.351872983975902,0.363842931207,-1.12352097,0.0303299049999999,2.65873776196056,20,20
"g[4,18]",-1.1007759305,-1.15914175,0.385486060157537,0.53457641181,-1.661619225,-0.5404183355,2.15840251302495,20,20
"g[5,18]",-1.236633401,-1.2505677,0.215834871122108,0.22243885167,-1.550456865,-0.836193686,1.2814991198317,20,20
"g[6,18]",-0.34348593223,-0.31519776,0.27959291970168,0.247871082963,-0.831615553,0.0717574458999999,1.59514048098358,20,20
"g[7,18]",0.40205390605,0.40371813,0.184588470822079,0.202931771973,0.1173853369,0.6981681775,1.65822336113458,20,20
"g[8,18]",-0.3814124188325,-0.457782545,0.332679098260563,0.341134577112,-0.7941707735,0.1910624575,1.52911603358059,20,20
"g[9,18]",-1.598937852,-1.50139255,0.364854985841193,0.27217022238,-2.11020614,-1.0050733255,1.80955991694276,20,20
"g[10,18]",0.00487430719499998,0.039306518,0.220129638154269,0.2087451977982,-0.4401965875,0.2680927855,1.81648668391316,20,20
"g[11,18]",-1.41266018,-1.4261676,0.259953184422517,0.31796477118,-1.840686875,-1.035744105,1.89614928826161,20,20
"g[1,19]",-1.29848199525,-1.24587045,0.230873975544651,0.19943512659,-1.672493875,-0.9580496715,2.0369208335103,20,20
"g[2,19]",-1.914190325,-1.94637515,0.304411554837512,0.20635256754,-2.35027084,-1.378581385,1.79489403507021,20,20
"g[3,19]",-0.662803929725,-0.709757705,0.359289433727968,0.305596840437,-1.10021131,-0.0228332110000002,2.37946725138546,20,20
"g[4,19]",-0.9326634675,-0.88037384,0.476311256960895,0.577878220752,-1.661208775,-0.19854222,2.49088725337039,20,20
"g[5,19]",-1.29687204975,-1.3074746,0.20947968429663,0.17290170156,-1.63720207,-0.975699713,1.16376071360394,20,20
"g[6,19]",-0.431173501175,-0.41637251,0.280454197660121,0.29105350554,-0.875777797,-0.0617365502000001,1.95130574864064,20,20
"g[7,19]",0.408565202,0.415418855,0.222550451412273,0.239186086293,0.0720301864,0.7924419835,1.70414552648382,20,20
"g[8,19]",-0.3778539663,-0.508691095,0.363404825358927,0.348701819403,-0.823294275,0.214203658,1.71182234776282,20,20
"g[9,19]",-1.4873884065,-1.4161306,0.440911823834294,0.40361553687,-2.26101628,-0.9290144175,3.02528979174644,20,20
"g[10,19]",-0.00412741434,0.0201581205,0.242368249817074,0.248740123779,-0.3868287005,0.3304096945,2.02147494198804,20,20
"g[11,19]",-1.448935324,-1.30049075,0.338238031525509,0.33175094967,-1.948982575,-1.058940575,2.17620831320895,20,20
"g[1,20]",-1.38551745525,-1.38333625,0.265069906819635,0.31851918945,-1.766464665,-1.021859005,1.92998818078132,20,20
"g[2,20]",-1.8779390425,-1.89777295,0.329747134974341,0.27734264313,-2.40561725,-1.37298432,2.24628533331815,20,20
"g[3,20]",-0.651854298,-0.73283312,0.340382190162168,0.245664314406,-1.01342791,-0.0362008715500002,2.18327500123361,20,20
"g[4,20]",-1.14697412075,-1.1499228,0.34082155474871,0.46700988201,-1.688058295,-0.687777101,1.87797747439167,20,20
"g[5,20]",-1.294982291,-1.30309115,0.208577574133607,0.15629079942,-1.53986321,-0.8456228895,1.12485569571541,20,20
"g[6,20]",-0.29112138029025,-0.180255585,0.315413103695363,0.249420646363707,-0.8474863545,0.0681282441499999,1.46235066177131,20,20
"g[7,20]",0.3874138547,0.38515357,0.224338513984424,0.270027457665,0.0130896376,0.7072487865,1.91343534395416,20,20
"g[8,20]",-0.341422552525,-0.47700465,0.408350311542777,0.328087356114,-0.773951147,0.4013152975,1.66047723175441,20,20
"g[9,20]",-1.504746927,-1.3998251,0.42607153283829,0.32700863118,-2.366368205,-0.993558085,2.62473329905032,20,20
"g[10,20]",-0.0318527695809,0.002473710232,0.216821883641167,0.182768752971,-0.4413348905,0.199408458,1.92461489850726,20,20
"g[11,20]",-1.35301750425,-1.2476677,0.313320600745559,0.24884017704,-1.95566184,-1.011134705,1.60779004868347,20,20
"g[1,21]",-1.46774637475,-1.4375673,0.315411646244879,0.41814901989,-1.876165765,-1.0271612925,1.89715300048914,20,20
"g[2,21]",-1.929308375,-1.97375905,0.307429041286887,0.28839320223,-2.410229305,-1.45878977,1.48442470455989,20,20
"g[3,21]",-0.622683371275,-0.73422555,0.377494948346113,0.238068806346,-1.064553515,0.0948283421499999,2.13153384609435,20,20
"g[4,21]",-1.1641149735,-1.04866345,0.494511946591287,0.53012127294,-2.202728675,-0.4846208795,2.13023679914691,20,20
"g[5,21]",-1.31667408275,-1.3322972,0.190603706960731,0.17539669497,-1.57359718,-1.016849815,1.30343123365722,20,20
"g[6,21]",-0.365901067,-0.338280635,0.323515961888229,0.423404406936,-0.8257363705,0.0575565518999999,2.15809872340853,20,20
"g[7,21]",0.3739226546575,0.392772235,0.270118050796113,0.324046448271,-0.02464463115,0.7746745845,1.98650687986626,20,20
"g[8,21]",-0.35539312031,-0.423667915,0.412740952751364,0.359242586493,-0.9075714,0.3907464355,1.68614347124795,20,20
"g[9,21]",-1.452027183,-1.2662515,0.449103436866838,0.29360172429,-2.35269937,-1.01339316,1.89755696470866,20,20
"g[10,21]",-0.021679359295,-0.0382426295,0.226454236681444,0.2184723028887,-0.396505895,0.3428100945,1.90818156788704,20,20
"g[11,21]",-1.44511621475,-1.3739817,0.32257880497866,0.36742734651,-1.940610395,-1.04023471,1.75904287457562,20,20
"g[1,22]",-1.4454625855,-1.37664235,0.295381817740149,0.30095808897,-1.894779995,-1.022826665,1.81382550434615,20,20
"g[2,22]",-1.8581101475,-1.8649023,0.359944929601984,0.39316313274,-2.401142195,-1.371647625,2.47660593503864,20,20
"g[3,22]",-0.658945148675,-0.762038485,0.380822640872997,0.277444601532,-1.173065665,0.0620401318999999,2.02925918631932,20,20
"g[4,22]",-1.26057396975,-1.3012613,0.421129768213379,0.429660237636,-1.887056845,-0.44356357,2.09970508248298,20,20
"g[5,22]",-1.3307001475,-1.3019756,0.180616703498847,0.18456183165,-1.68535561,-1.12380239,1.14062245418907,20,20
"g[6,22]",-0.325089706175,-0.289660825,0.391572033214794,0.5317275714471,-0.918095149,0.292810842,1.82084477569562,20,20
"g[7,22]",0.3141848471,0.33589165,0.271136092113283,0.253408527246,-0.0472983464,0.756561157,2.12047782333532,20,20
"g[8,22]",-0.298682463525,-0.460894545,0.359769201862003,0.276602366124,-0.731143628,0.308573102,1.82053840250868,20,20
"g[9,22]",-1.47517843875,-1.3310862,0.449481101023456,0.34321011333,-2.31549433,-0.9697929595,2.03637741072466,20,20
"g[10,22]",-0.027239423615,-0.03548659,0.225912919807533,0.247145817282,-0.337269576,0.3346151895,1.39309142726181,20,20
"g[11,22]",-1.44074633175,-1.41198405,0.344742994871736,0.40823420652,-1.965678515,-1.0377562835,1.76986307669368,20,20
"g[1,23]",-1.44349294,-1.44088085,0.27827410174782,0.27554484237,-1.965237755,-1.086734025,1.85690932393227,20,20
"g[2,23]",-1.9312686625,-1.9162597,0.356998704087915,0.26307936396,-2.480324395,-1.345884755,2.08316045324058,20,20
"g[3,23]",-0.6155170320925,-0.718012325,0.37241621337379,0.311190119436,-1.089572735,0.05376861275,2.07474109097191,20,20
"g[4,23]",-1.22897927375,-1.1908052,0.366862663056735,0.51641070705,-1.727241075,-0.6811718365,1.96354312733507,20,20
"g[5,23]",-1.27176411675,-1.25689785,0.166839246687422,0.12323512047,-1.59803157,-1.030062915,0.999009648365757,20,20
"g[6,23]",-0.32853925175,-0.229121955,0.487093437994416,0.589939942704,-1.108720785,0.3436074445,2.15577081546135,20,20
"g[7,23]",0.317006613775,0.297470045,0.256368215264076,0.3280132972788,-0.04727322235,0.6634932095,2.06938824463084,20,20
"g[8,23]",-0.330551690475,-0.449942065,0.399214422128468,0.309659824194,-0.9002113845,0.3287724745,1.84953453018673,20,20
"g[9,23]",-1.54782343,-1.46095605,0.383432587092821,0.37796559318,-2.19581483,-1.129865295,1.8025466818897,20,20
"g[10,23]",-0.005328435455,-0.0082725541,0.223673499822364,0.23733591876666,-0.3525572725,0.316708546,2.36171084567718,20,20
"g[11,23]",-1.40919272025,-1.27000335,0.384627018838926,0.27446195133,-2.224135825,-0.986694998,1.78870106679432,20,20
"g[1,24]",-1.43538264775,-1.34572255,0.309771453453164,0.29821349985,-1.930416675,-0.971276136,2.02710836352341,20,20
"g[2,24]",-1.9123139575,-1.97576675,0.447252517848731,0.49753187169,-2.69966246,-1.2482834,1.94572071889759,20,20
"g[3,24]",-0.6393144545175,-0.655650325,0.361830987738508,0.43593139842,-1.096279145,0.0092613670349999,2.3583815635412,20,20
"g[4,24]",-1.39317991475,-1.476993,0.364193898005634,0.4748360085,-1.86413787,-0.8740870835,2.06035787834304,20,20
"g[5,24]",-1.25154334875,-1.20025085,0.193075457962035,0.1760565261,-1.549438755,-0.9808317865,1.32228541387421,20,20
"g[6,24]",-0.37500079071,-0.278686205,0.5228608161704,0.674771015919,-1.132621765,0.3597302595,2.82029909282352,20,20
"g[7,24]",0.34758992365,0.333359235,0.262329446339509,0.3551541628026,-0.0353980863,0.72748937,1.7847104251409,20,20
"g[8,24]",-0.27682790195,-0.35995323,0.380789539342118,0.406531892613,-0.730047817,0.3028936,1.56725579525421,20,20
"g[9,24]",-1.4647315105,-1.2943603,0.403622039326241,0.31960949349,-2.1641988,-0.998510275,1.84631533057962,20,20
"g[10,24]",-0.0259927082525,-0.01930588105,0.24966885442437,0.314393499126,-0.3967890155,0.372396076,2.0003732219839,20,20
"g[11,24]",-1.39219814225,-1.27035485,0.418239972894272,0.33912851553,-2.151244995,-0.9279158105,2.09420905305001,20,20
"g[1,25]",-1.4612152995,-1.4842926,0.332232459924952,0.48973799175,-1.94975341,-0.9968964255,1.72852325568976,20,20
"g[2,25]",-2.00941562,-1.9925427,0.379431537612101,0.40370716155,-2.65712056,-1.51736247,1.60772663170493,20,20
"g[3,25]",-0.6218921769925,-0.73173056,0.434355808819101,0.493461526824,-1.15809488,0.142531058,2.0701897869944,20,20
"g[4,25]",-1.163040264,-1.06325175,0.367538075159442,0.443559753483,-1.66591048,-0.662559362,1.59733377527687,20,20
"g[5,25]",-1.23045063075,-1.21722495,0.207570464791856,0.16516801518,-1.61390946,-0.922642518,1.23405464605896,20,20
"g[6,25]",-0.221707011505,-0.0083134799,0.525419671759842,0.36044541972474,-1.046617655,0.38412006,2.22939692700601,20,20
"g[7,25]",0.3387887925,0.291274495,0.292439383095974,0.3446937296523,-0.07616272025,0.7896468545,1.91763899923449,20,20
"g[8,25]",-0.26164213765,-0.278879395,0.366659864038593,0.40195057707,-0.758440192,0.348493007,2.56156639468757,20,20
"g[9,25]",-1.5582202985,-1.4810588,0.38319051065932,0.47765561718,-2.234090525,-1.03598263,1.88045699360128,20,20
"g[10,25]",-0.033283475175,-0.100099836,0.290351963373026,0.2829385085247,-0.4429167975,0.45391185,2.02796407477248,20,20
"g[11,25]",-1.3801926195,-1.19242205,0.511547112225296,0.462942435627,-2.15603374,-0.784896955,2.06936833162468,20,20
"g[1,26]",-1.41942719875,-1.3727864,0.319802598897801,0.35624201907,-1.986150435,-1.05388163,1.90806343185491,20,20
"g[2,26]",-1.9648631225,-2.00411815,0.448164375605579,0.38363631579,-2.672458445,-1.22359308,1.95108875801289,20,20
"g[3,26]",-0.6808458607875,-0.69222817,0.402317171081648,0.529951796934,-1.27166528,-0.1309259563,2.05037671621568,20,20
"g[4,26]",-1.1375988405,-1.14129845,0.388511377001861,0.412520543967,-1.67891428,-0.545920078500001,2.16903751775484,20,20
"g[5,26]",-1.14853547525,-1.18771095,0.19433427643181,0.16710095493,-1.40948518,-0.81371031,1.13677694260031,20,20
"g[6,26]",-0.3117974248,-0.262004825,0.55670030819126,0.702625852677,-1.211239155,0.4767086095,2.95342371707252,20,20
"g[7,26]",0.3285557660975,0.391961455,0.299611520559173,0.358113089922,-0.1575574755,0.7758985885,1.97268179254353,20,20
"g[8,26]",-0.253666123725,-0.31970475,0.363132432883642,0.3827933249973,-0.6844774445,0.3214709385,1.84083736582249,20,20
"g[9,26]",-1.47975350225,-1.35378835,0.427342102431609,0.34203263241,-2.245393105,-0.990641633,1.89623935488514,20,20
"g[10,26]",-0.0275927527375,-0.0288902105,0.334305965262215,0.373358747265,-0.562474615,0.499486858,1.98500427899278,20,20
"g[11,26]",-1.44393521275,-1.4832307,0.47821382333374,0.5647490268,-2.213859185,-0.766814482,1.90216642893505,20,20
"g[1,27]",-1.39705371425,-1.3765618,0.321646390638396,0.3844055628,-1.93826292,-0.933289623,2.00859047454295,20,20
"g[2,27]",-1.9808385025,-1.92662295,0.384633457646598,0.27477233364,-2.609043415,-1.40887543,2.64850404803541,20,20
"g[3,27]",-0.666765581825,-0.61488484,0.477878502719224,0.593060400576,-1.276600105,0.0752445056999999,1.98980734129144,20,20
"g[4,27]",-1.09120041225,-1.04378705,0.361811417597038,0.456221113005,-1.621202445,-0.620613668,2.122847935944,20,20
"g[5,27]",-1.20645223375,-1.17358905,0.161041972869241,0.14780232138,-1.48854955,-1.000241748,1.18656424253848,20,20
"g[6,27]",-0.29470404035,-0.30705144,0.518150323510363,0.726095010375,-1.05938607,0.506090411,2.65780904365218,20,20
"g[7,27]",0.316973956175,0.33222388,0.278428253653066,0.3587069883474,-0.11533579,0.7227735845,2.38000380254289,20,20
"g[8,27]",-0.285078613945,-0.364854245,0.427641990281487,0.468862086777,-0.8938909895,0.433959277,2.10032430174527,20,20
"g[9,27]",-1.53457924675,-1.4500662,0.394884910045221,0.46680142845,-2.141512215,-1.0359064735,1.91789106158935,20,20
"g[10,27]",-0.042144642425,-0.0264340185,0.340113716714076,0.448514602683,-0.491400402,0.4169893125,2.51245801597414,20,20
"g[11,27]",-1.331358646,-1.2398633,0.432752352218039,0.472211057787,-2.085955995,-0.865579655,1.99818260100692,20,20
"g[1,28]",-1.35767707925,-1.23529155,0.304775573543571,0.31407880245,-1.86887038,-1.018302059,2.30588350370347,20,20
"g[2,28]",-1.93253555,-1.9594507,0.370901627690317,0.47509160874,-2.47851371,-1.30899673,1.76039816744856,20,20
"g[3,28]",-0.710519155525,-0.77636735,0.454550264698725,0.570063436152,-1.31155951,-0.0572998429000002,2.51352455270764,20,20
"g[4,28]",-1.135904414,-1.04466435,0.325600529424762,0.325808503545,-1.587513795,-0.7412280135,1.88737279486819,20,20
"g[5,28]",-1.30095227725,-1.29072365,0.230966408467721,0.19526412801,-1.63300785,-1.007034402,1.46092691180557,20,20
"g[6,28]",-0.284127389125,-0.285087555,0.558300725163802,0.751244139198,-1.070895275,0.5452614615,3.0538944332607,20,20
"g[7,28]",0.315947531225,0.339758375,0.293195249925683,0.4019102636934,-0.12443292,0.672347942,1.7839823068199,20,20
"g[8,28]",-0.25060772345,-0.328063165,0.359093692299498,0.305311306503,-0.8274417875,0.372013538,2.12049717264413,20,20
"g[9,28]",-1.53665377275,-1.3954131,0.399468757768194,0.46911065208,-2.126179,-0.946300281,2.3568255012121,20,20
"g[10,28]",-0.00320749105000001,0.06321980895,0.39426346263927,0.568740942126,-0.5497384345,0.5317392135,2.10473763009179,20,20
"g[11,28]",-1.3825376085,-1.3494458,0.373498629415692,0.38218603647,-1.955222085,-0.812177899,2.38692640936791,20,20
"g[1,29]",-1.3591876635,-1.27228515,0.327691564070374,0.39971236998,-1.86530854,-0.9780142745,1.78340917756338,20,20
"g[2,29]",-1.8820840425,-1.86930055,0.385149812277023,0.34440790587,-2.514940595,-1.272418015,2.16668330729025,20,20
"g[3,29]",-0.674329779025,-0.71229857,0.489142509786594,0.625777335078,-1.321697915,-0.0225108674000006,2.0485723774465,20,20
"g[4,29]",-1.03362381225,-1.03183545,0.379390983529392,0.341780923995,-1.56464575,-0.3692910795,1.99839196935174,20,20
"g[5,29]",-1.251134956,-1.207911,0.169923599426646,0.13365979998,-1.487290305,-1.042211015,1.08811195492144,20,20
"g[6,29]",-0.287078010125,-0.218970535,0.677425115256404,0.819776568072,-1.3555108,0.6674854575,2.84342963986915,20,20
"g[7,29]",0.333687311075,0.298379855,0.255346451561543,0.268442513787,-0.1100566255,0.773338415,1.86411552537194,20,20
"g[8,29]",-0.25710468615,-0.320372655,0.405385006774187,0.458499187209,-0.8207050745,0.4033398635,2.2465025727894,20,20
"g[9,29]",-1.58105359975,-1.48648955,0.384042644378066,0.33797364426,-2.19180587,-1.0051501415,1.65310742586673,20,20
"g[10,29]",-0.023162236275,0.113626591,0.424444326041048,0.509039360697,-0.624760524,0.467417372,1.92338769662521,20,20
"g[11,29]",-1.449557642,-1.406615,0.507160160811088,0.635497386699,-2.267279625,-0.80170876,2.1594806989348,20,20
"g[1,30]",-1.35149851075,-1.2416139,0.334747851565822,0.34866652611,-1.83408211,-0.907921114,2.13486616100618,20,20
"g[2,30]",-1.8980238125,-1.96280775,0.368588673754117,0.37184883036,-2.481375775,-1.28975102,1.85748759573722,20,20
"g[3,30]",-0.692367299425,-0.68274225,0.479427936459947,0.663335084601,-1.27510756,-0.0621944465500002,2.15602770202827,20,20
"g[4,30]",-1.104282057,-1.09955685,0.313620195630847,0.275761272318,-1.638946515,-0.5721338285,1.49666139623108,20,20
"g[5,30]",-1.294640028,-1.27374405,0.268703681597266,0.18326974575,-1.70952038,-0.654849317,1.3106354974987,20,20
"g[6,30]",-0.1915342186155,-0.124515315,0.663468161956474,0.664491038169,-1.150217845,0.8320334545,2.54318346713795,20,20
"g[7,30]",0.379921312625,0.39235602,0.243741493840148,0.270074893452,-0.0613027459,0.696961182,1.92148945060167,20,20
"g[8,30]",-0.27244158125,-0.291289565,0.438130896273435,0.558672620352,-0.9304977305,0.421929387,2.33206148839315,20,20
"g[9,30]",-1.53558197675,-1.51311645,0.430667430788594,0.50396872785,-2.28002654,-0.9813039315,1.97198161689082,20,20
"g[10,30]",-0.00821339387500001,0.1324433555,0.47660805175653,0.5328256902717,-0.6369214655,0.5442138,2.06016677777349,20,20
"g[11,30]",-1.2701282925,-1.10938755,0.456647550326709,0.315149669604,-2.269199745,-0.7596801485,1.92101805939947,20,20
"g[1,31]",-1.3219240225,-1.24475215,0.384515990500915,0.41785220337,-1.93159478,-0.8141104485,2.01443522799137,20,20
"g[2,31]",-1.9393882375,-1.89679985,0.316396823923397,0.29967786387,-2.60440271,-1.50147411,1.55074638453534,20,20
"g[3,31]",-0.6679055429,-0.657712275,0.593540198509212,0.800056512885,-1.38530819,0.2203238625,2.1977061864171,20,20
"g[4,31]",-1.13089839625,-1.0304436,0.356587110084583,0.286690235979,-1.75611528,-0.6567895885,1.76050444301114,20,20
"g[5,31]",-1.2766743025,-1.25248975,0.23240996320388,0.2268333522,-1.617754705,-0.8249722125,1.24743096317094,20,20
"g[6,31]",-0.2395943048675,-0.274233665,0.691978700986319,0.949114907811,-1.22081906,0.8511293945,2.81742203217023,20,20
"g[7,31]",0.3893440179325,0.426039675,0.244712296536178,0.17507245035,-0.08229219855,0.6611462345,1.46357558871163,20,20
"g[8,31]",-0.276457897725,-0.25380162,0.419486603523543,0.304821529593,-1.042107135,0.30387773,2.30854651417436,20,20
"g[9,31]",-1.58840387675,-1.51023565,0.462351407724694,0.4137595602,-2.371204555,-0.915732329,2.30400468055503,20,20
"g[10,31]",-0.048694419775,0.070672626,0.510462372870796,0.5949471410274,-0.791063964,0.4996712025,1.98058680644509,20,20
"g[11,31]",-1.4677274585,-1.3877196,0.512914002031539,0.44254023618,-2.408338625,-0.8624122895,2.88689973055009,20,20
"g[1,32]",-1.31506602575,-1.27610175,0.345198262350217,0.39499555221,-1.837209265,-0.823305827,2.68127405379643,20,20
"g[2,32]",-1.87397018,-1.8731151,0.294572659781024,0.29846287317,-2.428204895,-1.38306159,1.67892400975732,20,20
"g[3,32]",-0.66069983924,-0.57132399,0.535941722211594,0.770930865537,-1.35452219,0.1126402505,2.49036937131392,20,20
"g[4,32]",-1.1987371735,-1.23995365,0.275003063049549,0.365947852557,-1.57196809,-0.8118125325,1.29929160209888,20,20
"g[5,32]",-1.24029653375,-1.21625055,0.218760882650435,0.21525187404,-1.592396795,-0.94435335,1.46982284305807,20,20
"g[6,32]",-0.231125962,-0.198706345,0.673465212283028,0.879543902811,-1.21723959,0.703996987,2.92485001210847,20,20
"g[7,32]",0.41595226705,0.456403555,0.209389578181752,0.155655898209,0.01830756645,0.682712708,1.69839221935472,20,20
"g[8,32]",-0.3036187793225,-0.302438015,0.432960440891336,0.496713728532,-0.962203874,0.337400933,1.88722287906844,20,20
"g[9,32]",-1.5457515725,-1.4468561,0.508527479909596,0.46626546855,-2.42510039,-0.8809668105,2.33934546087757,20,20
"g[10,32]",-0.0196803639,0.1501229225,0.564910197224952,0.590683666755,-0.8708005475,0.636452905,2.2294128727112,20,20
"g[11,32]",-1.31330012725,-1.3435632,0.39487355983038,0.42412530636,-1.99805441,-0.6931761805,2.30185468619964,20,20
"g[1,33]",-1.28932844675,-1.20390535,0.363723287838029,0.387917508615,-1.8575346,-0.820733737,2.11104329663016,20,20
"g[2,33]",-1.9119751,-1.92579465,0.265049103359987,0.25047681918,-2.358763445,-1.540078525,1.2411297515082,20,20
"g[3,33]",-0.710926475175,-0.62128209,0.551411133639372,0.699826407357,-1.45579628,0.0753299291999999,2.59326048877659,20,20
"g[4,33]",-1.10260199325,-1.09295665,0.34991063793764,0.30809399103,-1.533811655,-0.391139434,1.69468566640652,20,20
"g[5,33]",-1.2522492065,-1.24964545,0.246927075207635,0.23181755688,-1.666074125,-0.927744725,1.40020238456506,20,20
"g[6,33]",-0.2554496518,-0.23268543,0.680606691542862,0.786912478107,-1.262844835,0.7738798725,3.25576397733403,20,20
"g[7,33]",0.4291904017275,0.482832685,0.21008106696379,0.152900271132,0.066638405255,0.687925802,1.35741317166269,20,20
"g[8,33]",-0.255091664375,-0.24709086,0.390162030844233,0.3777870295773,-0.9278214285,0.318364492,2.44941055766932,20,20
"g[9,33]",-1.5882754445,-1.4065027,0.511156699684501,0.36877629012,-2.4545148,-0.8896186985,2.59469828394491,20,20
"g[10,33]",-0.00138118297500002,0.1792242305,0.554842863408259,0.58926315063,-0.814179653,0.6576696545,2.37215734499551,20,20
"g[11,33]",-1.25627872,-1.21969965,0.440255546053054,0.483321402732,-2.07088016,-0.677875555,2.75855773066644,20,20
"g[1,34]",-1.23646678525,-1.1480392,0.334238544305497,0.255499482504,-1.802250805,-0.8088059605,2.33964537980683,20,20
"g[2,34]",-1.7855374075,-1.8570924,0.321641929138657,0.21225887529,-2.22404355,-1.14651941,1.79115584879582,20,20
"g[3,34]",-0.724899576425,-0.766856955,0.560938254757197,0.768030025203,-1.500121175,0.07251180395,2.15445161676744,20,20
"g[4,34]",-0.90967400875,-0.907090505,0.369275925427124,0.333804417387,-1.551168215,-0.3859358215,1.81327901196663,20,20
"g[5,34]",-1.15441088325,-1.13380725,0.235650466944344,0.241259880456,-1.516267,-0.8477614595,1.41635805808922,20,20
"g[6,34]",-0.19507073025,-0.25201289,0.610314488307913,0.692184553221,-1.18095676,0.639413090999999,2.57288060394921,20,20
"g[7,34]",0.413582615275,0.439463515,0.178452251257485,0.164645754504,0.16358438125,0.620497504,1.58641924816933,20,20
"g[8,34]",-0.263587148625,-0.204408655,0.424506167342334,0.494442793047,-0.9849293545,0.306729394,2.28425001385045,20,20
"g[9,34]",-1.6031552725,-1.43835365,0.48632314872421,0.2851588362,-2.53577638,-1.08635846,2.00009379890329,20,20
"g[10,34]",-0.01169957461,0.1493862903,0.58298091981938,0.68227475889678,-0.8054715675,0.732210569,2.1593485179544,20,20
"g[11,34]",-1.25091653975,-1.1761624,0.618434198802772,0.702927072519,-2.37344501,-0.522552695,2.15801598914909,20,20
"g[1,35]",-1.2692105135,-1.23594125,0.351946215150909,0.45469777857,-1.790605155,-0.7974204015,2.50859178740164,20,20
"g[2,35]",-1.775606985,-1.8191477,0.29727495916349,0.36452767743,-2.161499035,-1.28962256,1.54471040532944,20,20
"g[3,35]",-0.71580005225,-0.7000851,0.564702537962426,0.815553811926,-1.46741047,0.04132018845,2.08160030846196,20,20
"g[4,35]",-0.9912326465,-0.960740355,0.357458658074942,0.409323124329,-1.63783308,-0.525013683000001,1.94071621137603,20,20
"g[5,35]",-1.1696490515,-1.1872859,0.231892304021099,0.23917147527,-1.580566515,-0.8365005925,1.15632246794174,20,20
"g[6,35]",-0.200264442275,-0.17210294,0.592914090783705,0.728203408422,-1.04430893,0.668489849,2.55445290061405,20,20
"g[7,35]",0.4310068297,0.457081025,0.172846679458724,0.169156972719,0.1182828535,0.6547065855,1.33524198526495,20,20
"g[8,35]",-0.221887425,-0.18230274,0.373167317741651,0.368130662298,-0.8590025735,0.2790065485,2.00957683295285,20,20
"g[9,35]",-1.591944448,-1.4337259,0.540876540498996,0.39264577947,-2.549461115,-0.975494795,2.21434090594825,20,20
"g[10,35]",-0.047515637975,0.18040828,0.57980251749101,0.745371375273,-0.7973372185,0.6714479005,2.17175971975985,20,20
"g[11,35]",-1.27769728325,-1.1554432,0.667345353031866,0.555728621532,-2.511016805,-0.3786026005,2.60128913271632,20,20
"g[1,36]",-1.2234658755,-1.18314685,0.35478710375957,0.398895108969,-1.85501046,-0.7923683285,2.13386330877293,20,20
"g[2,36]",-1.8114333,-1.82682205,0.29913635200563,0.32925936624,-2.30038718,-1.402578455,1.29522051746363,20,20
"g[3,36]",-0.691750146475,-0.6988743,0.549389473252897,0.76330578702,-1.441486135,0.02400158775,2.08158566484112,20,20
"g[4,36]",-1.02702648125,-1.02973645,0.296323494128557,0.27502711845,-1.47006056,-0.650687150000001,1.37650727138663,20,20
"g[5,36]",-1.17737380425,-1.243232,0.250854297310005,0.23124253047,-1.60511209,-0.78887754,1.40049506395225,20,20
"g[6,36]",-0.200745457395,-0.206753815,0.561743724307173,0.761935627404,-0.9918339165,0.761490461,2.63179842650674,20,20
"g[7,36]",0.42939064425,0.45443339,0.136555860535984,0.098258210463,0.1656268145,0.653609259,1.1612974531621,20,20
"g[8,36]",-0.2049750655525,-0.221985445,0.410544173074937,0.49093889775,-0.8100086685,0.361381333499999,1.92987085058994,20,20
"g[9,36]",-1.57203361375,-1.3312113,0.558546984103611,0.26838885108,-2.73375529,-1.10880374,1.63497129895305,20,20
"g[10,36]",-0.0580674725,0.082119245,0.588669070130799,0.765551785173,-0.865433993,0.6426965055,2.20417497089056,20,20
"g[11,36]",-1.15269551475,-1.1453053,0.507381958327401,0.560534966103,-1.98741924,-0.460721519,2.04326097978656,20,20
"g[1,37]",-1.2759997415,-1.26344665,0.378780887004768,0.434685428793,-1.93793575,-0.7779352785,2.50913498623656,20,20
"g[2,37]",-1.7977344575,-1.86243955,0.285293401014831,0.23640286803,-2.237566115,-1.27171139,1.20202591737954,20,20
"g[3,37]",-0.638687418275,-0.62013816,0.583804076868781,0.8267843838702,-1.37214007,0.158546522,1.94357966595075,20,20
"g[4,37]",-0.79667030475,-0.681580075,0.345976613502254,0.240125669217,-1.324327325,-0.3879945865,1.87000123492107,20,20
"g[5,37]",-1.22292007275,-1.2618796,0.225416797237618,0.25557666666,-1.5122375,-0.8511512055,1.52762487050824,20,20
"g[6,37]",-0.1791426328,-0.164562345,0.542725938310421,0.732784901877,-0.9167153665,0.7070406855,2.96653846411034,20,20
"g[7,37]",0.4497531535,0.44379243,0.165925735586664,0.198470888028,0.1947974695,0.6935334275,1.11492832133283,20,20
"g[8,37]",-0.2178569760825,-0.21048062,0.374228460322814,0.472762414488,-0.7191357505,0.393221248,2.25642954471217,20,20
"g[9,37]",-1.6469012435,-1.45465955,0.500226012979209,0.29750956137,-2.643638035,-1.140581595,1.77934372340165,20,20
"g[10,37]",-0.0822522125,-0.00806728500000001,0.57585275580815,0.744540170409,-0.885696878,0.610750047,2.11793261455502,20,20
"g[11,37]",-1.28679277425,-1.2937387,0.562650266385862,0.568182409641,-2.230267675,-0.398495837,2.9933606015589,20,20
"g[1,38]",-1.2379377535,-1.2088435,0.35023237902218,0.391861788003,-1.75037747,-0.771829311,2.40522084352667,20,20
"g[2,38]",-1.782369025,-1.8318119,0.257496508620692,0.25462950765,-2.09920312,-1.298297915,1.17985783081297,20,20
"g[3,38]",-0.624359568875,-0.67703413,0.626227458912593,0.781123184562,-1.32750549,0.323585959,1.99503476166948,20,20
"g[4,38]",-0.971499423,-0.97566354,0.391741305238967,0.479629862166,-1.511389475,-0.391283336,1.8678489150729,20,20
"g[5,38]",-1.2663922525,-1.2020692,0.226707589747189,0.23058692475,-1.71048997,-1.0027578335,1.55052122876406,20,20
"g[6,38]",-0.16141100955,-0.22146839,0.52653298443125,0.451950172359,-0.929267158,0.6924795185,2.390431013852,20,20
"g[7,38]",0.4575727638425,0.483253615,0.185315279518011,0.168438526998,0.0509320818,0.657320226,1.15511825911114,20,20
"g[8,38]",-0.2137560892025,-0.254272795,0.359859300000671,0.3254648828256,-0.8014184195,0.388107492,1.73860506251128,20,20
"g[9,38]",-1.52801773125,-1.3861043,0.547580954133958,0.36932166453,-2.501292305,-0.8606227215,1.81338834059476,20,20
"g[10,38]",-0.08670164025,-0.008507405,0.596026737005265,0.746353753446,-0.9061642505,0.5847463595,2.00215186117756,20,20
"g[11,38]",-1.37121333725,-1.26082185,0.665387280343064,0.59470466328,-2.469913405,-0.4257799225,2.97563034635315,20,20
"g[1,39]",-1.2007339005,-1.09724445,0.365570091087472,0.26519177244,-1.82023747,-0.6670752245,1.74897182210283,20,20
"g[2,39]",-1.7584326275,-1.8048297,0.291930404731345,0.19055168391,-2.141557325,-1.1247952745,1.70491155847332,20,20
"g[3,39]",-0.667894783455,-0.718046455,0.532757956623045,0.77877931257,-1.28818184,-0.01238270041,1.85673673946096,20,20
"g[4,39]",-0.98079371975,-0.889871695,0.418537347273611,0.326597713764,-1.629757615,-0.3622533685,1.46211416391174,20,20
"g[5,39]",-1.29243437075,-1.33459405,0.298521557295602,0.25289345718,-1.735561135,-0.876203095000001,1.13609846422737,20,20
"g[6,39]",-0.1099642556075,-0.0838882175,0.541158611040649,0.4363175452965,-1.042127315,0.756303723,2.31604688691863,20,20
"g[7,39]",0.474207622,0.485329535,0.1871025009515,0.172284954786,0.1756233863,0.7707820975,1.21538538624537,20,20
"g[8,39]",-0.183314087,-0.14099963,0.40260214105269,0.45494878275,-0.907821696,0.4482636435,2.01732243320546,20,20
"g[9,39]",-1.58299673375,-1.32477975,0.545051306406653,0.21036552096,-2.698391185,-1.055905752,2.12629780286577,20,20
"g[10,39]",-0.11893534855,0.037203364,0.636657020251403,0.833417525892,-1.016061275,0.6506904375,2.0932377468586,20,20
"g[11,39]",-1.338861453,-1.32395045,0.663967242887702,0.713623823955,-2.336294785,-0.4418332115,2.32680576471754,20,20
"g[1,40]",-1.239301174,-1.2097965,0.380732852935277,0.362520340812,-1.919458965,-0.700242553,1.78074606231048,20,20
"g[2,40]",-1.756913385,-1.80468765,0.333503373395984,0.2754389106,-2.19416607,-1.046393855,1.55546530238142,20,20
"g[3,40]",-0.7106375432275,-0.648881675,0.586439430241377,0.776694243234,-1.49101452,0.0160439358049996,2.26173276794391,20,20
"g[4,40]",-0.8092464115,-0.801575245,0.356693173517947,0.425653703874,-1.41655798,-0.310711675,1.51676633035936,20,20
"g[5,40]",-1.239406195,-1.2216032,0.241182251899383,0.24145097277,-1.583551535,-0.936681911,1.15294653745977,20,20
"g[6,40]",-0.1344498435,-0.20564127,0.574807875710873,0.4623867578883,-0.8545829065,0.791428082,2.55963267470852,20,20
"g[7,40]",0.48205585042,0.495943535,0.228776941637563,0.255465790419,0.15614971,0.844424118,1.11160171152664,20,20
"g[8,40]",-0.1725838304605,-0.142689145,0.445732069113292,0.491219813385,-0.7356155555,0.477549049499999,1.8435274816849,20,20
"g[9,40]",-1.59192639925,-1.37757205,0.533531642769399,0.27904518684,-2.59269666,-1.04767754,1.69868848002862,20,20
"g[10,40]",-0.1198836075,0.022846275,0.655626533908521,0.742198248036,-1.15734098,0.643066637,2.27011236519145,20,20
"g[11,40]",-1.3724929145,-1.37758155,0.683041889948726,0.69456229521,-2.521718625,-0.382342738,2.64375496105126,20,20
"r[1,1]",0.04371518065,0.0421738865,0.0124088946344856,0.0138410324661,0.02972728915,0.06563386665,1.80557298072572,20,20
"r[2,1]",0.043833705975,0.0429429465,0.00939852616912363,0.0098237468889,0.03040106935,0.0570592855,2.02240823037523,20,20
"r[3,1]",0.0442993969,0.0416062475,0.0109348488848889,0.0116916019815,0.03084295625,0.0620614356,1.78102226308778,20,20
"r[4,1]",0.042901770175,0.042012161,0.00732581415617567,0.0084376997313,0.03054734505,0.05470999415,1.39897902761947,20,20
"r[5,1]",0.043822737525,0.0437096765,0.00848006380800704,0.0087735027009,0.02932049115,0.0596582872,1.37529798993771,20,20
"r[6,1]",0.0424993971,0.043555454,0.00960983001843029,0.0121426400361,0.02716317085,0.0554571552,1.59575707598808,20,20
"r[7,1]",0.043366315575,0.044359844,0.00654145297791275,0.0061020472737,0.02976007815,0.0523067539,1.17093828362921,20,20
"r[8,1]",0.04240354805,0.0431714225,0.00813151838935832,0.00665257446,0.0296815283,0.0568076165,1.30595904378133,20,20
"r[9,1]",0.04023699635,0.0419497285,0.00737127722008421,0.0062935146855,0.0258621007,0.05056039,1.66967210505631,20,20
"r[10,1]",0.041962273175,0.041428351,0.00796068020096318,0.0080321063319,0.0309533786,0.055781225,1.60874355125657,20,20
"r[11,1]",0.04034398015,0.0403590725,0.00804884353617426,0.0090878050053,0.0293017446,0.0549900501,1.69881833998497,20,20
"r[12,1]",0.040995297275,0.0389913,0.00874169402493384,0.0060079058802,0.0302397542,0.0547823078,1.54067746641183,20,20
"r[13,1]",0.040755311075,0.0402380115,0.00934497289790358,0.008453073552,0.0272648214,0.0594608257,1.94416808429401,20,20
"r[14,1]",0.039855895575,0.0386047615,0.0085528866861557,0.0066841753377,0.02708177215,0.0531434222,2.07762621301872,20,20
"r[15,1]",0.040542929575,0.041885102,0.0114038581429162,0.0126876949458,0.023434365,0.06202405645,2.14491459384507,20,20
"r[16,1]",0.04086798045,0.0405017165,0.0110646228934268,0.0132532712634,0.02716923245,0.05862624185,2.04627275936938,20,20
"r[17,1]",0.040831708525,0.0390022485,0.0126840146908482,0.0155499217041,0.0261756182,0.06258518215,2.11672508487989,20,20
"r[18,1]",0.039926682275,0.0374232555,0.0127358404337325,0.0165531163224,0.02414624755,0.06115226465,1.99612036488433,20,20
"r[19,1]",0.039842752325,0.036269668,0.0106857394750007,0.0105101061807,0.0266847597,0.05979707275,2.00311959287752,20,20
"r[20,1]",0.03710640095,0.031588376,0.011719453403857,0.0094969655403,0.0249004394,0.05894949225,2.29838433382719,20,20
"r[21,1]",0.03494304455,0.033509295,0.0123313853934678,0.0134963850462,0.0194511605,0.05592739785,1.96736249680969,20,20
"r[22,1]",0.035360133075,0.0345591525,0.0107955503260024,0.0131804340906,0.0220373061,0.04751505255,1.81440116166809,20,20
"r[23,1]",0.035125836125,0.0359861275,0.0101440286882333,0.0121305323832,0.0216078092,0.048957603,1.60252494478881,20,20
"r[24,1]",0.03537227305,0.035270154,0.0108458015827785,0.0115607254665,0.02225888585,0.0498277845,1.80619775676791,20,20
"r[25,1]",0.0343586394,0.031912385,0.0125005598559893,0.01398380907,0.0166473157,0.05809897695,1.83273464985833,20,20
"r[26,1]",0.03518096715,0.036796912,0.0104665055870038,0.014054180679,0.02191496425,0.05060195325,1.8019094833633,20,20
"r[27,1]",0.036185640475,0.035985029,0.0112884547267113,0.0159968144091,0.02308905295,0.0528558762,1.72776657785287,20,20
"r[28,1]",0.0370147728,0.0356474635,0.0100545014665358,0.0138873525966,0.02501793675,0.0508927847,1.65646981823146,20,20
"r[29,1]",0.03669163815,0.0374293775,0.0112452565154554,0.0147837399696,0.02086091845,0.0500561353,1.96161200111024,20,20
"r[30,1]",0.03606141465,0.035586598,0.0112182856222883,0.0162584710701,0.0222942004,0.05233304425,1.9731769392691,20,20
"r[31,1]",0.03781129555,0.035926546,0.0132102410897702,0.0163057156017,0.0234465182,0.058341331,1.73009492280687,20,20
"r[32,1]",0.037029986225,0.0348481535,0.0111423747212999,0.0122883440337,0.02418411765,0.05403301285,1.81501216968162,20,20
"r[33,1]",0.037724337425,0.0365579115,0.0114131297934117,0.0126307171452,0.018369101,0.05542906745,1.91566697973917,20,20
"r[34,1]",0.0389078814,0.038660367,0.0114436687283702,0.0129898354824,0.02382890745,0.05587336115,2.20074272011767,20,20
"r[35,1]",0.03828812855,0.0373298295,0.0127318468473989,0.016710362361,0.02244079595,0.05528733305,1.90731011324824,20,20
"r[36,1]",0.03949808465,0.0390433305,0.0116623360389376,0.0151898040945,0.02447009215,0.05790297395,2.27463359582709,20,20
"r[37,1]",0.037712815675,0.033822544,0.0127566443963716,0.0136295395761,0.021512201,0.05738394815,2.10461689570526,20,20
"r[38,1]",0.038743194425,0.036446912,0.011847937088346,0.0130737587967,0.0262141382,0.05794717905,2.04854261950721,20,20
"r[39,1]",0.039693825875,0.0399367095,0.0112953340854143,0.0113597694147,0.02340674655,0.05926930555,2.0607595359596,20,20
"r[40,1]",0.038118049225,0.0363493125,0.0125401115543654,0.0150469659627,0.022368832,0.0620663972,1.75302395838873,20,20
"r[1,2]",0.025278893975,0.0246181885,0.00511711443888357,0.004221644196,0.0190159588,0.03499110395,1.23668241914983,20,20
"r[2,2]",0.024802257025,0.0248960765,0.00463442245125124,0.0051353416653,0.0186494752,0.0330006349,1.38585835605907,20,20
"r[3,2]",0.029402321725,0.026798887,0.00821899476760361,0.0056283410064,0.01956339025,0.04230380635,1.77739033174703,20,20
"r[4,2]",0.025976874025,0.025214276,0.0056398694690456,0.0049406355138,0.01819493515,0.03639559175,1.23926024691049,20,20
"r[5,2]",0.026623743275,0.0267241335,0.00517199251619221,0.0051711368184,0.0184756048,0.03445842405,1.03917153383116,20,20
"r[6,2]",0.02306075135,0.02269843,0.00534829531126682,0.004399956498,0.01408335285,0.0325198059,1.23628436092853,20,20
"r[7,2]",0.023695877925,0.0243986845,0.00445331745381015,0.0059268677055,0.01764001915,0.03133634475,1.19412540833129,20,20
"r[8,2]",0.022520611175,0.0221733015,0.00528582355060862,0.0050322957762,0.0160092438,0.0304085563,1.07868477811326,20,20
"r[9,2]",0.023683749255,0.024554176,0.00632250216219942,0.005383305774,0.01310395646,0.03266767265,1.11065597436743,20,20
"r[10,2]",0.02435505485,0.0240265535,0.00536746632249214,0.0043315063386,0.01585554255,0.0336768912,1.13568938900636,20,20
"r[11,2]",0.0209272593,0.021256032,0.00472313464234234,0.0048351937431,0.0137753114,0.02815267305,1.22967988681747,20,20
"r[12,2]",0.0260514007,0.0237027755,0.0080811856065721,0.0039554552268,0.01815128165,0.0471749541,1.45881715803272,20,20
"r[13,2]",0.0269082124,0.025464071,0.00670460591606362,0.0064765438794,0.0181994971,0.03663071595,1.69607436519199,20,20
"r[14,2]",0.023745271475,0.0218100585,0.00747950411027069,0.0028258089132,0.01718768235,0.0337797389,1.23455579814217,20,20
"r[15,2]",0.02148404435,0.0206578675,0.00449821703762306,0.0025796320788,0.01597937715,0.02922817705,1.18164156086231,20,20
"r[16,2]",0.0217660631,0.0213196115,0.00557247501105723,0.0049041131454,0.01502573355,0.0325077455,1.10637438964857,20,20
"r[17,2]",0.02259937355,0.0224456985,0.0060064350289919,0.0052465173915,0.0157204495,0.03247632625,1.33313507849456,20,20
"r[18,2]",0.020988604025,0.021625811,0.00397112776657807,0.0040641142395,0.01390233035,0.02586081695,1.06316448183672,20,20
"r[19,2]",0.0213881114,0.020500208,0.0053460497300681,0.0033462000306,0.01547531705,0.0316532837,1.48454239784356,20,20
"r[20,2]",0.02222184125,0.0230924625,0.00489575483887372,0.0059514885024,0.01477889075,0.02946898215,1.73684421526153,20,20
"r[21,2]",0.022020958975,0.019318797,0.0082574119930011,0.0056933507925,0.0113873115,0.039282908,1.57762328480249,20,20
"r[22,2]",0.023772490925,0.019957164,0.0083611183440155,0.0075781786899,0.0140469881,0.03694006215,2.11842769856686,20,20
"r[23,2]",0.02189483185,0.0195052445,0.00777114894891279,0.0068820683379,0.0124802904,0.03791744805,1.89897401218033,20,20
"r[24,2]",0.0228354734175,0.0203892115,0.00938990857066289,0.0102610760826,0.01040109325,0.04023660705,1.74017067120795,20,20
"r[25,2]",0.01996943926,0.017934121,0.00869492805795287,0.0063806774808,0.0107761362,0.03386926115,1.58843659310326,20,20
"r[26,2]",0.0214744957325,0.018074011,0.00993067814476302,0.0087584802564,0.01002666855,0.03973852255,1.85582607934495,20,20
"r[27,2]",0.0210123426875,0.0178084875,0.0102183489127947,0.0055990262979,0.01101174506,0.04296164755,2.71255190747834,20,20
"r[28,2]",0.021776488,0.018593356,0.00959462239049011,0.0072317706825,0.0125949748,0.04094406385,1.88210239744286,20,20
"r[29,2]",0.022527751625,0.01951715,0.0101036530500759,0.0081887534001,0.0122970628,0.04139863645,2.19899604054003,20,20
"r[30,2]",0.0211886814075,0.0188438905,0.00827398029907364,0.0064214400852,0.012313575,0.03324021875,1.89666739892509,20,20
"r[31,2]",0.0204896137475,0.019144359,0.0078283752987089,0.0034978040349,0.01038754044,0.0359144276,1.51798482449424,20,20
"r[32,2]",0.021467948175,0.0184654875,0.00804057434617257,0.0066520666695,0.0127900261,0.0380675111,2.03648394643002,20,20
"r[33,2]",0.0202358155075,0.018688504,0.00641526540231057,0.0056361891495,0.01237197865,0.0320095875,1.54374322167144,20,20
"r[34,2]",0.02269115655,0.0212582245,0.00813732865314716,0.0068419180473,0.01499806,0.0380504123,1.70129935185359,20,20
"r[35,2]",0.02268748285,0.02159769,0.00643160371169403,0.0067166479842,0.01508453055,0.0320176048,1.40878408273319,20,20
"r[36,2]",0.0218157806,0.0214011885,0.00608160361241248,0.0057748322646,0.01356858985,0.0330872152,1.29067685536392,20,20
"r[37,2]",0.02212485075,0.019735752,0.00736554921273964,0.0044443855722,0.01486102115,0.0347786673,1.38866605589842,20,20
"r[38,2]",0.022157077525,0.020484982,0.00580914838305323,0.0036755351577,0.01477951885,0.03338704795,1.17294431110469,20,20
"r[39,2]",0.02290419425,0.020851366,0.00756958532481302,0.0064783971294,0.0145726667,0.03687449175,1.62686267199271,20,20
"r[40,2]",0.022775127825,0.019656449,0.00806573770268848,0.0046293080463,0.01349598105,0.0379705513,1.61625800510862,20,20
"r[1,3]",0.083679574375,0.081533164,0.0158615793514973,0.0166247362806,0.0641811189,0.110067842,1.96276532648059,20,20
"r[2,3]",0.08109685225,0.0777737,0.0164919545105253,0.0158819477502,0.059023015,0.1181058715,1.64305163608628,20,20
"r[3,3]",0.078583162325,0.076416714,0.0137938331285133,0.0165227978937,0.0591923019,0.100480399,1.50039692842084,20,20
"r[4,3]",0.081564459325,0.0779168895,0.0211802056971818,0.0131585042127,0.0583427946,0.132650072,1.25080958414136,20,20
"r[5,3]",0.0792691581,0.074196138,0.0126581497397403,0.0100108717653,0.06174939545,0.0981475983,1.26511911498062,20,20
"r[6,3]",0.078339566875,0.0744240815,0.0130609549123479,0.0115472723541,0.0643325313,0.105222831,1.41410654428863,20,20
"r[7,3]",0.078026682,0.075580713,0.0133966409481412,0.0112998115881,0.05918161765,0.1003501365,2.07599290452853,20,20
"r[8,3]",0.0780059017,0.074774634,0.015314655632661,0.0136191257937,0.0581998071,0.1029291755,1.58877239465937,20,20
"r[9,3]",0.078286358575,0.078632188,0.0145932881536259,0.0181946844009,0.0568022916,0.1002642335,1.49545102391191,20,20
"r[10,3]",0.076050182475,0.0767103005,0.0178801597952986,0.0226303285635,0.05310768905,0.106167315,2.25761766942488,20,20
"r[11,3]",0.07934608905,0.077450473,0.0199805825905575,0.0148215907476,0.053877068,0.120972874,2.28046094139102,20,20
"r[12,3]",0.08240424935,0.079330936,0.023684526226067,0.0228772200111,0.05168141695,0.123149538,2.19832918759267,20,20
"r[13,3]",0.07759318825,0.068600752,0.0224876481181448,0.0200402589807,0.05228731035,0.11796395,2.47338363060391,20,20
"r[14,3]",0.079113613825,0.0793964135,0.0256092631962616,0.0328068045249,0.04729888585,0.1234560685,2.24742697079873,20,20
"r[15,3]",0.083054866025,0.0822157385,0.0257938428151692,0.0270274881366,0.048021131,0.133054556,2.59031756949323,20,20
"r[16,3]",0.0734636419,0.073571117,0.0178971096197076,0.0193262603184,0.04644291075,0.1001581662,1.60195282646608,20,20
"r[17,3]",0.0797543948,0.0820458725,0.0220799742854782,0.0213729177123,0.04636438715,0.114697161,2.26365981982295,20,20
"r[18,3]",0.07558673015,0.0771696975,0.0223271281598241,0.0128984591379,0.0451393701,0.115291012,2.05615294375597,20,20
"r[19,3]",0.07550942085,0.0757149505,0.0204311821249578,0.0170664888114,0.0436219729,0.1103995295,2.08396326745851,20,20
"r[20,3]",0.076248953375,0.0766894735,0.0193519868431665,0.0226052125782,0.04969277025,0.1098307745,1.9493203072435,20,20
"r[21,3]",0.0798993369,0.0798124615,0.0236359613945295,0.0222052070982,0.04734890265,0.122453189,2.23272618210056,20,20
"r[22,3]",0.0784263918,0.070994063,0.026072966299847,0.0263166036756,0.04530783665,0.1249248305,1.97118440090497,20,20
"r[23,3]",0.080806625225,0.0757588185,0.0245398832038706,0.0318529649193,0.04383025035,0.121750732,2.10656568252159,20,20
"r[24,3]",0.078965082525,0.082339504,0.025382913384126,0.031201628346,0.0439356007,0.1169989735,2.34536528481938,20,20
"r[25,3]",0.079734863975,0.0734288015,0.0300584316458249,0.0362264903658,0.0437167851,0.124034672,1.95129025540475,20,20
"r[26,3]",0.07602838015,0.073090651,0.0300030523799541,0.0371624668653,0.04139366825,0.1298284525,2.14287089605426,20,20
"r[27,3]",0.078633706525,0.0747579665,0.0331530080012054,0.0431894508423,0.03680973845,0.1234088285,1.93136400584358,20,20
"r[28,3]",0.0752095465,0.065473551,0.0331236855020656,0.0378450662835,0.0398106974,0.124593248,2.19166760982873,20,20
"r[29,3]",0.0774581027,0.0720518735,0.0359416387748113,0.045593345154,0.0376818475,0.1310929055,2.01890890839035,20,20
"r[30,3]",0.073635501325,0.064941487,0.0327683305870431,0.0411722356605,0.0361101389,0.120530712,2.03321229211207,20,20
"r[31,3]",0.08019049745,0.075571011,0.0429297870133271,0.0566172597081,0.0350058956,0.1387601,1.83254450124802,20,20
"r[32,3]",0.07784603765,0.0717003865,0.0379062761150594,0.0542217368973,0.0328739934,0.1285962745,2.13991402247829,20,20
"r[33,3]",0.07440626485,0.066623852,0.0388878623423447,0.0509855569062,0.0292509294,0.1311905905,2.52065752360025,20,20
"r[34,3]",0.0713219686,0.0606504005,0.0359056706388604,0.0406870258998,0.03008750125,0.12336779,2.33390672759777,20,20
"r[35,3]",0.0725401909,0.0730375555,0.0373210757828027,0.0494140950513,0.03073553255,0.1306585855,2.05219702843932,20,20
"r[36,3]",0.0737681129,0.06512276,0.0374509878444067,0.0452940000597,0.03111580835,0.1284302655,2.05938392307832,20,20
"r[37,3]",0.078702007275,0.0684591755,0.0414638357516969,0.0538039750584,0.0319281917,0.1334593615,2.05942223522148,20,20
"r[38,3]",0.08128164935,0.06392534,0.0453151066711972,0.0461854815093,0.03283677245,0.1447521405,1.77936869181485,20,20
"r[39,3]",0.0743951869,0.066931776,0.0374146795078101,0.0463244352291,0.03259293595,0.128997753,1.91859914711701,20,20
"r[40,3]",0.071839733525,0.0657445355,0.0380797353745666,0.0465652331907,0.02761061515,0.125572958,2.13261101959172,20,20
"r[1,4]",0.05017812285,0.0506146015,0.00819828998495318,0.0069813358209,0.0363214574,0.0637409451,1.38656242764447,20,20
"r[2,4]",0.056879429825,0.0482399725,0.022111592498641,0.0127916422557,0.0380756577,0.100823583,1.70574736013873,20,20
"r[3,4]",0.0511439592,0.0512334845,0.00887732890155726,0.0066670661337,0.0347002602,0.0642106005,1.54687838528583,20,20
"r[4,4]",0.048131900325,0.049593409,0.0143620057238128,0.0208157017761,0.02790332045,0.06987319675,1.57524585740029,20,20
"r[5,4]",0.046401825375,0.046060504,0.00855017041554411,0.011227344324,0.0337647637,0.0592630028,1.20749522127422,20,20
"r[6,4]",0.0503708706,0.0449182405,0.0173208955460599,0.0126478789815,0.02764967295,0.0812576922,1.97328624743326,20,20
"r[7,4]",0.047112524625,0.0436498415,0.0143359972610499,0.0132318654846,0.02845174,0.0679496588,1.51963364273605,20,20
"r[8,4]",0.056986476075,0.058703414,0.0174337633676988,0.0181077113784,0.02872374075,0.08299157845,1.8260371583491,20,20
"r[9,4]",0.0493283492,0.047468218,0.0112945488190705,0.0106496989011,0.03246032745,0.0678946586,1.9199594706286,20,20
"r[10,4]",0.05535457315,0.052806443,0.0176607667201638,0.0206246139099,0.03292095095,0.08844655335,1.7866556070017,20,20
"r[11,4]",0.053490390875,0.0545081535,0.0122564968015995,0.0104423246739,0.03328182535,0.07446722795,1.56256706305343,20,20
"r[12,4]",0.049589916625,0.0481965685,0.0100808214552174,0.0085481838246,0.0344172659,0.06808772435,1.60373362144947,20,20
"r[13,4]",0.046047240175,0.0477757705,0.0118831701380006,0.013032921321,0.02792887135,0.063355214,1.43529113445608,20,20
"r[14,4]",0.0484623186,0.0476098195,0.0114419115861998,0.012521809797,0.0339901446,0.07007826485,1.62839809799601,20,20
"r[15,4]",0.0428390625,0.041538203,0.0105768842069092,0.0117346596507,0.02954703555,0.0609747991,1.35149500070269,20,20
"r[16,4]",0.0526249734,0.0528209,0.0139109660100797,0.0122185914102,0.03211999365,0.0791204704,2.26413621537198,20,20
"r[17,4]",0.044984075975,0.039958948,0.0162344407525556,0.010381446894,0.02510246455,0.0770640953,2.39411699485381,20,20
"r[18,4]",0.049521349575,0.0476658385,0.0148159875420418,0.0174185344053,0.0290576172,0.0738048021,1.77385843424537,20,20
"r[19,4]",0.058774550175,0.0589950365,0.0192635995390529,0.0229731442311,0.0300602811,0.089082978,2.36893231997904,20,20
"r[20,4]",0.0463279893,0.043421191,0.0116219431663771,0.0107163136017,0.0311666253,0.067352593,1.67976225117446,20,20
"r[21,4]",0.047817954225,0.044062228,0.0176027334332276,0.0137387019315,0.0181707594,0.0807105693,1.75335852013824,20,20
"r[22,4]",0.04331179965,0.041599507,0.0160967504265257,0.0141405354573,0.0233280073,0.07833871415,1.77934095960672,20,20
"r[23,4]",0.04352316795,0.040592108,0.0126265951107956,0.0141554400351,0.0276729209,0.06191927715,1.67065501754051,20,20
"r[24,4]",0.03672594055,0.0334495195,0.0108430898891153,0.0099111965673,0.02455409225,0.05455233015,1.74490041334357,20,20
"r[25,4]",0.0450296142,0.040618142,0.012944654365978,0.0107809786833,0.0267854811,0.06591833405,1.40073698103241,20,20
"r[26,4]",0.046493621475,0.043126752,0.0140845836161426,0.0126567256557,0.0294790725,0.0749550399,1.52733202642504,20,20
"r[27,4]",0.0479391072,0.0493730655,0.0107664149315182,0.0117038942181,0.0326626544,0.0596358953,1.77539873677806,20,20
"r[28,4]",0.046052739175,0.046244606,0.0120084771478673,0.0095005993929,0.0301371092,0.06406953275,1.71308936774802,20,20
"r[29,4]",0.050530097175,0.0491410445,0.015140444231684,0.0152968989642,0.03109342885,0.0794846881,1.6189554815306,20,20
"r[30,4]",0.045481482875,0.043226403,0.0121758914606386,0.0142587505683,0.02967049675,0.06547166465,1.34854657383265,20,20
"r[31,4]",0.04460469805,0.0435899845,0.0112189692098477,0.0119420234997,0.02848933595,0.06479226425,1.43748257248039,20,20
"r[32,4]",0.040817807375,0.0411020665,0.00905010487789149,0.0112417744698,0.0261587107,0.0524454397,1.07266163209092,20,20
"r[33,4]",0.045637611925,0.0417949845,0.016228162596009,0.010063481085,0.0275569952,0.0801382811,1.63906477903743,20,20
"r[34,4]",0.0542341325,0.052741991,0.0166546575723108,0.0141334612314,0.02992240385,0.08566719785,1.61144134542527,20,20
"r[35,4]",0.050096594175,0.047297073,0.0150732180209299,0.0174109042044,0.0280626254,0.06971473875,1.66171976223512,20,20
"r[36,4]",0.047725796625,0.0465941345,0.0137823114829491,0.0131218795449,0.03202379825,0.0687219725,1.30859410709799,20,20
"r[37,4]",0.059554767875,0.0642524105,0.0144969248788466,0.0132428960286,0.0341966251,0.07964257635,1.49302165900737,20,20
"r[38,4]",0.05144334095,0.044912934,0.0187028853275676,0.017245669917,0.03091608395,0.08346268305,1.58875768378985,20,20
"r[39,4]",0.05064340795,0.049470547,0.018811465792917,0.0186269104854,0.02831058375,0.08947423005,1.43670097362498,20,20
"r[40,4]",0.057713856225,0.057196336,0.0158237360259896,0.0154051932573,0.03425853,0.08258545655,1.4876566879983,20,20
"r[1,5]",0.046536596175,0.046506034,0.00578266528533245,0.0065583366975,0.03823364635,0.0567124588,1.06009330006376,20,20
"r[2,5]",0.045865264275,0.045836344,0.00692190640633142,0.0070731554628,0.03626580485,0.0569633695,1.15432141959653,20,20
"r[3,5]",0.0487954913,0.0480427255,0.0066644752114729,0.0064923157782,0.03949416685,0.0603004746,1.22825563730026,20,20
"r[4,5]",0.048363690175,0.0456737895,0.0102002834781788,0.0083169352896,0.036573518,0.06857836125,1.29657519549421,20,20
"r[5,5]",0.0493413873,0.0465925015,0.0095420819250867,0.00934792124489999,0.0366147928,0.06596603275,1.49007778327022,20,20
"r[6,5]",0.04582436695,0.0442425895,0.0072891420258271,0.0071686860525,0.03646688875,0.05779912435,1.27057243293621,20,20
"r[7,5]",0.046413004375,0.045201706,0.00790421930317148,0.00621307103340001,0.0340132357,0.05923811015,1.29405480080088,20,20
"r[8,5]",0.0449082863,0.044592104,0.00541568269921601,0.00594277526220001,0.0383496117,0.05452030295,1.27541549434364,20,20
"r[9,5]",0.04572267795,0.0479175175,0.00884144250748001,0.0077972194965,0.0307238936,0.05908880995,1.24120295491863,20,20
"r[10,5]",0.042403467775,0.044067236,0.0090221555114109,0.00939605533649999,0.0269190006,0.0551792196,1.36572879734018,20,20
"r[11,5]",0.044410700375,0.0468758135,0.00882795892690137,0.008844109302,0.03007393575,0.05553488135,1.5221186342068,20,20
"r[12,5]",0.0415698978,0.043176008,0.00878504137446336,0.0105019681893,0.02879723915,0.0545285871,1.19673203455725,20,20
"r[13,5]",0.045827676875,0.04548352,0.00800040748797464,0.0064163043588,0.0336406211,0.0574957458,1.49777749873419,20,20
"r[14,5]",0.040382690875,0.0396346145,0.00855115333142072,0.0087968892333,0.0294908476,0.05371806285,1.26153674974539,20,20
"r[15,5]",0.0435771321,0.043102882,0.00773395936266612,0.00842716734089999,0.0337793204,0.05769096725,1.10638053768309,20,20
"r[16,5]",0.0409765839,0.0395784385,0.00843027690557019,0.0065179640169,0.02914656275,0.05842625565,1.44459738952723,20,20
"r[17,5]",0.043342188,0.041189239,0.00883803990656476,0.0088856643561,0.0303530483,0.06063915805,1.00505520267458,20,20
"r[18,5]",0.041882269825,0.042186145,0.00677515085012603,0.0087089643816,0.03329393425,0.05111802975,1.05441066107416,20,20
"r[19,5]",0.03991267735,0.0396504995,0.010198870235425,0.00964709509890001,0.026821747,0.060106016,1.25909109360997,20,20
"r[20,5]",0.0397708536,0.0405467355,0.00873760723022676,0.0085830019443,0.02698389625,0.0535087437,1.34102576996621,20,20
"r[21,5]",0.03937223335,0.038741885,0.00969098147987064,0.011379066195,0.026375107,0.05617047925,1.27020370393765,20,20
"r[22,5]",0.0390857532,0.039205119,0.00926235605159253,0.0121337496252,0.02624620405,0.05318866215,1.36852352486376,20,20
"r[23,5]",0.041041784975,0.040457302,0.00932430708223017,0.0115572828693,0.028373408,0.0579072343,1.33438022280532,20,20
"r[24,5]",0.0417797684,0.042869937,0.00944314656470798,0.0108812002194,0.02602014805,0.0558715274,1.58863646078241,20,20
"r[25,5]",0.0417684419,0.0427194495,0.0106269642846799,0.00818685715470001,0.0256974322,0.0609052824,1.74252425012138,20,20
"r[26,5]",0.045555639025,0.043842142,0.0114947680185492,0.0111694599135,0.0301042464,0.06690474325,1.44732642035522,20,20
"r[27,5]",0.0427097531,0.041743504,0.00914562361788997,0.008471420727,0.0250217916,0.056798534,1.6179700689896,20,20
"r[28,5]",0.039719186725,0.0379854695,0.0124388807358396,0.0099874073964,0.0217870504,0.0609312469,1.926492056191,20,20
"r[29,5]",0.039939417,0.036748636,0.00925161026740982,0.0098590238733,0.02898756445,0.05410275385,1.5508761052515,20,20
"r[30,5]",0.038408009125,0.0350478165,0.0142551734640651,0.00931958356979999,0.0221268651,0.07843998065,1.68122505996575,20,20
"r[31,5]",0.038834553275,0.0360967905,0.0114298012255643,0.0081501450135,0.02574384355,0.06079416215,1.40193872541565,20,20
"r[32,5]",0.0394447009,0.0379154645,0.0105408058275789,0.0096988815756,0.02631051245,0.0616952142,1.62522171160712,20,20
"r[33,5]",0.0387138704,0.03809181,0.0108230428285262,0.0089661109734,0.02477170315,0.06026581905,1.50833078336208,20,20
"r[34,5]",0.0416712812,0.0392920745,0.0102340649175211,0.0090114436923,0.0291625723,0.0596612321,1.36631859815425,20,20
"r[35,5]",0.0414534877,0.0400988335,0.011009587673541,0.0084175756602,0.0249141792,0.05979787605,1.27205605200373,20,20
"r[36,5]",0.04098231975,0.0358699955,0.0115485205689221,0.007316467914,0.02894104945,0.06536145575,1.37015027214327,20,20
"r[37,5]",0.038998884275,0.0337355745,0.0114737074369007,0.00538764979200001,0.0282225128,0.062121704,1.45419578181163,20,20
"r[38,5]",0.037115510725,0.035622762,0.00930260422616649,0.0114108909453,0.0251921805,0.05246360475,1.59982679598584,20,20
"r[39,5]",0.03632128525,0.0358533215,0.0114369135852754,0.0115775381505,0.02459705485,0.05847336055,1.17314780720747,20,20
"r[40,5]",0.037290365775,0.036880733,0.0095231363681269,0.0094050613902,0.0245671494,0.05608719905,1.24158605349746,20,20
"r[1,6]",0.11017734525,0.1077138,0.0185213411322579,0.0166100518689,0.082685873,0.136419077,1.64663545964069,20,20
"r[2,6]",0.112648524325,0.11281439,0.02107918234907,0.0245618138829,0.08471269465,0.146636842,1.42054832851319,20,20
"r[3,6]",0.113263988225,0.11264811,0.0235428705799038,0.0249132108393,0.06761952785,0.142881487,1.99639561251811,20,20
"r[4,6]",0.118220283075,0.11140756,0.0239859429113737,0.028777377195,0.08766882165,0.1601327775,1.28749920900223,20,20
"r[5,6]",0.11075265735,0.111367915,0.021120853448467,0.025237017351,0.07767238585,0.141465129,1.35184265209968,20,20
"r[6,6]",0.106842361575,0.10813256,0.0218352799459597,0.0274489179279,0.07415962145,0.1354051125,1.69974510283648,20,20
"r[7,6]",0.110758411575,0.107624795,0.0192982409305397,0.0158009273667,0.0879799878,0.148686146,1.62416192557989,20,20
"r[8,6]",0.106498339275,0.108522055,0.0231682659906299,0.029942975076,0.07473957715,0.1384691355,1.5643181073846,20,20
"r[9,6]",0.103365462425,0.101582795,0.0174322277017842,0.0162289851213,0.0762216625,0.129692926,1.590314474144,20,20
"r[10,6]",0.10388509035,0.100917095,0.0216310893284173,0.0245731676337,0.07122124865,0.1394319245,1.47739748585767,20,20
"r[11,6]",0.10585097815,0.10334364,0.0160525312596765,0.0182089566498,0.084806677,0.133451374,1.16388901956867,20,20
"r[12,6]",0.1001893614,0.106047525,0.0201316668640155,0.022326673551,0.0694251172,0.1263101975,1.66833467967372,20,20
"r[13,6]",0.10075928065,0.104217075,0.0243191516370901,0.0169844691555,0.04770870825,0.135914685,1.79555548143492,20,20
"r[14,6]",0.1063981219,0.10360808,0.0145906732001052,0.0153589079679,0.0873117064,0.1315445765,1.37463814645478,20,20
"r[15,6]",0.10089620835,0.100780585,0.0203312625062955,0.018866374107,0.06506487815,0.134144449,1.46779608598128,20,20
"r[16,6]",0.106008027825,0.106035925,0.0172045907871607,0.0206211512976,0.07601298875,0.13025392,1.21223222476951,20,20
"r[17,6]",0.10340805855,0.101685445,0.0237910658812723,0.0291655908159,0.0668700127,0.1402190285,1.52757319171052,20,20
"r[18,6]",0.104090710775,0.10426426,0.0256379217236941,0.029165573766,0.0674633804,0.1412526565,1.78359131510967,20,20
"r[19,6]",0.0971936718,0.099043162,0.0321779683013825,0.0416232655608,0.05459323275,0.141778482,2.63845020209143,20,20
"r[20,6]",0.11005292675,0.104727925,0.0305495598962273,0.0269672760441,0.07054853055,0.164932448,1.89565513766608,20,20
"r[21,6]",0.105617256225,0.0989156035,0.0388263629005971,0.0440168535786,0.05955580245,0.171084079,2.72527968299334,20,20
"r[22,6]",0.11288471265,0.105491845,0.0472313415319857,0.0506274793542,0.05878451105,0.2035301335,2.06636362290712,20,20
"r[23,6]",0.1152183225,0.111883985,0.0554047105731541,0.0661271905854,0.05321738625,0.210485066,1.96502879073737,20,20
"r[24,6]",0.11182502135,0.097823599,0.0587904318675186,0.0582791520087,0.0512290486,0.2182171675,2.63569678927857,20,20
"r[25,6]",0.123948195825,0.111617115,0.0568032983580528,0.0684795534276,0.05858663935,0.20792773,2.37228709597685,20,20
"r[26,6]",0.118187414675,0.093410703,0.0671016541268168,0.056383707954,0.05042188415,0.243335243,2.42016510390064,20,20
"r[27,6]",0.118921513325,0.09260478,0.0661182263479104,0.0450177664755,0.0553487,0.2437201715,2.04586885495195,20,20
"r[28,6]",0.122400157475,0.0937510135,0.0746235285233026,0.0450658931541,0.05411967315,0.256949207,2.89030980703166,20,20
"r[29,6]",0.126628127,0.0960280285,0.0866830334538168,0.0569862239919,0.0409460765,0.2778316325,2.5459036882312,20,20
"r[30,6]",0.133780444975,0.10543269,0.0902914853079779,0.0575877629964,0.04848206385,0.3090302445,2.62963678427626,20,20
"r[31,6]",0.131971863575,0.0917924265,0.09527472587395,0.0538316225832,0.04988300715,0.3204673105,2.56446375909089,20,20
"r[32,6]",0.1302503788,0.0963801235,0.0892933940450179,0.0623739078837,0.04555408825,0.2802671575,2.86293237210115,20,20
"r[33,6]",0.1261511573,0.094580071,0.0895078320694128,0.0624882497022,0.0449311347,0.2955844315,3.24685445646791,20,20
"r[34,6]",0.1271713636,0.0947284575,0.0833118368153349,0.0532689299226,0.0480543106,0.269202189,2.98735490492194,20,20
"r[35,6]",0.126422825025,0.0974630125,0.0820094325995183,0.0393549476061,0.0506448953,0.265451434,2.69783944038583,20,20
"r[36,6]",0.124023539475,0.0953818525,0.0793780218891466,0.0445210925103,0.05610078475,0.3025537755,2.56042346546383,20,20
"r[37,6]",0.12422106305,0.098129246,0.0743998096168269,0.0515179815465,0.05957078235,0.258005614,2.40916667355414,20,20
"r[38,6]",0.125915727025,0.092268523,0.077423823253088,0.0328162056915,0.0570232228,0.2685959805,1.9052862099159,20,20
"r[39,6]",0.130315924125,0.107187205,0.0753952599665339,0.0274279376553,0.05290384475,0.300206123,2.15316347617979,20,20
"r[40,6]",0.128440048525,0.0910347985,0.0843902407970194,0.0347019379749,0.0609748082,0.2739107845,2.64770469071418,20,20
"r[1,7]",0.18474263925,0.180066905,0.0305304298155566,0.033119564184,0.141946702,0.2402748255,1.83074203519584,20,20
"r[2,7]",0.18467619125,0.180451675,0.029385424830781,0.036703549533,0.1487077815,0.2256863,1.60401407030153,20,20
"r[3,7]",0.18661925175,0.185133925,0.026129261646508,0.029559493173,0.152578815,0.232475387,1.36720238691995,20,20
"r[4,7]",0.18266448825,0.177386185,0.0244189892372783,0.026994172632,0.150462322,0.215041041,1.31088118570086,20,20
"r[5,7]",0.189606042,0.1888401,0.0247907494502828,0.026850115803,0.155184324,0.2308182585,1.27044067486852,20,20
"r[6,7]",0.20204299075,0.200822025,0.022460706695227,0.027618473253,0.168207906,0.234929686,1.53008857655833,20,20
"r[7,7]",0.214460428,0.2050635,0.0268513318971909,0.031334410002,0.180798801,0.253012584,1.45175147165959,20,20
"r[8,7]",0.20783778425,0.210466335,0.0216358741847168,0.023644045194,0.171129188,0.239253335,1.20763324062784,20,20
"r[9,7]",0.2088819865,0.211545515,0.0214488840515264,0.025985144724,0.181127642,0.241752694,1.2444198368396,20,20
"r[10,7]",0.21496623025,0.214911975,0.0224578132375036,0.017307383142,0.1736750925,0.2426028255,1.1448624614567,20,20
"r[11,7]",0.2204499585,0.22458271,0.0325337261428736,0.034231417815,0.1652139115,0.2695381575,1.2323411844339,20,20
"r[12,7]",0.22357032025,0.224835855,0.031410075541538,0.031898598606,0.1741780315,0.2774351285,1.21571017620276,20,20
"r[13,7]",0.2273058475,0.223789095,0.0272621604234446,0.028591214526,0.1793850455,0.270240963,1.3966185602498,20,20
"r[14,7]",0.2287464105,0.225167735,0.031092665487694,0.023019462879,0.185794944,0.281285752,1.25304655239386,20,20
"r[15,7]",0.224162186,0.218886005,0.0279331390929216,0.021832144908,0.1930874925,0.2719620625,1.68693977212037,20,20
"r[16,7]",0.22077960175,0.21855758,0.0305432633146555,0.031220116368,0.176596859,0.277026252,1.61979483404384,20,20
"r[17,7]",0.224244393,0.2209373,0.0330393002294938,0.025466746221,0.1699248935,0.28005858,1.5803376732683,20,20
"r[18,7]",0.21459546325,0.21523165,0.0275448799693427,0.025830257502,0.1733163465,0.254792716,1.59745856168312,20,20
"r[19,7]",0.2144091355,0.216544475,0.028605395680821,0.032853570918,0.17020284,0.2506189125,1.30826188816865,20,20
"r[20,7]",0.2105224125,0.20936847,0.0280610596460977,0.030050641488,0.163679545,0.265179626,1.41586638529181,20,20
"r[21,7]",0.209888905,0.21322745,0.0328678620785532,0.032365098696,0.1548489695,0.25922053,1.37980665986072,20,20
"r[22,7]",0.19937402775,0.202792525,0.0323140305708725,0.020814532746,0.1456280275,0.237247505,1.42265161632209,20,20
"r[23,7]",0.198612706,0.208488105,0.0309022689654107,0.025225423419,0.148961191,0.235550186,1.76451891438845,20,20
"r[24,7]",0.2036253205,0.205452385,0.0310409954048606,0.027191113803,0.1502442155,0.242962331,1.59384572354313,20,20
"r[25,7]",0.19838160275,0.192313945,0.0420801531204631,0.04156995423,0.1404923815,0.2556869705,1.762017474346,20,20
"r[26,7]",0.197116947,0.191786075,0.0392023125833486,0.037405671828,0.1321366045,0.255414942,1.57966300679921,20,20
"r[27,7]",0.19459918075,0.187223055,0.0369534076698067,0.036991299954,0.130534197,0.2555124225,1.69237176366607,20,20
"r[28,7]",0.193570647,0.20075594,0.0362045204051538,0.035139451011,0.1341549265,0.251883492,1.76438843726359,20,20
"r[29,7]",0.1934555245,0.199043145,0.0373347246276275,0.039423053061,0.1356509875,0.2616600315,1.76300925055567,20,20
"r[30,7]",0.197901458,0.20046247,0.0399929066653941,0.044008527297,0.1358170045,0.2547958255,2.11578028266698,20,20
"r[31,7]",0.20182990675,0.200368295,0.0414283448060778,0.032441467422,0.131651368,0.26198926,1.70310549123503,20,20
"r[32,7]",0.20377257625,0.190502205,0.039867797142243,0.050511025572,0.1444789505,0.2669486905,2.05498465979902,20,20
"r[33,7]",0.2049946715,0.195413715,0.0423139682950407,0.04218078543,0.149747405,0.275283706,1.70731869788076,20,20
"r[34,7]",0.19690696825,0.185142975,0.0335900130565999,0.022219674309,0.147422731,0.2551059265,1.81579802401426,20,20
"r[35,7]",0.201006795,0.193722545,0.0325558720563591,0.035102015361,0.158581367,0.2550952275,1.63653758890284,20,20
"r[36,7]",0.19993261825,0.19581985,0.0334632728229196,0.034989026415,0.157496297,0.263750605,1.46042843108502,20,20
"r[37,7]",0.203647131,0.194253425,0.0374453767227505,0.047108806983,0.1506694835,0.2605760225,1.35631881804865,20,20
"r[38,7]",0.20652267975,0.1944026,0.0448892261708619,0.039216082101,0.1456005815,0.2741882285,1.36189975100729,20,20
"r[39,7]",0.20848231325,0.200973685,0.0465740712663377,0.056260318569,0.1516156635,0.2896756135,1.7971865756122,20,20
"r[40,7]",0.20871086925,0.21032245,0.0531467567028677,0.065944543161,0.138112398,0.2972004765,1.53062589575093,20,20
"r[1,8]",0.1117849182,0.11440959,0.0225595351038519,0.021219816282,0.07905943345,0.1466317905,1.80635932748481,20,20
"r[2,8]",0.112037696325,0.107026315,0.0318324460634767,0.0447901421562,0.0675992146,0.158276894,1.60791083326341,20,20
"r[3,8]",0.110328143075,0.110335645,0.0221822764120481,0.0188984256951,0.07978369355,0.146523389,2.19551482558439,20,20
"r[4,8]",0.1130414757,0.11014736,0.021366337533966,0.0247510648077,0.08807762945,0.1584766455,1.58166385808792,20,20
"r[5,8]",0.116688760425,0.1147649,0.0249581558324142,0.031792340664,0.0824937111,0.160868273,1.59376103826528,20,20
"r[6,8]",0.106320663425,0.10155109,0.0279810444526496,0.0318047967279,0.07483412775,0.152351174,1.66747797808417,20,20
"r[7,8]",0.108611875525,0.108207035,0.0254380683803291,0.0314793297042,0.07358099435,0.145408213,1.54114964853442,20,20
"r[8,8]",0.10687745015,0.101276865,0.0225896000114393,0.026144694723,0.0720445033,0.1462678135,1.65976630421254,20,20
"r[9,8]",0.107969174075,0.103035455,0.0235563522898584,0.022418387187,0.07486533185,0.1477410705,1.79220841755521,20,20
"r[10,8]",0.1080059272,0.109863975,0.0237262147349304,0.0265503503916,0.07068627565,0.1473538735,1.97578814246364,20,20
"r[11,8]",0.104078888375,0.099320199,0.0295183836244897,0.0353010106743,0.0647693314,0.1620664275,1.72252052377246,20,20
"r[12,8]",0.1039457564,0.098319381,0.022796897576834,0.0270061876224,0.07615367035,0.1381181465,1.64427768723188,20,20
"r[13,8]",0.101027419775,0.097546619,0.0286858203048655,0.0303739142637,0.05752096615,0.1525594445,1.82919289183262,20,20
"r[14,8]",0.10437969215,0.10264891,0.0228519215588933,0.0295368323733,0.07470603815,0.135565854,1.77450847139532,20,20
"r[15,8]",0.097695809075,0.0891343,0.0217290292713249,0.0141798732831,0.07242289275,0.1368342685,1.54683137737399,20,20
"r[16,8]",0.0984841756,0.0898370525,0.0260307177679367,0.0241467763215,0.0685730052,0.1527576115,1.87649949881561,20,20
"r[17,8]",0.097443645275,0.099705546,0.0256648385004238,0.026604360027,0.05810116925,0.137120368,1.9159741196674,20,20
"r[18,8]",0.09991254885,0.094213962,0.0232200816038365,0.0237343251558,0.0612983491,0.134798264,1.56471360091996,20,20
"r[19,8]",0.100149304075,0.096196981,0.0264535997560061,0.0299183157315,0.06360544385,0.1445030685,1.7062991860488,20,20
"r[20,8]",0.1049752827,0.100221126,0.0311247664034854,0.0345825849684,0.06717303165,0.1654358505,1.79947110620071,20,20
"r[21,8]",0.10504380675,0.101808262,0.0335599719319346,0.0418904426829,0.06205414485,0.165464342,1.71308585115,20,20
"r[22,8]",0.111100516625,0.102006905,0.0324821990164068,0.0339694260864,0.0646891349,0.169001512,1.83992467613713,20,20
"r[23,8]",0.108033024975,0.102517675,0.0338484934199345,0.0384415548111,0.05652525495,0.160710399,1.90238518694013,20,20
"r[24,8]",0.112936481975,0.11071598,0.0348605551797462,0.0424015727394,0.06819691095,0.17359065,1.54381080548324,20,20
"r[25,8]",0.111465183725,0.11913176,0.0314851453597728,0.0282298967517,0.06220395065,0.157378531,1.80510118915758,20,20
"r[26,8]",0.11188495375,0.10701459,0.029570480575014,0.0365581857921,0.0728369241,0.161474144,2.11034135054655,20,20
"r[27,8]",0.111353291025,0.109611375,0.037504956890011,0.0452679211257,0.05390096385,0.16918505,1.85616346138895,20,20
"r[28,8]",0.112994685075,0.116721285,0.0327653948346374,0.034150297356,0.060683198,0.162601625,1.99556437406202,20,20
"r[29,8]",0.11222449965,0.110802715,0.0386230623536288,0.054610177356,0.0558051215,0.169913148,2.12462863706663,20,20
"r[30,8]",0.10888745385,0.11371962,0.0398633016104808,0.0443066603658,0.04866760445,0.1693430155,2.31006788237902,20,20
"r[31,8]",0.108557769925,0.11154709,0.0354110882164544,0.035741735022,0.046406431,0.149495501,2.18550999409833,20,20
"r[32,8]",0.105615862425,0.10682067,0.0403786301517607,0.0479025265299,0.04859427205,0.167690122,1.62824730075855,20,20
"r[33,8]",0.108055401575,0.112320665,0.0354209321597122,0.031141901805,0.04942032585,0.154189801,2.16903073507105,20,20
"r[34,8]",0.105556732825,0.116810805,0.0349502203497411,0.03289437207,0.046276373,0.144465607,1.80025137201621,20,20
"r[35,8]",0.10922170005,0.11875242,0.0327890410214225,0.02788170147,0.0526945417,0.146092849,1.88634121049413,20,20
"r[36,8]",0.111909901875,0.115407685,0.0402362967595711,0.0475686561294,0.0561568291,0.153924293,1.71583618995895,20,20
"r[37,8]",0.1083051624,0.1143888,0.0338779459663272,0.0368366432763,0.0579892168,0.1616417905,1.94149068162247,20,20
"r[38,8]",0.1076389999,0.106833015,0.0298829543478529,0.028004898117,0.05595817965,0.1555262695,1.90157106900082,20,20
"r[39,8]",0.112453509425,0.11406254,0.0386073922240762,0.0491553168582,0.0505984827,0.170517929,2.32167963262495,20,20
"r[40,8]",0.114694002875,0.106714295,0.0485279264221072,0.055051451007,0.05641398985,0.193778865,1.982506672526,20,20
"r[1,9]",0.02907044365,0.028041499,0.00447804828725147,0.0047718281604,0.02150867525,0.03560422805,1.85484038126802,20,20
"r[2,9]",0.028072889425,0.026869356,0.00516990954274748,0.0042646833327,0.0221865633,0.0369078598,1.69373428032286,20,20
"r[3,9]",0.02993288565,0.029338971,0.00537238060878572,0.0054075010647,0.02353263745,0.0395038654,1.43898391415067,20,20
"r[4,9]",0.031626291175,0.0311617415,0.00754153558850839,0.0087085811295,0.02130060735,0.0452556386,1.50638997473143,20,20
"r[5,9]",0.029568577175,0.028654715,0.00573607807884,0.0068944695456,0.02191601805,0.0390889602,1.34236397128753,20,20
"r[6,9]",0.03273166215,0.029673135,0.00907066472643606,0.005222280588,0.02224137345,0.0498722531,2.49894527341005,20,20
"r[7,9]",0.029551368175,0.026872048,0.00798052633433754,0.003956925966,0.0196732117,0.0439978731,1.68867358806023,20,20
"r[8,9]",0.030703074525,0.0278726315,0.00856616019370787,0.0073062846759,0.02148791525,0.04757307365,1.74284431952391,20,20
"r[9,9]",0.030751047,0.030347791,0.00662695846714629,0.0069181666827,0.0218494635,0.03951410935,1.78849403183435,20,20
"r[10,9]",0.0291177018,0.0283004425,0.0046421411350556,0.0045393535152,0.0231559776,0.0372991863,1.30889401172143,20,20
"r[11,9]",0.029249402675,0.029136172,0.00529556629954078,0.0065843400189,0.02129233685,0.0369005416,2.04542202420584,20,20
"r[12,9]",0.0302717933,0.0305349215,0.0070080442466021,0.0088452457149,0.0198786965,0.03944471015,1.73998083256913,20,20
"r[13,9]",0.0290957333,0.028705841,0.00640970707583508,0.0065940903378,0.01890340925,0.04039540265,1.78924614359955,20,20
"r[14,9]",0.029992871875,0.0303029655,0.00690680884032573,0.0040782871542,0.0173812843,0.04106788725,2.25151107792504,20,20
"r[15,9]",0.030395178,0.0302758765,0.00796663137906733,0.0082413160179,0.01928159525,0.0480257709,1.63112609336954,20,20
"r[16,9]",0.028737352575,0.0299406195,0.00563154817133259,0.0048858704937,0.01981859245,0.0373206906,1.47647606393888,20,20
"r[17,9]",0.0295880958,0.0300181825,0.0069140452184436,0.0060973162971,0.0192758243,0.04119347565,1.61104589614225,20,20
"r[18,9]",0.0298571275,0.030446339,0.00791792613314026,0.0090285143487,0.01866199425,0.04250034075,1.58096867011471,20,20
"r[19,9]",0.03356092625,0.0369300395,0.0096754100929773,0.00616821126390001,0.01734185775,0.045356021,1.8069948962068,20,20
"r[20,9]",0.0330117424,0.035761372,0.00924664905484083,0.0078054894393,0.0158055722,0.04374355715,1.70816298122299,20,20
"r[21,9]",0.03561892445,0.03685695,0.0119274657598557,0.0130429110798,0.0154174409,0.0541103591,1.87620582490727,20,20
"r[22,9]",0.0351091386,0.0361934255,0.0118781994741187,0.0131911354974,0.0150424479,0.05356755205,1.99787443441067,20,20
"r[23,9]",0.03188585005,0.031876097,0.0095802703907028,0.0085777023906,0.0167074327,0.0438666489,2.02736220735118,20,20
"r[24,9]",0.03464018095,0.0360713585,0.0106623967748142,0.00847584480540001,0.01778051655,0.04958408235,2.04995438412803,20,20
"r[25,9]",0.030889412225,0.030896064,0.0105608486390859,0.0133239749748,0.01665891655,0.0469255691,1.86189569924807,20,20
"r[26,9]",0.033730420025,0.0347699615,0.0112950587175526,0.00898341143279999,0.0163618435,0.05194892705,1.94903464715863,20,20
"r[27,9]",0.031806070375,0.0315002895,0.0106139270420468,0.0154650814017,0.01688623535,0.048464983,1.96491773157319,20,20
"r[28,9]",0.031695563,0.0316240265,0.0108643085135835,0.015970433766,0.0181180193,0.05016718085,2.33238834022312,20,20
"r[29,9]",0.0296153043,0.0300972955,0.00961858002521708,0.0101113060545,0.0148697731,0.0478124632,1.44285627594253,20,20
"r[30,9]",0.030331621725,0.031238656,0.00995751347242163,0.0105110965575,0.0147612694,0.0464112909,1.93124426154181,20,20
"r[31,9]",0.029687339675,0.0315944715,0.0116463356253599,0.00948593054850001,0.0129479022,0.0515596155,1.92938937650777,20,20
"r[32,9]",0.030733873125,0.031130319,0.0120185290805559,0.0093066641934,0.0122733471,0.0500165404,1.96914262579197,20,20
"r[33,9]",0.029276929125,0.030593481,0.0114773280712065,0.0069282661539,0.01179635365,0.0496677023,2.24141731666573,20,20
"r[34,9]",0.028037070425,0.030377444,0.00989012150627268,0.0087689355516,0.0105398174,0.04061813725,1.70131375316468,20,20
"r[35,9]",0.0290901358625,0.032080432,0.0116500318326947,0.0084471735453,0.01048691175,0.0444242461,1.78243341127183,20,20
"r[36,9]",0.0298453756925,0.033748966,0.0118479452398634,0.0088100695473,0.009142902615,0.04223124355,1.68709398481593,20,20
"r[37,9]",0.0270110980275,0.029347107,0.0102004280625282,0.0090268560606,0.009147577685,0.04086001175,1.69106283286769,20,20
"r[38,9]",0.03124360551,0.034582064,0.013954349636892,0.0133528100622,0.0110721407,0.0533457314,1.75767745746309,20,20
"r[39,9]",0.029179597565,0.031842616,0.0119411277902845,0.0108390528666,0.008521552575,0.0446001937,2.50617489634588,20,20
"r[40,9]",0.02844764116,0.0302687725,0.0119542939080761,0.0110680478496,0.009508195305,0.04571241985,1.90806785236611,20,20
"r[1,10]",0.12498446875,0.12458563,0.014216235295366,0.01188429921,0.103923587,0.149720325,1.4210349722763,20,20
"r[2,10]",0.12069904475,0.11976667,0.0194483608539813,0.019990392471,0.09207448855,0.1517730475,1.47494968703807,20,20
"r[3,10]",0.12001388005,0.12017917,0.0133255737058723,0.018551595888,0.100211056,0.139459927,1.13212680869334,20,20
"r[4,10]",0.1214365495,0.119925045,0.0104241811110218,0.00784329499800001,0.104423876,0.139916547,1.44417124142737,20,20
"r[5,10]",0.1186571327,0.11727796,0.01171351904303,0.013634115621,0.102482983,0.133935019,1.18404450121311,20,20
"r[6,10]",0.120725441275,0.11778048,0.0188265446790772,0.01877142099,0.09698306215,0.151987333,1.79575430997523,20,20
"r[7,10]",0.115308619675,0.11240636,0.0179620323725174,0.012661833954,0.0889773661,0.150828616,1.85329381240776,20,20
"r[8,10]",0.118787301625,0.11731878,0.0189071319722551,0.013984617087,0.09477966625,0.158366257,1.72168689416014,20,20
"r[9,10]",0.122238917325,0.118168215,0.0187825729698547,0.015521939853,0.09744524,0.155617061,1.54738155925328,20,20
"r[10,10]",0.11972269525,0.11561977,0.0158650556327152,0.01284168816,0.1025129625,0.1479496565,1.21231972177975,20,20
"r[11,10]",0.12210267825,0.119529655,0.0127900764780238,0.009841417257,0.104301157,0.143129575,1.20229949418983,20,20
"r[12,10]",0.12173799105,0.119795565,0.014169167831435,0.014804361453,0.0987789582,0.141992827,1.3679543130721,20,20
"r[13,10]",0.124517240475,0.117666505,0.0199258933950475,0.017146105914,0.103780917,0.1558835035,1.34038686651016,20,20
"r[14,10]",0.1272740516,0.12568652,0.0198076119421956,0.022259815704,0.09792798585,0.157538243,1.44957272592364,20,20
"r[15,10]",0.13812477165,0.137011125,0.0234550774856248,0.028320565896,0.1009096451,0.171396089,1.61976092240198,20,20
"r[16,10]",0.14186266375,0.13984328,0.0198118636929625,0.015385955781,0.117751393,0.182372065,1.57473547980499,20,20
"r[17,10]",0.13901020715,0.141446905,0.0252238808000848,0.025993425045,0.101177868,0.17957403,1.65410400384684,20,20
"r[18,10]",0.144686287025,0.145408955,0.0212113735427969,0.0160231995,0.107759641,0.176276535,1.55003595214112,20,20
"r[19,10]",0.1422591131,0.146323355,0.0211195619254172,0.018244971969,0.11086103785,0.171276985,1.52133898095536,20,20
"r[20,10]",0.13856660225,0.13871364,0.0187314951033204,0.016444687854,0.109058298,0.166369121,1.1544910708189,20,20
"r[21,10]",0.14117374865,0.14455771,0.0216549459831166,0.026156829804,0.109533497,0.173241604,1.37563741571701,20,20
"r[22,10]",0.14150459285,0.142776715,0.0222537682537856,0.027483059982,0.113435188,0.17583432,1.0981644561469,20,20
"r[23,10]",0.14291509125,0.144542765,0.0156991689126342,0.010096402218,0.109891859,0.1614474795,1.34237623598017,20,20
"r[24,10]",0.140013904025,0.141647545,0.0205333853723987,0.014965920375,0.1041087443,0.1761251745,1.25012469169618,20,20
"r[25,10]",0.13604482465,0.13118106,0.0246589146373119,0.01826852307,0.10353117105,0.178176315,1.34410978237451,20,20
"r[26,10]",0.13804321805,0.138768145,0.0266980024724173,0.031102916838,0.09755024385,0.1771953785,1.37259787519025,20,20
"r[27,10]",0.136174039075,0.133859885,0.0271892980565961,0.034574765736,0.09660911675,0.174298753,1.7743530257323,20,20
"r[28,10]",0.1429121816,0.14640398,0.0368844891997451,0.051322467378,0.0926632458,0.199417062,1.86990035795327,20,20
"r[29,10]",0.1388107862,0.14212124,0.0406474789741802,0.058487858352,0.0863263173,0.2023263085,2.02469512945966,20,20
"r[30,10]",0.13930856475,0.142164295,0.0457755319156882,0.0661943842413,0.0826717025,0.2023160025,2.06721678728745,20,20
"r[31,10]",0.13660511515,0.133822165,0.0491478746072086,0.0691840182306,0.0735066936,0.2051563635,2.00759564409044,20,20
"r[32,10]",0.142002123525,0.147809775,0.057494543993569,0.0800125483437,0.06077868875,0.2203562665,2.15288202256975,20,20
"r[33,10]",0.142730698125,0.148354655,0.0580587149561983,0.0819078130038,0.0692355546,0.226135366,2.37623162726436,20,20
"r[34,10]",0.14053228625,0.141205205,0.0607013054712078,0.0859957036995,0.0669230218,0.233157941,2.24523164214421,20,20
"r[35,10]",0.13630819675,0.146770245,0.0590979091161792,0.0899185254177,0.0652256816,0.223535839,2.33436566326558,20,20
"r[36,10]",0.135850990125,0.13316733,0.0623697849594395,0.0881178135726,0.0621471613,0.227056041,2.45587888681039,20,20
"r[37,10]",0.130809193975,0.118861385,0.0592742434562138,0.0722339703183,0.0598954938,0.2251493965,2.39177792867326,20,20
"r[38,10]",0.130411684125,0.1242758,0.0579522309595691,0.0822764355483,0.0613416932,0.2169195615,2.29813015606726,20,20
"r[39,10]",0.1282898558,0.12625276,0.0624930527761956,0.088994792229,0.051214232,0.216116041,2.40493751621735,20,20
"r[40,10]",0.127516610275,0.120181215,0.0637686082261765,0.087988329219,0.0458511576,0.2235677245,2.40089801019947,20,20
"r[1,11]",0.039682967675,0.0389183875,0.00798653889069406,0.0080394748539,0.0294498522,0.0537492355,2.32557008851725,20,20
"r[2,11]",0.04151992475,0.0422065415,0.00814928382327318,0.0053239787937,0.0297853835,0.0555120418,1.31109268070503,20,20
"r[3,11]",0.0402473632,0.0402515555,0.00985587309760881,0.0095352477549,0.0258912741,0.05798806205,2.05327021798039,20,20
"r[4,11]",0.039509694575,0.038766427,0.0119474539150098,0.0134378075202,0.02059472765,0.0582247542,2.00161587298427,20,20
"r[5,11]",0.040697035425,0.0416595565,0.0121184944907271,0.0147125566371,0.02191688445,0.0581407833,2.09018924217015,20,20
"r[6,11]",0.042512078925,0.04031893,0.0103882623201634,0.0086736243867,0.02904888385,0.0609039378,1.25710108699508,20,20
"r[7,11]",0.038556781125,0.0399315855,0.0108520282631252,0.0099980754447,0.01835810235,0.05547687575,2.30052125439886,20,20
"r[8,11]",0.038665122675,0.0391880085,0.00897456275276673,0.00843692729669999,0.0247120476,0.0521650909,1.73894439076071,20,20
"r[9,11]",0.042764149875,0.0443723605,0.0110068567425822,0.0082551798105,0.0245825235,0.05913918215,1.75886421115138,20,20
"r[10,11]",0.0390848817,0.038269624,0.0093579332527128,0.0105164124198,0.02564286695,0.05669051775,1.52350532301985,20,20
"r[11,11]",0.03525100295,0.036481397,0.0100504388316352,0.0129975301764,0.0203596489,0.04868317215,1.43475405085919,20,20
"r[12,11]",0.03542820015,0.0390250285,0.00866184539746982,0.0070961201955,0.0204559151,0.04533592465,1.35537694491082,20,20
"r[13,11]",0.03535531115,0.035030963,0.00679537966796922,0.008549516682,0.0251914889,0.0440458822,1.32449448978297,20,20
"r[14,11]",0.0300987427,0.0313139435,0.00846871627486813,0.0081645810897,0.01449219035,0.04115270365,1.72049826850833,20,20
"r[15,11]",0.032783782225,0.032468071,0.00613423591362094,0.0050273957832,0.02462213835,0.0418549231,1.21852967730822,20,20
"r[16,11]",0.03124177965,0.0306231975,0.00817603820956728,0.009314071263,0.01843143375,0.04410865915,1.9733991923858,20,20
"r[17,11]",0.02999820325,0.0304832805,0.00827297301079456,0.0098852036241,0.019556192,0.0427014627,1.82699363471189,20,20
"r[18,11]",0.035223720175,0.035528952,0.00630455001715634,0.00620869439819999,0.0258406549,0.04589242315,1.41677853251277,20,20
"r[19,11]",0.0342325577,0.033711479,0.0086937004704536,0.0106017797865,0.0211146573,0.0451959556,1.94225667874052,20,20
"r[20,11]",0.037709783,0.037914375,0.0089998631271446,0.0098737364544,0.02275141525,0.04926190645,1.64951449588093,20,20
"r[21,11]",0.0344491146,0.034749117,0.00763317503126758,0.00957147805110001,0.0231451868,0.04591892855,1.46751483091909,20,20
"r[22,11]",0.035021153425,0.0358743775,0.0081479460826988,0.0082627729464,0.02187056105,0.0456538523,1.46211273311338,20,20
"r[23,11]",0.036684034925,0.037144781,0.0108381759037133,0.0119707763028,0.0165972809,0.05431033645,1.69672094081628,20,20
"r[24,11]",0.037607094175,0.0396623815,0.0123290210861719,0.015905599668,0.0172984072,0.0554228221,2.23547739915385,20,20
"r[25,11]",0.038346375475,0.0358704415,0.0162799587583004,0.0190913238159,0.0175007314,0.06513762,2.69014769012605,20,20
"r[26,11]",0.035287764525,0.033152757,0.0134069338854617,0.014897661471,0.01604333005,0.05982991805,1.91290070040729,20,20
"r[27,11]",0.039869505825,0.0380184285,0.0159303493292543,0.0198586404807,0.01825125985,0.0578326404,2.31443873505498,20,20
"r[28,11]",0.036578216425,0.0344698845,0.0117971721459147,0.0129729820269,0.02120709285,0.0565922663,2.09520674240908,20,20
"r[29,11]",0.03468019235,0.031593894,0.013906610764854,0.013475773941,0.01602770365,0.05849636445,2.10553957990235,20,20
"r[30,11]",0.041147812025,0.0428045075,0.017429185816854,0.0238892835426,0.0147549952,0.06802490465,2.06562863282002,20,20
"r[31,11]",0.034082324175,0.034639316,0.0137401864242245,0.0156424863525,0.01287537845,0.05440183075,3.16580648049304,20,20
"r[32,11]",0.038010066125,0.0373685385,0.0142294132074451,0.0157072033251,0.0182521606,0.0617291437,2.21806132507619,20,20
"r[33,11]",0.040449850125,0.0380415445,0.015805920151568,0.0204372533001,0.01745077705,0.0642615673,2.26781503922797,20,20
"r[34,11]",0.043398914125,0.0392626855,0.0231917011771632,0.0287541218727,0.0136780331,0.0832698382,2.3822596363989,20,20
"r[35,11]",0.042876913875,0.0380269375,0.0232515308982419,0.0293181392364,0.0108159136,0.082869288,2.36153527998198,20,20
"r[36,11]",0.04537374025,0.041043699,0.0209780128737904,0.025034509017,0.01908185555,0.0792142133,2.03931252926802,20,20
"r[37,11]",0.040123180225,0.034967857,0.0207343017846666,0.012580261302,0.01429423645,0.0813036422,2.88475154026096,20,20
"r[38,11]",0.038560164825,0.0333578885,0.0219195173359191,0.0152109785877,0.01095880755,0.0788822931,2.74127793249664,20,20
"r[39,11]",0.03963405691,0.0322506115,0.0235479834443323,0.0159736873317,0.01348921745,0.08076565145,2.60226273820258,20,20
"r[40,11]",0.0386562876025,0.031231538,0.0248806807970933,0.0211202515377,0.01169811167,0.0818294318,2.652064429093,20,20
"r[1,12]",0.15016884975,0.155104135,0.0201930366140535,0.018405255855,0.1174303905,0.174743461,2.53738735660071,20,20
"r[2,12]",0.14786822075,0.151965605,0.0177443954777648,0.013148519643,0.1192749925,0.1688458195,2.18415770532307,20,20
"r[3,12]",0.147370157,0.155102535,0.0201614423586781,0.010297012824,0.1136650665,0.1686025565,2.16315281409863,20,20
"r[4,12]",0.146562522,0.15364222,0.0192060455393434,0.010379563992,0.110297297,0.1666711055,1.90189042587724,20,20
"r[5,12]",0.14857094325,0.15311052,0.0176052018796425,0.012807158406,0.1173460305,0.171076772,2.06161671226958,20,20
"r[6,12]",0.148729849,0.153033695,0.0196245851783,0.019715266389,0.111981082,0.171919993,2.55214948807228,20,20
"r[7,12]",0.144138112,0.15081001,0.0194022723593506,0.01307645787,0.110381876,0.1647853645,1.82754565783916,20,20
"r[8,12]",0.1458061035,0.152510175,0.0196737096652333,0.011582004483,0.113780887,0.1689581505,1.82814506406924,20,20
"r[9,12]",0.14677113125,0.1536372,0.0188876467044015,0.01439374797,0.1168704615,0.168714613,2.04031401912792,20,20
"r[10,12]",0.145091923,0.15042521,0.0195125357265607,0.019397263515,0.111295959,0.1670243495,2.478798487915,20,20
"r[11,12]",0.14449867025,0.153063905,0.0185890613533963,0.00954085717199999,0.112936183,0.1627225245,1.71006873473247,20,20
"r[12,12]",0.14424581525,0.1501416,0.0170062692271914,0.012862466799,0.11476002,0.1623627455,1.60973046514882,20,20
"r[13,12]",0.1448075395,0.1493128,0.0149770647194356,0.00889773494400001,0.115318365,0.1641574365,1.74309718376871,20,20
"r[14,12]",0.14155032025,0.14558627,0.0168107048476695,0.014685160413,0.1132285675,0.163950741,1.85421248463772,20,20
"r[15,12]",0.1444440305,0.14993627,0.0180596297610394,0.011759582898,0.108186889,0.1677830495,1.99424187834067,20,20
"r[16,12]",0.143187156,0.151681165,0.0196049767631064,0.010606846572,0.108509924,0.1631522305,2.5535268745682,20,20
"r[17,12]",0.14479565575,0.14973862,0.018539220885351,0.014501873988,0.11422673,0.1668897305,1.88952182075758,20,20
"r[18,12]",0.14372850675,0.148318975,0.019318947286203,0.017838524592,0.1110151765,0.170187478,2.22883363103369,20,20
"r[19,12]",0.1427677795,0.146588135,0.0209904930648103,0.022870387449,0.106855101,0.16752111,2.31597364881638,20,20
"r[20,12]",0.14348521425,0.147080885,0.0224713961187362,0.023996748321,0.1062089235,0.169891293,2.14542681150347,20,20
"r[21,12]",0.14415471675,0.14505616,0.0212258291321232,0.02605143177,0.109982049,0.169694171,2.38490800181886,20,20
"r[22,12]",0.14504928925,0.147138585,0.0202028595435621,0.02559204816,0.113269209,0.1724038495,2.40094632656317,20,20
"r[23,12]",0.1442587245,0.145903205,0.0207063169692797,0.027840522255,0.1143902905,0.1722971205,2.56820280466661,20,20
"r[24,12]",0.14367345825,0.14548902,0.0209890776316274,0.023928504243,0.114799738,0.1740771585,2.95153530043233,20,20
"r[25,12]",0.1400634055,0.143768875,0.021317723201854,0.025084620897,0.1075603405,0.167506227,2.55173168345121,20,20
"r[26,12]",0.1410161785,0.138569765,0.0231100277654825,0.029332040094,0.108184451,0.1753582155,3.33835222497194,20,20
"r[27,12]",0.1407958485,0.14135611,0.0212483064849127,0.026050631166,0.1094258645,0.1696428265,2.71541524633781,20,20
"r[28,12]",0.140075817,0.14462388,0.020556716632008,0.027236377581,0.1112142575,0.1705792375,2.92816213689685,20,20
"r[29,12]",0.13743855975,0.13216614,0.0203458181246671,0.022149910566,0.1061082655,0.1707336635,2.75250536259532,20,20
"r[30,12]",0.13386755575,0.131844175,0.0188355907275199,0.024955382655,0.1059070215,0.164252143,2.52321736104013,20,20
"r[31,12]",0.13533502175,0.131557595,0.0209174218958337,0.025406752812,0.10963262,0.170052276,2.45716277626302,20,20
"r[32,12]",0.13300863875,0.130886505,0.0172236547962738,0.019125436218,0.107208911,0.162051887,2.55287056484388,20,20
"r[33,12]",0.13162339175,0.12769186,0.0163800645606124,0.015313071165,0.1096527175,0.1573269025,3.15838110795342,20,20
"r[34,12]",0.12957024455,0.132727495,0.017311807020126,0.019634953947,0.1041556655,0.153441727,2.22031260475749,20,20
"r[35,12]",0.13000754925,0.133801395,0.0162777712470305,0.022797710397,0.108585655,0.1504207745,2.15299864426759,20,20
"r[36,12]",0.1292737405,0.12744161,0.0149521132466646,0.017128722429,0.107804695,0.148598741,2.21534561962056,20,20
"r[37,12]",0.12878984475,0.12481934,0.0164798482862279,0.024078965904,0.1071258435,0.15464077,2.41060974193752,20,20
"r[38,12]",0.128966366,0.12270961,0.0177609013311535,0.021003616137,0.10429577485,0.1571230995,2.30174324820307,20,20
"r[39,12]",0.12768684175,0.124401355,0.0165039156318039,0.020931710037,0.1078926505,0.1516262165,1.68865268830368,20,20
"r[40,12]",0.12579740595,0.12139184,0.0161077259934861,0.01814124186,0.105512388,0.1497149425,1.5852216894636,20,20
"r_new[1,1]",NA,NA,NA,NA,NA,NA,NA,NA,NA
"r_new[2,1]",NA,NA,NA,NA,NA,NA,NA,NA,NA
"r_new[3,1]",NA,NA,NA,NA,NA,NA,NA,NA,NA
"r_new[4,1]",NA,NA,NA,NA,NA,NA,NA,NA,NA
"r_new[5,1]",NA,NA,NA,NA,NA,NA,NA,NA,NA
"r_new[6,1]",NA,NA,NA,NA,NA,NA,NA,NA,NA
"r_new[7,1]",NA,NA,NA,NA,NA,NA,NA,NA,NA
"r_new[8,1]",NA,NA,NA,NA,NA,NA,NA,NA,NA
"r_new[9,1]",NA,NA,NA,NA,NA,NA,NA,NA,NA
"r_new[10,1]",NA,NA,NA,NA,NA,NA,NA,NA,NA
"r_new[11,1]",NA,NA,NA,NA,NA,NA,NA,NA,NA
"r_new[12,1]",NA,NA,NA,NA,NA,NA,NA,NA,NA
"r_new[13,1]",NA,NA,NA,NA,NA,NA,NA,NA,NA
"r_new[14,1]",NA,NA,NA,NA,NA,NA,NA,NA,NA
"r_new[15,1]",NA,NA,NA,NA,NA,NA,NA,NA,NA
"r_new[16,1]",NA,NA,NA,NA,NA,NA,NA,NA,NA
"r_new[17,1]",NA,NA,NA,NA,NA,NA,NA,NA,NA
"r_new[18,1]",NA,NA,NA,NA,NA,NA,NA,NA,NA
"r_new[19,1]",NA,NA,NA,NA,NA,NA,NA,NA,NA
"r_new[20,1]",NA,NA,NA,NA,NA,NA,NA,NA,NA
"r_new[21,1]",NA,NA,NA,NA,NA,NA,NA,NA,NA
"r_new[22,1]",NA,NA,NA,NA,NA,NA,NA,NA,NA
"r_new[23,1]",NA,NA,NA,NA,NA,NA,NA,NA,NA
"r_new[24,1]",NA,NA,NA,NA,NA,NA,NA,NA,NA
"r_new[25,1]",NA,NA,NA,NA,NA,NA,NA,NA,NA
"r_new[26,1]",NA,NA,NA,NA,NA,NA,NA,NA,NA
"r_new[27,1]",NA,NA,NA,NA,NA,NA,NA,NA,NA
"r_new[28,1]",NA,NA,NA,NA,NA,NA,NA,NA,NA
"r_new[29,1]",NA,NA,NA,NA,NA,NA,NA,NA,NA
"r_new[30,1]",NA,NA,NA,NA,NA,NA,NA,NA,NA
"r_new[31,1]",NA,NA,NA,NA,NA,NA,NA,NA,NA
"r_new[32,1]",NA,NA,NA,NA,NA,NA,NA,NA,NA
"r_new[33,1]",NA,NA,NA,NA,NA,NA,NA,NA,NA
"r_new[34,1]",NA,NA,NA,NA,NA,NA,NA,NA,NA
"r_new[35,1]",NA,NA,NA,NA,NA,NA,NA,NA,NA
"r_new[36,1]",NA,NA,NA,NA,NA,NA,NA,NA,NA
"r_new[37,1]",NA,NA,NA,NA,NA,NA,NA,NA,NA
"r_new[38,1]",NA,NA,NA,NA,NA,NA,NA,NA,NA
"r_new[39,1]",NA,NA,NA,NA,NA,NA,NA,NA,NA
"r_new[40,1]",NA,NA,NA,NA,NA,NA,NA,NA,NA
"r_new[41,1]",NA,NA,NA,NA,NA,NA,NA,NA,NA
"r_new[42,1]",NA,NA,NA,NA,NA,NA,NA,NA,NA
"r_new[43,1]",NA,NA,NA,NA,NA,NA,NA,NA,NA
"r_new[44,1]",NA,NA,NA,NA,NA,NA,NA,NA,NA
"r_new[45,1]",NA,NA,NA,NA,NA,NA,NA,NA,NA
"r_new[46,1]",NA,NA,NA,NA,NA,NA,NA,NA,NA
"r_new[47,1]",NA,NA,NA,NA,NA,NA,NA,NA,NA
"r_new[48,1]",NA,NA,NA,NA,NA,NA,NA,NA,NA
"r_new[49,1]",NA,NA,NA,NA,NA,NA,NA,NA,NA
"r_new[50,1]",NA,NA,NA,NA,NA,NA,NA,NA,NA
"r_new[51,1]",NA,NA,NA,NA,NA,NA,NA,NA,NA
"r_new[52,1]",NA,NA,NA,NA,NA,NA,NA,NA,NA
"r_new[53,1]",NA,NA,NA,NA,NA,NA,NA,NA,NA
"r_new[54,1]",NA,NA,NA,NA,NA,NA,NA,NA,NA
"r_new[55,1]",NA,NA,NA,NA,NA,NA,NA,NA,NA
"r_new[56,1]",NA,NA,NA,NA,NA,NA,NA,NA,NA
"r_new[57,1]",NA,NA,NA,NA,NA,NA,NA,NA,NA
"r_new[58,1]",NA,NA,NA,NA,NA,NA,NA,NA,NA
"r_new[59,1]",NA,NA,NA,NA,NA,NA,NA,NA,NA
"r_new[60,1]",NA,NA,NA,NA,NA,NA,NA,NA,NA
"r_new[61,1]",NA,NA,NA,NA,NA,NA,NA,NA,NA
"r_new[62,1]",NA,NA,NA,NA,NA,NA,NA,NA,NA
"r_new[63,1]",NA,NA,NA,NA,NA,NA,NA,NA,NA
"r_new[64,1]",NA,NA,NA,NA,NA,NA,NA,NA,NA
"r_new[65,1]",NA,NA,NA,NA,NA,NA,NA,NA,NA
"r_new[66,1]",NA,NA,NA,NA,NA,NA,NA,NA,NA
"r_new[67,1]",NA,NA,NA,NA,NA,NA,NA,NA,NA
"r_new[68,1]",NA,NA,NA,NA,NA,NA,NA,NA,NA
"r_new[69,1]",NA,NA,NA,NA,NA,NA,NA,NA,NA
"r_new[70,1]",NA,NA,NA,NA,NA,NA,NA,NA,NA
"r_new[71,1]",NA,NA,NA,NA,NA,NA,NA,NA,NA
"r_new[72,1]",NA,NA,NA,NA,NA,NA,NA,NA,NA
"r_new[73,1]",NA,NA,NA,NA,NA,NA,NA,NA,NA
"r_new[74,1]",NA,NA,NA,NA,NA,NA,NA,NA,NA
"r_new[75,1]",NA,NA,NA,NA,NA,NA,NA,NA,NA
"r_new[76,1]",NA,NA,NA,NA,NA,NA,NA,NA,NA
"r_new[77,1]",NA,NA,NA,NA,NA,NA,NA,NA,NA
"r_new[78,1]",NA,NA,NA,NA,NA,NA,NA,NA,NA
"r_new[79,1]",NA,NA,NA,NA,NA,NA,NA,NA,NA
"r_new[80,1]",NA,NA,NA,NA,NA,NA,NA,NA,NA
"r_new[81,1]",NA,NA,NA,NA,NA,NA,NA,NA,NA
"r_new[82,1]",NA,NA,NA,NA,NA,NA,NA,NA,NA
"r_new[83,1]",NA,NA,NA,NA,NA,NA,NA,NA,NA
"r_new[84,1]",NA,NA,NA,NA,NA,NA,NA,NA,NA
"r_new[85,1]",NA,NA,NA,NA,NA,NA,NA,NA,NA
"r_new[86,1]",NA,NA,NA,NA,NA,NA,NA,NA,NA
"r_new[87,1]",NA,NA,NA,NA,NA,NA,NA,NA,NA
"r_new[88,1]",NA,NA,NA,NA,NA,NA,NA,NA,NA
"r_new[89,1]",NA,NA,NA,NA,NA,NA,NA,NA,NA
"r_new[90,1]",NA,NA,NA,NA,NA,NA,NA,NA,NA
"r_new[91,1]",NA,NA,NA,NA,NA,NA,NA,NA,NA
"r_new[92,1]",NA,NA,NA,NA,NA,NA,NA,NA,NA
"r_new[93,1]",NA,NA,NA,NA,NA,NA,NA,NA,NA
"r_new[94,1]",NA,NA,NA,NA,NA,NA,NA,NA,NA
"r_new[95,1]",NA,NA,NA,NA,NA,NA,NA,NA,NA
"r_new[96,1]",NA,NA,NA,NA,NA,NA,NA,NA,NA
"r_new[97,1]",NA,NA,NA,NA,NA,NA,NA,NA,NA
"r_new[98,1]",NA,NA,NA,NA,NA,NA,NA,NA,NA
"r_new[99,1]",NA,NA,NA,NA,NA,NA,NA,NA,NA
"r_new[100,1]",NA,NA,NA,NA,NA,NA,NA,NA,NA
"r_new[101,1]",NA,NA,NA,NA,NA,NA,NA,NA,NA
"r_new[102,1]",NA,NA,NA,NA,NA,NA,NA,NA,NA
"r_new[103,1]",NA,NA,NA,NA,NA,NA,NA,NA,NA
"r_new[104,1]",NA,NA,NA,NA,NA,NA,NA,NA,NA
"r_new[105,1]",NA,NA,NA,NA,NA,NA,NA,NA,NA
"r_new[106,1]",NA,NA,NA,NA,NA,NA,NA,NA,NA
"r_new[107,1]",NA,NA,NA,NA,NA,NA,NA,NA,NA
"r_new[108,1]",NA,NA,NA,NA,NA,NA,NA,NA,NA
"r_new[109,1]",NA,NA,NA,NA,NA,NA,NA,NA,NA
"r_new[110,1]",NA,NA,NA,NA,NA,NA,NA,NA,NA
"r_new[111,1]",NA,NA,NA,NA,NA,NA,NA,NA,NA
"r_new[112,1]",NA,NA,NA,NA,NA,NA,NA,NA,NA
"r_new[113,1]",NA,NA,NA,NA,NA,NA,NA,NA,NA
"r_new[114,1]",NA,NA,NA,NA,NA,NA,NA,NA,NA
"r_new[115,1]",NA,NA,NA,NA,NA,NA,NA,NA,NA
"r_new[116,1]",NA,NA,NA,NA,NA,NA,NA,NA,NA
"r_new[117,1]",NA,NA,NA,NA,NA,NA,NA,NA,NA
"r_new[118,1]",NA,NA,NA,NA,NA,NA,NA,NA,NA
"r_new[119,1]",NA,NA,NA,NA,NA,NA,NA,NA,NA
"r_new[120,1]",NA,NA,NA,NA,NA,NA,NA,NA,NA
"r_new[1,2]",NA,NA,NA,NA,NA,NA,NA,NA,NA
"r_new[2,2]",NA,NA,NA,NA,NA,NA,NA,NA,NA
"r_new[3,2]",NA,NA,NA,NA,NA,NA,NA,NA,NA
"r_new[4,2]",NA,NA,NA,NA,NA,NA,NA,NA,NA
"r_new[5,2]",NA,NA,NA,NA,NA,NA,NA,NA,NA
"r_new[6,2]",NA,NA,NA,NA,NA,NA,NA,NA,NA
"r_new[7,2]",NA,NA,NA,NA,NA,NA,NA,NA,NA
"r_new[8,2]",NA,NA,NA,NA,NA,NA,NA,NA,NA
"r_new[9,2]",NA,NA,NA,NA,NA,NA,NA,NA,NA
"r_new[10,2]",NA,NA,NA,NA,NA,NA,NA,NA,NA
"r_new[11,2]",NA,NA,NA,NA,NA,NA,NA,NA,NA
"r_new[12,2]",NA,NA,NA,NA,NA,NA,NA,NA,NA
"r_new[13,2]",NA,NA,NA,NA,NA,NA,NA,NA,NA
"r_new[14,2]",NA,NA,NA,NA,NA,NA,NA,NA,NA
"r_new[15,2]",NA,NA,NA,NA,NA,NA,NA,NA,NA
"r_new[16,2]",NA,NA,NA,NA,NA,NA,NA,NA,NA
"r_new[17,2]",NA,NA,NA,NA,NA,NA,NA,NA,NA
"r_new[18,2]",NA,NA,NA,NA,NA,NA,NA,NA,NA
"r_new[19,2]",NA,NA,NA,NA,NA,NA,NA,NA,NA
"r_new[20,2]",NA,NA,NA,NA,NA,NA,NA,NA,NA
"r_new[21,2]",NA,NA,NA,NA,NA,NA,NA,NA,NA
"r_new[22,2]",NA,NA,NA,NA,NA,NA,NA,NA,NA
"r_new[23,2]",NA,NA,NA,NA,NA,NA,NA,NA,NA
"r_new[24,2]",NA,NA,NA,NA,NA,NA,NA,NA,NA
"r_new[25,2]",NA,NA,NA,NA,NA,NA,NA,NA,NA
"r_new[26,2]",NA,NA,NA,NA,NA,NA,NA,NA,NA
"r_new[27,2]",NA,NA,NA,NA,NA,NA,NA,NA,NA
"r_new[28,2]",NA,NA,NA,NA,NA,NA,NA,NA,NA
"r_new[29,2]",NA,NA,NA,NA,NA,NA,NA,NA,NA
"r_new[30,2]",NA,NA,NA,NA,NA,NA,NA,NA,NA
"r_new[31,2]",NA,NA,NA,NA,NA,NA,NA,NA,NA
"r_new[32,2]",NA,NA,NA,NA,NA,NA,NA,NA,NA
"r_new[33,2]",NA,NA,NA,NA,NA,NA,NA,NA,NA
"r_new[34,2]",NA,NA,NA,NA,NA,NA,NA,NA,NA
"r_new[35,2]",NA,NA,NA,NA,NA,NA,NA,NA,NA
"r_new[36,2]",NA,NA,NA,NA,NA,NA,NA,NA,NA
"r_new[37,2]",NA,NA,NA,NA,NA,NA,NA,NA,NA
"r_new[38,2]",NA,NA,NA,NA,NA,NA,NA,NA,NA
"r_new[39,2]",NA,NA,NA,NA,NA,NA,NA,NA,NA
"r_new[40,2]",NA,NA,NA,NA,NA,NA,NA,NA,NA
"r_new[41,2]",NA,NA,NA,NA,NA,NA,NA,NA,NA
"r_new[42,2]",NA,NA,NA,NA,NA,NA,NA,NA,NA
"r_new[43,2]",NA,NA,NA,NA,NA,NA,NA,NA,NA
"r_new[44,2]",NA,NA,NA,NA,NA,NA,NA,NA,NA
"r_new[45,2]",NA,NA,NA,NA,NA,NA,NA,NA,NA
"r_new[46,2]",NA,NA,NA,NA,NA,NA,NA,NA,NA
"r_new[47,2]",NA,NA,NA,NA,NA,NA,NA,NA,NA
"r_new[48,2]",NA,NA,NA,NA,NA,NA,NA,NA,NA
"r_new[49,2]",NA,NA,NA,NA,NA,NA,NA,NA,NA
"r_new[50,2]",NA,NA,NA,NA,NA,NA,NA,NA,NA
"r_new[51,2]",NA,NA,NA,NA,NA,NA,NA,NA,NA
"r_new[52,2]",NA,NA,NA,NA,NA,NA,NA,NA,NA
"r_new[53,2]",NA,NA,NA,NA,NA,NA,NA,NA,NA
"r_new[54,2]",NA,NA,NA,NA,NA,NA,NA,NA,NA
"r_new[55,2]",NA,NA,NA,NA,NA,NA,NA,NA,NA
"r_new[56,2]",NA,NA,NA,NA,NA,NA,NA,NA,NA
"r_new[57,2]",NA,NA,NA,NA,NA,NA,NA,NA,NA
"r_new[58,2]",NA,NA,NA,NA,NA,NA,NA,NA,NA
"r_new[59,2]",NA,NA,NA,NA,NA,NA,NA,NA,NA
"r_new[60,2]",NA,NA,NA,NA,NA,NA,NA,NA,NA
"r_new[61,2]",NA,NA,NA,NA,NA,NA,NA,NA,NA
"r_new[62,2]",NA,NA,NA,NA,NA,NA,NA,NA,NA
"r_new[63,2]",NA,NA,NA,NA,NA,NA,NA,NA,NA
"r_new[64,2]",NA,NA,NA,NA,NA,NA,NA,NA,NA
"r_new[65,2]",NA,NA,NA,NA,NA,NA,NA,NA,NA
"r_new[66,2]",NA,NA,NA,NA,NA,NA,NA,NA,NA
"r_new[67,2]",NA,NA,NA,NA,NA,NA,NA,NA,NA
"r_new[68,2]",NA,NA,NA,NA,NA,NA,NA,NA,NA
"r_new[69,2]",NA,NA,NA,NA,NA,NA,NA,NA,NA
"r_new[70,2]",NA,NA,NA,NA,NA,NA,NA,NA,NA
"r_new[71,2]",NA,NA,NA,NA,NA,NA,NA,NA,NA
"r_new[72,2]",NA,NA,NA,NA,NA,NA,NA,NA,NA
"r_new[73,2]",NA,NA,NA,NA,NA,NA,NA,NA,NA
"r_new[74,2]",NA,NA,NA,NA,NA,NA,NA,NA,NA
"r_new[75,2]",NA,NA,NA,NA,NA,NA,NA,NA,NA
"r_new[76,2]",NA,NA,NA,NA,NA,NA,NA,NA,NA
"r_new[77,2]",NA,NA,NA,NA,NA,NA,NA,NA,NA
"r_new[78,2]",NA,NA,NA,NA,NA,NA,NA,NA,NA
"r_new[79,2]",NA,NA,NA,NA,NA,NA,NA,NA,NA
"r_new[80,2]",NA,NA,NA,NA,NA,NA,NA,NA,NA
"r_new[81,2]",NA,NA,NA,NA,NA,NA,NA,NA,NA
"r_new[82,2]",NA,NA,NA,NA,NA,NA,NA,NA,NA
"r_new[83,2]",NA,NA,NA,NA,NA,NA,NA,NA,NA
"r_new[84,2]",NA,NA,NA,NA,NA,NA,NA,NA,NA
"r_new[85,2]",NA,NA,NA,NA,NA,NA,NA,NA,NA
"r_new[86,2]",NA,NA,NA,NA,NA,NA,NA,NA,NA
"r_new[87,2]",NA,NA,NA,NA,NA,NA,NA,NA,NA
"r_new[88,2]",NA,NA,NA,NA,NA,NA,NA,NA,NA
"r_new[89,2]",NA,NA,NA,NA,NA,NA,NA,NA,NA
"r_new[90,2]",NA,NA,NA,NA,NA,NA,NA,NA,NA
"r_new[91,2]",NA,NA,NA,NA,NA,NA,NA,NA,NA
"r_new[92,2]",NA,NA,NA,NA,NA,NA,NA,NA,NA
"r_new[93,2]",NA,NA,NA,NA,NA,NA,NA,NA,NA
"r_new[94,2]",NA,NA,NA,NA,NA,NA,NA,NA,NA
"r_new[95,2]",NA,NA,NA,NA,NA,NA,NA,NA,NA
"r_new[96,2]",NA,NA,NA,NA,NA,NA,NA,NA,NA
"r_new[97,2]",NA,NA,NA,NA,NA,NA,NA,NA,NA
"r_new[98,2]",NA,NA,NA,NA,NA,NA,NA,NA,NA
"r_new[99,2]",NA,NA,NA,NA,NA,NA,NA,NA,NA
"r_new[100,2]",NA,NA,NA,NA,NA,NA,NA,NA,NA
"r_new[101,2]",NA,NA,NA,NA,NA,NA,NA,NA,NA
"r_new[102,2]",NA,NA,NA,NA,NA,NA,NA,NA,NA
"r_new[103,2]",NA,NA,NA,NA,NA,NA,NA,NA,NA
"r_new[104,2]",NA,NA,NA,NA,NA,NA,NA,NA,NA
"r_new[105,2]",NA,NA,NA,NA,NA,NA,NA,NA,NA
"r_new[106,2]",NA,NA,NA,NA,NA,NA,NA,NA,NA
"r_new[107,2]",NA,NA,NA,NA,NA,NA,NA,NA,NA
"r_new[108,2]",NA,NA,NA,NA,NA,NA,NA,NA,NA
"r_new[109,2]",NA,NA,NA,NA,NA,NA,NA,NA,NA
"r_new[110,2]",NA,NA,NA,NA,NA,NA,NA,NA,NA
"r_new[111,2]",NA,NA,NA,NA,NA,NA,NA,NA,NA
"r_new[112,2]",NA,NA,NA,NA,NA,NA,NA,NA,NA
"r_new[113,2]",NA,NA,NA,NA,NA,NA,NA,NA,NA
"r_new[114,2]",NA,NA,NA,NA,NA,NA,NA,NA,NA
"r_new[115,2]",NA,NA,NA,NA,NA,NA,NA,NA,NA
"r_new[116,2]",NA,NA,NA,NA,NA,NA,NA,NA,NA
"r_new[117,2]",NA,NA,NA,NA,NA,NA,NA,NA,NA
"r_new[118,2]",NA,NA,NA,NA,NA,NA,NA,NA,NA
"r_new[119,2]",NA,NA,NA,NA,NA,NA,NA,NA,NA
"r_new[120,2]",NA,NA,NA,NA,NA,NA,NA,NA,NA
"r_new[1,3]",NA,NA,NA,NA,NA,NA,NA,NA,NA
"r_new[2,3]",NA,NA,NA,NA,NA,NA,NA,NA,NA
"r_new[3,3]",NA,NA,NA,NA,NA,NA,NA,NA,NA
"r_new[4,3]",NA,NA,NA,NA,NA,NA,NA,NA,NA
"r_new[5,3]",NA,NA,NA,NA,NA,NA,NA,NA,NA
"r_new[6,3]",NA,NA,NA,NA,NA,NA,NA,NA,NA
"r_new[7,3]",NA,NA,NA,NA,NA,NA,NA,NA,NA
"r_new[8,3]",NA,NA,NA,NA,NA,NA,NA,NA,NA
"r_new[9,3]",NA,NA,NA,NA,NA,NA,NA,NA,NA
"r_new[10,3]",NA,NA,NA,NA,NA,NA,NA,NA,NA
"r_new[11,3]",NA,NA,NA,NA,NA,NA,NA,NA,NA
"r_new[12,3]",NA,NA,NA,NA,NA,NA,NA,NA,NA
"r_new[13,3]",NA,NA,NA,NA,NA,NA,NA,NA,NA
"r_new[14,3]",NA,NA,NA,NA,NA,NA,NA,NA,NA
"r_new[15,3]",NA,NA,NA,NA,NA,NA,NA,NA,NA
"r_new[16,3]",NA,NA,NA,NA,NA,NA,NA,NA,NA
"r_new[17,3]",NA,NA,NA,NA,NA,NA,NA,NA,NA
"r_new[18,3]",NA,NA,NA,NA,NA,NA,NA,NA,NA
"r_new[19,3]",NA,NA,NA,NA,NA,NA,NA,NA,NA
"r_new[20,3]",NA,NA,NA,NA,NA,NA,NA,NA,NA
"r_new[21,3]",NA,NA,NA,NA,NA,NA,NA,NA,NA
"r_new[22,3]",NA,NA,NA,NA,NA,NA,NA,NA,NA
"r_new[23,3]",NA,NA,NA,NA,NA,NA,NA,NA,NA
"r_new[24,3]",NA,NA,NA,NA,NA,NA,NA,NA,NA
"r_new[25,3]",NA,NA,NA,NA,NA,NA,NA,NA,NA
"r_new[26,3]",NA,NA,NA,NA,NA,NA,NA,NA,NA
"r_new[27,3]",NA,NA,NA,NA,NA,NA,NA,NA,NA
"r_new[28,3]",NA,NA,NA,NA,NA,NA,NA,NA,NA
"r_new[29,3]",NA,NA,NA,NA,NA,NA,NA,NA,NA
"r_new[30,3]",NA,NA,NA,NA,NA,NA,NA,NA,NA
"r_new[31,3]",NA,NA,NA,NA,NA,NA,NA,NA,NA
"r_new[32,3]",NA,NA,NA,NA,NA,NA,NA,NA,NA
"r_new[33,3]",NA,NA,NA,NA,NA,NA,NA,NA,NA
"r_new[34,3]",NA,NA,NA,NA,NA,NA,NA,NA,NA
"r_new[35,3]",NA,NA,NA,NA,NA,NA,NA,NA,NA
"r_new[36,3]",NA,NA,NA,NA,NA,NA,NA,NA,NA
"r_new[37,3]",NA,NA,NA,NA,NA,NA,NA,NA,NA
"r_new[38,3]",NA,NA,NA,NA,NA,NA,NA,NA,NA
"r_new[39,3]",NA,NA,NA,NA,NA,NA,NA,NA,NA
"r_new[40,3]",NA,NA,NA,NA,NA,NA,NA,NA,NA
"r_new[41,3]",NA,NA,NA,NA,NA,NA,NA,NA,NA
"r_new[42,3]",NA,NA,NA,NA,NA,NA,NA,NA,NA
"r_new[43,3]",NA,NA,NA,NA,NA,NA,NA,NA,NA
"r_new[44,3]",NA,NA,NA,NA,NA,NA,NA,NA,NA
"r_new[45,3]",NA,NA,NA,NA,NA,NA,NA,NA,NA
"r_new[46,3]",NA,NA,NA,NA,NA,NA,NA,NA,NA
"r_new[47,3]",NA,NA,NA,NA,NA,NA,NA,NA,NA
"r_new[48,3]",NA,NA,NA,NA,NA,NA,NA,NA,NA
"r_new[49,3]",NA,NA,NA,NA,NA,NA,NA,NA,NA
"r_new[50,3]",NA,NA,NA,NA,NA,NA,NA,NA,NA
"r_new[51,3]",NA,NA,NA,NA,NA,NA,NA,NA,NA
"r_new[52,3]",NA,NA,NA,NA,NA,NA,NA,NA,NA
"r_new[53,3]",NA,NA,NA,NA,NA,NA,NA,NA,NA
"r_new[54,3]",NA,NA,NA,NA,NA,NA,NA,NA,NA
"r_new[55,3]",NA,NA,NA,NA,NA,NA,NA,NA,NA
"r_new[56,3]",NA,NA,NA,NA,NA,NA,NA,NA,NA
"r_new[57,3]",NA,NA,NA,NA,NA,NA,NA,NA,NA
"r_new[58,3]",NA,NA,NA,NA,NA,NA,NA,NA,NA
"r_new[59,3]",NA,NA,NA,NA,NA,NA,NA,NA,NA
"r_new[60,3]",NA,NA,NA,NA,NA,NA,NA,NA,NA
"r_new[61,3]",NA,NA,NA,NA,NA,NA,NA,NA,NA
"r_new[62,3]",NA,NA,NA,NA,NA,NA,NA,NA,NA
"r_new[63,3]",NA,NA,NA,NA,NA,NA,NA,NA,NA
"r_new[64,3]",NA,NA,NA,NA,NA,NA,NA,NA,NA
"r_new[65,3]",NA,NA,NA,NA,NA,NA,NA,NA,NA
"r_new[66,3]",NA,NA,NA,NA,NA,NA,NA,NA,NA
"r_new[67,3]",NA,NA,NA,NA,NA,NA,NA,NA,NA
"r_new[68,3]",NA,NA,NA,NA,NA,NA,NA,NA,NA
"r_new[69,3]",NA,NA,NA,NA,NA,NA,NA,NA,NA
"r_new[70,3]",NA,NA,NA,NA,NA,NA,NA,NA,NA
"r_new[71,3]",NA,NA,NA,NA,NA,NA,NA,NA,NA
"r_new[72,3]",NA,NA,NA,NA,NA,NA,NA,NA,NA
"r_new[73,3]",NA,NA,NA,NA,NA,NA,NA,NA,NA
"r_new[74,3]",NA,NA,NA,NA,NA,NA,NA,NA,NA
"r_new[75,3]",NA,NA,NA,NA,NA,NA,NA,NA,NA
"r_new[76,3]",NA,NA,NA,NA,NA,NA,NA,NA,NA
"r_new[77,3]",NA,NA,NA,NA,NA,NA,NA,NA,NA
"r_new[78,3]",NA,NA,NA,NA,NA,NA,NA,NA,NA
"r_new[79,3]",NA,NA,NA,NA,NA,NA,NA,NA,NA
"r_new[80,3]",NA,NA,NA,NA,NA,NA,NA,NA,NA
"r_new[81,3]",NA,NA,NA,NA,NA,NA,NA,NA,NA
"r_new[82,3]",NA,NA,NA,NA,NA,NA,NA,NA,NA
"r_new[83,3]",NA,NA,NA,NA,NA,NA,NA,NA,NA
"r_new[84,3]",NA,NA,NA,NA,NA,NA,NA,NA,NA
"r_new[85,3]",NA,NA,NA,NA,NA,NA,NA,NA,NA
"r_new[86,3]",NA,NA,NA,NA,NA,NA,NA,NA,NA
"r_new[87,3]",NA,NA,NA,NA,NA,NA,NA,NA,NA
"r_new[88,3]",NA,NA,NA,NA,NA,NA,NA,NA,NA
"r_new[89,3]",NA,NA,NA,NA,NA,NA,NA,NA,NA
"r_new[90,3]",NA,NA,NA,NA,NA,NA,NA,NA,NA
"r_new[91,3]",NA,NA,NA,NA,NA,NA,NA,NA,NA
"r_new[92,3]",NA,NA,NA,NA,NA,NA,NA,NA,NA
"r_new[93,3]",NA,NA,NA,NA,NA,NA,NA,NA,NA
"r_new[94,3]",NA,NA,NA,NA,NA,NA,NA,NA,NA
"r_new[95,3]",NA,NA,NA,NA,NA,NA,NA,NA,NA
"r_new[96,3]",NA,NA,NA,NA,NA,NA,NA,NA,NA
"r_new[97,3]",NA,NA,NA,NA,NA,NA,NA,NA,NA
"r_new[98,3]",NA,NA,NA,NA,NA,NA,NA,NA,NA
"r_new[99,3]",NA,NA,NA,NA,NA,NA,NA,NA,NA
"r_new[100,3]",NA,NA,NA,NA,NA,NA,NA,NA,NA
"r_new[101,3]",NA,NA,NA,NA,NA,NA,NA,NA,NA
"r_new[102,3]",NA,NA,NA,NA,NA,NA,NA,NA,NA
"r_new[103,3]",NA,NA,NA,NA,NA,NA,NA,NA,NA
"r_new[104,3]",NA,NA,NA,NA,NA,NA,NA,NA,NA
"r_new[105,3]",NA,NA,NA,NA,NA,NA,NA,NA,NA
"r_new[106,3]",NA,NA,NA,NA,NA,NA,NA,NA,NA
"r_new[107,3]",NA,NA,NA,NA,NA,NA,NA,NA,NA
"r_new[108,3]",NA,NA,NA,NA,NA,NA,NA,NA,NA
"r_new[109,3]",NA,NA,NA,NA,NA,NA,NA,NA,NA
"r_new[110,3]",NA,NA,NA,NA,NA,NA,NA,NA,NA
"r_new[111,3]",NA,NA,NA,NA,NA,NA,NA,NA,NA
"r_new[112,3]",NA,NA,NA,NA,NA,NA,NA,NA,NA
"r_new[113,3]",NA,NA,NA,NA,NA,NA,NA,NA,NA
"r_new[114,3]",NA,NA,NA,NA,NA,NA,NA,NA,NA
"r_new[115,3]",NA,NA,NA,NA,NA,NA,NA,NA,NA
"r_new[116,3]",NA,NA,NA,NA,NA,NA,NA,NA,NA
"r_new[117,3]",NA,NA,NA,NA,NA,NA,NA,NA,NA
"r_new[118,3]",NA,NA,NA,NA,NA,NA,NA,NA,NA
"r_new[119,3]",NA,NA,NA,NA,NA,NA,NA,NA,NA
"r_new[120,3]",NA,NA,NA,NA,NA,NA,NA,NA,NA
"r_new[1,4]",NA,NA,NA,NA,NA,NA,NA,NA,NA
"r_new[2,4]",NA,NA,NA,NA,NA,NA,NA,NA,NA
"r_new[3,4]",NA,NA,NA,NA,NA,NA,NA,NA,NA
"r_new[4,4]",NA,NA,NA,NA,NA,NA,NA,NA,NA
"r_new[5,4]",NA,NA,NA,NA,NA,NA,NA,NA,NA
"r_new[6,4]",NA,NA,NA,NA,NA,NA,NA,NA,NA
"r_new[7,4]",NA,NA,NA,NA,NA,NA,NA,NA,NA
"r_new[8,4]",NA,NA,NA,NA,NA,NA,NA,NA,NA
"r_new[9,4]",NA,NA,NA,NA,NA,NA,NA,NA,NA
"r_new[10,4]",NA,NA,NA,NA,NA,NA,NA,NA,NA
"r_new[11,4]",NA,NA,NA,NA,NA,NA,NA,NA,NA
"r_new[12,4]",NA,NA,NA,NA,NA,NA,NA,NA,NA
"r_new[13,4]",NA,NA,NA,NA,NA,NA,NA,NA,NA
"r_new[14,4]",NA,NA,NA,NA,NA,NA,NA,NA,NA
"r_new[15,4]",NA,NA,NA,NA,NA,NA,NA,NA,NA
"r_new[16,4]",NA,NA,NA,NA,NA,NA,NA,NA,NA
"r_new[17,4]",NA,NA,NA,NA,NA,NA,NA,NA,NA
"r_new[18,4]",NA,NA,NA,NA,NA,NA,NA,NA,NA
"r_new[19,4]",NA,NA,NA,NA,NA,NA,NA,NA,NA
"r_new[20,4]",NA,NA,NA,NA,NA,NA,NA,NA,NA
"r_new[21,4]",NA,NA,NA,NA,NA,NA,NA,NA,NA
"r_new[22,4]",NA,NA,NA,NA,NA,NA,NA,NA,NA
"r_new[23,4]",NA,NA,NA,NA,NA,NA,NA,NA,NA
"r_new[24,4]",NA,NA,NA,NA,NA,NA,NA,NA,NA
"r_new[25,4]",NA,NA,NA,NA,NA,NA,NA,NA,NA
"r_new[26,4]",NA,NA,NA,NA,NA,NA,NA,NA,NA
"r_new[27,4]",NA,NA,NA,NA,NA,NA,NA,NA,NA
"r_new[28,4]",NA,NA,NA,NA,NA,NA,NA,NA,NA
"r_new[29,4]",NA,NA,NA,NA,NA,NA,NA,NA,NA
"r_new[30,4]",NA,NA,NA,NA,NA,NA,NA,NA,NA
"r_new[31,4]",NA,NA,NA,NA,NA,NA,NA,NA,NA
"r_new[32,4]",NA,NA,NA,NA,NA,NA,NA,NA,NA
"r_new[33,4]",NA,NA,NA,NA,NA,NA,NA,NA,NA
"r_new[34,4]",NA,NA,NA,NA,NA,NA,NA,NA,NA
"r_new[35,4]",NA,NA,NA,NA,NA,NA,NA,NA,NA
"r_new[36,4]",NA,NA,NA,NA,NA,NA,NA,NA,NA
"r_new[37,4]",NA,NA,NA,NA,NA,NA,NA,NA,NA
"r_new[38,4]",NA,NA,NA,NA,NA,NA,NA,NA,NA
"r_new[39,4]",NA,NA,NA,NA,NA,NA,NA,NA,NA
"r_new[40,4]",NA,NA,NA,NA,NA,NA,NA,NA,NA
"r_new[41,4]",NA,NA,NA,NA,NA,NA,NA,NA,NA
"r_new[42,4]",NA,NA,NA,NA,NA,NA,NA,NA,NA
"r_new[43,4]",NA,NA,NA,NA,NA,NA,NA,NA,NA
"r_new[44,4]",NA,NA,NA,NA,NA,NA,NA,NA,NA
"r_new[45,4]",NA,NA,NA,NA,NA,NA,NA,NA,NA
"r_new[46,4]",NA,NA,NA,NA,NA,NA,NA,NA,NA
"r_new[47,4]",NA,NA,NA,NA,NA,NA,NA,NA,NA
"r_new[48,4]",NA,NA,NA,NA,NA,NA,NA,NA,NA
"r_new[49,4]",NA,NA,NA,NA,NA,NA,NA,NA,NA
"r_new[50,4]",NA,NA,NA,NA,NA,NA,NA,NA,NA
"r_new[51,4]",NA,NA,NA,NA,NA,NA,NA,NA,NA
"r_new[52,4]",NA,NA,NA,NA,NA,NA,NA,NA,NA
"r_new[53,4]",NA,NA,NA,NA,NA,NA,NA,NA,NA
"r_new[54,4]",NA,NA,NA,NA,NA,NA,NA,NA,NA
"r_new[55,4]",NA,NA,NA,NA,NA,NA,NA,NA,NA
"r_new[56,4]",NA,NA,NA,NA,NA,NA,NA,NA,NA
"r_new[57,4]",NA,NA,NA,NA,NA,NA,NA,NA,NA
"r_new[58,4]",NA,NA,NA,NA,NA,NA,NA,NA,NA
"r_new[59,4]",NA,NA,NA,NA,NA,NA,NA,NA,NA
"r_new[60,4]",NA,NA,NA,NA,NA,NA,NA,NA,NA
"r_new[61,4]",NA,NA,NA,NA,NA,NA,NA,NA,NA
"r_new[62,4]",NA,NA,NA,NA,NA,NA,NA,NA,NA
"r_new[63,4]",NA,NA,NA,NA,NA,NA,NA,NA,NA
"r_new[64,4]",NA,NA,NA,NA,NA,NA,NA,NA,NA
"r_new[65,4]",NA,NA,NA,NA,NA,NA,NA,NA,NA
"r_new[66,4]",NA,NA,NA,NA,NA,NA,NA,NA,NA
"r_new[67,4]",NA,NA,NA,NA,NA,NA,NA,NA,NA
"r_new[68,4]",NA,NA,NA,NA,NA,NA,NA,NA,NA
"r_new[69,4]",NA,NA,NA,NA,NA,NA,NA,NA,NA
"r_new[70,4]",NA,NA,NA,NA,NA,NA,NA,NA,NA
"r_new[71,4]",NA,NA,NA,NA,NA,NA,NA,NA,NA
"r_new[72,4]",NA,NA,NA,NA,NA,NA,NA,NA,NA
"r_new[73,4]",NA,NA,NA,NA,NA,NA,NA,NA,NA
"r_new[74,4]",NA,NA,NA,NA,NA,NA,NA,NA,NA
"r_new[75,4]",NA,NA,NA,NA,NA,NA,NA,NA,NA
"r_new[76,4]",NA,NA,NA,NA,NA,NA,NA,NA,NA
"r_new[77,4]",NA,NA,NA,NA,NA,NA,NA,NA,NA
"r_new[78,4]",NA,NA,NA,NA,NA,NA,NA,NA,NA
"r_new[79,4]",NA,NA,NA,NA,NA,NA,NA,NA,NA
"r_new[80,4]",NA,NA,NA,NA,NA,NA,NA,NA,NA
"r_new[81,4]",NA,NA,NA,NA,NA,NA,NA,NA,NA
"r_new[82,4]",NA,NA,NA,NA,NA,NA,NA,NA,NA
"r_new[83,4]",NA,NA,NA,NA,NA,NA,NA,NA,NA
"r_new[84,4]",NA,NA,NA,NA,NA,NA,NA,NA,NA
"r_new[85,4]",NA,NA,NA,NA,NA,NA,NA,NA,NA
"r_new[86,4]",NA,NA,NA,NA,NA,NA,NA,NA,NA
"r_new[87,4]",NA,NA,NA,NA,NA,NA,NA,NA,NA
"r_new[88,4]",NA,NA,NA,NA,NA,NA,NA,NA,NA
"r_new[89,4]",NA,NA,NA,NA,NA,NA,NA,NA,NA
"r_new[90,4]",NA,NA,NA,NA,NA,NA,NA,NA,NA
"r_new[91,4]",NA,NA,NA,NA,NA,NA,NA,NA,NA
"r_new[92,4]",NA,NA,NA,NA,NA,NA,NA,NA,NA
"r_new[93,4]",NA,NA,NA,NA,NA,NA,NA,NA,NA
"r_new[94,4]",NA,NA,NA,NA,NA,NA,NA,NA,NA
"r_new[95,4]",NA,NA,NA,NA,NA,NA,NA,NA,NA
"r_new[96,4]",NA,NA,NA,NA,NA,NA,NA,NA,NA
"r_new[97,4]",NA,NA,NA,NA,NA,NA,NA,NA,NA
"r_new[98,4]",NA,NA,NA,NA,NA,NA,NA,NA,NA
"r_new[99,4]",NA,NA,NA,NA,NA,NA,NA,NA,NA
"r_new[100,4]",NA,NA,NA,NA,NA,NA,NA,NA,NA
"r_new[101,4]",NA,NA,NA,NA,NA,NA,NA,NA,NA
"r_new[102,4]",NA,NA,NA,NA,NA,NA,NA,NA,NA
"r_new[103,4]",NA,NA,NA,NA,NA,NA,NA,NA,NA
"r_new[104,4]",NA,NA,NA,NA,NA,NA,NA,NA,NA
"r_new[105,4]",NA,NA,NA,NA,NA,NA,NA,NA,NA
"r_new[106,4]",NA,NA,NA,NA,NA,NA,NA,NA,NA
"r_new[107,4]",NA,NA,NA,NA,NA,NA,NA,NA,NA
"r_new[108,4]",NA,NA,NA,NA,NA,NA,NA,NA,NA
"r_new[109,4]",NA,NA,NA,NA,NA,NA,NA,NA,NA
"r_new[110,4]",NA,NA,NA,NA,NA,NA,NA,NA,NA
"r_new[111,4]",NA,NA,NA,NA,NA,NA,NA,NA,NA
"r_new[112,4]",NA,NA,NA,NA,NA,NA,NA,NA,NA
"r_new[113,4]",NA,NA,NA,NA,NA,NA,NA,NA,NA
"r_new[114,4]",NA,NA,NA,NA,NA,NA,NA,NA,NA
"r_new[115,4]",NA,NA,NA,NA,NA,NA,NA,NA,NA
"r_new[116,4]",NA,NA,NA,NA,NA,NA,NA,NA,NA
"r_new[117,4]",NA,NA,NA,NA,NA,NA,NA,NA,NA
"r_new[118,4]",NA,NA,NA,NA,NA,NA,NA,NA,NA
"r_new[119,4]",NA,NA,NA,NA,NA,NA,NA,NA,NA
"r_new[120,4]",NA,NA,NA,NA,NA,NA,NA,NA,NA
"r_new[1,5]",NA,NA,NA,NA,NA,NA,NA,NA,NA
"r_new[2,5]",NA,NA,NA,NA,NA,NA,NA,NA,NA
"r_new[3,5]",NA,NA,NA,NA,NA,NA,NA,NA,NA
"r_new[4,5]",NA,NA,NA,NA,NA,NA,NA,NA,NA
"r_new[5,5]",NA,NA,NA,NA,NA,NA,NA,NA,NA
"r_new[6,5]",NA,NA,NA,NA,NA,NA,NA,NA,NA
"r_new[7,5]",NA,NA,NA,NA,NA,NA,NA,NA,NA
"r_new[8,5]",NA,NA,NA,NA,NA,NA,NA,NA,NA
"r_new[9,5]",NA,NA,NA,NA,NA,NA,NA,NA,NA
"r_new[10,5]",NA,NA,NA,NA,NA,NA,NA,NA,NA
"r_new[11,5]",NA,NA,NA,NA,NA,NA,NA,NA,NA
"r_new[12,5]",NA,NA,NA,NA,NA,NA,NA,NA,NA
"r_new[13,5]",NA,NA,NA,NA,NA,NA,NA,NA,NA
"r_new[14,5]",NA,NA,NA,NA,NA,NA,NA,NA,NA
"r_new[15,5]",NA,NA,NA,NA,NA,NA,NA,NA,NA
"r_new[16,5]",NA,NA,NA,NA,NA,NA,NA,NA,NA
"r_new[17,5]",NA,NA,NA,NA,NA,NA,NA,NA,NA
"r_new[18,5]",NA,NA,NA,NA,NA,NA,NA,NA,NA
"r_new[19,5]",NA,NA,NA,NA,NA,NA,NA,NA,NA
"r_new[20,5]",NA,NA,NA,NA,NA,NA,NA,NA,NA
"r_new[21,5]",NA,NA,NA,NA,NA,NA,NA,NA,NA
"r_new[22,5]",NA,NA,NA,NA,NA,NA,NA,NA,NA
"r_new[23,5]",NA,NA,NA,NA,NA,NA,NA,NA,NA
"r_new[24,5]",NA,NA,NA,NA,NA,NA,NA,NA,NA
"r_new[25,5]",NA,NA,NA,NA,NA,NA,NA,NA,NA
"r_new[26,5]",NA,NA,NA,NA,NA,NA,NA,NA,NA
"r_new[27,5]",NA,NA,NA,NA,NA,NA,NA,NA,NA
"r_new[28,5]",NA,NA,NA,NA,NA,NA,NA,NA,NA
"r_new[29,5]",NA,NA,NA,NA,NA,NA,NA,NA,NA
"r_new[30,5]",NA,NA,NA,NA,NA,NA,NA,NA,NA
"r_new[31,5]",NA,NA,NA,NA,NA,NA,NA,NA,NA
"r_new[32,5]",NA,NA,NA,NA,NA,NA,NA,NA,NA
"r_new[33,5]",NA,NA,NA,NA,NA,NA,NA,NA,NA
"r_new[34,5]",NA,NA,NA,NA,NA,NA,NA,NA,NA
"r_new[35,5]",NA,NA,NA,NA,NA,NA,NA,NA,NA
"r_new[36,5]",NA,NA,NA,NA,NA,NA,NA,NA,NA
"r_new[37,5]",NA,NA,NA,NA,NA,NA,NA,NA,NA
"r_new[38,5]",NA,NA,NA,NA,NA,NA,NA,NA,NA
"r_new[39,5]",NA,NA,NA,NA,NA,NA,NA,NA,NA
"r_new[40,5]",NA,NA,NA,NA,NA,NA,NA,NA,NA
"r_new[41,5]",NA,NA,NA,NA,NA,NA,NA,NA,NA
"r_new[42,5]",NA,NA,NA,NA,NA,NA,NA,NA,NA
"r_new[43,5]",NA,NA,NA,NA,NA,NA,NA,NA,NA
"r_new[44,5]",NA,NA,NA,NA,NA,NA,NA,NA,NA
"r_new[45,5]",NA,NA,NA,NA,NA,NA,NA,NA,NA
"r_new[46,5]",NA,NA,NA,NA,NA,NA,NA,NA,NA
"r_new[47,5]",NA,NA,NA,NA,NA,NA,NA,NA,NA
"r_new[48,5]",NA,NA,NA,NA,NA,NA,NA,NA,NA
"r_new[49,5]",NA,NA,NA,NA,NA,NA,NA,NA,NA
"r_new[50,5]",NA,NA,NA,NA,NA,NA,NA,NA,NA
"r_new[51,5]",NA,NA,NA,NA,NA,NA,NA,NA,NA
"r_new[52,5]",NA,NA,NA,NA,NA,NA,NA,NA,NA
"r_new[53,5]",NA,NA,NA,NA,NA,NA,NA,NA,NA
"r_new[54,5]",NA,NA,NA,NA,NA,NA,NA,NA,NA
"r_new[55,5]",NA,NA,NA,NA,NA,NA,NA,NA,NA
"r_new[56,5]",NA,NA,NA,NA,NA,NA,NA,NA,NA
"r_new[57,5]",NA,NA,NA,NA,NA,NA,NA,NA,NA
"r_new[58,5]",NA,NA,NA,NA,NA,NA,NA,NA,NA
"r_new[59,5]",NA,NA,NA,NA,NA,NA,NA,NA,NA
"r_new[60,5]",NA,NA,NA,NA,NA,NA,NA,NA,NA
"r_new[61,5]",NA,NA,NA,NA,NA,NA,NA,NA,NA
"r_new[62,5]",NA,NA,NA,NA,NA,NA,NA,NA,NA
"r_new[63,5]",NA,NA,NA,NA,NA,NA,NA,NA,NA
"r_new[64,5]",NA,NA,NA,NA,NA,NA,NA,NA,NA
"r_new[65,5]",NA,NA,NA,NA,NA,NA,NA,NA,NA
"r_new[66,5]",NA,NA,NA,NA,NA,NA,NA,NA,NA
"r_new[67,5]",NA,NA,NA,NA,NA,NA,NA,NA,NA
"r_new[68,5]",NA,NA,NA,NA,NA,NA,NA,NA,NA
"r_new[69,5]",NA,NA,NA,NA,NA,NA,NA,NA,NA
"r_new[70,5]",NA,NA,NA,NA,NA,NA,NA,NA,NA
"r_new[71,5]",NA,NA,NA,NA,NA,NA,NA,NA,NA
"r_new[72,5]",NA,NA,NA,NA,NA,NA,NA,NA,NA
"r_new[73,5]",NA,NA,NA,NA,NA,NA,NA,NA,NA
"r_new[74,5]",NA,NA,NA,NA,NA,NA,NA,NA,NA
"r_new[75,5]",NA,NA,NA,NA,NA,NA,NA,NA,NA
"r_new[76,5]",NA,NA,NA,NA,NA,NA,NA,NA,NA
"r_new[77,5]",NA,NA,NA,NA,NA,NA,NA,NA,NA
"r_new[78,5]",NA,NA,NA,NA,NA,NA,NA,NA,NA
"r_new[79,5]",NA,NA,NA,NA,NA,NA,NA,NA,NA
"r_new[80,5]",NA,NA,NA,NA,NA,NA,NA,NA,NA
"r_new[81,5]",NA,NA,NA,NA,NA,NA,NA,NA,NA
"r_new[82,5]",NA,NA,NA,NA,NA,NA,NA,NA,NA
"r_new[83,5]",NA,NA,NA,NA,NA,NA,NA,NA,NA
"r_new[84,5]",NA,NA,NA,NA,NA,NA,NA,NA,NA
"r_new[85,5]",NA,NA,NA,NA,NA,NA,NA,NA,NA
"r_new[86,5]",NA,NA,NA,NA,NA,NA,NA,NA,NA
"r_new[87,5]",NA,NA,NA,NA,NA,NA,NA,NA,NA
"r_new[88,5]",NA,NA,NA,NA,NA,NA,NA,NA,NA
"r_new[89,5]",NA,NA,NA,NA,NA,NA,NA,NA,NA
"r_new[90,5]",NA,NA,NA,NA,NA,NA,NA,NA,NA
"r_new[91,5]",NA,NA,NA,NA,NA,NA,NA,NA,NA
"r_new[92,5]",NA,NA,NA,NA,NA,NA,NA,NA,NA
"r_new[93,5]",NA,NA,NA,NA,NA,NA,NA,NA,NA
"r_new[94,5]",NA,NA,NA,NA,NA,NA,NA,NA,NA
"r_new[95,5]",NA,NA,NA,NA,NA,NA,NA,NA,NA
"r_new[96,5]",NA,NA,NA,NA,NA,NA,NA,NA,NA
"r_new[97,5]",NA,NA,NA,NA,NA,NA,NA,NA,NA
"r_new[98,5]",NA,NA,NA,NA,NA,NA,NA,NA,NA
"r_new[99,5]",NA,NA,NA,NA,NA,NA,NA,NA,NA
"r_new[100,5]",NA,NA,NA,NA,NA,NA,NA,NA,NA
"r_new[101,5]",NA,NA,NA,NA,NA,NA,NA,NA,NA
"r_new[102,5]",NA,NA,NA,NA,NA,NA,NA,NA,NA
"r_new[103,5]",NA,NA,NA,NA,NA,NA,NA,NA,NA
"r_new[104,5]",NA,NA,NA,NA,NA,NA,NA,NA,NA
"r_new[105,5]",NA,NA,NA,NA,NA,NA,NA,NA,NA
"r_new[106,5]",NA,NA,NA,NA,NA,NA,NA,NA,NA
"r_new[107,5]",NA,NA,NA,NA,NA,NA,NA,NA,NA
"r_new[108,5]",NA,NA,NA,NA,NA,NA,NA,NA,NA
"r_new[109,5]",NA,NA,NA,NA,NA,NA,NA,NA,NA
"r_new[110,5]",NA,NA,NA,NA,NA,NA,NA,NA,NA
"r_new[111,5]",NA,NA,NA,NA,NA,NA,NA,NA,NA
"r_new[112,5]",NA,NA,NA,NA,NA,NA,NA,NA,NA
"r_new[113,5]",NA,NA,NA,NA,NA,NA,NA,NA,NA
"r_new[114,5]",NA,NA,NA,NA,NA,NA,NA,NA,NA
"r_new[115,5]",NA,NA,NA,NA,NA,NA,NA,NA,NA
"r_new[116,5]",NA,NA,NA,NA,NA,NA,NA,NA,NA
"r_new[117,5]",NA,NA,NA,NA,NA,NA,NA,NA,NA
"r_new[118,5]",NA,NA,NA,NA,NA,NA,NA,NA,NA
"r_new[119,5]",NA,NA,NA,NA,NA,NA,NA,NA,NA
"r_new[120,5]",NA,NA,NA,NA,NA,NA,NA,NA,NA
"r_new[1,6]",NA,NA,NA,NA,NA,NA,NA,NA,NA
"r_new[2,6]",NA,NA,NA,NA,NA,NA,NA,NA,NA
"r_new[3,6]",NA,NA,NA,NA,NA,NA,NA,NA,NA
"r_new[4,6]",NA,NA,NA,NA,NA,NA,NA,NA,NA
"r_new[5,6]",NA,NA,NA,NA,NA,NA,NA,NA,NA
"r_new[6,6]",NA,NA,NA,NA,NA,NA,NA,NA,NA
"r_new[7,6]",NA,NA,NA,NA,NA,NA,NA,NA,NA
"r_new[8,6]",NA,NA,NA,NA,NA,NA,NA,NA,NA
"r_new[9,6]",NA,NA,NA,NA,NA,NA,NA,NA,NA
"r_new[10,6]",NA,NA,NA,NA,NA,NA,NA,NA,NA
"r_new[11,6]",NA,NA,NA,NA,NA,NA,NA,NA,NA
"r_new[12,6]",NA,NA,NA,NA,NA,NA,NA,NA,NA
"r_new[13,6]",NA,NA,NA,NA,NA,NA,NA,NA,NA
"r_new[14,6]",NA,NA,NA,NA,NA,NA,NA,NA,NA
"r_new[15,6]",NA,NA,NA,NA,NA,NA,NA,NA,NA
"r_new[16,6]",NA,NA,NA,NA,NA,NA,NA,NA,NA
"r_new[17,6]",NA,NA,NA,NA,NA,NA,NA,NA,NA
"r_new[18,6]",NA,NA,NA,NA,NA,NA,NA,NA,NA
"r_new[19,6]",NA,NA,NA,NA,NA,NA,NA,NA,NA
"r_new[20,6]",NA,NA,NA,NA,NA,NA,NA,NA,NA
"r_new[21,6]",NA,NA,NA,NA,NA,NA,NA,NA,NA
"r_new[22,6]",NA,NA,NA,NA,NA,NA,NA,NA,NA
"r_new[23,6]",NA,NA,NA,NA,NA,NA,NA,NA,NA
"r_new[24,6]",NA,NA,NA,NA,NA,NA,NA,NA,NA
"r_new[25,6]",NA,NA,NA,NA,NA,NA,NA,NA,NA
"r_new[26,6]",NA,NA,NA,NA,NA,NA,NA,NA,NA
"r_new[27,6]",NA,NA,NA,NA,NA,NA,NA,NA,NA
"r_new[28,6]",NA,NA,NA,NA,NA,NA,NA,NA,NA
"r_new[29,6]",NA,NA,NA,NA,NA,NA,NA,NA,NA
"r_new[30,6]",NA,NA,NA,NA,NA,NA,NA,NA,NA
"r_new[31,6]",NA,NA,NA,NA,NA,NA,NA,NA,NA
"r_new[32,6]",NA,NA,NA,NA,NA,NA,NA,NA,NA
"r_new[33,6]",NA,NA,NA,NA,NA,NA,NA,NA,NA
"r_new[34,6]",NA,NA,NA,NA,NA,NA,NA,NA,NA
"r_new[35,6]",NA,NA,NA,NA,NA,NA,NA,NA,NA
"r_new[36,6]",NA,NA,NA,NA,NA,NA,NA,NA,NA
"r_new[37,6]",NA,NA,NA,NA,NA,NA,NA,NA,NA
"r_new[38,6]",NA,NA,NA,NA,NA,NA,NA,NA,NA
"r_new[39,6]",NA,NA,NA,NA,NA,NA,NA,NA,NA
"r_new[40,6]",NA,NA,NA,NA,NA,NA,NA,NA,NA
"r_new[41,6]",NA,NA,NA,NA,NA,NA,NA,NA,NA
"r_new[42,6]",NA,NA,NA,NA,NA,NA,NA,NA,NA
"r_new[43,6]",NA,NA,NA,NA,NA,NA,NA,NA,NA
"r_new[44,6]",NA,NA,NA,NA,NA,NA,NA,NA,NA
"r_new[45,6]",NA,NA,NA,NA,NA,NA,NA,NA,NA
"r_new[46,6]",NA,NA,NA,NA,NA,NA,NA,NA,NA
"r_new[47,6]",NA,NA,NA,NA,NA,NA,NA,NA,NA
"r_new[48,6]",NA,NA,NA,NA,NA,NA,NA,NA,NA
"r_new[49,6]",NA,NA,NA,NA,NA,NA,NA,NA,NA
"r_new[50,6]",NA,NA,NA,NA,NA,NA,NA,NA,NA
"r_new[51,6]",NA,NA,NA,NA,NA,NA,NA,NA,NA
"r_new[52,6]",NA,NA,NA,NA,NA,NA,NA,NA,NA
"r_new[53,6]",NA,NA,NA,NA,NA,NA,NA,NA,NA
"r_new[54,6]",NA,NA,NA,NA,NA,NA,NA,NA,NA
"r_new[55,6]",NA,NA,NA,NA,NA,NA,NA,NA,NA
"r_new[56,6]",NA,NA,NA,NA,NA,NA,NA,NA,NA
"r_new[57,6]",NA,NA,NA,NA,NA,NA,NA,NA,NA
"r_new[58,6]",NA,NA,NA,NA,NA,NA,NA,NA,NA
"r_new[59,6]",NA,NA,NA,NA,NA,NA,NA,NA,NA
"r_new[60,6]",NA,NA,NA,NA,NA,NA,NA,NA,NA
"r_new[61,6]",NA,NA,NA,NA,NA,NA,NA,NA,NA
"r_new[62,6]",NA,NA,NA,NA,NA,NA,NA,NA,NA
"r_new[63,6]",NA,NA,NA,NA,NA,NA,NA,NA,NA
"r_new[64,6]",NA,NA,NA,NA,NA,NA,NA,NA,NA
"r_new[65,6]",NA,NA,NA,NA,NA,NA,NA,NA,NA
"r_new[66,6]",NA,NA,NA,NA,NA,NA,NA,NA,NA
"r_new[67,6]",NA,NA,NA,NA,NA,NA,NA,NA,NA
"r_new[68,6]",NA,NA,NA,NA,NA,NA,NA,NA,NA
"r_new[69,6]",NA,NA,NA,NA,NA,NA,NA,NA,NA
"r_new[70,6]",NA,NA,NA,NA,NA,NA,NA,NA,NA
"r_new[71,6]",NA,NA,NA,NA,NA,NA,NA,NA,NA
"r_new[72,6]",NA,NA,NA,NA,NA,NA,NA,NA,NA
"r_new[73,6]",NA,NA,NA,NA,NA,NA,NA,NA,NA
"r_new[74,6]",NA,NA,NA,NA,NA,NA,NA,NA,NA
"r_new[75,6]",NA,NA,NA,NA,NA,NA,NA,NA,NA
"r_new[76,6]",NA,NA,NA,NA,NA,NA,NA,NA,NA
"r_new[77,6]",NA,NA,NA,NA,NA,NA,NA,NA,NA
"r_new[78,6]",NA,NA,NA,NA,NA,NA,NA,NA,NA
"r_new[79,6]",NA,NA,NA,NA,NA,NA,NA,NA,NA
"r_new[80,6]",NA,NA,NA,NA,NA,NA,NA,NA,NA
"r_new[81,6]",NA,NA,NA,NA,NA,NA,NA,NA,NA
"r_new[82,6]",NA,NA,NA,NA,NA,NA,NA,NA,NA
"r_new[83,6]",NA,NA,NA,NA,NA,NA,NA,NA,NA
"r_new[84,6]",NA,NA,NA,NA,NA,NA,NA,NA,NA
"r_new[85,6]",NA,NA,NA,NA,NA,NA,NA,NA,NA
"r_new[86,6]",NA,NA,NA,NA,NA,NA,NA,NA,NA
"r_new[87,6]",NA,NA,NA,NA,NA,NA,NA,NA,NA
"r_new[88,6]",NA,NA,NA,NA,NA,NA,NA,NA,NA
"r_new[89,6]",NA,NA,NA,NA,NA,NA,NA,NA,NA
"r_new[90,6]",NA,NA,NA,NA,NA,NA,NA,NA,NA
"r_new[91,6]",NA,NA,NA,NA,NA,NA,NA,NA,NA
"r_new[92,6]",NA,NA,NA,NA,NA,NA,NA,NA,NA
"r_new[93,6]",NA,NA,NA,NA,NA,NA,NA,NA,NA
"r_new[94,6]",NA,NA,NA,NA,NA,NA,NA,NA,NA
"r_new[95,6]",NA,NA,NA,NA,NA,NA,NA,NA,NA
"r_new[96,6]",NA,NA,NA,NA,NA,NA,NA,NA,NA
"r_new[97,6]",NA,NA,NA,NA,NA,NA,NA,NA,NA
"r_new[98,6]",NA,NA,NA,NA,NA,NA,NA,NA,NA
"r_new[99,6]",NA,NA,NA,NA,NA,NA,NA,NA,NA
"r_new[100,6]",NA,NA,NA,NA,NA,NA,NA,NA,NA
"r_new[101,6]",NA,NA,NA,NA,NA,NA,NA,NA,NA
"r_new[102,6]",NA,NA,NA,NA,NA,NA,NA,NA,NA
"r_new[103,6]",NA,NA,NA,NA,NA,NA,NA,NA,NA
"r_new[104,6]",NA,NA,NA,NA,NA,NA,NA,NA,NA
"r_new[105,6]",NA,NA,NA,NA,NA,NA,NA,NA,NA
"r_new[106,6]",NA,NA,NA,NA,NA,NA,NA,NA,NA
"r_new[107,6]",NA,NA,NA,NA,NA,NA,NA,NA,NA
"r_new[108,6]",NA,NA,NA,NA,NA,NA,NA,NA,NA
"r_new[109,6]",NA,NA,NA,NA,NA,NA,NA,NA,NA
"r_new[110,6]",NA,NA,NA,NA,NA,NA,NA,NA,NA
"r_new[111,6]",NA,NA,NA,NA,NA,NA,NA,NA,NA
"r_new[112,6]",NA,NA,NA,NA,NA,NA,NA,NA,NA
"r_new[113,6]",NA,NA,NA,NA,NA,NA,NA,NA,NA
"r_new[114,6]",NA,NA,NA,NA,NA,NA,NA,NA,NA
"r_new[115,6]",NA,NA,NA,NA,NA,NA,NA,NA,NA
"r_new[116,6]",NA,NA,NA,NA,NA,NA,NA,NA,NA
"r_new[117,6]",NA,NA,NA,NA,NA,NA,NA,NA,NA
"r_new[118,6]",NA,NA,NA,NA,NA,NA,NA,NA,NA
"r_new[119,6]",NA,NA,NA,NA,NA,NA,NA,NA,NA
"r_new[120,6]",NA,NA,NA,NA,NA,NA,NA,NA,NA
"r_new[1,7]",NA,NA,NA,NA,NA,NA,NA,NA,NA
"r_new[2,7]",NA,NA,NA,NA,NA,NA,NA,NA,NA
"r_new[3,7]",NA,NA,NA,NA,NA,NA,NA,NA,NA
"r_new[4,7]",NA,NA,NA,NA,NA,NA,NA,NA,NA
"r_new[5,7]",NA,NA,NA,NA,NA,NA,NA,NA,NA
"r_new[6,7]",NA,NA,NA,NA,NA,NA,NA,NA,NA
"r_new[7,7]",NA,NA,NA,NA,NA,NA,NA,NA,NA
"r_new[8,7]",NA,NA,NA,NA,NA,NA,NA,NA,NA
"r_new[9,7]",NA,NA,NA,NA,NA,NA,NA,NA,NA
"r_new[10,7]",NA,NA,NA,NA,NA,NA,NA,NA,NA
"r_new[11,7]",NA,NA,NA,NA,NA,NA,NA,NA,NA
"r_new[12,7]",NA,NA,NA,NA,NA,NA,NA,NA,NA
"r_new[13,7]",NA,NA,NA,NA,NA,NA,NA,NA,NA
"r_new[14,7]",NA,NA,NA,NA,NA,NA,NA,NA,NA
"r_new[15,7]",NA,NA,NA,NA,NA,NA,NA,NA,NA
"r_new[16,7]",NA,NA,NA,NA,NA,NA,NA,NA,NA
"r_new[17,7]",NA,NA,NA,NA,NA,NA,NA,NA,NA
"r_new[18,7]",NA,NA,NA,NA,NA,NA,NA,NA,NA
"r_new[19,7]",NA,NA,NA,NA,NA,NA,NA,NA,NA
"r_new[20,7]",NA,NA,NA,NA,NA,NA,NA,NA,NA
"r_new[21,7]",NA,NA,NA,NA,NA,NA,NA,NA,NA
"r_new[22,7]",NA,NA,NA,NA,NA,NA,NA,NA,NA
"r_new[23,7]",NA,NA,NA,NA,NA,NA,NA,NA,NA
"r_new[24,7]",NA,NA,NA,NA,NA,NA,NA,NA,NA
"r_new[25,7]",NA,NA,NA,NA,NA,NA,NA,NA,NA
"r_new[26,7]",NA,NA,NA,NA,NA,NA,NA,NA,NA
"r_new[27,7]",NA,NA,NA,NA,NA,NA,NA,NA,NA
"r_new[28,7]",NA,NA,NA,NA,NA,NA,NA,NA,NA
"r_new[29,7]",NA,NA,NA,NA,NA,NA,NA,NA,NA
"r_new[30,7]",NA,NA,NA,NA,NA,NA,NA,NA,NA
"r_new[31,7]",NA,NA,NA,NA,NA,NA,NA,NA,NA
"r_new[32,7]",NA,NA,NA,NA,NA,NA,NA,NA,NA
"r_new[33,7]",NA,NA,NA,NA,NA,NA,NA,NA,NA
"r_new[34,7]",NA,NA,NA,NA,NA,NA,NA,NA,NA
"r_new[35,7]",NA,NA,NA,NA,NA,NA,NA,NA,NA
"r_new[36,7]",NA,NA,NA,NA,NA,NA,NA,NA,NA
"r_new[37,7]",NA,NA,NA,NA,NA,NA,NA,NA,NA
"r_new[38,7]",NA,NA,NA,NA,NA,NA,NA,NA,NA
"r_new[39,7]",NA,NA,NA,NA,NA,NA,NA,NA,NA
"r_new[40,7]",NA,NA,NA,NA,NA,NA,NA,NA,NA
"r_new[41,7]",NA,NA,NA,NA,NA,NA,NA,NA,NA
"r_new[42,7]",NA,NA,NA,NA,NA,NA,NA,NA,NA
"r_new[43,7]",NA,NA,NA,NA,NA,NA,NA,NA,NA
"r_new[44,7]",NA,NA,NA,NA,NA,NA,NA,NA,NA
"r_new[45,7]",NA,NA,NA,NA,NA,NA,NA,NA,NA
"r_new[46,7]",NA,NA,NA,NA,NA,NA,NA,NA,NA
"r_new[47,7]",NA,NA,NA,NA,NA,NA,NA,NA,NA
"r_new[48,7]",NA,NA,NA,NA,NA,NA,NA,NA,NA
"r_new[49,7]",NA,NA,NA,NA,NA,NA,NA,NA,NA
"r_new[50,7]",NA,NA,NA,NA,NA,NA,NA,NA,NA
"r_new[51,7]",NA,NA,NA,NA,NA,NA,NA,NA,NA
"r_new[52,7]",NA,NA,NA,NA,NA,NA,NA,NA,NA
"r_new[53,7]",NA,NA,NA,NA,NA,NA,NA,NA,NA
"r_new[54,7]",NA,NA,NA,NA,NA,NA,NA,NA,NA
"r_new[55,7]",NA,NA,NA,NA,NA,NA,NA,NA,NA
"r_new[56,7]",NA,NA,NA,NA,NA,NA,NA,NA,NA
"r_new[57,7]",NA,NA,NA,NA,NA,NA,NA,NA,NA
"r_new[58,7]",NA,NA,NA,NA,NA,NA,NA,NA,NA
"r_new[59,7]",NA,NA,NA,NA,NA,NA,NA,NA,NA
"r_new[60,7]",NA,NA,NA,NA,NA,NA,NA,NA,NA
"r_new[61,7]",NA,NA,NA,NA,NA,NA,NA,NA,NA
"r_new[62,7]",NA,NA,NA,NA,NA,NA,NA,NA,NA
"r_new[63,7]",NA,NA,NA,NA,NA,NA,NA,NA,NA
"r_new[64,7]",NA,NA,NA,NA,NA,NA,NA,NA,NA
"r_new[65,7]",NA,NA,NA,NA,NA,NA,NA,NA,NA
"r_new[66,7]",NA,NA,NA,NA,NA,NA,NA,NA,NA
"r_new[67,7]",NA,NA,NA,NA,NA,NA,NA,NA,NA
"r_new[68,7]",NA,NA,NA,NA,NA,NA,NA,NA,NA
"r_new[69,7]",NA,NA,NA,NA,NA,NA,NA,NA,NA
"r_new[70,7]",NA,NA,NA,NA,NA,NA,NA,NA,NA
"r_new[71,7]",NA,NA,NA,NA,NA,NA,NA,NA,NA
"r_new[72,7]",NA,NA,NA,NA,NA,NA,NA,NA,NA
"r_new[73,7]",NA,NA,NA,NA,NA,NA,NA,NA,NA
"r_new[74,7]",NA,NA,NA,NA,NA,NA,NA,NA,NA
"r_new[75,7]",NA,NA,NA,NA,NA,NA,NA,NA,NA
"r_new[76,7]",NA,NA,NA,NA,NA,NA,NA,NA,NA
"r_new[77,7]",NA,NA,NA,NA,NA,NA,NA,NA,NA
"r_new[78,7]",NA,NA,NA,NA,NA,NA,NA,NA,NA
"r_new[79,7]",NA,NA,NA,NA,NA,NA,NA,NA,NA
"r_new[80,7]",NA,NA,NA,NA,NA,NA,NA,NA,NA
"r_new[81,7]",NA,NA,NA,NA,NA,NA,NA,NA,NA
"r_new[82,7]",NA,NA,NA,NA,NA,NA,NA,NA,NA
"r_new[83,7]",NA,NA,NA,NA,NA,NA,NA,NA,NA
"r_new[84,7]",NA,NA,NA,NA,NA,NA,NA,NA,NA
"r_new[85,7]",NA,NA,NA,NA,NA,NA,NA,NA,NA
"r_new[86,7]",NA,NA,NA,NA,NA,NA,NA,NA,NA
"r_new[87,7]",NA,NA,NA,NA,NA,NA,NA,NA,NA
"r_new[88,7]",NA,NA,NA,NA,NA,NA,NA,NA,NA
"r_new[89,7]",NA,NA,NA,NA,NA,NA,NA,NA,NA
"r_new[90,7]",NA,NA,NA,NA,NA,NA,NA,NA,NA
"r_new[91,7]",NA,NA,NA,NA,NA,NA,NA,NA,NA
"r_new[92,7]",NA,NA,NA,NA,NA,NA,NA,NA,NA
"r_new[93,7]",NA,NA,NA,NA,NA,NA,NA,NA,NA
"r_new[94,7]",NA,NA,NA,NA,NA,NA,NA,NA,NA
"r_new[95,7]",NA,NA,NA,NA,NA,NA,NA,NA,NA
"r_new[96,7]",NA,NA,NA,NA,NA,NA,NA,NA,NA
"r_new[97,7]",NA,NA,NA,NA,NA,NA,NA,NA,NA
"r_new[98,7]",NA,NA,NA,NA,NA,NA,NA,NA,NA
"r_new[99,7]",NA,NA,NA,NA,NA,NA,NA,NA,NA
"r_new[100,7]",NA,NA,NA,NA,NA,NA,NA,NA,NA
"r_new[101,7]",NA,NA,NA,NA,NA,NA,NA,NA,NA
"r_new[102,7]",NA,NA,NA,NA,NA,NA,NA,NA,NA
"r_new[103,7]",NA,NA,NA,NA,NA,NA,NA,NA,NA
"r_new[104,7]",NA,NA,NA,NA,NA,NA,NA,NA,NA
"r_new[105,7]",NA,NA,NA,NA,NA,NA,NA,NA,NA
"r_new[106,7]",NA,NA,NA,NA,NA,NA,NA,NA,NA
"r_new[107,7]",NA,NA,NA,NA,NA,NA,NA,NA,NA
"r_new[108,7]",NA,NA,NA,NA,NA,NA,NA,NA,NA
"r_new[109,7]",NA,NA,NA,NA,NA,NA,NA,NA,NA
"r_new[110,7]",NA,NA,NA,NA,NA,NA,NA,NA,NA
"r_new[111,7]",NA,NA,NA,NA,NA,NA,NA,NA,NA
"r_new[112,7]",NA,NA,NA,NA,NA,NA,NA,NA,NA
"r_new[113,7]",NA,NA,NA,NA,NA,NA,NA,NA,NA
"r_new[114,7]",NA,NA,NA,NA,NA,NA,NA,NA,NA
"r_new[115,7]",NA,NA,NA,NA,NA,NA,NA,NA,NA
"r_new[116,7]",NA,NA,NA,NA,NA,NA,NA,NA,NA
"r_new[117,7]",NA,NA,NA,NA,NA,NA,NA,NA,NA
"r_new[118,7]",NA,NA,NA,NA,NA,NA,NA,NA,NA
"r_new[119,7]",NA,NA,NA,NA,NA,NA,NA,NA,NA
"r_new[120,7]",NA,NA,NA,NA,NA,NA,NA,NA,NA
"r_new[1,8]",NA,NA,NA,NA,NA,NA,NA,NA,NA
"r_new[2,8]",NA,NA,NA,NA,NA,NA,NA,NA,NA
"r_new[3,8]",NA,NA,NA,NA,NA,NA,NA,NA,NA
"r_new[4,8]",NA,NA,NA,NA,NA,NA,NA,NA,NA
"r_new[5,8]",NA,NA,NA,NA,NA,NA,NA,NA,NA
"r_new[6,8]",NA,NA,NA,NA,NA,NA,NA,NA,NA
"r_new[7,8]",NA,NA,NA,NA,NA,NA,NA,NA,NA
"r_new[8,8]",NA,NA,NA,NA,NA,NA,NA,NA,NA
"r_new[9,8]",NA,NA,NA,NA,NA,NA,NA,NA,NA
"r_new[10,8]",NA,NA,NA,NA,NA,NA,NA,NA,NA
"r_new[11,8]",NA,NA,NA,NA,NA,NA,NA,NA,NA
"r_new[12,8]",NA,NA,NA,NA,NA,NA,NA,NA,NA
"r_new[13,8]",NA,NA,NA,NA,NA,NA,NA,NA,NA
"r_new[14,8]",NA,NA,NA,NA,NA,NA,NA,NA,NA
"r_new[15,8]",NA,NA,NA,NA,NA,NA,NA,NA,NA
"r_new[16,8]",NA,NA,NA,NA,NA,NA,NA,NA,NA
"r_new[17,8]",NA,NA,NA,NA,NA,NA,NA,NA,NA
"r_new[18,8]",NA,NA,NA,NA,NA,NA,NA,NA,NA
"r_new[19,8]",NA,NA,NA,NA,NA,NA,NA,NA,NA
"r_new[20,8]",NA,NA,NA,NA,NA,NA,NA,NA,NA
"r_new[21,8]",NA,NA,NA,NA,NA,NA,NA,NA,NA
"r_new[22,8]",NA,NA,NA,NA,NA,NA,NA,NA,NA
"r_new[23,8]",NA,NA,NA,NA,NA,NA,NA,NA,NA
"r_new[24,8]",NA,NA,NA,NA,NA,NA,NA,NA,NA
"r_new[25,8]",NA,NA,NA,NA,NA,NA,NA,NA,NA
"r_new[26,8]",NA,NA,NA,NA,NA,NA,NA,NA,NA
"r_new[27,8]",NA,NA,NA,NA,NA,NA,NA,NA,NA
"r_new[28,8]",NA,NA,NA,NA,NA,NA,NA,NA,NA
"r_new[29,8]",NA,NA,NA,NA,NA,NA,NA,NA,NA
"r_new[30,8]",NA,NA,NA,NA,NA,NA,NA,NA,NA
"r_new[31,8]",NA,NA,NA,NA,NA,NA,NA,NA,NA
"r_new[32,8]",NA,NA,NA,NA,NA,NA,NA,NA,NA
"r_new[33,8]",NA,NA,NA,NA,NA,NA,NA,NA,NA
"r_new[34,8]",NA,NA,NA,NA,NA,NA,NA,NA,NA
"r_new[35,8]",NA,NA,NA,NA,NA,NA,NA,NA,NA
"r_new[36,8]",NA,NA,NA,NA,NA,NA,NA,NA,NA
"r_new[37,8]",NA,NA,NA,NA,NA,NA,NA,NA,NA
"r_new[38,8]",NA,NA,NA,NA,NA,NA,NA,NA,NA
"r_new[39,8]",NA,NA,NA,NA,NA,NA,NA,NA,NA
"r_new[40,8]",NA,NA,NA,NA,NA,NA,NA,NA,NA
"r_new[41,8]",NA,NA,NA,NA,NA,NA,NA,NA,NA
"r_new[42,8]",NA,NA,NA,NA,NA,NA,NA,NA,NA
"r_new[43,8]",NA,NA,NA,NA,NA,NA,NA,NA,NA
"r_new[44,8]",NA,NA,NA,NA,NA,NA,NA,NA,NA
"r_new[45,8]",NA,NA,NA,NA,NA,NA,NA,NA,NA
"r_new[46,8]",NA,NA,NA,NA,NA,NA,NA,NA,NA
"r_new[47,8]",NA,NA,NA,NA,NA,NA,NA,NA,NA
"r_new[48,8]",NA,NA,NA,NA,NA,NA,NA,NA,NA
"r_new[49,8]",NA,NA,NA,NA,NA,NA,NA,NA,NA
"r_new[50,8]",NA,NA,NA,NA,NA,NA,NA,NA,NA
"r_new[51,8]",NA,NA,NA,NA,NA,NA,NA,NA,NA
"r_new[52,8]",NA,NA,NA,NA,NA,NA,NA,NA,NA
"r_new[53,8]",NA,NA,NA,NA,NA,NA,NA,NA,NA
"r_new[54,8]",NA,NA,NA,NA,NA,NA,NA,NA,NA
"r_new[55,8]",NA,NA,NA,NA,NA,NA,NA,NA,NA
"r_new[56,8]",NA,NA,NA,NA,NA,NA,NA,NA,NA
"r_new[57,8]",NA,NA,NA,NA,NA,NA,NA,NA,NA
"r_new[58,8]",NA,NA,NA,NA,NA,NA,NA,NA,NA
"r_new[59,8]",NA,NA,NA,NA,NA,NA,NA,NA,NA
"r_new[60,8]",NA,NA,NA,NA,NA,NA,NA,NA,NA
"r_new[61,8]",NA,NA,NA,NA,NA,NA,NA,NA,NA
"r_new[62,8]",NA,NA,NA,NA,NA,NA,NA,NA,NA
"r_new[63,8]",NA,NA,NA,NA,NA,NA,NA,NA,NA
"r_new[64,8]",NA,NA,NA,NA,NA,NA,NA,NA,NA
"r_new[65,8]",NA,NA,NA,NA,NA,NA,NA,NA,NA
"r_new[66,8]",NA,NA,NA,NA,NA,NA,NA,NA,NA
"r_new[67,8]",NA,NA,NA,NA,NA,NA,NA,NA,NA
"r_new[68,8]",NA,NA,NA,NA,NA,NA,NA,NA,NA
"r_new[69,8]",NA,NA,NA,NA,NA,NA,NA,NA,NA
"r_new[70,8]",NA,NA,NA,NA,NA,NA,NA,NA,NA
"r_new[71,8]",NA,NA,NA,NA,NA,NA,NA,NA,NA
"r_new[72,8]",NA,NA,NA,NA,NA,NA,NA,NA,NA
"r_new[73,8]",NA,NA,NA,NA,NA,NA,NA,NA,NA
"r_new[74,8]",NA,NA,NA,NA,NA,NA,NA,NA,NA
"r_new[75,8]",NA,NA,NA,NA,NA,NA,NA,NA,NA
"r_new[76,8]",NA,NA,NA,NA,NA,NA,NA,NA,NA
"r_new[77,8]",NA,NA,NA,NA,NA,NA,NA,NA,NA
"r_new[78,8]",NA,NA,NA,NA,NA,NA,NA,NA,NA
"r_new[79,8]",NA,NA,NA,NA,NA,NA,NA,NA,NA
"r_new[80,8]",NA,NA,NA,NA,NA,NA,NA,NA,NA
"r_new[81,8]",NA,NA,NA,NA,NA,NA,NA,NA,NA
"r_new[82,8]",NA,NA,NA,NA,NA,NA,NA,NA,NA
"r_new[83,8]",NA,NA,NA,NA,NA,NA,NA,NA,NA
"r_new[84,8]",NA,NA,NA,NA,NA,NA,NA,NA,NA
"r_new[85,8]",NA,NA,NA,NA,NA,NA,NA,NA,NA
"r_new[86,8]",NA,NA,NA,NA,NA,NA,NA,NA,NA
"r_new[87,8]",NA,NA,NA,NA,NA,NA,NA,NA,NA
"r_new[88,8]",NA,NA,NA,NA,NA,NA,NA,NA,NA
"r_new[89,8]",NA,NA,NA,NA,NA,NA,NA,NA,NA
"r_new[90,8]",NA,NA,NA,NA,NA,NA,NA,NA,NA
"r_new[91,8]",NA,NA,NA,NA,NA,NA,NA,NA,NA
"r_new[92,8]",NA,NA,NA,NA,NA,NA,NA,NA,NA
"r_new[93,8]",NA,NA,NA,NA,NA,NA,NA,NA,NA
"r_new[94,8]",NA,NA,NA,NA,NA,NA,NA,NA,NA
"r_new[95,8]",NA,NA,NA,NA,NA,NA,NA,NA,NA
"r_new[96,8]",NA,NA,NA,NA,NA,NA,NA,NA,NA
"r_new[97,8]",NA,NA,NA,NA,NA,NA,NA,NA,NA
"r_new[98,8]",NA,NA,NA,NA,NA,NA,NA,NA,NA
"r_new[99,8]",NA,NA,NA,NA,NA,NA,NA,NA,NA
"r_new[100,8]",NA,NA,NA,NA,NA,NA,NA,NA,NA
"r_new[101,8]",NA,NA,NA,NA,NA,NA,NA,NA,NA
"r_new[102,8]",NA,NA,NA,NA,NA,NA,NA,NA,NA
"r_new[103,8]",NA,NA,NA,NA,NA,NA,NA,NA,NA
"r_new[104,8]",NA,NA,NA,NA,NA,NA,NA,NA,NA
"r_new[105,8]",NA,NA,NA,NA,NA,NA,NA,NA,NA
"r_new[106,8]",NA,NA,NA,NA,NA,NA,NA,NA,NA
"r_new[107,8]",NA,NA,NA,NA,NA,NA,NA,NA,NA
"r_new[108,8]",NA,NA,NA,NA,NA,NA,NA,NA,NA
"r_new[109,8]",NA,NA,NA,NA,NA,NA,NA,NA,NA
"r_new[110,8]",NA,NA,NA,NA,NA,NA,NA,NA,NA
"r_new[111,8]",NA,NA,NA,NA,NA,NA,NA,NA,NA
"r_new[112,8]",NA,NA,NA,NA,NA,NA,NA,NA,NA
"r_new[113,8]",NA,NA,NA,NA,NA,NA,NA,NA,NA
"r_new[114,8]",NA,NA,NA,NA,NA,NA,NA,NA,NA
"r_new[115,8]",NA,NA,NA,NA,NA,NA,NA,NA,NA
"r_new[116,8]",NA,NA,NA,NA,NA,NA,NA,NA,NA
"r_new[117,8]",NA,NA,NA,NA,NA,NA,NA,NA,NA
"r_new[118,8]",NA,NA,NA,NA,NA,NA,NA,NA,NA
"r_new[119,8]",NA,NA,NA,NA,NA,NA,NA,NA,NA
"r_new[120,8]",NA,NA,NA,NA,NA,NA,NA,NA,NA
"r_new[1,9]",NA,NA,NA,NA,NA,NA,NA,NA,NA
"r_new[2,9]",NA,NA,NA,NA,NA,NA,NA,NA,NA
"r_new[3,9]",NA,NA,NA,NA,NA,NA,NA,NA,NA
"r_new[4,9]",NA,NA,NA,NA,NA,NA,NA,NA,NA
"r_new[5,9]",NA,NA,NA,NA,NA,NA,NA,NA,NA
"r_new[6,9]",NA,NA,NA,NA,NA,NA,NA,NA,NA
"r_new[7,9]",NA,NA,NA,NA,NA,NA,NA,NA,NA
"r_new[8,9]",NA,NA,NA,NA,NA,NA,NA,NA,NA
"r_new[9,9]",NA,NA,NA,NA,NA,NA,NA,NA,NA
"r_new[10,9]",NA,NA,NA,NA,NA,NA,NA,NA,NA
"r_new[11,9]",NA,NA,NA,NA,NA,NA,NA,NA,NA
"r_new[12,9]",NA,NA,NA,NA,NA,NA,NA,NA,NA
"r_new[13,9]",NA,NA,NA,NA,NA,NA,NA,NA,NA
"r_new[14,9]",NA,NA,NA,NA,NA,NA,NA,NA,NA
"r_new[15,9]",NA,NA,NA,NA,NA,NA,NA,NA,NA
"r_new[16,9]",NA,NA,NA,NA,NA,NA,NA,NA,NA
"r_new[17,9]",NA,NA,NA,NA,NA,NA,NA,NA,NA
"r_new[18,9]",NA,NA,NA,NA,NA,NA,NA,NA,NA
"r_new[19,9]",NA,NA,NA,NA,NA,NA,NA,NA,NA
"r_new[20,9]",NA,NA,NA,NA,NA,NA,NA,NA,NA
"r_new[21,9]",NA,NA,NA,NA,NA,NA,NA,NA,NA
"r_new[22,9]",NA,NA,NA,NA,NA,NA,NA,NA,NA
"r_new[23,9]",NA,NA,NA,NA,NA,NA,NA,NA,NA
"r_new[24,9]",NA,NA,NA,NA,NA,NA,NA,NA,NA
"r_new[25,9]",NA,NA,NA,NA,NA,NA,NA,NA,NA
"r_new[26,9]",NA,NA,NA,NA,NA,NA,NA,NA,NA
"r_new[27,9]",NA,NA,NA,NA,NA,NA,NA,NA,NA
"r_new[28,9]",NA,NA,NA,NA,NA,NA,NA,NA,NA
"r_new[29,9]",NA,NA,NA,NA,NA,NA,NA,NA,NA
"r_new[30,9]",NA,NA,NA,NA,NA,NA,NA,NA,NA
"r_new[31,9]",NA,NA,NA,NA,NA,NA,NA,NA,NA
"r_new[32,9]",NA,NA,NA,NA,NA,NA,NA,NA,NA
"r_new[33,9]",NA,NA,NA,NA,NA,NA,NA,NA,NA
"r_new[34,9]",NA,NA,NA,NA,NA,NA,NA,NA,NA
"r_new[35,9]",NA,NA,NA,NA,NA,NA,NA,NA,NA
"r_new[36,9]",NA,NA,NA,NA,NA,NA,NA,NA,NA
"r_new[37,9]",NA,NA,NA,NA,NA,NA,NA,NA,NA
"r_new[38,9]",NA,NA,NA,NA,NA,NA,NA,NA,NA
"r_new[39,9]",NA,NA,NA,NA,NA,NA,NA,NA,NA
"r_new[40,9]",NA,NA,NA,NA,NA,NA,NA,NA,NA
"r_new[41,9]",NA,NA,NA,NA,NA,NA,NA,NA,NA
"r_new[42,9]",NA,NA,NA,NA,NA,NA,NA,NA,NA
"r_new[43,9]",NA,NA,NA,NA,NA,NA,NA,NA,NA
"r_new[44,9]",NA,NA,NA,NA,NA,NA,NA,NA,NA
"r_new[45,9]",NA,NA,NA,NA,NA,NA,NA,NA,NA
"r_new[46,9]",NA,NA,NA,NA,NA,NA,NA,NA,NA
"r_new[47,9]",NA,NA,NA,NA,NA,NA,NA,NA,NA
"r_new[48,9]",NA,NA,NA,NA,NA,NA,NA,NA,NA
"r_new[49,9]",NA,NA,NA,NA,NA,NA,NA,NA,NA
"r_new[50,9]",NA,NA,NA,NA,NA,NA,NA,NA,NA
"r_new[51,9]",NA,NA,NA,NA,NA,NA,NA,NA,NA
"r_new[52,9]",NA,NA,NA,NA,NA,NA,NA,NA,NA
"r_new[53,9]",NA,NA,NA,NA,NA,NA,NA,NA,NA
"r_new[54,9]",NA,NA,NA,NA,NA,NA,NA,NA,NA
"r_new[55,9]",NA,NA,NA,NA,NA,NA,NA,NA,NA
"r_new[56,9]",NA,NA,NA,NA,NA,NA,NA,NA,NA
"r_new[57,9]",NA,NA,NA,NA,NA,NA,NA,NA,NA
"r_new[58,9]",NA,NA,NA,NA,NA,NA,NA,NA,NA
"r_new[59,9]",NA,NA,NA,NA,NA,NA,NA,NA,NA
"r_new[60,9]",NA,NA,NA,NA,NA,NA,NA,NA,NA
"r_new[61,9]",NA,NA,NA,NA,NA,NA,NA,NA,NA
"r_new[62,9]",NA,NA,NA,NA,NA,NA,NA,NA,NA
"r_new[63,9]",NA,NA,NA,NA,NA,NA,NA,NA,NA
"r_new[64,9]",NA,NA,NA,NA,NA,NA,NA,NA,NA
"r_new[65,9]",NA,NA,NA,NA,NA,NA,NA,NA,NA
"r_new[66,9]",NA,NA,NA,NA,NA,NA,NA,NA,NA
"r_new[67,9]",NA,NA,NA,NA,NA,NA,NA,NA,NA
"r_new[68,9]",NA,NA,NA,NA,NA,NA,NA,NA,NA
"r_new[69,9]",NA,NA,NA,NA,NA,NA,NA,NA,NA
"r_new[70,9]",NA,NA,NA,NA,NA,NA,NA,NA,NA
"r_new[71,9]",NA,NA,NA,NA,NA,NA,NA,NA,NA
"r_new[72,9]",NA,NA,NA,NA,NA,NA,NA,NA,NA
"r_new[73,9]",NA,NA,NA,NA,NA,NA,NA,NA,NA
"r_new[74,9]",NA,NA,NA,NA,NA,NA,NA,NA,NA
"r_new[75,9]",NA,NA,NA,NA,NA,NA,NA,NA,NA
"r_new[76,9]",NA,NA,NA,NA,NA,NA,NA,NA,NA
"r_new[77,9]",NA,NA,NA,NA,NA,NA,NA,NA,NA
"r_new[78,9]",NA,NA,NA,NA,NA,NA,NA,NA,NA
"r_new[79,9]",NA,NA,NA,NA,NA,NA,NA,NA,NA
"r_new[80,9]",NA,NA,NA,NA,NA,NA,NA,NA,NA
"r_new[81,9]",NA,NA,NA,NA,NA,NA,NA,NA,NA
"r_new[82,9]",NA,NA,NA,NA,NA,NA,NA,NA,NA
"r_new[83,9]",NA,NA,NA,NA,NA,NA,NA,NA,NA
"r_new[84,9]",NA,NA,NA,NA,NA,NA,NA,NA,NA
"r_new[85,9]",NA,NA,NA,NA,NA,NA,NA,NA,NA
"r_new[86,9]",NA,NA,NA,NA,NA,NA,NA,NA,NA
"r_new[87,9]",NA,NA,NA,NA,NA,NA,NA,NA,NA
"r_new[88,9]",NA,NA,NA,NA,NA,NA,NA,NA,NA
"r_new[89,9]",NA,NA,NA,NA,NA,NA,NA,NA,NA
"r_new[90,9]",NA,NA,NA,NA,NA,NA,NA,NA,NA
"r_new[91,9]",NA,NA,NA,NA,NA,NA,NA,NA,NA
"r_new[92,9]",NA,NA,NA,NA,NA,NA,NA,NA,NA
"r_new[93,9]",NA,NA,NA,NA,NA,NA,NA,NA,NA
"r_new[94,9]",NA,NA,NA,NA,NA,NA,NA,NA,NA
"r_new[95,9]",NA,NA,NA,NA,NA,NA,NA,NA,NA
"r_new[96,9]",NA,NA,NA,NA,NA,NA,NA,NA,NA
"r_new[97,9]",NA,NA,NA,NA,NA,NA,NA,NA,NA
"r_new[98,9]",NA,NA,NA,NA,NA,NA,NA,NA,NA
"r_new[99,9]",NA,NA,NA,NA,NA,NA,NA,NA,NA
"r_new[100,9]",NA,NA,NA,NA,NA,NA,NA,NA,NA
"r_new[101,9]",NA,NA,NA,NA,NA,NA,NA,NA,NA
"r_new[102,9]",NA,NA,NA,NA,NA,NA,NA,NA,NA
"r_new[103,9]",NA,NA,NA,NA,NA,NA,NA,NA,NA
"r_new[104,9]",NA,NA,NA,NA,NA,NA,NA,NA,NA
"r_new[105,9]",NA,NA,NA,NA,NA,NA,NA,NA,NA
"r_new[106,9]",NA,NA,NA,NA,NA,NA,NA,NA,NA
"r_new[107,9]",NA,NA,NA,NA,NA,NA,NA,NA,NA
"r_new[108,9]",NA,NA,NA,NA,NA,NA,NA,NA,NA
"r_new[109,9]",NA,NA,NA,NA,NA,NA,NA,NA,NA
"r_new[110,9]",NA,NA,NA,NA,NA,NA,NA,NA,NA
"r_new[111,9]",NA,NA,NA,NA,NA,NA,NA,NA,NA
"r_new[112,9]",NA,NA,NA,NA,NA,NA,NA,NA,NA
"r_new[113,9]",NA,NA,NA,NA,NA,NA,NA,NA,NA
"r_new[114,9]",NA,NA,NA,NA,NA,NA,NA,NA,NA
"r_new[115,9]",NA,NA,NA,NA,NA,NA,NA,NA,NA
"r_new[116,9]",NA,NA,NA,NA,NA,NA,NA,NA,NA
"r_new[117,9]",NA,NA,NA,NA,NA,NA,NA,NA,NA
"r_new[118,9]",NA,NA,NA,NA,NA,NA,NA,NA,NA
"r_new[119,9]",NA,NA,NA,NA,NA,NA,NA,NA,NA
"r_new[120,9]",NA,NA,NA,NA,NA,NA,NA,NA,NA
"r_new[1,10]",NA,NA,NA,NA,NA,NA,NA,NA,NA
"r_new[2,10]",NA,NA,NA,NA,NA,NA,NA,NA,NA
"r_new[3,10]",NA,NA,NA,NA,NA,NA,NA,NA,NA
"r_new[4,10]",NA,NA,NA,NA,NA,NA,NA,NA,NA
"r_new[5,10]",NA,NA,NA,NA,NA,NA,NA,NA,NA
"r_new[6,10]",NA,NA,NA,NA,NA,NA,NA,NA,NA
"r_new[7,10]",NA,NA,NA,NA,NA,NA,NA,NA,NA
"r_new[8,10]",NA,NA,NA,NA,NA,NA,NA,NA,NA
"r_new[9,10]",NA,NA,NA,NA,NA,NA,NA,NA,NA
"r_new[10,10]",NA,NA,NA,NA,NA,NA,NA,NA,NA
"r_new[11,10]",NA,NA,NA,NA,NA,NA,NA,NA,NA
"r_new[12,10]",NA,NA,NA,NA,NA,NA,NA,NA,NA
"r_new[13,10]",NA,NA,NA,NA,NA,NA,NA,NA,NA
"r_new[14,10]",NA,NA,NA,NA,NA,NA,NA,NA,NA
"r_new[15,10]",NA,NA,NA,NA,NA,NA,NA,NA,NA
"r_new[16,10]",NA,NA,NA,NA,NA,NA,NA,NA,NA
"r_new[17,10]",NA,NA,NA,NA,NA,NA,NA,NA,NA
"r_new[18,10]",NA,NA,NA,NA,NA,NA,NA,NA,NA
"r_new[19,10]",NA,NA,NA,NA,NA,NA,NA,NA,NA
"r_new[20,10]",NA,NA,NA,NA,NA,NA,NA,NA,NA
"r_new[21,10]",NA,NA,NA,NA,NA,NA,NA,NA,NA
"r_new[22,10]",NA,NA,NA,NA,NA,NA,NA,NA,NA
"r_new[23,10]",NA,NA,NA,NA,NA,NA,NA,NA,NA
"r_new[24,10]",NA,NA,NA,NA,NA,NA,NA,NA,NA
"r_new[25,10]",NA,NA,NA,NA,NA,NA,NA,NA,NA
"r_new[26,10]",NA,NA,NA,NA,NA,NA,NA,NA,NA
"r_new[27,10]",NA,NA,NA,NA,NA,NA,NA,NA,NA
"r_new[28,10]",NA,NA,NA,NA,NA,NA,NA,NA,NA
"r_new[29,10]",NA,NA,NA,NA,NA,NA,NA,NA,NA
"r_new[30,10]",NA,NA,NA,NA,NA,NA,NA,NA,NA
"r_new[31,10]",NA,NA,NA,NA,NA,NA,NA,NA,NA
"r_new[32,10]",NA,NA,NA,NA,NA,NA,NA,NA,NA
"r_new[33,10]",NA,NA,NA,NA,NA,NA,NA,NA,NA
"r_new[34,10]",NA,NA,NA,NA,NA,NA,NA,NA,NA
"r_new[35,10]",NA,NA,NA,NA,NA,NA,NA,NA,NA
"r_new[36,10]",NA,NA,NA,NA,NA,NA,NA,NA,NA
"r_new[37,10]",NA,NA,NA,NA,NA,NA,NA,NA,NA
"r_new[38,10]",NA,NA,NA,NA,NA,NA,NA,NA,NA
"r_new[39,10]",NA,NA,NA,NA,NA,NA,NA,NA,NA
"r_new[40,10]",NA,NA,NA,NA,NA,NA,NA,NA,NA
"r_new[41,10]",NA,NA,NA,NA,NA,NA,NA,NA,NA
"r_new[42,10]",NA,NA,NA,NA,NA,NA,NA,NA,NA
"r_new[43,10]",NA,NA,NA,NA,NA,NA,NA,NA,NA
"r_new[44,10]",NA,NA,NA,NA,NA,NA,NA,NA,NA
"r_new[45,10]",NA,NA,NA,NA,NA,NA,NA,NA,NA
"r_new[46,10]",NA,NA,NA,NA,NA,NA,NA,NA,NA
"r_new[47,10]",NA,NA,NA,NA,NA,NA,NA,NA,NA
"r_new[48,10]",NA,NA,NA,NA,NA,NA,NA,NA,NA
"r_new[49,10]",NA,NA,NA,NA,NA,NA,NA,NA,NA
"r_new[50,10]",NA,NA,NA,NA,NA,NA,NA,NA,NA
"r_new[51,10]",NA,NA,NA,NA,NA,NA,NA,NA,NA
"r_new[52,10]",NA,NA,NA,NA,NA,NA,NA,NA,NA
"r_new[53,10]",NA,NA,NA,NA,NA,NA,NA,NA,NA
"r_new[54,10]",NA,NA,NA,NA,NA,NA,NA,NA,NA
"r_new[55,10]",NA,NA,NA,NA,NA,NA,NA,NA,NA
"r_new[56,10]",NA,NA,NA,NA,NA,NA,NA,NA,NA
"r_new[57,10]",NA,NA,NA,NA,NA,NA,NA,NA,NA
"r_new[58,10]",NA,NA,NA,NA,NA,NA,NA,NA,NA
"r_new[59,10]",NA,NA,NA,NA,NA,NA,NA,NA,NA
"r_new[60,10]",NA,NA,NA,NA,NA,NA,NA,NA,NA
"r_new[61,10]",NA,NA,NA,NA,NA,NA,NA,NA,NA
"r_new[62,10]",NA,NA,NA,NA,NA,NA,NA,NA,NA
"r_new[63,10]",NA,NA,NA,NA,NA,NA,NA,NA,NA
"r_new[64,10]",NA,NA,NA,NA,NA,NA,NA,NA,NA
"r_new[65,10]",NA,NA,NA,NA,NA,NA,NA,NA,NA
"r_new[66,10]",NA,NA,NA,NA,NA,NA,NA,NA,NA
"r_new[67,10]",NA,NA,NA,NA,NA,NA,NA,NA,NA
"r_new[68,10]",NA,NA,NA,NA,NA,NA,NA,NA,NA
"r_new[69,10]",NA,NA,NA,NA,NA,NA,NA,NA,NA
"r_new[70,10]",NA,NA,NA,NA,NA,NA,NA,NA,NA
"r_new[71,10]",NA,NA,NA,NA,NA,NA,NA,NA,NA
"r_new[72,10]",NA,NA,NA,NA,NA,NA,NA,NA,NA
"r_new[73,10]",NA,NA,NA,NA,NA,NA,NA,NA,NA
"r_new[74,10]",NA,NA,NA,NA,NA,NA,NA,NA,NA
"r_new[75,10]",NA,NA,NA,NA,NA,NA,NA,NA,NA
"r_new[76,10]",NA,NA,NA,NA,NA,NA,NA,NA,NA
"r_new[77,10]",NA,NA,NA,NA,NA,NA,NA,NA,NA
"r_new[78,10]",NA,NA,NA,NA,NA,NA,NA,NA,NA
"r_new[79,10]",NA,NA,NA,NA,NA,NA,NA,NA,NA
"r_new[80,10]",NA,NA,NA,NA,NA,NA,NA,NA,NA
"r_new[81,10]",NA,NA,NA,NA,NA,NA,NA,NA,NA
"r_new[82,10]",NA,NA,NA,NA,NA,NA,NA,NA,NA
"r_new[83,10]",NA,NA,NA,NA,NA,NA,NA,NA,NA
"r_new[84,10]",NA,NA,NA,NA,NA,NA,NA,NA,NA
"r_new[85,10]",NA,NA,NA,NA,NA,NA,NA,NA,NA
"r_new[86,10]",NA,NA,NA,NA,NA,NA,NA,NA,NA
"r_new[87,10]",NA,NA,NA,NA,NA,NA,NA,NA,NA
"r_new[88,10]",NA,NA,NA,NA,NA,NA,NA,NA,NA
"r_new[89,10]",NA,NA,NA,NA,NA,NA,NA,NA,NA
"r_new[90,10]",NA,NA,NA,NA,NA,NA,NA,NA,NA
"r_new[91,10]",NA,NA,NA,NA,NA,NA,NA,NA,NA
"r_new[92,10]",NA,NA,NA,NA,NA,NA,NA,NA,NA
"r_new[93,10]",NA,NA,NA,NA,NA,NA,NA,NA,NA
"r_new[94,10]",NA,NA,NA,NA,NA,NA,NA,NA,NA
"r_new[95,10]",NA,NA,NA,NA,NA,NA,NA,NA,NA
"r_new[96,10]",NA,NA,NA,NA,NA,NA,NA,NA,NA
"r_new[97,10]",NA,NA,NA,NA,NA,NA,NA,NA,NA
"r_new[98,10]",NA,NA,NA,NA,NA,NA,NA,NA,NA
"r_new[99,10]",NA,NA,NA,NA,NA,NA,NA,NA,NA
"r_new[100,10]",NA,NA,NA,NA,NA,NA,NA,NA,NA
"r_new[101,10]",NA,NA,NA,NA,NA,NA,NA,NA,NA
"r_new[102,10]",NA,NA,NA,NA,NA,NA,NA,NA,NA
"r_new[103,10]",NA,NA,NA,NA,NA,NA,NA,NA,NA
"r_new[104,10]",NA,NA,NA,NA,NA,NA,NA,NA,NA
"r_new[105,10]",NA,NA,NA,NA,NA,NA,NA,NA,NA
"r_new[106,10]",NA,NA,NA,NA,NA,NA,NA,NA,NA
"r_new[107,10]",NA,NA,NA,NA,NA,NA,NA,NA,NA
"r_new[108,10]",NA,NA,NA,NA,NA,NA,NA,NA,NA
"r_new[109,10]",NA,NA,NA,NA,NA,NA,NA,NA,NA
"r_new[110,10]",NA,NA,NA,NA,NA,NA,NA,NA,NA
"r_new[111,10]",NA,NA,NA,NA,NA,NA,NA,NA,NA
"r_new[112,10]",NA,NA,NA,NA,NA,NA,NA,NA,NA
"r_new[113,10]",NA,NA,NA,NA,NA,NA,NA,NA,NA
"r_new[114,10]",NA,NA,NA,NA,NA,NA,NA,NA,NA
"r_new[115,10]",NA,NA,NA,NA,NA,NA,NA,NA,NA
"r_new[116,10]",NA,NA,NA,NA,NA,NA,NA,NA,NA
"r_new[117,10]",NA,NA,NA,NA,NA,NA,NA,NA,NA
"r_new[118,10]",NA,NA,NA,NA,NA,NA,NA,NA,NA
"r_new[119,10]",NA,NA,NA,NA,NA,NA,NA,NA,NA
"r_new[120,10]",NA,NA,NA,NA,NA,NA,NA,NA,NA
"r_new[1,11]",NA,NA,NA,NA,NA,NA,NA,NA,NA
"r_new[2,11]",NA,NA,NA,NA,NA,NA,NA,NA,NA
"r_new[3,11]",NA,NA,NA,NA,NA,NA,NA,NA,NA
"r_new[4,11]",NA,NA,NA,NA,NA,NA,NA,NA,NA
"r_new[5,11]",NA,NA,NA,NA,NA,NA,NA,NA,NA
"r_new[6,11]",NA,NA,NA,NA,NA,NA,NA,NA,NA
"r_new[7,11]",NA,NA,NA,NA,NA,NA,NA,NA,NA
"r_new[8,11]",NA,NA,NA,NA,NA,NA,NA,NA,NA
"r_new[9,11]",NA,NA,NA,NA,NA,NA,NA,NA,NA
"r_new[10,11]",NA,NA,NA,NA,NA,NA,NA,NA,NA
"r_new[11,11]",NA,NA,NA,NA,NA,NA,NA,NA,NA
"r_new[12,11]",NA,NA,NA,NA,NA,NA,NA,NA,NA
"r_new[13,11]",NA,NA,NA,NA,NA,NA,NA,NA,NA
"r_new[14,11]",NA,NA,NA,NA,NA,NA,NA,NA,NA
"r_new[15,11]",NA,NA,NA,NA,NA,NA,NA,NA,NA
"r_new[16,11]",NA,NA,NA,NA,NA,NA,NA,NA,NA
"r_new[17,11]",NA,NA,NA,NA,NA,NA,NA,NA,NA
"r_new[18,11]",NA,NA,NA,NA,NA,NA,NA,NA,NA
"r_new[19,11]",NA,NA,NA,NA,NA,NA,NA,NA,NA
"r_new[20,11]",NA,NA,NA,NA,NA,NA,NA,NA,NA
"r_new[21,11]",NA,NA,NA,NA,NA,NA,NA,NA,NA
"r_new[22,11]",NA,NA,NA,NA,NA,NA,NA,NA,NA
"r_new[23,11]",NA,NA,NA,NA,NA,NA,NA,NA,NA
"r_new[24,11]",NA,NA,NA,NA,NA,NA,NA,NA,NA
"r_new[25,11]",NA,NA,NA,NA,NA,NA,NA,NA,NA
"r_new[26,11]",NA,NA,NA,NA,NA,NA,NA,NA,NA
"r_new[27,11]",NA,NA,NA,NA,NA,NA,NA,NA,NA
"r_new[28,11]",NA,NA,NA,NA,NA,NA,NA,NA,NA
"r_new[29,11]",NA,NA,NA,NA,NA,NA,NA,NA,NA
"r_new[30,11]",NA,NA,NA,NA,NA,NA,NA,NA,NA
"r_new[31,11]",NA,NA,NA,NA,NA,NA,NA,NA,NA
"r_new[32,11]",NA,NA,NA,NA,NA,NA,NA,NA,NA
"r_new[33,11]",NA,NA,NA,NA,NA,NA,NA,NA,NA
"r_new[34,11]",NA,NA,NA,NA,NA,NA,NA,NA,NA
"r_new[35,11]",NA,NA,NA,NA,NA,NA,NA,NA,NA
"r_new[36,11]",NA,NA,NA,NA,NA,NA,NA,NA,NA
"r_new[37,11]",NA,NA,NA,NA,NA,NA,NA,NA,NA
"r_new[38,11]",NA,NA,NA,NA,NA,NA,NA,NA,NA
"r_new[39,11]",NA,NA,NA,NA,NA,NA,NA,NA,NA
"r_new[40,11]",NA,NA,NA,NA,NA,NA,NA,NA,NA
"r_new[41,11]",NA,NA,NA,NA,NA,NA,NA,NA,NA
"r_new[42,11]",NA,NA,NA,NA,NA,NA,NA,NA,NA
"r_new[43,11]",NA,NA,NA,NA,NA,NA,NA,NA,NA
"r_new[44,11]",NA,NA,NA,NA,NA,NA,NA,NA,NA
"r_new[45,11]",NA,NA,NA,NA,NA,NA,NA,NA,NA
"r_new[46,11]",NA,NA,NA,NA,NA,NA,NA,NA,NA
"r_new[47,11]",NA,NA,NA,NA,NA,NA,NA,NA,NA
"r_new[48,11]",NA,NA,NA,NA,NA,NA,NA,NA,NA
"r_new[49,11]",NA,NA,NA,NA,NA,NA,NA,NA,NA
"r_new[50,11]",NA,NA,NA,NA,NA,NA,NA,NA,NA
"r_new[51,11]",NA,NA,NA,NA,NA,NA,NA,NA,NA
"r_new[52,11]",NA,NA,NA,NA,NA,NA,NA,NA,NA
"r_new[53,11]",NA,NA,NA,NA,NA,NA,NA,NA,NA
"r_new[54,11]",NA,NA,NA,NA,NA,NA,NA,NA,NA
"r_new[55,11]",NA,NA,NA,NA,NA,NA,NA,NA,NA
"r_new[56,11]",NA,NA,NA,NA,NA,NA,NA,NA,NA
"r_new[57,11]",NA,NA,NA,NA,NA,NA,NA,NA,NA
"r_new[58,11]",NA,NA,NA,NA,NA,NA,NA,NA,NA
"r_new[59,11]",NA,NA,NA,NA,NA,NA,NA,NA,NA
"r_new[60,11]",NA,NA,NA,NA,NA,NA,NA,NA,NA
"r_new[61,11]",NA,NA,NA,NA,NA,NA,NA,NA,NA
"r_new[62,11]",NA,NA,NA,NA,NA,NA,NA,NA,NA
"r_new[63,11]",NA,NA,NA,NA,NA,NA,NA,NA,NA
"r_new[64,11]",NA,NA,NA,NA,NA,NA,NA,NA,NA
"r_new[65,11]",NA,NA,NA,NA,NA,NA,NA,NA,NA
"r_new[66,11]",NA,NA,NA,NA,NA,NA,NA,NA,NA
"r_new[67,11]",NA,NA,NA,NA,NA,NA,NA,NA,NA
"r_new[68,11]",NA,NA,NA,NA,NA,NA,NA,NA,NA
"r_new[69,11]",NA,NA,NA,NA,NA,NA,NA,NA,NA
"r_new[70,11]",NA,NA,NA,NA,NA,NA,NA,NA,NA
"r_new[71,11]",NA,NA,NA,NA,NA,NA,NA,NA,NA
"r_new[72,11]",NA,NA,NA,NA,NA,NA,NA,NA,NA
"r_new[73,11]",NA,NA,NA,NA,NA,NA,NA,NA,NA
"r_new[74,11]",NA,NA,NA,NA,NA,NA,NA,NA,NA
"r_new[75,11]",NA,NA,NA,NA,NA,NA,NA,NA,NA
"r_new[76,11]",NA,NA,NA,NA,NA,NA,NA,NA,NA
"r_new[77,11]",NA,NA,NA,NA,NA,NA,NA,NA,NA
"r_new[78,11]",NA,NA,NA,NA,NA,NA,NA,NA,NA
"r_new[79,11]",NA,NA,NA,NA,NA,NA,NA,NA,NA
"r_new[80,11]",NA,NA,NA,NA,NA,NA,NA,NA,NA
"r_new[81,11]",NA,NA,NA,NA,NA,NA,NA,NA,NA
"r_new[82,11]",NA,NA,NA,NA,NA,NA,NA,NA,NA
"r_new[83,11]",NA,NA,NA,NA,NA,NA,NA,NA,NA
"r_new[84,11]",NA,NA,NA,NA,NA,NA,NA,NA,NA
"r_new[85,11]",NA,NA,NA,NA,NA,NA,NA,NA,NA
"r_new[86,11]",NA,NA,NA,NA,NA,NA,NA,NA,NA
"r_new[87,11]",NA,NA,NA,NA,NA,NA,NA,NA,NA
"r_new[88,11]",NA,NA,NA,NA,NA,NA,NA,NA,NA
"r_new[89,11]",NA,NA,NA,NA,NA,NA,NA,NA,NA
"r_new[90,11]",NA,NA,NA,NA,NA,NA,NA,NA,NA
"r_new[91,11]",NA,NA,NA,NA,NA,NA,NA,NA,NA
"r_new[92,11]",NA,NA,NA,NA,NA,NA,NA,NA,NA
"r_new[93,11]",NA,NA,NA,NA,NA,NA,NA,NA,NA
"r_new[94,11]",NA,NA,NA,NA,NA,NA,NA,NA,NA
"r_new[95,11]",NA,NA,NA,NA,NA,NA,NA,NA,NA
"r_new[96,11]",NA,NA,NA,NA,NA,NA,NA,NA,NA
"r_new[97,11]",NA,NA,NA,NA,NA,NA,NA,NA,NA
"r_new[98,11]",NA,NA,NA,NA,NA,NA,NA,NA,NA
"r_new[99,11]",NA,NA,NA,NA,NA,NA,NA,NA,NA
"r_new[100,11]",NA,NA,NA,NA,NA,NA,NA,NA,NA
"r_new[101,11]",NA,NA,NA,NA,NA,NA,NA,NA,NA
"r_new[102,11]",NA,NA,NA,NA,NA,NA,NA,NA,NA
"r_new[103,11]",NA,NA,NA,NA,NA,NA,NA,NA,NA
"r_new[104,11]",NA,NA,NA,NA,NA,NA,NA,NA,NA
"r_new[105,11]",NA,NA,NA,NA,NA,NA,NA,NA,NA
"r_new[106,11]",NA,NA,NA,NA,NA,NA,NA,NA,NA
"r_new[107,11]",NA,NA,NA,NA,NA,NA,NA,NA,NA
"r_new[108,11]",NA,NA,NA,NA,NA,NA,NA,NA,NA
"r_new[109,11]",NA,NA,NA,NA,NA,NA,NA,NA,NA
"r_new[110,11]",NA,NA,NA,NA,NA,NA,NA,NA,NA
"r_new[111,11]",NA,NA,NA,NA,NA,NA,NA,NA,NA
"r_new[112,11]",NA,NA,NA,NA,NA,NA,NA,NA,NA
"r_new[113,11]",NA,NA,NA,NA,NA,NA,NA,NA,NA
"r_new[114,11]",NA,NA,NA,NA,NA,NA,NA,NA,NA
"r_new[115,11]",NA,NA,NA,NA,NA,NA,NA,NA,NA
"r_new[116,11]",NA,NA,NA,NA,NA,NA,NA,NA,NA
"r_new[117,11]",NA,NA,NA,NA,NA,NA,NA,NA,NA
"r_new[118,11]",NA,NA,NA,NA,NA,NA,NA,NA,NA
"r_new[119,11]",NA,NA,NA,NA,NA,NA,NA,NA,NA
"r_new[120,11]",NA,NA,NA,NA,NA,NA,NA,NA,NA
"r_new[1,12]",NA,NA,NA,NA,NA,NA,NA,NA,NA
"r_new[2,12]",NA,NA,NA,NA,NA,NA,NA,NA,NA
"r_new[3,12]",NA,NA,NA,NA,NA,NA,NA,NA,NA
"r_new[4,12]",NA,NA,NA,NA,NA,NA,NA,NA,NA
"r_new[5,12]",NA,NA,NA,NA,NA,NA,NA,NA,NA
"r_new[6,12]",NA,NA,NA,NA,NA,NA,NA,NA,NA
"r_new[7,12]",NA,NA,NA,NA,NA,NA,NA,NA,NA
"r_new[8,12]",NA,NA,NA,NA,NA,NA,NA,NA,NA
"r_new[9,12]",NA,NA,NA,NA,NA,NA,NA,NA,NA
"r_new[10,12]",NA,NA,NA,NA,NA,NA,NA,NA,NA
"r_new[11,12]",NA,NA,NA,NA,NA,NA,NA,NA,NA
"r_new[12,12]",NA,NA,NA,NA,NA,NA,NA,NA,NA
"r_new[13,12]",NA,NA,NA,NA,NA,NA,NA,NA,NA
"r_new[14,12]",NA,NA,NA,NA,NA,NA,NA,NA,NA
"r_new[15,12]",NA,NA,NA,NA,NA,NA,NA,NA,NA
"r_new[16,12]",NA,NA,NA,NA,NA,NA,NA,NA,NA
"r_new[17,12]",NA,NA,NA,NA,NA,NA,NA,NA,NA
"r_new[18,12]",NA,NA,NA,NA,NA,NA,NA,NA,NA
"r_new[19,12]",NA,NA,NA,NA,NA,NA,NA,NA,NA
"r_new[20,12]",NA,NA,NA,NA,NA,NA,NA,NA,NA
"r_new[21,12]",NA,NA,NA,NA,NA,NA,NA,NA,NA
"r_new[22,12]",NA,NA,NA,NA,NA,NA,NA,NA,NA
"r_new[23,12]",NA,NA,NA,NA,NA,NA,NA,NA,NA
"r_new[24,12]",NA,NA,NA,NA,NA,NA,NA,NA,NA
"r_new[25,12]",NA,NA,NA,NA,NA,NA,NA,NA,NA
"r_new[26,12]",NA,NA,NA,NA,NA,NA,NA,NA,NA
"r_new[27,12]",NA,NA,NA,NA,NA,NA,NA,NA,NA
"r_new[28,12]",NA,NA,NA,NA,NA,NA,NA,NA,NA
"r_new[29,12]",NA,NA,NA,NA,NA,NA,NA,NA,NA
"r_new[30,12]",NA,NA,NA,NA,NA,NA,NA,NA,NA
"r_new[31,12]",NA,NA,NA,NA,NA,NA,NA,NA,NA
"r_new[32,12]",NA,NA,NA,NA,NA,NA,NA,NA,NA
"r_new[33,12]",NA,NA,NA,NA,NA,NA,NA,NA,NA
"r_new[34,12]",NA,NA,NA,NA,NA,NA,NA,NA,NA
"r_new[35,12]",NA,NA,NA,NA,NA,NA,NA,NA,NA
"r_new[36,12]",NA,NA,NA,NA,NA,NA,NA,NA,NA
"r_new[37,12]",NA,NA,NA,NA,NA,NA,NA,NA,NA
"r_new[38,12]",NA,NA,NA,NA,NA,NA,NA,NA,NA
"r_new[39,12]",NA,NA,NA,NA,NA,NA,NA,NA,NA
"r_new[40,12]",NA,NA,NA,NA,NA,NA,NA,NA,NA
"r_new[41,12]",NA,NA,NA,NA,NA,NA,NA,NA,NA
"r_new[42,12]",NA,NA,NA,NA,NA,NA,NA,NA,NA
"r_new[43,12]",NA,NA,NA,NA,NA,NA,NA,NA,NA
"r_new[44,12]",NA,NA,NA,NA,NA,NA,NA,NA,NA
"r_new[45,12]",NA,NA,NA,NA,NA,NA,NA,NA,NA
"r_new[46,12]",NA,NA,NA,NA,NA,NA,NA,NA,NA
"r_new[47,12]",NA,NA,NA,NA,NA,NA,NA,NA,NA
"r_new[48,12]",NA,NA,NA,NA,NA,NA,NA,NA,NA
"r_new[49,12]",NA,NA,NA,NA,NA,NA,NA,NA,NA
"r_new[50,12]",NA,NA,NA,NA,NA,NA,NA,NA,NA
"r_new[51,12]",NA,NA,NA,NA,NA,NA,NA,NA,NA
"r_new[52,12]",NA,NA,NA,NA,NA,NA,NA,NA,NA
"r_new[53,12]",NA,NA,NA,NA,NA,NA,NA,NA,NA
"r_new[54,12]",NA,NA,NA,NA,NA,NA,NA,NA,NA
"r_new[55,12]",NA,NA,NA,NA,NA,NA,NA,NA,NA
"r_new[56,12]",NA,NA,NA,NA,NA,NA,NA,NA,NA
"r_new[57,12]",NA,NA,NA,NA,NA,NA,NA,NA,NA
"r_new[58,12]",NA,NA,NA,NA,NA,NA,NA,NA,NA
"r_new[59,12]",NA,NA,NA,NA,NA,NA,NA,NA,NA
"r_new[60,12]",NA,NA,NA,NA,NA,NA,NA,NA,NA
"r_new[61,12]",NA,NA,NA,NA,NA,NA,NA,NA,NA
"r_new[62,12]",NA,NA,NA,NA,NA,NA,NA,NA,NA
"r_new[63,12]",NA,NA,NA,NA,NA,NA,NA,NA,NA
"r_new[64,12]",NA,NA,NA,NA,NA,NA,NA,NA,NA
"r_new[65,12]",NA,NA,NA,NA,NA,NA,NA,NA,NA
"r_new[66,12]",NA,NA,NA,NA,NA,NA,NA,NA,NA
"r_new[67,12]",NA,NA,NA,NA,NA,NA,NA,NA,NA
"r_new[68,12]",NA,NA,NA,NA,NA,NA,NA,NA,NA
"r_new[69,12]",NA,NA,NA,NA,NA,NA,NA,NA,NA
"r_new[70,12]",NA,NA,NA,NA,NA,NA,NA,NA,NA
"r_new[71,12]",NA,NA,NA,NA,NA,NA,NA,NA,NA
"r_new[72,12]",NA,NA,NA,NA,NA,NA,NA,NA,NA
"r_new[73,12]",NA,NA,NA,NA,NA,NA,NA,NA,NA
"r_new[74,12]",NA,NA,NA,NA,NA,NA,NA,NA,NA
"r_new[75,12]",NA,NA,NA,NA,NA,NA,NA,NA,NA
"r_new[76,12]",NA,NA,NA,NA,NA,NA,NA,NA,NA
"r_new[77,12]",NA,NA,NA,NA,NA,NA,NA,NA,NA
"r_new[78,12]",NA,NA,NA,NA,NA,NA,NA,NA,NA
"r_new[79,12]",NA,NA,NA,NA,NA,NA,NA,NA,NA
"r_new[80,12]",NA,NA,NA,NA,NA,NA,NA,NA,NA
"r_new[81,12]",NA,NA,NA,NA,NA,NA,NA,NA,NA
"r_new[82,12]",NA,NA,NA,NA,NA,NA,NA,NA,NA
"r_new[83,12]",NA,NA,NA,NA,NA,NA,NA,NA,NA
"r_new[84,12]",NA,NA,NA,NA,NA,NA,NA,NA,NA
"r_new[85,12]",NA,NA,NA,NA,NA,NA,NA,NA,NA
"r_new[86,12]",NA,NA,NA,NA,NA,NA,NA,NA,NA
"r_new[87,12]",NA,NA,NA,NA,NA,NA,NA,NA,NA
"r_new[88,12]",NA,NA,NA,NA,NA,NA,NA,NA,NA
"r_new[89,12]",NA,NA,NA,NA,NA,NA,NA,NA,NA
"r_new[90,12]",NA,NA,NA,NA,NA,NA,NA,NA,NA
"r_new[91,12]",NA,NA,NA,NA,NA,NA,NA,NA,NA
"r_new[92,12]",NA,NA,NA,NA,NA,NA,NA,NA,NA
"r_new[93,12]",NA,NA,NA,NA,NA,NA,NA,NA,NA
"r_new[94,12]",NA,NA,NA,NA,NA,NA,NA,NA,NA
"r_new[95,12]",NA,NA,NA,NA,NA,NA,NA,NA,NA
"r_new[96,12]",NA,NA,NA,NA,NA,NA,NA,NA,NA
"r_new[97,12]",NA,NA,NA,NA,NA,NA,NA,NA,NA
"r_new[98,12]",NA,NA,NA,NA,NA,NA,NA,NA,NA
"r_new[99,12]",NA,NA,NA,NA,NA,NA,NA,NA,NA
"r_new[100,12]",NA,NA,NA,NA,NA,NA,NA,NA,NA
"r_new[101,12]",NA,NA,NA,NA,NA,NA,NA,NA,NA
"r_new[102,12]",NA,NA,NA,NA,NA,NA,NA,NA,NA
"r_new[103,12]",NA,NA,NA,NA,NA,NA,NA,NA,NA
"r_new[104,12]",NA,NA,NA,NA,NA,NA,NA,NA,NA
"r_new[105,12]",NA,NA,NA,NA,NA,NA,NA,NA,NA
"r_new[106,12]",NA,NA,NA,NA,NA,NA,NA,NA,NA
"r_new[107,12]",NA,NA,NA,NA,NA,NA,NA,NA,NA
"r_new[108,12]",NA,NA,NA,NA,NA,NA,NA,NA,NA
"r_new[109,12]",NA,NA,NA,NA,NA,NA,NA,NA,NA
"r_new[110,12]",NA,NA,NA,NA,NA,NA,NA,NA,NA
"r_new[111,12]",NA,NA,NA,NA,NA,NA,NA,NA,NA
"r_new[112,12]",NA,NA,NA,NA,NA,NA,NA,NA,NA
"r_new[113,12]",NA,NA,NA,NA,NA,NA,NA,NA,NA
"r_new[114,12]",NA,NA,NA,NA,NA,NA,NA,NA,NA
"r_new[115,12]",NA,NA,NA,NA,NA,NA,NA,NA,NA
"r_new[116,12]",NA,NA,NA,NA,NA,NA,NA,NA,NA
"r_new[117,12]",NA,NA,NA,NA,NA,NA,NA,NA,NA
"r_new[118,12]",NA,NA,NA,NA,NA,NA,NA,NA,NA
"r_new[119,12]",NA,NA,NA,NA,NA,NA,NA,NA,NA
"r_new[120,12]",NA,NA,NA,NA,NA,NA,NA,NA,NA
